"","PeriodYear","BirdID","D_dam","D_sire","GenCont_Focal","GenContDam","helpers","GenContSire","FSL","FDL","FFL","RainWindow","RainVar","DamRainVar","Sex","LayYear","survival","PeriodStart","PeriodEnd","age","dam","sire","dam_age","sire_age","Dam_RainWindow","yearlytq_corr","yearlytq","helpers_cat","offspring","MeanAgeParent","DeltaAgeParent","lifespan","GroupSize","HelpersF","GenContF2","GenContD2","GenContS2","Focal_RainVarBlood","lGCF","lGCD","lGCS","logratD","logratS","Sire_RainVar","Dam_RainVar"
"1",1996,"912",-0.000817512242067657,-0.0305564678541943,0.0412596809841281,0.0420771932261958,0,0.0718161488383224,-0.555332295131114,0.806786427266539,-0.70431516659154,174.444444444444,20001.5181268785,14812.2455905512,"0",1994,0,1996.1,1996.9,-1.44391591730546,"64","178",1.00655978695122,5.68684781795059,143.744444444444,24390.5184,24390.5184,"0",2,8,-6,0.71314539207819,-0.906845266105482,-0.52640987083009,0.0412596809841281,0.0420771932261958,0.0718161488383224,0.382157687608628,-1.02863437770506,-3.16824941367568,-2.6336459140346,0.00242352139759979,-1.2064795733791,-0.982028531759832,-1.05873776811569
"2",1996,"938",0.0255971994713971,0.0246789098913209,0.0763970455133171,0.05079984604192,0,0.0517181356219961,-0.395144327319838,0.39510369526599,0.018933853175231,147.077777777778,4024.47243589744,10218.1173719975,"0",1994,0,1996.1,1996.9,-1.44391591730546,"163","510",0.819365462722974,0.931506849315156,121.988888888889,94645.31274,94645.31274,"0",1,4.5,-2.5,-0.834183954980409,0.317984703699325,-0.52640987083009,0.0763970455133171,0.05079984604192,0.0517181356219961,-1.1349243953178,0.86931938415692,-2.97986195507316,-2.96194677325342,0.848528078508346,0.787236280979401,-1.14729722844673,-1.089336689957
"3",1996,"938",0.0255971994713971,0.0246789098913209,0.0763970455133171,0.05079984604192,0,0.0517181356219961,-0.395144327319838,0.39510369526599,0.018933853175231,147.077777777778,4024.47243589744,10218.1173719975,"0",1994,0,1996.1,1996.9,-1.44391591730546,"163","510",0.819365462722974,0.931506849315156,121.988888888889,94645.31274,94645.31274,"0",1,4.5,-2.5,-0.834183954980409,0.317984703699325,-0.52640987083009,0.0763970455133171,0.05079984604192,0.0517181356219961,-1.1349243953178,0.86931938415692,-2.97986195507316,-2.96194677325342,0.848528078508346,0.787236280979401,-1.14729722844673,-1.089336689957
"4",1997,"912",-0.000817512242067657,-0.0305564678541943,0.0412596809841281,0.0420771932261958,0,0.0718161488383224,-0.555332295131114,0.806786427266539,-0.70431516659154,174.444444444444,20001.5181268785,14812.2455905512,"0",1994,0,1997.1,1997.9,-1.14225409448552,"64","178",1.00655978695122,5.68684781795059,143.744444444444,41262.53298,41262.53298,"0",1,8,-5,0.71314539207819,-0.906845266105482,-0.52640987083009,0.0412596809841281,0.0420771932261958,0.0718161488383224,0.382157687608628,-1.02863437770506,-3.16824941367568,-2.6336459140346,0.00242352139759979,-1.2064795733791,-0.982028531759832,-1.05873776811569
"5",1997,"912",-0.000817512242067657,-0.0305564678541943,0.0412596809841281,0.0420771932261958,0,0.0718161488383224,-0.555332295131114,0.806786427266539,-0.70431516659154,174.444444444444,20001.5181268785,14812.2455905512,"0",1994,0,1997.1,1997.9,-1.14225409448552,"64","178",1.00655978695122,5.68684781795059,143.744444444444,41262.53298,41262.53298,"0",1,8,-5,0.71314539207819,-0.906845266105482,-0.52640987083009,0.0412596809841281,0.0420771932261958,0.0718161488383224,0.382157687608628,-1.02863437770506,-3.16824941367568,-2.6336459140346,0.00242352139759979,-1.2064795733791,-0.982028531759832,-1.05873776811569
"6",1997,"938",0.0255971994713971,0.0246789098913209,0.0763970455133171,0.05079984604192,0,0.0517181356219961,-0.395144327319838,0.39510369526599,0.018933853175231,147.077777777778,4024.47243589744,10218.1173719975,"0",1994,0,1997.1,1997.9,-1.14225409448552,"163","510",0.819365462722974,0.931506849315156,121.988888888889,60791.90629,60791.90629,"0",0,4.5,-1.5,-0.834183954980409,0.317984703699325,-0.52640987083009,0.0763970455133171,0.05079984604192,0.0517181356219961,-1.1349243953178,0.86931938415692,-2.97986195507316,-2.96194677325342,0.848528078508346,0.787236280979401,-1.14729722844673,-1.089336689957
"7",1997,"938",0.0255971994713971,0.0246789098913209,0.0763970455133171,0.05079984604192,0,0.0517181356219961,-0.395144327319838,0.39510369526599,0.018933853175231,147.077777777778,4024.47243589744,10218.1173719975,"0",1994,0,1997.1,1997.9,-1.14225409448552,"163","510",0.819365462722974,0.931506849315156,121.988888888889,60791.90629,60791.90629,"0",0,4.5,-1.5,-0.834183954980409,0.317984703699325,-0.52640987083009,0.0763970455133171,0.05079984604192,0.0517181356219961,-1.1349243953178,0.86931938415692,-2.97986195507316,-2.96194677325342,0.848528078508346,0.787236280979401,-1.14729722844673,-1.089336689957
"8",1998,"912",-0.000817512242067657,-0.0305564678541943,0.0412596809841281,0.0420771932261958,0,0.0718161488383224,-0.555332295131114,0.806786427266539,-0.70431516659154,174.444444444444,20001.5181268785,14812.2455905512,"0",1994,0,1998.1,1998.9,-0.840592271665572,"64","178",1.00655978695122,5.68684781795059,143.744444444444,45778.522925,45778.522925,"0",1,8,-4,0.71314539207819,-0.906845266105482,-0.52640987083009,0.0412596809841281,0.0420771932261958,0.0718161488383224,0.382157687608628,-1.02863437770506,-3.16824941367568,-2.6336459140346,0.00242352139759979,-1.2064795733791,-0.982028531759832,-1.05873776811569
"9",1998,"912",-0.000817512242067657,-0.0305564678541943,0.0412596809841281,0.0420771932261958,0,0.0718161488383224,-0.555332295131114,0.806786427266539,-0.70431516659154,174.444444444444,20001.5181268785,14812.2455905512,"0",1994,0,1998.1,1998.9,-0.840592271665572,"64","178",1.00655978695122,5.68684781795059,143.744444444444,45778.522925,45778.522925,"0",1,8,-4,0.71314539207819,-0.906845266105482,-0.52640987083009,0.0412596809841281,0.0420771932261958,0.0718161488383224,0.382157687608628,-1.02863437770506,-3.16824941367568,-2.6336459140346,0.00242352139759979,-1.2064795733791,-0.982028531759832,-1.05873776811569
"10",1998,"938",0.0255971994713971,0.0246789098913209,0.0763970455133171,0.05079984604192,0,0.0517181356219961,-0.395144327319838,0.39510369526599,0.018933853175231,147.077777777778,4024.47243589744,10218.1173719975,"0",1994,0,1998.1,1998.9,-0.840592271665572,"163","510",0.819365462722974,0.931506849315156,121.988888888889,100238.069095,100238.069095,"0",0,4.5,-0.5,-0.834183954980409,0.317984703699325,-0.52640987083009,0.0763970455133171,0.05079984604192,0.0517181356219961,-1.1349243953178,0.86931938415692,-2.97986195507316,-2.96194677325342,0.848528078508346,0.787236280979401,-1.14729722844673,-1.089336689957
"11",1998,"938",0.0255971994713971,0.0246789098913209,0.0763970455133171,0.05079984604192,0,0.0517181356219961,-0.395144327319838,0.39510369526599,0.018933853175231,147.077777777778,4024.47243589744,10218.1173719975,"0",1994,0,1998.1,1998.9,-0.840592271665572,"163","510",0.819365462722974,0.931506849315156,121.988888888889,100238.069095,100238.069095,"0",0,4.5,-0.5,-0.834183954980409,0.317984703699325,-0.52640987083009,0.0763970455133171,0.05079984604192,0.0517181356219961,-1.1349243953178,0.86931938415692,-2.97986195507316,-2.96194677325342,0.848528078508346,0.787236280979401,-1.14729722844673,-1.089336689957
"12",1998,"1186",0.00410773806143091,-0.0203194637032692,0.0531998862978691,0.0490921482364382,0,0.0735193500011383,0.72666405036618,-0.126181294093236,-0.151019458403716,115.133333333333,24429.6402062589,7334.63992753623,"0",1996,0,1998.1,1998.9,-1.44391591730546,"604","603",-0.301052119994487,3.01770342091481,81.3,67266.84965,67266.84965,"0",0,4,-2,-1.02752644101287,-0.906845266105482,-0.52640987083009,0.0531998862978691,0.0490921482364382,0.0735193500011383,0.802624950303575,-0.24558532958574,-3.01405617068739,-2.61020664208997,0.200218649508528,-0.719363527675328,-1.39157033420147,-1.38101525639234
"13",1999,"912",-0.000817512242067657,-0.0305564678541943,0.0412596809841281,0.0420771932261958,0,0.0718161488383224,-0.555332295131114,0.806786427266539,-0.70431516659154,174.444444444444,20001.5181268785,14812.2455905512,"0",1994,0,1999.1,1999.9,-0.538930448845629,"64","178",1.00655978695122,5.68684781795059,143.744444444444,20609.294765,20609.294765,"0",2,8,-3,0.71314539207819,-0.906845266105482,-0.52640987083009,0.0412596809841281,0.0420771932261958,0.0718161488383224,0.382157687608628,-1.02863437770506,-3.16824941367568,-2.6336459140346,0.00242352139759979,-1.2064795733791,-0.982028531759832,-1.05873776811569
"14",1999,"912",-0.000817512242067657,-0.0305564678541943,0.0412596809841281,0.0420771932261958,0,0.0718161488383224,-0.555332295131114,0.806786427266539,-0.70431516659154,174.444444444444,20001.5181268785,14812.2455905512,"0",1994,0,1999.1,1999.9,-0.538930448845629,"64","178",1.00655978695122,5.68684781795059,143.744444444444,20609.294765,20609.294765,"0",2,8,-3,0.71314539207819,0.317984703699325,-0.52640987083009,0.0412596809841281,0.0420771932261958,0.0718161488383224,0.382157687608628,-1.02863437770506,-3.16824941367568,-2.6336459140346,0.00242352139759979,-1.2064795733791,-0.982028531759832,-1.05873776811569
"15",1999,"912",-0.000817512242067657,-0.0305564678541943,0.0412596809841281,0.0420771932261958,0,0.0718161488383224,-0.555332295131114,0.806786427266539,-0.70431516659154,174.444444444444,20001.5181268785,14812.2455905512,"0",1994,0,1999.1,1999.9,-0.538930448845629,"64","178",1.00655978695122,5.68684781795059,143.744444444444,20609.294765,20609.294765,"0",2,8,-3,0.71314539207819,0.317984703699325,-0.52640987083009,0.0412596809841281,0.0420771932261958,0.0718161488383224,0.382157687608628,-1.02863437770506,-3.16824941367568,-2.6336459140346,0.00242352139759979,-1.2064795733791,-0.982028531759832,-1.05873776811569
"16",1999,"938",0.0255971994713971,0.0246789098913209,0.0763970455133171,0.05079984604192,0,0.0517181356219961,-0.395144327319838,0.39510369526599,0.018933853175231,147.077777777778,4024.47243589744,10218.1173719975,"0",1994,0,1999.1,1999.9,-0.538930448845629,"163","510",0.819365462722974,0.931506849315156,121.988888888889,217144.215635,217144.215635,"0",2,4.5,0.5,-0.834183954980409,0.317984703699325,-0.52640987083009,0.0763970455133171,0.05079984604192,0.0517181356219961,-1.1349243953178,0.86931938415692,-2.97986195507316,-2.96194677325342,0.848528078508346,0.787236280979401,-1.14729722844673,-1.089336689957
"17",1999,"938",0.0255971994713971,0.0246789098913209,0.0763970455133171,0.05079984604192,0,0.0517181356219961,-0.395144327319838,0.39510369526599,0.018933853175231,147.077777777778,4024.47243589744,10218.1173719975,"0",1994,0,1999.1,1999.9,-0.538930448845629,"163","510",0.819365462722974,0.931506849315156,121.988888888889,217144.215635,217144.215635,"0",2,4.5,0.5,-0.834183954980409,0.317984703699325,1.89600723387475,0.0763970455133171,0.05079984604192,0.0517181356219961,-1.1349243953178,0.86931938415692,-2.97986195507316,-2.96194677325342,0.848528078508346,0.787236280979401,-1.14729722844673,-1.089336689957
"18",1999,"1042",0.0369417768094009,0.0361918302891299,0.0828562802514824,0.0459145034420814,0,0.0466644499623525,-0.889299915360808,-1.44101056432007,-0.132341679334889,115.133333333333,17982.5829722443,24266.2541121751,"0",1996,0,1999.1,1999.9,-1.14225409448552,"1043","559",-1.01624296229586,2.94656037128516,125.733333333333,62016.137075,62016.137075,"0",2,10.5,-7.5,2.20211831804772,0.317984703699325,1.89600723387475,0.0828562802514824,0.0459145034420814,0.0466644499623525,0.190452011294839,1.11936815413273,-3.08097423269622,-3.06477264697587,1.20914279974466,1.17567174735628,-1.39157033420147,-0.686134291950348
"19",1999,"1042",0.0369417768094009,0.0361918302891299,0.0828562802514824,0.0459145034420814,0,0.0466644499623525,-0.889299915360808,-1.44101056432007,-0.132341679334889,115.133333333333,17982.5829722443,24266.2541121751,"0",1996,0,1999.1,1999.9,-1.14225409448552,"1043","559",-1.01624296229586,2.94656037128516,125.733333333333,62016.137075,62016.137075,"0",2,10.5,-7.5,2.20211831804772,0.317984703699325,1.89600723387475,0.0828562802514824,0.0459145034420814,0.0466644499623525,0.190452011294839,1.11936815413273,-3.08097423269622,-3.06477264697587,1.20914279974466,1.17567174735628,-1.39157033420147,-0.686134291950348
"20",1999,"1186",0.00410773806143091,-0.0203194637032692,0.0531998862978691,0.0490921482364382,0,0.0735193500011383,0.72666405036618,-0.126181294093236,-0.151019458403716,115.133333333333,24429.6402062589,7334.63992753623,"0",1996,0,1999.1,1999.9,-1.14225409448552,"604","603",-0.301052119994487,3.01770342091481,81.3,20151.695145,20151.695145,"0",1,4,-1,-1.02752644101287,-0.906845266105482,-0.52640987083009,0.0531998862978691,0.0490921482364382,0.0735193500011383,0.802624950303575,-0.24558532958574,-3.01405617068739,-2.61020664208997,0.200218649508528,-0.719363527675328,-1.39157033420147,-1.38101525639234
"21",1999,"1186",0.00410773806143091,-0.0203194637032692,0.0531998862978691,0.0490921482364382,0,0.0735193500011383,0.72666405036618,-0.126181294093236,-0.151019458403716,115.133333333333,24429.6402062589,7334.63992753623,"0",1996,0,1999.1,1999.9,-1.14225409448552,"604","603",-0.301052119994487,3.01770342091481,81.3,20151.695145,20151.695145,"0",1,4,-1,-1.02752644101287,-0.906845266105482,-0.52640987083009,0.0531998862978691,0.0490921482364382,0.0735193500011383,0.802624950303575,-0.24558532958574,-3.01405617068739,-2.61020664208997,0.200218649508528,-0.719363527675328,-1.39157033420147,-1.38101525639234
"22",1999,"1404",0.0165661661684962,-0.00830180738534915,0.0733424291066824,0.0567762629381862,1,0.0816442364920316,0.386465693843979,-0.523583461901032,-0.264835301525622,340.4,28943.5235897436,21115.4138009755,"0",1997,0,1999.1,1999.9,-1.44391591730546,"454","221",0.425782688408491,9.22597499812855,107.544444444444,28482.2281,28482.2281,"1",1,3,-1,-1.27922534813441,1.54281467350413,-0.52640987083009,0.0733424291066824,0.0567762629381862,0.0816442364920316,1.23123557944946,0.743608038457513,-2.86863694661994,-2.50538405002978,0.547752185470577,-0.262797959849684,-0.838913046977269,-0.567978958774927
"23",2000,"912",-0.000817512242067657,-0.0305564678541943,0.0412596809841281,0.0420771932261958,0,0.0718161488383224,-0.555332295131114,0.806786427266539,-0.70431516659154,174.444444444444,20001.5181268785,14812.2455905512,"0",1994,0,2000.1,2000.9,-0.237268626025686,"64","178",1.00655978695122,5.68684781795059,143.744444444444,NA,NA,"0",1,8,-2,0.71314539207819,-0.906845266105482,-0.52640987083009,0.0412596809841281,0.0420771932261958,0.0718161488383224,0.382157687608628,-1.02863437770506,-3.16824941367568,-2.6336459140346,0.00242352139759979,-1.2064795733791,-0.982028531759832,-1.05873776811569
"24",2000,"912",-0.000817512242067657,-0.0305564678541943,0.0412596809841281,0.0420771932261958,0,0.0718161488383224,-0.555332295131114,0.806786427266539,-0.70431516659154,174.444444444444,20001.5181268785,14812.2455905512,"0",1994,0,2000.1,2000.9,-0.237268626025686,"64","178",1.00655978695122,5.68684781795059,143.744444444444,NA,NA,"0",1,8,-2,0.71314539207819,0.317984703699325,-0.52640987083009,0.0412596809841281,0.0420771932261958,0.0718161488383224,0.382157687608628,-1.02863437770506,-3.16824941367568,-2.6336459140346,0.00242352139759979,-1.2064795733791,-0.982028531759832,-1.05873776811569
"25",2000,"912",-0.000817512242067657,-0.0305564678541943,0.0412596809841281,0.0420771932261958,0,0.0718161488383224,-0.555332295131114,0.806786427266539,-0.70431516659154,174.444444444444,20001.5181268785,14812.2455905512,"0",1994,0,2000.1,2000.9,-0.237268626025686,"64","178",1.00655978695122,5.68684781795059,143.744444444444,NA,NA,"0",1,8,-2,0.71314539207819,0.317984703699325,-0.52640987083009,0.0412596809841281,0.0420771932261958,0.0718161488383224,0.382157687608628,-1.02863437770506,-3.16824941367568,-2.6336459140346,0.00242352139759979,-1.2064795733791,-0.982028531759832,-1.05873776811569
"26",2000,"938",0.0255971994713971,0.0246789098913209,0.0763970455133171,0.05079984604192,0,0.0517181356219961,-0.395144327319838,0.39510369526599,0.018933853175231,147.077777777778,4024.47243589744,10218.1173719975,"0",1994,0,2000.1,2000.9,-0.237268626025686,"163","510",0.819365462722974,0.931506849315156,121.988888888889,NA,NA,"0",0,4.5,1.5,-0.834183954980409,0.317984703699325,-0.52640987083009,0.0763970455133171,0.05079984604192,0.0517181356219961,-1.1349243953178,0.86931938415692,-2.97986195507316,-2.96194677325342,0.848528078508346,0.787236280979401,-1.14729722844673,-1.089336689957
"27",2000,"938",0.0255971994713971,0.0246789098913209,0.0763970455133171,0.05079984604192,0,0.0517181356219961,-0.395144327319838,0.39510369526599,0.018933853175231,147.077777777778,4024.47243589744,10218.1173719975,"0",1994,0,2000.1,2000.9,-0.237268626025686,"163","510",0.819365462722974,0.931506849315156,121.988888888889,NA,NA,"0",0,4.5,1.5,-0.834183954980409,0.317984703699325,1.89600723387475,0.0763970455133171,0.05079984604192,0.0517181356219961,-1.1349243953178,0.86931938415692,-2.97986195507316,-2.96194677325342,0.848528078508346,0.787236280979401,-1.14729722844673,-1.089336689957
"28",2000,"1042",0.0369417768094009,0.0361918302891299,0.0828562802514824,0.0459145034420814,0,0.0466644499623525,-0.889299915360808,-1.44101056432007,-0.132341679334889,115.133333333333,17982.5829722443,24266.2541121751,"0",1996,0,2000.1,2000.9,-0.840592271665572,"1043","559",-1.01624296229586,2.94656037128516,125.733333333333,NA,NA,"0",1,10.5,-6.5,2.20211831804772,0.317984703699325,1.89600723387475,0.0828562802514824,0.0459145034420814,0.0466644499623525,0.190452011294839,1.11936815413273,-3.08097423269622,-3.06477264697587,1.20914279974466,1.17567174735628,-1.39157033420147,-0.686134291950348
"29",2000,"1042",0.0369417768094009,0.0361918302891299,0.0828562802514824,0.0459145034420814,0,0.0466644499623525,-0.889299915360808,-1.44101056432007,-0.132341679334889,115.133333333333,17982.5829722443,24266.2541121751,"0",1996,0,2000.1,2000.9,-0.840592271665572,"1043","559",-1.01624296229586,2.94656037128516,125.733333333333,NA,NA,"0",1,10.5,-6.5,2.20211831804772,0.317984703699325,1.89600723387475,0.0828562802514824,0.0459145034420814,0.0466644499623525,0.190452011294839,1.11936815413273,-3.08097423269622,-3.06477264697587,1.20914279974466,1.17567174735628,-1.39157033420147,-0.686134291950348
"30",2000,"1186",0.00410773806143091,-0.0203194637032692,0.0531998862978691,0.0490921482364382,0,0.0735193500011383,0.72666405036618,-0.126181294093236,-0.151019458403716,115.133333333333,24429.6402062589,7334.63992753623,"0",1996,0,2000.1,2000.9,-0.840592271665572,"604","603",-0.301052119994487,3.01770342091481,81.3,NA,NA,"0",1,4,0,-1.02752644101287,-0.906845266105482,-0.52640987083009,0.0531998862978691,0.0490921482364382,0.0735193500011383,0.802624950303575,-0.24558532958574,-3.01405617068739,-2.61020664208997,0.200218649508528,-0.719363527675328,-1.39157033420147,-1.38101525639234
"31",2000,"1186",0.00410773806143091,-0.0203194637032692,0.0531998862978691,0.0490921482364382,0,0.0735193500011383,0.72666405036618,-0.126181294093236,-0.151019458403716,115.133333333333,24429.6402062589,7334.63992753623,"0",1996,0,2000.1,2000.9,-0.840592271665572,"604","603",-0.301052119994487,3.01770342091481,81.3,NA,NA,"0",1,4,0,-1.02752644101287,-0.906845266105482,-0.52640987083009,0.0531998862978691,0.0490921482364382,0.0735193500011383,0.802624950303575,-0.24558532958574,-3.01405617068739,-2.61020664208997,0.200218649508528,-0.719363527675328,-1.39157033420147,-1.38101525639234
"32",2000,"1404",0.0165661661684962,-0.00830180738534915,0.0733424291066824,0.0567762629381862,1,0.0816442364920316,0.386465693843979,-0.523583461901032,-0.264835301525622,340.4,28943.5235897436,21115.4138009755,"0",1997,0,2000.1,2000.9,-1.14225409448552,"454","221",0.425782688408491,9.22597499812855,107.544444444444,NA,NA,"1",0,3,0,-1.27922534813441,1.54281467350413,-0.52640987083009,0.0733424291066824,0.0567762629381862,0.0816442364920316,1.23123557944946,0.743608038457513,-2.86863694661994,-2.50538405002978,0.547752185470577,-0.262797959849684,-0.838913046977269,-0.567978958774927
"33",2001,"912",-0.000817512242067657,-0.0305564678541943,0.0412596809841281,0.0420771932261958,0,0.0718161488383224,-0.555332295131114,0.806786427266539,-0.70431516659154,174.444444444444,20001.5181268785,14812.2455905512,"0",1994,0,2001.1,2001.9,0.064393196794257,"64","178",1.00655978695122,5.68684781795059,143.744444444444,NA,NA,"0",1,8,-1,0.71314539207819,-0.906845266105482,-0.52640987083009,0.0412596809841281,0.0420771932261958,0.0718161488383224,0.382157687608628,-1.02863437770506,-3.16824941367568,-2.6336459140346,0.00242352139759979,-1.2064795733791,-0.982028531759832,-1.05873776811569
"34",2001,"912",-0.000817512242067657,-0.0305564678541943,0.0412596809841281,0.0420771932261958,0,0.0718161488383224,-0.555332295131114,0.806786427266539,-0.70431516659154,174.444444444444,20001.5181268785,14812.2455905512,"0",1994,0,2001.1,2001.9,0.064393196794257,"64","178",1.00655978695122,5.68684781795059,143.744444444444,NA,NA,"0",1,8,-1,0.71314539207819,0.317984703699325,-0.52640987083009,0.0412596809841281,0.0420771932261958,0.0718161488383224,0.382157687608628,-1.02863437770506,-3.16824941367568,-2.6336459140346,0.00242352139759979,-1.2064795733791,-0.982028531759832,-1.05873776811569
"35",2001,"912",-0.000817512242067657,-0.0305564678541943,0.0412596809841281,0.0420771932261958,0,0.0718161488383224,-0.555332295131114,0.806786427266539,-0.70431516659154,174.444444444444,20001.5181268785,14812.2455905512,"0",1994,0,2001.1,2001.9,0.064393196794257,"64","178",1.00655978695122,5.68684781795059,143.744444444444,NA,NA,"0",1,8,-1,0.71314539207819,0.317984703699325,1.89600723387475,0.0412596809841281,0.0420771932261958,0.0718161488383224,0.382157687608628,-1.02863437770506,-3.16824941367568,-2.6336459140346,0.00242352139759979,-1.2064795733791,-0.982028531759832,-1.05873776811569
"36",2001,"938",0.0255971994713971,0.0246789098913209,0.0763970455133171,0.05079984604192,0,0.0517181356219961,-0.395144327319838,0.39510369526599,0.018933853175231,147.077777777778,4024.47243589744,10218.1173719975,"0",1994,0,2001.1,2001.9,0.064393196794257,"163","510",0.819365462722974,0.931506849315156,121.988888888889,NA,NA,"0",0,4.5,2.5,-0.834183954980409,0.317984703699325,-0.52640987083009,0.0763970455133171,0.05079984604192,0.0517181356219961,-1.1349243953178,0.86931938415692,-2.97986195507316,-2.96194677325342,0.848528078508346,0.787236280979401,-1.14729722844673,-1.089336689957
"37",2001,"938",0.0255971994713971,0.0246789098913209,0.0763970455133171,0.05079984604192,0,0.0517181356219961,-0.395144327319838,0.39510369526599,0.018933853175231,147.077777777778,4024.47243589744,10218.1173719975,"0",1994,0,2001.1,2001.9,0.064393196794257,"163","510",0.819365462722974,0.931506849315156,121.988888888889,NA,NA,"0",0,4.5,2.5,-0.834183954980409,0.317984703699325,1.89600723387475,0.0763970455133171,0.05079984604192,0.0517181356219961,-1.1349243953178,0.86931938415692,-2.97986195507316,-2.96194677325342,0.848528078508346,0.787236280979401,-1.14729722844673,-1.089336689957
"38",2001,"1042",0.0369417768094009,0.0361918302891299,0.0828562802514824,0.0459145034420814,0,0.0466644499623525,-0.889299915360808,-1.44101056432007,-0.132341679334889,115.133333333333,17982.5829722443,24266.2541121751,"0",1996,0,2001.1,2001.9,-0.538930448845629,"1043","559",-1.01624296229586,2.94656037128516,125.733333333333,NA,NA,"0",0,10.5,-5.5,2.20211831804772,0.317984703699325,1.89600723387475,0.0828562802514824,0.0459145034420814,0.0466644499623525,0.190452011294839,1.11936815413273,-3.08097423269622,-3.06477264697587,1.20914279974466,1.17567174735628,-1.39157033420147,-0.686134291950348
"39",2001,"1042",0.0369417768094009,0.0361918302891299,0.0828562802514824,0.0459145034420814,0,0.0466644499623525,-0.889299915360808,-1.44101056432007,-0.132341679334889,115.133333333333,17982.5829722443,24266.2541121751,"0",1996,0,2001.1,2001.9,-0.538930448845629,"1043","559",-1.01624296229586,2.94656037128516,125.733333333333,NA,NA,"0",0,10.5,-5.5,2.20211831804772,0.317984703699325,1.89600723387475,0.0828562802514824,0.0459145034420814,0.0466644499623525,0.190452011294839,1.11936815413273,-3.08097423269622,-3.06477264697587,1.20914279974466,1.17567174735628,-1.39157033420147,-0.686134291950348
"40",2001,"1186",0.00410773806143091,-0.0203194637032692,0.0531998862978691,0.0490921482364382,0,0.0735193500011383,0.72666405036618,-0.126181294093236,-0.151019458403716,115.133333333333,24429.6402062589,7334.63992753623,"0",1996,0,2001.1,2001.9,-0.538930448845629,"604","603",-0.301052119994487,3.01770342091481,81.3,NA,NA,"0",1,4,1,-1.02752644101287,-0.906845266105482,-0.52640987083009,0.0531998862978691,0.0490921482364382,0.0735193500011383,0.802624950303575,-0.24558532958574,-3.01405617068739,-2.61020664208997,0.200218649508528,-0.719363527675328,-1.39157033420147,-1.38101525639234
"41",2001,"1186",0.00410773806143091,-0.0203194637032692,0.0531998862978691,0.0490921482364382,0,0.0735193500011383,0.72666405036618,-0.126181294093236,-0.151019458403716,115.133333333333,24429.6402062589,7334.63992753623,"0",1996,0,2001.1,2001.9,-0.538930448845629,"604","603",-0.301052119994487,3.01770342091481,81.3,NA,NA,"0",1,4,1,-1.02752644101287,-0.906845266105482,-0.52640987083009,0.0531998862978691,0.0490921482364382,0.0735193500011383,0.802624950303575,-0.24558532958574,-3.01405617068739,-2.61020664208997,0.200218649508528,-0.719363527675328,-1.39157033420147,-1.38101525639234
"42",2001,"1186",0.00410773806143091,-0.0203194637032692,0.0531998862978691,0.0490921482364382,0,0.0735193500011383,0.72666405036618,-0.126181294093236,-0.151019458403716,115.133333333333,24429.6402062589,7334.63992753623,"0",1996,0,2001.1,2001.9,-0.538930448845629,"604","603",-0.301052119994487,3.01770342091481,81.3,NA,NA,"0",1,4,1,-1.02752644101287,-0.906845266105482,-0.52640987083009,0.0531998862978691,0.0490921482364382,0.0735193500011383,0.802624950303575,-0.24558532958574,-3.01405617068739,-2.61020664208997,0.200218649508528,-0.719363527675328,-1.39157033420147,-1.38101525639234
"43",2001,"1404",0.0165661661684962,-0.00830180738534915,0.0733424291066824,0.0567762629381862,1,0.0816442364920316,0.386465693843979,-0.523583461901032,-0.264835301525622,340.4,28943.5235897436,21115.4138009755,"0",1997,0,2001.1,2001.9,-0.840592271665572,"454","221",0.425782688408491,9.22597499812855,107.544444444444,NA,NA,"1",0,3,1,-1.27922534813441,1.54281467350413,-0.52640987083009,0.0733424291066824,0.0567762629381862,0.0816442364920316,1.23123557944946,0.743608038457513,-2.86863694661994,-2.50538405002978,0.547752185470577,-0.262797959849684,-0.838913046977269,-0.567978958774927
"44",2001,"1503",0.0468270164248198,0.050797124229002,0.100026902722689,0.0531998862978691,0,0.0492297784936869,2.39425622649005,-0.113293406755487,0.876508868868852,150.666666666667,20641.8694783933,24429.6402062589,"0",1999,0,2001.1,2001.9,-1.44391591730546,"1186","1184",-0.491258670589151,2.45904633580358,115.133333333333,NA,NA,"0",1,5,-3,-0.399752820206242,0.317984703699325,-0.52640987083009,0.100026902722689,0.0531998862978691,0.0492297784936869,0.442961517111926,1.69958071189647,-2.93369901989492,-3.01125658463944,1.2903688861775,1.46029222616279,1.30866174399083,1.28502711294429
"45",2002,"912",-0.000817512242067657,-0.0305564678541943,0.0412596809841281,0.0420771932261958,0,0.0718161488383224,-0.555332295131114,0.806786427266539,-0.70431516659154,174.444444444444,20001.5181268785,14812.2455905512,"0",1994,0,2002.1,2002.9,0.3660550196142,"64","178",1.00655978695122,5.68684781795059,143.744444444444,NA,NA,"0",1,8,0,0.71314539207819,0.317984703699325,-0.52640987083009,0.0412596809841281,0.0420771932261958,0.0718161488383224,0.382157687608628,-1.02863437770506,-3.16824941367568,-2.6336459140346,0.00242352139759979,-1.2064795733791,-0.982028531759832,-1.05873776811569
"46",2002,"912",-0.000817512242067657,-0.0305564678541943,0.0412596809841281,0.0420771932261958,0,0.0718161488383224,-0.555332295131114,0.806786427266539,-0.70431516659154,174.444444444444,20001.5181268785,14812.2455905512,"0",1994,0,2002.1,2002.9,0.3660550196142,"64","178",1.00655978695122,5.68684781795059,143.744444444444,NA,NA,"0",1,8,0,0.71314539207819,0.317984703699325,1.89600723387475,0.0412596809841281,0.0420771932261958,0.0718161488383224,0.382157687608628,-1.02863437770506,-3.16824941367568,-2.6336459140346,0.00242352139759979,-1.2064795733791,-0.982028531759832,-1.05873776811569
"47",2002,"912",-0.000817512242067657,-0.0305564678541943,0.0412596809841281,0.0420771932261958,0,0.0718161488383224,-0.555332295131114,0.806786427266539,-0.70431516659154,174.444444444444,20001.5181268785,14812.2455905512,"0",1994,0,2002.1,2002.9,0.3660550196142,"64","178",1.00655978695122,5.68684781795059,143.744444444444,NA,NA,"0",1,8,0,0.71314539207819,-0.906845266105482,-0.52640987083009,0.0412596809841281,0.0420771932261958,0.0718161488383224,0.382157687608628,-1.02863437770506,-3.16824941367568,-2.6336459140346,0.00242352139759979,-1.2064795733791,-0.982028531759832,-1.05873776811569
"48",2002,"938",0.0255971994713971,0.0246789098913209,0.0763970455133171,0.05079984604192,0,0.0517181356219961,-0.395144327319838,0.39510369526599,0.018933853175231,147.077777777778,4024.47243589744,10218.1173719975,"0",1994,1,2002.1,2002.9,0.3660550196142,"163","510",0.819365462722974,0.931506849315156,121.988888888889,NA,NA,"0",1,4.5,3.5,-0.834183954980409,0.317984703699325,1.89600723387475,0.0763970455133171,0.05079984604192,0.0517181356219961,-1.1349243953178,0.86931938415692,-2.97986195507316,-2.96194677325342,0.848528078508346,0.787236280979401,-1.14729722844673,-1.089336689957
"49",2002,"1042",0.0369417768094009,0.0361918302891299,0.0828562802514824,0.0459145034420814,0,0.0466644499623525,-0.889299915360808,-1.44101056432007,-0.132341679334889,115.133333333333,17982.5829722443,24266.2541121751,"0",1996,0,2002.1,2002.9,-0.237268626025686,"1043","559",-1.01624296229586,2.94656037128516,125.733333333333,NA,NA,"0",0,10.5,-4.5,2.20211831804772,0.317984703699325,1.89600723387475,0.0828562802514824,0.0459145034420814,0.0466644499623525,0.190452011294839,1.11936815413273,-3.08097423269622,-3.06477264697587,1.20914279974466,1.17567174735628,-1.39157033420147,-0.686134291950348
"50",2002,"1042",0.0369417768094009,0.0361918302891299,0.0828562802514824,0.0459145034420814,0,0.0466644499623525,-0.889299915360808,-1.44101056432007,-0.132341679334889,115.133333333333,17982.5829722443,24266.2541121751,"0",1996,0,2002.1,2002.9,-0.237268626025686,"1043","559",-1.01624296229586,2.94656037128516,125.733333333333,NA,NA,"0",0,10.5,-4.5,2.20211831804772,0.317984703699325,1.89600723387475,0.0828562802514824,0.0459145034420814,0.0466644499623525,0.190452011294839,1.11936815413273,-3.08097423269622,-3.06477264697587,1.20914279974466,1.17567174735628,-1.39157033420147,-0.686134291950348
"51",2002,"1186",0.00410773806143091,-0.0203194637032692,0.0531998862978691,0.0490921482364382,0,0.0735193500011383,0.72666405036618,-0.126181294093236,-0.151019458403716,115.133333333333,24429.6402062589,7334.63992753623,"0",1996,0,2002.1,2002.9,-0.237268626025686,"604","603",-0.301052119994487,3.01770342091481,81.3,NA,NA,"0",1,4,2,-1.02752644101287,-0.906845266105482,-0.52640987083009,0.0531998862978691,0.0490921482364382,0.0735193500011383,0.802624950303575,-0.24558532958574,-3.01405617068739,-2.61020664208997,0.200218649508528,-0.719363527675328,-1.39157033420147,-1.38101525639234
"52",2002,"1186",0.00410773806143091,-0.0203194637032692,0.0531998862978691,0.0490921482364382,0,0.0735193500011383,0.72666405036618,-0.126181294093236,-0.151019458403716,115.133333333333,24429.6402062589,7334.63992753623,"0",1996,0,2002.1,2002.9,-0.237268626025686,"604","603",-0.301052119994487,3.01770342091481,81.3,NA,NA,"0",1,4,2,-1.02752644101287,-0.906845266105482,-0.52640987083009,0.0531998862978691,0.0490921482364382,0.0735193500011383,0.802624950303575,-0.24558532958574,-3.01405617068739,-2.61020664208997,0.200218649508528,-0.719363527675328,-1.39157033420147,-1.38101525639234
"53",2002,"1186",0.00410773806143091,-0.0203194637032692,0.0531998862978691,0.0490921482364382,0,0.0735193500011383,0.72666405036618,-0.126181294093236,-0.151019458403716,115.133333333333,24429.6402062589,7334.63992753623,"0",1996,0,2002.1,2002.9,-0.237268626025686,"604","603",-0.301052119994487,3.01770342091481,81.3,NA,NA,"0",1,4,2,-1.02752644101287,1.54281467350413,-0.52640987083009,0.0531998862978691,0.0490921482364382,0.0735193500011383,0.802624950303575,-0.24558532958574,-3.01405617068739,-2.61020664208997,0.200218649508528,-0.719363527675328,-1.39157033420147,-1.38101525639234
"54",2002,"1186",0.00410773806143091,-0.0203194637032692,0.0531998862978691,0.0490921482364382,0,0.0735193500011383,0.72666405036618,-0.126181294093236,-0.151019458403716,115.133333333333,24429.6402062589,7334.63992753623,"0",1996,0,2002.1,2002.9,-0.237268626025686,"604","603",-0.301052119994487,3.01770342091481,81.3,NA,NA,"0",1,4,2,-1.02752644101287,1.54281467350413,-0.52640987083009,0.0531998862978691,0.0490921482364382,0.0735193500011383,0.802624950303575,-0.24558532958574,-3.01405617068739,-2.61020664208997,0.200218649508528,-0.719363527675328,-1.39157033420147,-1.38101525639234
"55",2002,"1362",0.0487643271012142,0.034303891038528,0.0829691789740685,0.0342048518728543,2,0.0486652879355406,-0.534220220427167,-0.0533636523868286,-1.52878237483992,107.333333333333,0,10644.0812583286,"0",1998,0,2002.1,2002.9,-0.840592271665572,"199","609",2.72863888935043,5.09315068493152,126.388888888889,NA,NA,"1",1,3,1,-1.27745697173777,-0.906845266105482,-0.52640987083009,0.0829691789740685,0.0342048518728543,0.0486652879355406,-1.51706356821744,1.12356315189347,-3.37538777734852,-3.02278927643485,1.79430492073098,1.08991183603328,-0.108453732855651,-0.558237367594013
"56",2002,"1384",-0.0373555381947066,0.00126145795222511,0.0499267458877657,0.0872822840824722,1,0.0486652879355406,-0.534220220427167,-0.559240669034221,-0.610676338069101,107.333333333333,18876.280979448,34968.4026923077,"0",1998,0,2002.1,2002.9,-0.840592271665572,"1246","609",-0.801575461597899,5.06301369863036,141.377777777778,NA,NA,"1",2,6,-2,0.030552102975768,0.317984703699325,-0.52640987083009,0.0499267458877657,0.0872822840824722,0.0486652879355406,0.275312082455625,-0.441214468159817,-2.43860776820221,-3.02278927643485,-1.06387669906369,0.01761539581657,-0.108453732855651,2.05347730606013
"57",2002,"1404",0.0165661661684962,-0.00830180738534915,0.0733424291066824,0.0567762629381862,1,0.0816442364920316,0.386465693843979,-0.523583461901032,-0.264835301525622,340.4,28943.5235897436,21115.4138009755,"0",1997,1,2002.1,2002.9,-0.538930448845629,"454","221",0.425782688408491,9.22597499812855,107.544444444444,NA,NA,"1",0,3,2,-1.27922534813441,1.54281467350413,-0.52640987083009,0.0733424291066824,0.0567762629381862,0.0816442364920316,1.23123557944946,0.743608038457513,-2.86863694661994,-2.50538405002978,0.547752185470577,-0.262797959849684,-0.838913046977269,-0.567978958774927
"58",2002,"1503",0.0468270164248198,0.050797124229002,0.100026902722689,0.0531998862978691,0,0.0492297784936869,2.39425622649005,-0.113293406755487,0.876508868868852,150.666666666667,20641.8694783933,24429.6402062589,"0",1999,0,2002.1,2002.9,-1.14225409448552,"1186","1184",-0.491258670589151,2.45904633580358,115.133333333333,NA,NA,"0",0,5,-2,-0.399752820206242,0.317984703699325,-0.52640987083009,0.100026902722689,0.0531998862978691,0.0492297784936869,0.442961517111926,1.69958071189647,-2.93369901989492,-3.01125658463944,1.2903688861775,1.46029222616279,1.30866174399083,1.28502711294429
"59",2002,"1510",-0.0124730788531426,0.00639197449481063,0.051961562228055,0.0644346410811976,0,0.0455695877332443,0.895517087693324,0.0948801472193388,1.06089218610301,90.4,19265.1351801501,34968.4026923077,"0",1999,0,2002.1,2002.9,-1.14225409448552,"1247","1020",-0.507072205884972,3.62739726027394,141.377777777778,NA,NA,"0",2,5.5,-2.5,-0.275966472441554,-0.906845266105482,-0.52640987083009,0.051961562228055,0.0644346410811976,0.0455695877332443,0.312235287919626,-0.318144394352949,-2.74210388550332,-3.0885147206368,-0.384407492413501,0.24071023332546,0.808564048802394,1.50672767542279
"60",2002,"1510",-0.0124730788531426,0.00639197449481063,0.051961562228055,0.0644346410811976,0,0.0455695877332443,0.895517087693324,0.0948801472193388,1.06089218610301,90.4,19265.1351801501,34968.4026923077,"0",1999,0,2002.1,2002.9,-1.14225409448552,"1247","1020",-0.507072205884972,3.62739726027394,141.377777777778,NA,NA,"0",2,5.5,-2.5,-0.275966472441554,-0.906845266105482,-0.52640987083009,0.051961562228055,0.0644346410811976,0.0455695877332443,0.312235287919626,-0.318144394352949,-2.74210388550332,-3.0885147206368,-0.384407492413501,0.24071023332546,0.808564048802394,1.50672767542279
"61",2003,"912",-0.000817512242067657,-0.0305564678541943,0.0412596809841281,0.0420771932261958,0,0.0718161488383224,-0.555332295131114,0.806786427266539,-0.70431516659154,174.444444444444,20001.5181268785,14812.2455905512,"0",1994,0,2003.1,2003.9,0.667716842434143,"64","178",1.00655978695122,5.68684781795059,143.744444444444,6092.856566,6092.856566,"0",1,8,1,0.71314539207819,0.317984703699325,-0.52640987083009,0.0412596809841281,0.0420771932261958,0.0718161488383224,0.382157687608628,-1.02863437770506,-3.16824941367568,-2.6336459140346,0.00242352139759979,-1.2064795733791,-0.982028531759832,-1.05873776811569
"62",2003,"912",-0.000817512242067657,-0.0305564678541943,0.0412596809841281,0.0420771932261958,0,0.0718161488383224,-0.555332295131114,0.806786427266539,-0.70431516659154,174.444444444444,20001.5181268785,14812.2455905512,"0",1994,0,2003.1,2003.9,0.667716842434143,"64","178",1.00655978695122,5.68684781795059,143.744444444444,6092.856566,6092.856566,"0",1,8,1,0.71314539207819,0.317984703699325,1.89600723387475,0.0412596809841281,0.0420771932261958,0.0718161488383224,0.382157687608628,-1.02863437770506,-3.16824941367568,-2.6336459140346,0.00242352139759979,-1.2064795733791,-0.982028531759832,-1.05873776811569
"63",2003,"912",-0.000817512242067657,-0.0305564678541943,0.0412596809841281,0.0420771932261958,0,0.0718161488383224,-0.555332295131114,0.806786427266539,-0.70431516659154,174.444444444444,20001.5181268785,14812.2455905512,"0",1994,0,2003.1,2003.9,0.667716842434143,"64","178",1.00655978695122,5.68684781795059,143.744444444444,6092.856566,6092.856566,"0",1,8,1,0.71314539207819,-0.906845266105482,-0.52640987083009,0.0412596809841281,0.0420771932261958,0.0718161488383224,0.382157687608628,-1.02863437770506,-3.16824941367568,-2.6336459140346,0.00242352139759979,-1.2064795733791,-0.982028531759832,-1.05873776811569
"64",2003,"912",-0.000817512242067657,-0.0305564678541943,0.0412596809841281,0.0420771932261958,0,0.0718161488383224,-0.555332295131114,0.806786427266539,-0.70431516659154,174.444444444444,20001.5181268785,14812.2455905512,"0",1994,0,2003.1,2003.9,0.667716842434143,"64","178",1.00655978695122,5.68684781795059,143.744444444444,6092.856566,6092.856566,"0",1,8,1,0.71314539207819,0.317984703699325,1.89600723387475,0.0412596809841281,0.0420771932261958,0.0718161488383224,0.382157687608628,-1.02863437770506,-3.16824941367568,-2.6336459140346,0.00242352139759979,-1.2064795733791,-0.982028531759832,-1.05873776811569
"65",2003,"1042",0.0369417768094009,0.0361918302891299,0.0828562802514824,0.0459145034420814,0,0.0466644499623525,-0.889299915360808,-1.44101056432007,-0.132341679334889,115.133333333333,17982.5829722443,24266.2541121751,"0",1996,0,2003.1,2003.9,0.064393196794257,"1043","559",-1.01624296229586,2.94656037128516,125.733333333333,16188.67596,16188.67596,"0",1,10.5,-3.5,2.20211831804772,0.317984703699325,1.89600723387475,0.0828562802514824,0.0459145034420814,0.0466644499623525,0.190452011294839,1.11936815413273,-3.08097423269622,-3.06477264697587,1.20914279974466,1.17567174735628,-1.39157033420147,-0.686134291950348
"66",2003,"1042",0.0369417768094009,0.0361918302891299,0.0828562802514824,0.0459145034420814,0,0.0466644499623525,-0.889299915360808,-1.44101056432007,-0.132341679334889,115.133333333333,17982.5829722443,24266.2541121751,"0",1996,0,2003.1,2003.9,0.064393196794257,"1043","559",-1.01624296229586,2.94656037128516,125.733333333333,16188.67596,16188.67596,"0",1,10.5,-3.5,2.20211831804772,-0.906845266105482,-0.52640987083009,0.0828562802514824,0.0459145034420814,0.0466644499623525,0.190452011294839,1.11936815413273,-3.08097423269622,-3.06477264697587,1.20914279974466,1.17567174735628,-1.39157033420147,-0.686134291950348
"67",2003,"1186",0.00410773806143091,-0.0203194637032692,0.0531998862978691,0.0490921482364382,0,0.0735193500011383,0.72666405036618,-0.126181294093236,-0.151019458403716,115.133333333333,24429.6402062589,7334.63992753623,"0",1996,1,2003.1,2003.9,0.064393196794257,"604","603",-0.301052119994487,3.01770342091481,81.3,NA,NA,"0",0,4,3,-1.02752644101287,-0.906845266105482,-0.52640987083009,0.0531998862978691,0.0490921482364382,0.0735193500011383,0.802624950303575,-0.24558532958574,-3.01405617068739,-2.61020664208997,0.200218649508528,-0.719363527675328,-1.39157033420147,-1.38101525639234
"68",2003,"1186",0.00410773806143091,-0.0203194637032692,0.0531998862978691,0.0490921482364382,0,0.0735193500011383,0.72666405036618,-0.126181294093236,-0.151019458403716,115.133333333333,24429.6402062589,7334.63992753623,"0",1996,1,2003.1,2003.9,0.064393196794257,"604","603",-0.301052119994487,3.01770342091481,81.3,NA,NA,"0",0,4,3,-1.02752644101287,1.54281467350413,-0.52640987083009,0.0531998862978691,0.0490921482364382,0.0735193500011383,0.802624950303575,-0.24558532958574,-3.01405617068739,-2.61020664208997,0.200218649508528,-0.719363527675328,-1.39157033420147,-1.38101525639234
"69",2003,"1186",0.00410773806143091,-0.0203194637032692,0.0531998862978691,0.0490921482364382,0,0.0735193500011383,0.72666405036618,-0.126181294093236,-0.151019458403716,115.133333333333,24429.6402062589,7334.63992753623,"0",1996,1,2003.1,2003.9,0.064393196794257,"604","603",-0.301052119994487,3.01770342091481,81.3,NA,NA,"0",0,4,3,-1.02752644101287,1.54281467350413,-0.52640987083009,0.0531998862978691,0.0490921482364382,0.0735193500011383,0.802624950303575,-0.24558532958574,-3.01405617068739,-2.61020664208997,0.200218649508528,-0.719363527675328,-1.39157033420147,-1.38101525639234
"70",2003,"1305",-0.007619151656277,-0.0240739648231035,0.0413510892983211,0.0489702409545981,0,0.0654250541214246,0.0171567369108758,-0.657192998159256,1.33818552671168,357.1,11692.558,6837.80397435898,"0",1998,0,2003.1,2003.9,-0.237268626025686,"1177","854",-0.887122167902686,3.38082191780836,115.133333333333,23100.93401,23100.93401,"0",2,7,-1,0.0670985485062947,0.317984703699325,-0.52640987083009,0.0413510892983211,0.0489702409545981,0.0654250541214246,-0.406810109069396,-1.02181659662339,-3.01654249282672,-2.72685000333777,-0.293335506950445,-1.00503656329004,0.134620629848009,2.65132780448564
"71",2003,"1362",0.0487643271012142,0.034303891038528,0.0829691789740685,0.0342048518728543,2,0.0486652879355406,-0.534220220427167,-0.0533636523868286,-1.52878237483992,107.333333333333,0,10644.0812583286,"0",1998,0,2003.1,2003.9,-0.538930448845629,"199","609",2.72863888935043,5.09315068493152,126.388888888889,16056.88033,16056.88033,"1",0,3,2,-1.27745697173777,-0.906845266105482,-0.52640987083009,0.0829691789740685,0.0342048518728543,0.0486652879355406,-1.51706356821744,1.12356315189347,-3.37538777734852,-3.02278927643485,1.79430492073098,1.08991183603328,-0.108453732855651,-0.558237367594013
"72",2003,"1384",-0.0373555381947066,0.00126145795222511,0.0499267458877657,0.0872822840824722,1,0.0486652879355406,-0.534220220427167,-0.559240669034221,-0.610676338069101,107.333333333333,18876.280979448,34968.4026923077,"0",1998,0,2003.1,2003.9,-0.538930448845629,"1246","609",-0.801575461597899,5.06301369863036,141.377777777778,23345.88033,23345.88033,"1",1,6,-1,0.030552102975768,0.317984703699325,-0.52640987083009,0.0499267458877657,0.0872822840824722,0.0486652879355406,0.275312082455625,-0.441214468159817,-2.43860776820221,-3.02278927643485,-1.06387669906369,0.01761539581657,-0.108453732855651,2.05347730606013
"73",2003,"1503",0.0468270164248198,0.050797124229002,0.100026902722689,0.0531998862978691,0,0.0492297784936869,2.39425622649005,-0.113293406755487,0.876508868868852,150.666666666667,20641.8694783933,24429.6402062589,"0",1999,0,2003.1,2003.9,-0.840592271665572,"1186","1184",-0.491258670589151,2.45904633580358,115.133333333333,NA,NA,"0",1,5,-1,-0.399752820206242,0.317984703699325,-0.52640987083009,0.100026902722689,0.0531998862978691,0.0492297784936869,0.442961517111926,1.69958071189647,-2.93369901989492,-3.01125658463944,1.2903688861775,1.46029222616279,1.30866174399083,1.28502711294429
"74",2003,"1503",0.0468270164248198,0.050797124229002,0.100026902722689,0.0531998862978691,0,0.0492297784936869,2.39425622649005,-0.113293406755487,0.876508868868852,150.666666666667,20641.8694783933,24429.6402062589,"0",1999,0,2003.1,2003.9,-0.840592271665572,"1186","1184",-0.491258670589151,2.45904633580358,115.133333333333,NA,NA,"0",1,5,-1,-0.399752820206242,-0.906845266105482,-0.52640987083009,0.100026902722689,0.0531998862978691,0.0492297784936869,0.442961517111926,1.69958071189647,-2.93369901989492,-3.01125658463944,1.2903688861775,1.46029222616279,1.30866174399083,1.28502711294429
"75",2003,"1510",-0.0124730788531426,0.00639197449481063,0.051961562228055,0.0644346410811976,0,0.0455695877332443,0.895517087693324,0.0948801472193388,1.06089218610301,90.4,19265.1351801501,34968.4026923077,"0",1999,0,2003.1,2003.9,-0.840592271665572,"1247","1020",-0.507072205884972,3.62739726027394,141.377777777778,14442.73026,14442.73026,"0",0,5.5,-1.5,-0.275966472441554,-0.906845266105482,-0.52640987083009,0.051961562228055,0.0644346410811976,0.0455695877332443,0.312235287919626,-0.318144394352949,-2.74210388550332,-3.0885147206368,-0.384407492413501,0.24071023332546,0.808564048802394,1.50672767542279
"76",2003,"1510",-0.0124730788531426,0.00639197449481063,0.051961562228055,0.0644346410811976,0,0.0455695877332443,0.895517087693324,0.0948801472193388,1.06089218610301,90.4,19265.1351801501,34968.4026923077,"0",1999,0,2003.1,2003.9,-0.840592271665572,"1247","1020",-0.507072205884972,3.62739726027394,141.377777777778,14442.73026,14442.73026,"0",0,5.5,-1.5,-0.275966472441554,-0.906845266105482,-0.52640987083009,0.051961562228055,0.0644346410811976,0.0455695877332443,0.312235287919626,-0.318144394352949,-2.74210388550332,-3.0885147206368,-0.384407492413501,0.24071023332546,0.808564048802394,1.50672767542279
"77",2003,"1753",0.00350760733345905,-0.00239322808669298,0.0549875797429517,0.0514799724094926,0,0.0573808078296446,0.114906882242877,0.909491587281827,0.0699073613505996,227.644444444444,60268.6802777778,21815.4118435078,"0",2002,0,2003.1,2003.9,-1.7455777401254,"1244","1188",0.295162312112243,5.17775282581033,223.033333333333,NA,NA,"0",2,5,-4,-0.278324307637072,-0.906845266105482,-0.52640987083009,0.0549875797429517,0.0514799724094926,0.0573808078296446,4.20567997145028,-0.143761488109746,-2.9665624322005,-2.8580453899354,0.171645267068842,-0.126353417223747,1.53752808065258,1.89696963883298
"78",2004,"912",-0.000817512242067657,-0.0305564678541943,0.0412596809841281,0.0420771932261958,0,0.0718161488383224,-0.555332295131114,0.806786427266539,-0.70431516659154,174.444444444444,20001.5181268785,14812.2455905512,"0",1994,0,2004.1,2004.9,0.969378665254086,"64","178",1.00655978695122,5.68684781795059,143.744444444444,4342.640802,4342.640802,"0",0,8,2,0.71314539207819,0.317984703699325,-0.52640987083009,0.0412596809841281,0.0420771932261958,0.0718161488383224,0.382157687608628,-1.02863437770506,-3.16824941367568,-2.6336459140346,0.00242352139759979,-1.2064795733791,-0.982028531759832,-1.05873776811569
"79",2004,"912",-0.000817512242067657,-0.0305564678541943,0.0412596809841281,0.0420771932261958,0,0.0718161488383224,-0.555332295131114,0.806786427266539,-0.70431516659154,174.444444444444,20001.5181268785,14812.2455905512,"0",1994,0,2004.1,2004.9,0.969378665254086,"64","178",1.00655978695122,5.68684781795059,143.744444444444,4342.640802,4342.640802,"0",0,8,2,0.71314539207819,0.317984703699325,1.89600723387475,0.0412596809841281,0.0420771932261958,0.0718161488383224,0.382157687608628,-1.02863437770506,-3.16824941367568,-2.6336459140346,0.00242352139759979,-1.2064795733791,-0.982028531759832,-1.05873776811569
"80",2004,"912",-0.000817512242067657,-0.0305564678541943,0.0412596809841281,0.0420771932261958,0,0.0718161488383224,-0.555332295131114,0.806786427266539,-0.70431516659154,174.444444444444,20001.5181268785,14812.2455905512,"0",1994,0,2004.1,2004.9,0.969378665254086,"64","178",1.00655978695122,5.68684781795059,143.744444444444,4342.640802,4342.640802,"0",0,8,2,0.71314539207819,-0.906845266105482,-0.52640987083009,0.0412596809841281,0.0420771932261958,0.0718161488383224,0.382157687608628,-1.02863437770506,-3.16824941367568,-2.6336459140346,0.00242352139759979,-1.2064795733791,-0.982028531759832,-1.05873776811569
"81",2004,"912",-0.000817512242067657,-0.0305564678541943,0.0412596809841281,0.0420771932261958,0,0.0718161488383224,-0.555332295131114,0.806786427266539,-0.70431516659154,174.444444444444,20001.5181268785,14812.2455905512,"0",1994,0,2004.1,2004.9,0.969378665254086,"64","178",1.00655978695122,5.68684781795059,143.744444444444,4342.640802,4342.640802,"0",0,8,2,0.71314539207819,0.317984703699325,1.89600723387475,0.0412596809841281,0.0420771932261958,0.0718161488383224,0.382157687608628,-1.02863437770506,-3.16824941367568,-2.6336459140346,0.00242352139759979,-1.2064795733791,-0.982028531759832,-1.05873776811569
"82",2004,"1042",0.0369417768094009,0.0361918302891299,0.0828562802514824,0.0459145034420814,0,0.0466644499623525,-0.889299915360808,-1.44101056432007,-0.132341679334889,115.133333333333,17982.5829722443,24266.2541121751,"0",1996,0,2004.1,2004.9,0.3660550196142,"1043","559",-1.01624296229586,2.94656037128516,125.733333333333,7164.249355,7164.249355,"0",2,10.5,-2.5,2.20211831804772,0.317984703699325,1.89600723387475,0.0828562802514824,0.0459145034420814,0.0466644499623525,0.190452011294839,1.11936815413273,-3.08097423269622,-3.06477264697587,1.20914279974466,1.17567174735628,-1.39157033420147,-0.686134291950348
"83",2004,"1042",0.0369417768094009,0.0361918302891299,0.0828562802514824,0.0459145034420814,0,0.0466644499623525,-0.889299915360808,-1.44101056432007,-0.132341679334889,115.133333333333,17982.5829722443,24266.2541121751,"0",1996,0,2004.1,2004.9,0.3660550196142,"1043","559",-1.01624296229586,2.94656037128516,125.733333333333,7164.249355,7164.249355,"0",2,10.5,-2.5,2.20211831804772,-0.906845266105482,-0.52640987083009,0.0828562802514824,0.0459145034420814,0.0466644499623525,0.190452011294839,1.11936815413273,-3.08097423269622,-3.06477264697587,1.20914279974466,1.17567174735628,-1.39157033420147,-0.686134291950348
"84",2004,"1042",0.0369417768094009,0.0361918302891299,0.0828562802514824,0.0459145034420814,0,0.0466644499623525,-0.889299915360808,-1.44101056432007,-0.132341679334889,115.133333333333,17982.5829722443,24266.2541121751,"0",1996,0,2004.1,2004.9,0.3660550196142,"1043","559",-1.01624296229586,2.94656037128516,125.733333333333,7164.249355,7164.249355,"0",2,10.5,-2.5,2.20211831804772,-0.906845266105482,-0.52640987083009,0.0828562802514824,0.0459145034420814,0.0466644499623525,0.190452011294839,1.11936815413273,-3.08097423269622,-3.06477264697587,1.20914279974466,1.17567174735628,-1.39157033420147,-0.686134291950348
"85",2004,"1042",0.0369417768094009,0.0361918302891299,0.0828562802514824,0.0459145034420814,0,0.0466644499623525,-0.889299915360808,-1.44101056432007,-0.132341679334889,115.133333333333,17982.5829722443,24266.2541121751,"0",1996,0,2004.1,2004.9,0.3660550196142,"1043","559",-1.01624296229586,2.94656037128516,125.733333333333,7164.249355,7164.249355,"0",2,10.5,-2.5,2.20211831804772,-0.906845266105482,-0.52640987083009,0.0828562802514824,0.0459145034420814,0.0466644499623525,0.190452011294839,1.11936815413273,-3.08097423269622,-3.06477264697587,1.20914279974466,1.17567174735628,-1.39157033420147,-0.686134291950348
"86",2004,"1305",-0.007619151656277,-0.0240739648231035,0.0413510892983211,0.0489702409545981,0,0.0654250541214246,0.0171567369108758,-0.657192998159256,1.33818552671168,357.1,11692.558,6837.80397435898,"0",1998,0,2004.1,2004.9,0.064393196794257,"1177","854",-0.887122167902686,3.38082191780836,115.133333333333,17908.99449,17908.99449,"0",0,7,0,0.0670985485062947,0.317984703699325,-0.52640987083009,0.0413510892983211,0.0489702409545981,0.0654250541214246,-0.406810109069396,-1.02181659662339,-3.01654249282672,-2.72685000333777,-0.293335506950445,-1.00503656329004,0.134620629848009,2.65132780448564
"87",2004,"1362",0.0487643271012142,0.034303891038528,0.0829691789740685,0.0342048518728543,2,0.0486652879355406,-0.534220220427167,-0.0533636523868286,-1.52878237483992,107.333333333333,0,10644.0812583286,"0",1998,1,2004.1,2004.9,-0.237268626025686,"199","609",2.72863888935043,5.09315068493152,126.388888888889,NA,NA,"1",1,3,3,-1.27745697173777,-0.906845266105482,-0.52640987083009,0.0829691789740685,0.0342048518728543,0.0486652879355406,-1.51706356821744,1.12356315189347,-3.37538777734852,-3.02278927643485,1.79430492073098,1.08991183603328,-0.108453732855651,-0.558237367594013
"88",2004,"1362",0.0487643271012142,0.034303891038528,0.0829691789740685,0.0342048518728543,2,0.0486652879355406,-0.534220220427167,-0.0533636523868286,-1.52878237483992,107.333333333333,0,10644.0812583286,"0",1998,1,2004.1,2004.9,-0.237268626025686,"199","609",2.72863888935043,5.09315068493152,126.388888888889,NA,NA,"1",1,3,3,-1.27745697173777,-0.906845266105482,-0.52640987083009,0.0829691789740685,0.0342048518728543,0.0486652879355406,-1.51706356821744,1.12356315189347,-3.37538777734852,-3.02278927643485,1.79430492073098,1.08991183603328,-0.108453732855651,-0.558237367594013
"89",2004,"1384",-0.0373555381947066,0.00126145795222511,0.0499267458877657,0.0872822840824722,1,0.0486652879355406,-0.534220220427167,-0.559240669034221,-0.610676338069101,107.333333333333,18876.280979448,34968.4026923077,"0",1998,0,2004.1,2004.9,-0.237268626025686,"1246","609",-0.801575461597899,5.06301369863036,141.377777777778,4141.376338,4141.376338,"1",0,6,0,0.030552102975768,0.317984703699325,-0.52640987083009,0.0499267458877657,0.0872822840824722,0.0486652879355406,0.275312082455625,-0.441214468159817,-2.43860776820221,-3.02278927643485,-1.06387669906369,0.01761539581657,-0.108453732855651,2.05347730606013
"90",2004,"1503",0.0468270164248198,0.050797124229002,0.100026902722689,0.0531998862978691,0,0.0492297784936869,2.39425622649005,-0.113293406755487,0.876508868868852,150.666666666667,20641.8694783933,24429.6402062589,"0",1999,0,2004.1,2004.9,-0.538930448845629,"1186","1184",-0.491258670589151,2.45904633580358,115.133333333333,8350.381899,8350.381899,"0",0,5,0,-0.399752820206242,0.317984703699325,-0.52640987083009,0.100026902722689,0.0531998862978691,0.0492297784936869,0.442961517111926,1.69958071189647,-2.93369901989492,-3.01125658463944,1.2903688861775,1.46029222616279,1.30866174399083,1.28502711294429
"91",2004,"1503",0.0468270164248198,0.050797124229002,0.100026902722689,0.0531998862978691,0,0.0492297784936869,2.39425622649005,-0.113293406755487,0.876508868868852,150.666666666667,20641.8694783933,24429.6402062589,"0",1999,0,2004.1,2004.9,-0.538930448845629,"1186","1184",-0.491258670589151,2.45904633580358,115.133333333333,8350.381899,8350.381899,"0",0,5,0,-0.399752820206242,-0.906845266105482,-0.52640987083009,0.100026902722689,0.0531998862978691,0.0492297784936869,0.442961517111926,1.69958071189647,-2.93369901989492,-3.01125658463944,1.2903688861775,1.46029222616279,1.30866174399083,1.28502711294429
"92",2004,"1510",-0.0124730788531426,0.00639197449481063,0.051961562228055,0.0644346410811976,0,0.0455695877332443,0.895517087693324,0.0948801472193388,1.06089218610301,90.4,19265.1351801501,34968.4026923077,"0",1999,0,2004.1,2004.9,-0.538930448845629,"1247","1020",-0.507072205884972,3.62739726027394,141.377777777778,11399.2963,11399.2963,"0",1,5.5,-0.5,-0.275966472441554,-0.906845266105482,-0.52640987083009,0.051961562228055,0.0644346410811976,0.0455695877332443,0.312235287919626,-0.318144394352949,-2.74210388550332,-3.0885147206368,-0.384407492413501,0.24071023332546,0.808564048802394,1.50672767542279
"93",2004,"1510",-0.0124730788531426,0.00639197449481063,0.051961562228055,0.0644346410811976,0,0.0455695877332443,0.895517087693324,0.0948801472193388,1.06089218610301,90.4,19265.1351801501,34968.4026923077,"0",1999,0,2004.1,2004.9,-0.538930448845629,"1247","1020",-0.507072205884972,3.62739726027394,141.377777777778,11399.2963,11399.2963,"0",1,5.5,-0.5,-0.275966472441554,-0.906845266105482,-0.52640987083009,0.051961562228055,0.0644346410811976,0.0455695877332443,0.312235287919626,-0.318144394352949,-2.74210388550332,-3.0885147206368,-0.384407492413501,0.24071023332546,0.808564048802394,1.50672767542279
"94",2004,"1510",-0.0124730788531426,0.00639197449481063,0.051961562228055,0.0644346410811976,0,0.0455695877332443,0.895517087693324,0.0948801472193388,1.06089218610301,90.4,19265.1351801501,34968.4026923077,"0",1999,0,2004.1,2004.9,-0.538930448845629,"1247","1020",-0.507072205884972,3.62739726027394,141.377777777778,11399.2963,11399.2963,"0",1,5.5,-0.5,-0.275966472441554,-0.906845266105482,-0.52640987083009,0.051961562228055,0.0644346410811976,0.0455695877332443,0.312235287919626,-0.318144394352949,-2.74210388550332,-3.0885147206368,-0.384407492413501,0.24071023332546,0.808564048802394,1.50672767542279
"95",2004,"1705",0.0353490030485756,0.0249035098610007,0.0766086840327037,0.0412596809841281,0,0.051705174171703,1.58147802484404,-0.700697897760143,0.798799258811066,176.522222222222,16222.862311522,20001.5181268785,"0",2002,0,2004.1,2004.9,-1.44391591730546,"912","1348",1.51046633162882,4.05479452054783,174.444444444444,4342.640802,4342.640802,"0",1,2,0,-1.64410034464079,1.54281467350413,1.89600723387475,0.0766086840327037,0.0412596809841281,0.051705174171703,0.0233597504994498,0.87784216153436,-3.18786950321264,-2.96219742178491,1.26552361526211,0.793605856780988,1.06175226364071,0.531337205075076
"96",2004,"1753",0.00350760733345905,-0.00239322808669298,0.0549875797429517,0.0514799724094926,0,0.0573808078296446,0.114906882242877,0.909491587281827,0.0699073613505996,227.644444444444,60268.6802777778,21815.4118435078,"0",2002,0,2004.1,2004.9,-1.44391591730546,"1244","1188",0.295162312112243,5.17775282581033,223.033333333333,12184.42952,12184.42952,"0",1,5,-3,-0.278324307637072,-0.906845266105482,-0.52640987083009,0.0549875797429517,0.0514799724094926,0.0573808078296446,4.20567997145028,-0.143761488109746,-2.9665624322005,-2.8580453899354,0.171645267068842,-0.126353417223747,1.53752808065258,1.89696963883298
"97",2005,"912",-0.000817512242067657,-0.0305564678541943,0.0412596809841281,0.0420771932261958,0,0.0718161488383224,-0.555332295131114,0.806786427266539,-0.70431516659154,174.444444444444,20001.5181268785,14812.2455905512,"0",1994,0,2005.1,2005.9,1.27104048807403,"64","178",1.00655978695122,5.68684781795059,143.744444444444,NA,NA,"0",0,8,3,0.71314539207819,0.317984703699325,-0.52640987083009,0.0412596809841281,0.0420771932261958,0.0718161488383224,0.382157687608628,-1.02863437770506,-3.16824941367568,-2.6336459140346,0.00242352139759979,-1.2064795733791,-0.982028531759832,-1.05873776811569
"98",2005,"912",-0.000817512242067657,-0.0305564678541943,0.0412596809841281,0.0420771932261958,0,0.0718161488383224,-0.555332295131114,0.806786427266539,-0.70431516659154,174.444444444444,20001.5181268785,14812.2455905512,"0",1994,0,2005.1,2005.9,1.27104048807403,"64","178",1.00655978695122,5.68684781795059,143.744444444444,NA,NA,"0",0,8,3,0.71314539207819,0.317984703699325,1.89600723387475,0.0412596809841281,0.0420771932261958,0.0718161488383224,0.382157687608628,-1.02863437770506,-3.16824941367568,-2.6336459140346,0.00242352139759979,-1.2064795733791,-0.982028531759832,-1.05873776811569
"99",2005,"912",-0.000817512242067657,-0.0305564678541943,0.0412596809841281,0.0420771932261958,0,0.0718161488383224,-0.555332295131114,0.806786427266539,-0.70431516659154,174.444444444444,20001.5181268785,14812.2455905512,"0",1994,0,2005.1,2005.9,1.27104048807403,"64","178",1.00655978695122,5.68684781795059,143.744444444444,NA,NA,"0",0,8,3,0.71314539207819,-0.906845266105482,-0.52640987083009,0.0412596809841281,0.0420771932261958,0.0718161488383224,0.382157687608628,-1.02863437770506,-3.16824941367568,-2.6336459140346,0.00242352139759979,-1.2064795733791,-0.982028531759832,-1.05873776811569
"100",2005,"912",-0.000817512242067657,-0.0305564678541943,0.0412596809841281,0.0420771932261958,0,0.0718161488383224,-0.555332295131114,0.806786427266539,-0.70431516659154,174.444444444444,20001.5181268785,14812.2455905512,"0",1994,0,2005.1,2005.9,1.27104048807403,"64","178",1.00655978695122,5.68684781795059,143.744444444444,NA,NA,"0",0,8,3,0.71314539207819,0.317984703699325,1.89600723387475,0.0412596809841281,0.0420771932261958,0.0718161488383224,0.382157687608628,-1.02863437770506,-3.16824941367568,-2.6336459140346,0.00242352139759979,-1.2064795733791,-0.982028531759832,-1.05873776811569
"101",2005,"1042",0.0369417768094009,0.0361918302891299,0.0828562802514824,0.0459145034420814,0,0.0466644499623525,-0.889299915360808,-1.44101056432007,-0.132341679334889,115.133333333333,17982.5829722443,24266.2541121751,"0",1996,0,2005.1,2005.9,0.667716842434143,"1043","559",-1.01624296229586,2.94656037128516,125.733333333333,NA,NA,"0",1,10.5,-1.5,2.20211831804772,0.317984703699325,1.89600723387475,0.0828562802514824,0.0459145034420814,0.0466644499623525,0.190452011294839,1.11936815413273,-3.08097423269622,-3.06477264697587,1.20914279974466,1.17567174735628,-1.39157033420147,-0.686134291950348
"102",2005,"1042",0.0369417768094009,0.0361918302891299,0.0828562802514824,0.0459145034420814,0,0.0466644499623525,-0.889299915360808,-1.44101056432007,-0.132341679334889,115.133333333333,17982.5829722443,24266.2541121751,"0",1996,0,2005.1,2005.9,0.667716842434143,"1043","559",-1.01624296229586,2.94656037128516,125.733333333333,NA,NA,"0",1,10.5,-1.5,2.20211831804772,-0.906845266105482,-0.52640987083009,0.0828562802514824,0.0459145034420814,0.0466644499623525,0.190452011294839,1.11936815413273,-3.08097423269622,-3.06477264697587,1.20914279974466,1.17567174735628,-1.39157033420147,-0.686134291950348
"103",2005,"1042",0.0369417768094009,0.0361918302891299,0.0828562802514824,0.0459145034420814,0,0.0466644499623525,-0.889299915360808,-1.44101056432007,-0.132341679334889,115.133333333333,17982.5829722443,24266.2541121751,"0",1996,0,2005.1,2005.9,0.667716842434143,"1043","559",-1.01624296229586,2.94656037128516,125.733333333333,NA,NA,"0",1,10.5,-1.5,2.20211831804772,-0.906845266105482,-0.52640987083009,0.0828562802514824,0.0459145034420814,0.0466644499623525,0.190452011294839,1.11936815413273,-3.08097423269622,-3.06477264697587,1.20914279974466,1.17567174735628,-1.39157033420147,-0.686134291950348
"104",2005,"1042",0.0369417768094009,0.0361918302891299,0.0828562802514824,0.0459145034420814,0,0.0466644499623525,-0.889299915360808,-1.44101056432007,-0.132341679334889,115.133333333333,17982.5829722443,24266.2541121751,"0",1996,0,2005.1,2005.9,0.667716842434143,"1043","559",-1.01624296229586,2.94656037128516,125.733333333333,NA,NA,"0",1,10.5,-1.5,2.20211831804772,1.54281467350413,-0.52640987083009,0.0828562802514824,0.0459145034420814,0.0466644499623525,0.190452011294839,1.11936815413273,-3.08097423269622,-3.06477264697587,1.20914279974466,1.17567174735628,-1.39157033420147,-0.686134291950348
"105",2005,"1042",0.0369417768094009,0.0361918302891299,0.0828562802514824,0.0459145034420814,0,0.0466644499623525,-0.889299915360808,-1.44101056432007,-0.132341679334889,115.133333333333,17982.5829722443,24266.2541121751,"0",1996,0,2005.1,2005.9,0.667716842434143,"1043","559",-1.01624296229586,2.94656037128516,125.733333333333,NA,NA,"0",1,10.5,-1.5,2.20211831804772,2.76764464330894,-0.52640987083009,0.0828562802514824,0.0459145034420814,0.0466644499623525,0.190452011294839,1.11936815413273,-3.08097423269622,-3.06477264697587,1.20914279974466,1.17567174735628,-1.39157033420147,-0.686134291950348
"106",2005,"1305",-0.007619151656277,-0.0240739648231035,0.0413510892983211,0.0489702409545981,0,0.0654250541214246,0.0171567369108758,-0.657192998159256,1.33818552671168,357.1,11692.558,6837.80397435898,"0",1998,0,2005.1,2005.9,0.3660550196142,"1177","854",-0.887122167902686,3.38082191780836,115.133333333333,NA,NA,"0",0,7,1,0.0670985485062947,0.317984703699325,-0.52640987083009,0.0413510892983211,0.0489702409545981,0.0654250541214246,-0.406810109069396,-1.02181659662339,-3.01654249282672,-2.72685000333777,-0.293335506950445,-1.00503656329004,0.134620629848009,2.65132780448564
"107",2005,"1384",-0.0373555381947066,0.00126145795222511,0.0499267458877657,0.0872822840824722,1,0.0486652879355406,-0.534220220427167,-0.559240669034221,-0.610676338069101,107.333333333333,18876.280979448,34968.4026923077,"0",1998,0,2005.1,2005.9,0.064393196794257,"1246","609",-0.801575461597899,5.06301369863036,141.377777777778,NA,NA,"1",0,6,1,0.030552102975768,0.317984703699325,-0.52640987083009,0.0499267458877657,0.0872822840824722,0.0486652879355406,0.275312082455625,-0.441214468159817,-2.43860776820221,-3.02278927643485,-1.06387669906369,0.01761539581657,-0.108453732855651,2.05347730606013
"108",2005,"1503",0.0468270164248198,0.050797124229002,0.100026902722689,0.0531998862978691,0,0.0492297784936869,2.39425622649005,-0.113293406755487,0.876508868868852,150.666666666667,20641.8694783933,24429.6402062589,"0",1999,0,2005.1,2005.9,-0.237268626025686,"1186","1184",-0.491258670589151,2.45904633580358,115.133333333333,NA,NA,"0",2,5,1,-0.399752820206242,0.317984703699325,-0.52640987083009,0.100026902722689,0.0531998862978691,0.0492297784936869,0.442961517111926,1.69958071189647,-2.93369901989492,-3.01125658463944,1.2903688861775,1.46029222616279,1.30866174399083,1.28502711294429
"109",2005,"1503",0.0468270164248198,0.050797124229002,0.100026902722689,0.0531998862978691,0,0.0492297784936869,2.39425622649005,-0.113293406755487,0.876508868868852,150.666666666667,20641.8694783933,24429.6402062589,"0",1999,0,2005.1,2005.9,-0.237268626025686,"1186","1184",-0.491258670589151,2.45904633580358,115.133333333333,NA,NA,"0",2,5,1,-0.399752820206242,-0.906845266105482,-0.52640987083009,0.100026902722689,0.0531998862978691,0.0492297784936869,0.442961517111926,1.69958071189647,-2.93369901989492,-3.01125658463944,1.2903688861775,1.46029222616279,1.30866174399083,1.28502711294429
"110",2005,"1503",0.0468270164248198,0.050797124229002,0.100026902722689,0.0531998862978691,0,0.0492297784936869,2.39425622649005,-0.113293406755487,0.876508868868852,150.666666666667,20641.8694783933,24429.6402062589,"0",1999,0,2005.1,2005.9,-0.237268626025686,"1186","1184",-0.491258670589151,2.45904633580358,115.133333333333,NA,NA,"0",2,5,1,-0.399752820206242,-0.906845266105482,-0.52640987083009,0.100026902722689,0.0531998862978691,0.0492297784936869,0.442961517111926,1.69958071189647,-2.93369901989492,-3.01125658463944,1.2903688861775,1.46029222616279,1.30866174399083,1.28502711294429
"111",2005,"1510",-0.0124730788531426,0.00639197449481063,0.051961562228055,0.0644346410811976,0,0.0455695877332443,0.895517087693324,0.0948801472193388,1.06089218610301,90.4,19265.1351801501,34968.4026923077,"0",1999,0,2005.1,2005.9,-0.237268626025686,"1247","1020",-0.507072205884972,3.62739726027394,141.377777777778,NA,NA,"0",1,5.5,0.5,-0.275966472441554,-0.906845266105482,-0.52640987083009,0.051961562228055,0.0644346410811976,0.0455695877332443,0.312235287919626,-0.318144394352949,-2.74210388550332,-3.0885147206368,-0.384407492413501,0.24071023332546,0.808564048802394,1.50672767542279
"112",2005,"1510",-0.0124730788531426,0.00639197449481063,0.051961562228055,0.0644346410811976,0,0.0455695877332443,0.895517087693324,0.0948801472193388,1.06089218610301,90.4,19265.1351801501,34968.4026923077,"0",1999,0,2005.1,2005.9,-0.237268626025686,"1247","1020",-0.507072205884972,3.62739726027394,141.377777777778,NA,NA,"0",1,5.5,0.5,-0.275966472441554,-0.906845266105482,-0.52640987083009,0.051961562228055,0.0644346410811976,0.0455695877332443,0.312235287919626,-0.318144394352949,-2.74210388550332,-3.0885147206368,-0.384407492413501,0.24071023332546,0.808564048802394,1.50672767542279
"113",2005,"1510",-0.0124730788531426,0.00639197449481063,0.051961562228055,0.0644346410811976,0,0.0455695877332443,0.895517087693324,0.0948801472193388,1.06089218610301,90.4,19265.1351801501,34968.4026923077,"0",1999,0,2005.1,2005.9,-0.237268626025686,"1247","1020",-0.507072205884972,3.62739726027394,141.377777777778,NA,NA,"0",1,5.5,0.5,-0.275966472441554,-0.906845266105482,-0.52640987083009,0.051961562228055,0.0644346410811976,0.0455695877332443,0.312235287919626,-0.318144394352949,-2.74210388550332,-3.0885147206368,-0.384407492413501,0.24071023332546,0.808564048802394,1.50672767542279
"114",2005,"1510",-0.0124730788531426,0.00639197449481063,0.051961562228055,0.0644346410811976,0,0.0455695877332443,0.895517087693324,0.0948801472193388,1.06089218610301,90.4,19265.1351801501,34968.4026923077,"0",1999,0,2005.1,2005.9,-0.237268626025686,"1247","1020",-0.507072205884972,3.62739726027394,141.377777777778,NA,NA,"0",1,5.5,0.5,-0.275966472441554,-0.906845266105482,-0.52640987083009,0.051961562228055,0.0644346410811976,0.0455695877332443,0.312235287919626,-0.318144394352949,-2.74210388550332,-3.0885147206368,-0.384407492413501,0.24071023332546,0.808564048802394,1.50672767542279
"115",2005,"1705",0.0353490030485756,0.0249035098610007,0.0766086840327037,0.0412596809841281,0,0.051705174171703,1.58147802484404,-0.700697897760143,0.798799258811066,176.522222222222,16222.862311522,20001.5181268785,"0",2002,0,2005.1,2005.9,-1.14225409448552,"912","1348",1.51046633162882,4.05479452054783,174.444444444444,NA,NA,"0",3,2,1,-1.64410034464079,1.54281467350413,1.89600723387475,0.0766086840327037,0.0412596809841281,0.051705174171703,0.0233597504994498,0.87784216153436,-3.18786950321264,-2.96219742178491,1.26552361526211,0.793605856780988,1.06175226364071,0.531337205075076
"116",2005,"1705",0.0353490030485756,0.0249035098610007,0.0766086840327037,0.0412596809841281,0,0.051705174171703,1.58147802484404,-0.700697897760143,0.798799258811066,176.522222222222,16222.862311522,20001.5181268785,"0",2002,0,2005.1,2005.9,-1.14225409448552,"912","1348",1.51046633162882,4.05479452054783,174.444444444444,NA,NA,"0",3,2,1,-1.64410034464079,0.317984703699325,1.89600723387475,0.0766086840327037,0.0412596809841281,0.051705174171703,0.0233597504994498,0.87784216153436,-3.18786950321264,-2.96219742178491,1.26552361526211,0.793605856780988,1.06175226364071,0.531337205075076
"117",2005,"1716",0.0475192580674012,0.0410217713187314,0.0934337615094826,0.0459145034420814,1,0.0524119901907512,-2.18680066183084,-1.44101056432007,-0.632144348419286,180.377777777778,16379.8036097561,24266.2541121751,"0",2002,0,2005.1,2005.9,-1.14225409448552,"1043","1412",1.09261593310112,4.07671232876714,125.733333333333,NA,NA,"1",3,7.5,-4.5,0.901182748920739,-0.906845266105482,-0.52640987083009,0.0934337615094826,0.0459145034420814,0.0524119901907512,0.0382619318055074,1.48951180705569,-3.08097423269622,-2.94861989339636,1.446838267543,1.18410055439614,1.0512724111108,0.972731335442985
"118",2005,"1716",0.0475192580674012,0.0410217713187314,0.0934337615094826,0.0459145034420814,1,0.0524119901907512,-2.18680066183084,-1.44101056432007,-0.632144348419286,180.377777777778,16379.8036097561,24266.2541121751,"0",2002,0,2005.1,2005.9,-1.14225409448552,"1043","1412",1.09261593310112,4.07671232876714,125.733333333333,NA,NA,"1",3,7.5,-4.5,0.901182748920739,0.317984703699325,-0.52640987083009,0.0934337615094826,0.0459145034420814,0.0524119901907512,0.0382619318055074,1.48951180705569,-3.08097423269622,-2.94861989339636,1.446838267543,1.18410055439614,1.0512724111108,0.972731335442985
"119",2005,"1753",0.00350760733345905,-0.00239322808669298,0.0549875797429517,0.0514799724094926,0,0.0573808078296446,0.114906882242877,0.909491587281827,0.0699073613505996,227.644444444444,60268.6802777778,21815.4118435078,"0",2002,0,2005.1,2005.9,-1.14225409448552,"1244","1188",0.295162312112243,5.17775282581033,223.033333333333,NA,NA,"0",1,5,-2,-0.278324307637072,-0.906845266105482,-0.52640987083009,0.0549875797429517,0.0514799724094926,0.0573808078296446,4.20567997145028,-0.143761488109746,-2.9665624322005,-2.8580453899354,0.171645267068842,-0.126353417223747,1.53752808065258,1.89696963883298
"120",2005,"1828",0.0500526977041775,0.038713151596113,0.0893632857084042,0.0393105880042266,0,0.0506501341122911,0.18606772288257,-0.78881298571524,0.439090429936364,172.311111111111,0,28345.425503876,"0",2003,0,2005.1,2005.9,-1.44391591730546,"1508","1754",0.172771348699034,1.89315068493147,140.333333333333,NA,NA,"0",1,2,0,-1.70599351852314,-0.906845266105482,-0.52640987083009,0.0893632857084042,0.0393105880042266,0.0506501341122911,-1.51706356821744,1.35228415102264,-3.23626138152677,-2.98281340046684,1.66593500300388,1.16225123186407,1.68174393960061,0.989939603662285
"121",2005,"1851",0.0062249877592879,0.0224274207469212,0.0820220002977346,0.0757970125384467,0,0.0595945795508133,0.736966512987736,1.92285937447978,-0.438224330900686,257.344444444444,13150.9199663866,5811.12861111111,"0",2002,0,2005.1,2005.9,-1.44391591730546,"1195","1045",0.776023888204854,6.44809491728415,114.622222222222,NA,NA,"0",1,3.5,-1.5,-1.03754724059382,-0.906845266105482,-0.52640987083009,0.0820220002977346,0.0757970125384467,0.0595945795508133,-0.268333018096603,1.08819032216785,-2.57969639953205,-2.82019065618078,0.197392458072028,0.637948899087291,1.36626007248691,1.40620503521958
"122",2005,"1864",-0.044022776258799,0.0249487664921797,0.0560041264638899,0.100026902722689,0,0.0310553599717103,0.847438970956359,0.97757851786374,0.764921043704314,150.388888888889,12588.2127025765,20641.8694783933,"0",2003,0,2005.1,2005.9,-1.44391591730546,"1503","1209",0.236835368610553,6.03013698630116,150.666666666667,NA,NA,"0",1,5.58333333333333,-3.58333333333333,-0.0826239864090894,-0.906845266105482,-0.52640987083009,0.0560041264638899,0.100026902722689,0.0310553599717103,-0.321764242139528,-0.0873272317304871,-2.30231610194849,-3.47198386161283,-1.10626027318617,1.208456420734,1.50128908149251,1.0557141743185
"123",2005,"2968",-0.0381041192263419,-0.0194445367880318,0.0485883837377727,0.0866925029641146,1,0.0680329205258045,-0.00837480342351201,-1.04732224970271,-2.70232439141984,160.8,12841.3616693069,16921.0113884535,"0",2003,0,2005.1,2005.9,-1.44391591730546,"459","176",2.53416088159262,15.0512313795944,107.544444444444,NA,NA,"1",1,5.5,-3.5,-0.212894380961452,1.54281467350413,1.89600723387475,0.0485883837377727,0.0866925029641146,0.0680329205258045,-0.297726771810778,-0.524927154725986,-2.44538786993661,-2.68776356557744,-1.10422078312097,-0.74705139150179,-0.0190197695621624,0.280547993793017
"124",2005,"3002",-0.014588446803797,-0.0451503888316715,0.0525207221873888,0.0671091689911858,0,0.0976711110190603,0.543161532451247,0.693625082712081,1.21266744864255,155.488888888889,15043.945892317,15649.8439857189,"0",2003,0,2005.1,2005.9,-1.44391591730546,"1782","1495",-0.864683302107843,4.32328767123295,180.377777777778,NA,NA,"0",1,6,-4,-0.156895795067902,-0.906845266105482,-0.52640987083009,0.0525207221873888,0.0671091689911858,0.0976711110190603,-0.0885829084524042,-0.285168893680342,-2.70143459767534,-2.3261494543539,-0.443691769232192,-1.34618598373442,1.00056832300131,-0.203242940512134
"125",2005,"3009",0.0276655145776336,0.0513384228638334,0.104274198610337,0.0766086840327037,1,0.052935775746504,-0.77074198500136,0.895078376860172,-0.107979329173986,179.655555555556,0,16222.862311522,"0",2004,0,2005.1,2005.9,-1.7455777401254,"1705","1750",-0.64536030497884,2.05308032038329,176.522222222222,NA,NA,"1",1,1.5,-0.5,-1.9252721917063,0.317984703699325,-0.52640987083009,0.104274198610337,0.0766086840327037,0.052935775746504,-1.51706356821744,1.8276951968954,-2.56904484008817,-2.93867587859494,0.651207877397516,1.39485411758631,-0.378029333596949,-0.407957799738774
"126",2006,"912",-0.000817512242067657,-0.0305564678541943,0.0412596809841281,0.0420771932261958,0,0.0718161488383224,-0.555332295131114,0.806786427266539,-0.70431516659154,174.444444444444,20001.5181268785,14812.2455905512,"0",1994,0,2006.1,2006.9,1.57270231089397,"64","178",1.00655978695122,5.68684781795059,143.744444444444,10525.18056,10525.18056,"0",1,8,4,0.71314539207819,0.317984703699325,-0.52640987083009,0.0412596809841281,0.0420771932261958,0.0718161488383224,0.382157687608628,-1.02863437770506,-3.16824941367568,-2.6336459140346,0.00242352139759979,-1.2064795733791,-0.982028531759832,-1.05873776811569
"127",2006,"912",-0.000817512242067657,-0.0305564678541943,0.0412596809841281,0.0420771932261958,0,0.0718161488383224,-0.555332295131114,0.806786427266539,-0.70431516659154,174.444444444444,20001.5181268785,14812.2455905512,"0",1994,0,2006.1,2006.9,1.57270231089397,"64","178",1.00655978695122,5.68684781795059,143.744444444444,10525.18056,10525.18056,"0",1,8,4,0.71314539207819,0.317984703699325,1.89600723387475,0.0412596809841281,0.0420771932261958,0.0718161488383224,0.382157687608628,-1.02863437770506,-3.16824941367568,-2.6336459140346,0.00242352139759979,-1.2064795733791,-0.982028531759832,-1.05873776811569
"128",2006,"912",-0.000817512242067657,-0.0305564678541943,0.0412596809841281,0.0420771932261958,0,0.0718161488383224,-0.555332295131114,0.806786427266539,-0.70431516659154,174.444444444444,20001.5181268785,14812.2455905512,"0",1994,0,2006.1,2006.9,1.57270231089397,"64","178",1.00655978695122,5.68684781795059,143.744444444444,10525.18056,10525.18056,"0",1,8,4,0.71314539207819,0.317984703699325,1.89600723387475,0.0412596809841281,0.0420771932261958,0.0718161488383224,0.382157687608628,-1.02863437770506,-3.16824941367568,-2.6336459140346,0.00242352139759979,-1.2064795733791,-0.982028531759832,-1.05873776811569
"129",2006,"912",-0.000817512242067657,-0.0305564678541943,0.0412596809841281,0.0420771932261958,0,0.0718161488383224,-0.555332295131114,0.806786427266539,-0.70431516659154,174.444444444444,20001.5181268785,14812.2455905512,"0",1994,0,2006.1,2006.9,1.57270231089397,"64","178",1.00655978695122,5.68684781795059,143.744444444444,10525.18056,10525.18056,"0",1,8,4,0.71314539207819,0.317984703699325,-0.52640987083009,0.0412596809841281,0.0420771932261958,0.0718161488383224,0.382157687608628,-1.02863437770506,-3.16824941367568,-2.6336459140346,0.00242352139759979,-1.2064795733791,-0.982028531759832,-1.05873776811569
"130",2006,"1042",0.0369417768094009,0.0361918302891299,0.0828562802514824,0.0459145034420814,0,0.0466644499623525,-0.889299915360808,-1.44101056432007,-0.132341679334889,115.133333333333,17982.5829722443,24266.2541121751,"0",1996,0,2006.1,2006.9,0.969378665254086,"1043","559",-1.01624296229586,2.94656037128516,125.733333333333,29234.19744,29234.19744,"0",1,10.5,-0.5,2.20211831804772,0.317984703699325,1.89600723387475,0.0828562802514824,0.0459145034420814,0.0466644499623525,0.190452011294839,1.11936815413273,-3.08097423269622,-3.06477264697587,1.20914279974466,1.17567174735628,-1.39157033420147,-0.686134291950348
"131",2006,"1042",0.0369417768094009,0.0361918302891299,0.0828562802514824,0.0459145034420814,0,0.0466644499623525,-0.889299915360808,-1.44101056432007,-0.132341679334889,115.133333333333,17982.5829722443,24266.2541121751,"0",1996,0,2006.1,2006.9,0.969378665254086,"1043","559",-1.01624296229586,2.94656037128516,125.733333333333,29234.19744,29234.19744,"0",1,10.5,-0.5,2.20211831804772,-0.906845266105482,-0.52640987083009,0.0828562802514824,0.0459145034420814,0.0466644499623525,0.190452011294839,1.11936815413273,-3.08097423269622,-3.06477264697587,1.20914279974466,1.17567174735628,-1.39157033420147,-0.686134291950348
"132",2006,"1042",0.0369417768094009,0.0361918302891299,0.0828562802514824,0.0459145034420814,0,0.0466644499623525,-0.889299915360808,-1.44101056432007,-0.132341679334889,115.133333333333,17982.5829722443,24266.2541121751,"0",1996,0,2006.1,2006.9,0.969378665254086,"1043","559",-1.01624296229586,2.94656037128516,125.733333333333,29234.19744,29234.19744,"0",1,10.5,-0.5,2.20211831804772,-0.906845266105482,-0.52640987083009,0.0828562802514824,0.0459145034420814,0.0466644499623525,0.190452011294839,1.11936815413273,-3.08097423269622,-3.06477264697587,1.20914279974466,1.17567174735628,-1.39157033420147,-0.686134291950348
"133",2006,"1042",0.0369417768094009,0.0361918302891299,0.0828562802514824,0.0459145034420814,0,0.0466644499623525,-0.889299915360808,-1.44101056432007,-0.132341679334889,115.133333333333,17982.5829722443,24266.2541121751,"0",1996,0,2006.1,2006.9,0.969378665254086,"1043","559",-1.01624296229586,2.94656037128516,125.733333333333,29234.19744,29234.19744,"0",1,10.5,-0.5,2.20211831804772,1.54281467350413,-0.52640987083009,0.0828562802514824,0.0459145034420814,0.0466644499623525,0.190452011294839,1.11936815413273,-3.08097423269622,-3.06477264697587,1.20914279974466,1.17567174735628,-1.39157033420147,-0.686134291950348
"134",2006,"1042",0.0369417768094009,0.0361918302891299,0.0828562802514824,0.0459145034420814,0,0.0466644499623525,-0.889299915360808,-1.44101056432007,-0.132341679334889,115.133333333333,17982.5829722443,24266.2541121751,"0",1996,0,2006.1,2006.9,0.969378665254086,"1043","559",-1.01624296229586,2.94656037128516,125.733333333333,29234.19744,29234.19744,"0",1,10.5,-0.5,2.20211831804772,2.76764464330894,-0.52640987083009,0.0828562802514824,0.0459145034420814,0.0466644499623525,0.190452011294839,1.11936815413273,-3.08097423269622,-3.06477264697587,1.20914279974466,1.17567174735628,-1.39157033420147,-0.686134291950348
"135",2006,"1042",0.0369417768094009,0.0361918302891299,0.0828562802514824,0.0459145034420814,0,0.0466644499623525,-0.889299915360808,-1.44101056432007,-0.132341679334889,115.133333333333,17982.5829722443,24266.2541121751,"0",1996,0,2006.1,2006.9,0.969378665254086,"1043","559",-1.01624296229586,2.94656037128516,125.733333333333,29234.19744,29234.19744,"0",1,10.5,-0.5,2.20211831804772,2.76764464330894,1.89600723387475,0.0828562802514824,0.0459145034420814,0.0466644499623525,0.190452011294839,1.11936815413273,-3.08097423269622,-3.06477264697587,1.20914279974466,1.17567174735628,-1.39157033420147,-0.686134291950348
"136",2006,"1305",-0.007619151656277,-0.0240739648231035,0.0413510892983211,0.0489702409545981,0,0.0654250541214246,0.0171567369108758,-0.657192998159256,1.33818552671168,357.1,11692.558,6837.80397435898,"0",1998,0,2006.1,2006.9,0.667716842434143,"1177","854",-0.887122167902686,3.38082191780836,115.133333333333,48326.8682,48326.8682,"0",1,7,2,0.0670985485062947,0.317984703699325,-0.52640987083009,0.0413510892983211,0.0489702409545981,0.0654250541214246,-0.406810109069396,-1.02181659662339,-3.01654249282672,-2.72685000333777,-0.293335506950445,-1.00503656329004,0.134620629848009,2.65132780448564
"137",2006,"1384",-0.0373555381947066,0.00126145795222511,0.0499267458877657,0.0872822840824722,1,0.0486652879355406,-0.534220220427167,-0.559240669034221,-0.610676338069101,107.333333333333,18876.280979448,34968.4026923077,"0",1998,0,2006.1,2006.9,0.3660550196142,"1246","609",-0.801575461597899,5.06301369863036,141.377777777778,14547.10356,14547.10356,"1",1,6,2,0.030552102975768,0.317984703699325,-0.52640987083009,0.0499267458877657,0.0872822840824722,0.0486652879355406,0.275312082455625,-0.441214468159817,-2.43860776820221,-3.02278927643485,-1.06387669906369,0.01761539581657,-0.108453732855651,2.05347730606013
"138",2006,"1503",0.0468270164248198,0.050797124229002,0.100026902722689,0.0531998862978691,0,0.0492297784936869,2.39425622649005,-0.113293406755487,0.876508868868852,150.666666666667,20641.8694783933,24429.6402062589,"0",1999,0,2006.1,2006.9,0.064393196794257,"1186","1184",-0.491258670589151,2.45904633580358,115.133333333333,4177.440463,4177.440463,"0",2,5,2,-0.399752820206242,0.317984703699325,-0.52640987083009,0.100026902722689,0.0531998862978691,0.0492297784936869,0.442961517111926,1.69958071189647,-2.93369901989492,-3.01125658463944,1.2903688861775,1.46029222616279,1.30866174399083,1.28502711294429
"139",2006,"1503",0.0468270164248198,0.050797124229002,0.100026902722689,0.0531998862978691,0,0.0492297784936869,2.39425622649005,-0.113293406755487,0.876508868868852,150.666666666667,20641.8694783933,24429.6402062589,"0",1999,0,2006.1,2006.9,0.064393196794257,"1186","1184",-0.491258670589151,2.45904633580358,115.133333333333,4177.440463,4177.440463,"0",2,5,2,-0.399752820206242,-0.906845266105482,-0.52640987083009,0.100026902722689,0.0531998862978691,0.0492297784936869,0.442961517111926,1.69958071189647,-2.93369901989492,-3.01125658463944,1.2903688861775,1.46029222616279,1.30866174399083,1.28502711294429
"140",2006,"1503",0.0468270164248198,0.050797124229002,0.100026902722689,0.0531998862978691,0,0.0492297784936869,2.39425622649005,-0.113293406755487,0.876508868868852,150.666666666667,20641.8694783933,24429.6402062589,"0",1999,0,2006.1,2006.9,0.064393196794257,"1186","1184",-0.491258670589151,2.45904633580358,115.133333333333,4177.440463,4177.440463,"0",2,5,2,-0.399752820206242,-0.906845266105482,-0.52640987083009,0.100026902722689,0.0531998862978691,0.0492297784936869,0.442961517111926,1.69958071189647,-2.93369901989492,-3.01125658463944,1.2903688861775,1.46029222616279,1.30866174399083,1.28502711294429
"141",2006,"1503",0.0468270164248198,0.050797124229002,0.100026902722689,0.0531998862978691,0,0.0492297784936869,2.39425622649005,-0.113293406755487,0.876508868868852,150.666666666667,20641.8694783933,24429.6402062589,"0",1999,0,2006.1,2006.9,0.064393196794257,"1186","1184",-0.491258670589151,2.45904633580358,115.133333333333,4177.440463,4177.440463,"0",2,5,2,-0.399752820206242,0.317984703699325,1.89600723387475,0.100026902722689,0.0531998862978691,0.0492297784936869,0.442961517111926,1.69958071189647,-2.93369901989492,-3.01125658463944,1.2903688861775,1.46029222616279,1.30866174399083,1.28502711294429
"142",2006,"1503",0.0468270164248198,0.050797124229002,0.100026902722689,0.0531998862978691,0,0.0492297784936869,2.39425622649005,-0.113293406755487,0.876508868868852,150.666666666667,20641.8694783933,24429.6402062589,"0",1999,0,2006.1,2006.9,0.064393196794257,"1186","1184",-0.491258670589151,2.45904633580358,115.133333333333,4177.440463,4177.440463,"0",2,5,2,-0.399752820206242,0.317984703699325,-0.52640987083009,0.100026902722689,0.0531998862978691,0.0492297784936869,0.442961517111926,1.69958071189647,-2.93369901989492,-3.01125658463944,1.2903688861775,1.46029222616279,1.30866174399083,1.28502711294429
"143",2006,"1510",-0.0124730788531426,0.00639197449481063,0.051961562228055,0.0644346410811976,0,0.0455695877332443,0.895517087693324,0.0948801472193388,1.06089218610301,90.4,19265.1351801501,34968.4026923077,"0",1999,0,2006.1,2006.9,0.064393196794257,"1247","1020",-0.507072205884972,3.62739726027394,141.377777777778,5186.217755,5186.217755,"0",1,5.5,1.5,-0.275966472441554,-0.906845266105482,-0.52640987083009,0.051961562228055,0.0644346410811976,0.0455695877332443,0.312235287919626,-0.318144394352949,-2.74210388550332,-3.0885147206368,-0.384407492413501,0.24071023332546,0.808564048802394,1.50672767542279
"144",2006,"1510",-0.0124730788531426,0.00639197449481063,0.051961562228055,0.0644346410811976,0,0.0455695877332443,0.895517087693324,0.0948801472193388,1.06089218610301,90.4,19265.1351801501,34968.4026923077,"0",1999,0,2006.1,2006.9,0.064393196794257,"1247","1020",-0.507072205884972,3.62739726027394,141.377777777778,5186.217755,5186.217755,"0",1,5.5,1.5,-0.275966472441554,-0.906845266105482,-0.52640987083009,0.051961562228055,0.0644346410811976,0.0455695877332443,0.312235287919626,-0.318144394352949,-2.74210388550332,-3.0885147206368,-0.384407492413501,0.24071023332546,0.808564048802394,1.50672767542279
"145",2006,"1510",-0.0124730788531426,0.00639197449481063,0.051961562228055,0.0644346410811976,0,0.0455695877332443,0.895517087693324,0.0948801472193388,1.06089218610301,90.4,19265.1351801501,34968.4026923077,"0",1999,0,2006.1,2006.9,0.064393196794257,"1247","1020",-0.507072205884972,3.62739726027394,141.377777777778,5186.217755,5186.217755,"0",1,5.5,1.5,-0.275966472441554,-0.906845266105482,-0.52640987083009,0.051961562228055,0.0644346410811976,0.0455695877332443,0.312235287919626,-0.318144394352949,-2.74210388550332,-3.0885147206368,-0.384407492413501,0.24071023332546,0.808564048802394,1.50672767542279
"146",2006,"1510",-0.0124730788531426,0.00639197449481063,0.051961562228055,0.0644346410811976,0,0.0455695877332443,0.895517087693324,0.0948801472193388,1.06089218610301,90.4,19265.1351801501,34968.4026923077,"0",1999,0,2006.1,2006.9,0.064393196794257,"1247","1020",-0.507072205884972,3.62739726027394,141.377777777778,5186.217755,5186.217755,"0",1,5.5,1.5,-0.275966472441554,-0.906845266105482,-0.52640987083009,0.051961562228055,0.0644346410811976,0.0455695877332443,0.312235287919626,-0.318144394352949,-2.74210388550332,-3.0885147206368,-0.384407492413501,0.24071023332546,0.808564048802394,1.50672767542279
"147",2006,"1598",-0.0276538605750722,-0.02775348320457,0.0481431519633745,0.0757970125384467,0,0.0758966351679445,-1.02765130020331,1.92285937447978,-0.0640646610321811,164.511111111111,26810.572402439,5811.12861111111,"0",2000,0,2006.1,2006.9,-0.237268626025686,"1195","1279",-0.172777779497878,3.0978516356015,114.622222222222,9370.257617,9370.257617,"0",1,4,2,-0.902561175650427,-0.906845266105482,-0.52640987083009,0.0481431519633745,0.0757970125384467,0.0758966351679445,1.02870364128,-0.553287726461239,-2.57969639953205,-2.57838292800141,-0.856716911542945,-0.997408717537364,1.17907232981051,0.881906994161657
"148",2006,"1705",0.0353490030485756,0.0249035098610007,0.0766086840327037,0.0412596809841281,0,0.051705174171703,1.58147802484404,-0.700697897760143,0.798799258811066,176.522222222222,16222.862311522,20001.5181268785,"0",2002,1,2006.1,2006.9,-0.840592271665572,"912","1348",1.51046633162882,4.05479452054783,174.444444444444,NA,NA,"0",0,2,2,-1.64410034464079,1.54281467350413,1.89600723387475,0.0766086840327037,0.0412596809841281,0.051705174171703,0.0233597504994498,0.87784216153436,-3.18786950321264,-2.96219742178491,1.26552361526211,0.793605856780988,1.06175226364071,0.531337205075076
"149",2006,"1705",0.0353490030485756,0.0249035098610007,0.0766086840327037,0.0412596809841281,0,0.051705174171703,1.58147802484404,-0.700697897760143,0.798799258811066,176.522222222222,16222.862311522,20001.5181268785,"0",2002,1,2006.1,2006.9,-0.840592271665572,"912","1348",1.51046633162882,4.05479452054783,174.444444444444,NA,NA,"0",0,2,2,-1.64410034464079,0.317984703699325,1.89600723387475,0.0766086840327037,0.0412596809841281,0.051705174171703,0.0233597504994498,0.87784216153436,-3.18786950321264,-2.96219742178491,1.26552361526211,0.793605856780988,1.06175226364071,0.531337205075076
"150",2006,"1716",0.0475192580674012,0.0410217713187314,0.0934337615094826,0.0459145034420814,1,0.0524119901907512,-2.18680066183084,-1.44101056432007,-0.632144348419286,180.377777777778,16379.8036097561,24266.2541121751,"0",2002,0,2006.1,2006.9,-0.840592271665572,"1043","1412",1.09261593310112,4.07671232876714,125.733333333333,12068.79803,12068.79803,"1",0,7.5,-3.5,0.901182748920739,-0.906845266105482,-0.52640987083009,0.0934337615094826,0.0459145034420814,0.0524119901907512,0.0382619318055074,1.48951180705569,-3.08097423269622,-2.94861989339636,1.446838267543,1.18410055439614,1.0512724111108,0.972731335442985
"151",2006,"1716",0.0475192580674012,0.0410217713187314,0.0934337615094826,0.0459145034420814,1,0.0524119901907512,-2.18680066183084,-1.44101056432007,-0.632144348419286,180.377777777778,16379.8036097561,24266.2541121751,"0",2002,0,2006.1,2006.9,-0.840592271665572,"1043","1412",1.09261593310112,4.07671232876714,125.733333333333,12068.79803,12068.79803,"1",0,7.5,-3.5,0.901182748920739,0.317984703699325,-0.52640987083009,0.0934337615094826,0.0459145034420814,0.0524119901907512,0.0382619318055074,1.48951180705569,-3.08097423269622,-2.94861989339636,1.446838267543,1.18410055439614,1.0512724111108,0.972731335442985
"152",2006,"1716",0.0475192580674012,0.0410217713187314,0.0934337615094826,0.0459145034420814,1,0.0524119901907512,-2.18680066183084,-1.44101056432007,-0.632144348419286,180.377777777778,16379.8036097561,24266.2541121751,"0",2002,0,2006.1,2006.9,-0.840592271665572,"1043","1412",1.09261593310112,4.07671232876714,125.733333333333,12068.79803,12068.79803,"1",0,7.5,-3.5,0.901182748920739,0.317984703699325,-0.52640987083009,0.0934337615094826,0.0459145034420814,0.0524119901907512,0.0382619318055074,1.48951180705569,-3.08097423269622,-2.94861989339636,1.446838267543,1.18410055439614,1.0512724111108,0.972731335442985
"153",2006,"1753",0.00350760733345905,-0.00239322808669298,0.0549875797429517,0.0514799724094926,0,0.0573808078296446,0.114906882242877,0.909491587281827,0.0699073613505996,227.644444444444,60268.6802777778,21815.4118435078,"0",2002,0,2006.1,2006.9,-0.840592271665572,"1244","1188",0.295162312112243,5.17775282581033,223.033333333333,10658.97277,10658.97277,"0",2,5,-1,-0.278324307637072,-0.906845266105482,-0.52640987083009,0.0549875797429517,0.0514799724094926,0.0573808078296446,4.20567997145028,-0.143761488109746,-2.9665624322005,-2.8580453899354,0.171645267068842,-0.126353417223747,1.53752808065258,1.89696963883298
"154",2006,"1753",0.00350760733345905,-0.00239322808669298,0.0549875797429517,0.0514799724094926,0,0.0573808078296446,0.114906882242877,0.909491587281827,0.0699073613505996,227.644444444444,60268.6802777778,21815.4118435078,"0",2002,0,2006.1,2006.9,-0.840592271665572,"1244","1188",0.295162312112243,5.17775282581033,223.033333333333,10658.97277,10658.97277,"0",2,5,-1,-0.278324307637072,-0.906845266105482,-0.52640987083009,0.0549875797429517,0.0514799724094926,0.0573808078296446,4.20567997145028,-0.143761488109746,-2.9665624322005,-2.8580453899354,0.171645267068842,-0.126353417223747,1.53752808065258,1.89696963883298
"155",2006,"1753",0.00350760733345905,-0.00239322808669298,0.0549875797429517,0.0514799724094926,0,0.0573808078296446,0.114906882242877,0.909491587281827,0.0699073613505996,227.644444444444,60268.6802777778,21815.4118435078,"0",2002,0,2006.1,2006.9,-0.840592271665572,"1244","1188",0.295162312112243,5.17775282581033,223.033333333333,10658.97277,10658.97277,"0",2,5,-1,-0.278324307637072,-0.906845266105482,-0.52640987083009,0.0549875797429517,0.0514799724094926,0.0573808078296446,4.20567997145028,-0.143761488109746,-2.9665624322005,-2.8580453899354,0.171645267068842,-0.126353417223747,1.53752808065258,1.89696963883298
"156",2006,"1828",0.0500526977041775,0.038713151596113,0.0893632857084042,0.0393105880042266,0,0.0506501341122911,0.18606772288257,-0.78881298571524,0.439090429936364,172.311111111111,0,28345.425503876,"0",2003,0,2006.1,2006.9,-1.14225409448552,"1508","1754",0.172771348699034,1.89315068493147,140.333333333333,12049.32361,12049.32361,"0",0,2,1,-1.70599351852314,-0.906845266105482,-0.52640987083009,0.0893632857084042,0.0393105880042266,0.0506501341122911,-1.51706356821744,1.35228415102264,-3.23626138152677,-2.98281340046684,1.66593500300388,1.16225123186407,1.68174393960061,0.989939603662285
"157",2006,"1851",0.0062249877592879,0.0224274207469212,0.0820220002977346,0.0757970125384467,0,0.0595945795508133,0.736966512987736,1.92285937447978,-0.438224330900686,257.344444444444,13150.9199663866,5811.12861111111,"0",2002,0,2006.1,2006.9,-1.14225409448552,"1195","1045",0.776023888204854,6.44809491728415,114.622222222222,11815.61407,11815.61407,"0",0,3.5,-0.5,-1.03754724059382,-0.906845266105482,-0.52640987083009,0.0820220002977346,0.0757970125384467,0.0595945795508133,-0.268333018096603,1.08819032216785,-2.57969639953205,-2.82019065618078,0.197392458072028,0.637948899087291,1.36626007248691,1.40620503521958
"158",2006,"1864",-0.044022776258799,0.0249487664921797,0.0560041264638899,0.100026902722689,0,0.0310553599717103,0.847438970956359,0.97757851786374,0.764921043704314,150.388888888889,12588.2127025765,20641.8694783933,"0",2003,0,2006.1,2006.9,-1.14225409448552,"1503","1209",0.236835368610553,6.03013698630116,150.666666666667,11098.1118,11098.1118,"0",0,5.58333333333333,-2.58333333333333,-0.0826239864090894,-0.906845266105482,-0.52640987083009,0.0560041264638899,0.100026902722689,0.0310553599717103,-0.321764242139528,-0.0873272317304871,-2.30231610194849,-3.47198386161283,-1.10626027318617,1.208456420734,1.50128908149251,1.0557141743185
"159",2006,"2968",-0.0381041192263419,-0.0194445367880318,0.0485883837377727,0.0866925029641146,1,0.0680329205258045,-0.00837480342351201,-1.04732224970271,-2.70232439141984,160.8,12841.3616693069,16921.0113884535,"0",2003,0,2006.1,2006.9,-1.14225409448552,"459","176",2.53416088159262,15.0512313795944,107.544444444444,3994.082587,3994.082587,"1",3,5.5,-2.5,-0.212894380961452,1.54281467350413,1.89600723387475,0.0485883837377727,0.0866925029641146,0.0680329205258045,-0.297726771810778,-0.524927154725986,-2.44538786993661,-2.68776356557744,-1.10422078312097,-0.74705139150179,-0.0190197695621624,0.280547993793017
"160",2006,"2968",-0.0381041192263419,-0.0194445367880318,0.0485883837377727,0.0866925029641146,1,0.0680329205258045,-0.00837480342351201,-1.04732224970271,-2.70232439141984,160.8,12841.3616693069,16921.0113884535,"0",2003,0,2006.1,2006.9,-1.14225409448552,"459","176",2.53416088159262,15.0512313795944,107.544444444444,3994.082587,3994.082587,"1",3,5.5,-2.5,-0.212894380961452,2.76764464330894,1.89600723387475,0.0485883837377727,0.0866925029641146,0.0680329205258045,-0.297726771810778,-0.524927154725986,-2.44538786993661,-2.68776356557744,-1.10422078312097,-0.74705139150179,-0.0190197695621624,0.280547993793017
"161",2006,"2968",-0.0381041192263419,-0.0194445367880318,0.0485883837377727,0.0866925029641146,1,0.0680329205258045,-0.00837480342351201,-1.04732224970271,-2.70232439141984,160.8,12841.3616693069,16921.0113884535,"0",2003,0,2006.1,2006.9,-1.14225409448552,"459","176",2.53416088159262,15.0512313795944,107.544444444444,3994.082587,3994.082587,"1",3,5.5,-2.5,-0.212894380961452,2.76764464330894,1.89600723387475,0.0485883837377727,0.0866925029641146,0.0680329205258045,-0.297726771810778,-0.524927154725986,-2.44538786993661,-2.68776356557744,-1.10422078312097,-0.74705139150179,-0.0190197695621624,0.280547993793017
"162",2006,"2968",-0.0381041192263419,-0.0194445367880318,0.0485883837377727,0.0866925029641146,1,0.0680329205258045,-0.00837480342351201,-1.04732224970271,-2.70232439141984,160.8,12841.3616693069,16921.0113884535,"0",2003,0,2006.1,2006.9,-1.14225409448552,"459","176",2.53416088159262,15.0512313795944,107.544444444444,3994.082587,3994.082587,"1",3,5.5,-2.5,-0.212894380961452,2.76764464330894,-0.52640987083009,0.0485883837377727,0.0866925029641146,0.0680329205258045,-0.297726771810778,-0.524927154725986,-2.44538786993661,-2.68776356557744,-1.10422078312097,-0.74705139150179,-0.0190197695621624,0.280547993793017
"163",2006,"2968",-0.0381041192263419,-0.0194445367880318,0.0485883837377727,0.0866925029641146,1,0.0680329205258045,-0.00837480342351201,-1.04732224970271,-2.70232439141984,160.8,12841.3616693069,16921.0113884535,"0",2003,0,2006.1,2006.9,-1.14225409448552,"459","176",2.53416088159262,15.0512313795944,107.544444444444,3994.082587,3994.082587,"1",3,5.5,-2.5,-0.212894380961452,2.76764464330894,-0.52640987083009,0.0485883837377727,0.0866925029641146,0.0680329205258045,-0.297726771810778,-0.524927154725986,-2.44538786993661,-2.68776356557744,-1.10422078312097,-0.74705139150179,-0.0190197695621624,0.280547993793017
"164",2006,"3002",-0.014588446803797,-0.0451503888316715,0.0525207221873888,0.0671091689911858,0,0.0976711110190603,0.543161532451247,0.693625082712081,1.21266744864255,155.488888888889,15043.945892317,15649.8439857189,"0",2003,0,2006.1,2006.9,-1.14225409448552,"1782","1495",-0.864683302107843,4.32328767123295,180.377777777778,8903.717018,8903.717018,"0",1,6,-3,-0.156895795067902,-0.906845266105482,-0.52640987083009,0.0525207221873888,0.0671091689911858,0.0976711110190603,-0.0885829084524042,-0.285168893680342,-2.70143459767534,-2.3261494543539,-0.443691769232192,-1.34618598373442,1.00056832300131,-0.203242940512134
"165",2006,"3002",-0.014588446803797,-0.0451503888316715,0.0525207221873888,0.0671091689911858,0,0.0976711110190603,0.543161532451247,0.693625082712081,1.21266744864255,155.488888888889,15043.945892317,15649.8439857189,"0",2003,0,2006.1,2006.9,-1.14225409448552,"1782","1495",-0.864683302107843,4.32328767123295,180.377777777778,8903.717018,8903.717018,"0",1,6,-3,-0.156895795067902,0.317984703699325,-0.52640987083009,0.0525207221873888,0.0671091689911858,0.0976711110190603,-0.0885829084524042,-0.285168893680342,-2.70143459767534,-2.3261494543539,-0.443691769232192,-1.34618598373442,1.00056832300131,-0.203242940512134
"166",2006,"3009",0.0276655145776336,0.0513384228638334,0.104274198610337,0.0766086840327037,1,0.052935775746504,-0.77074198500136,0.895078376860172,-0.107979329173986,179.655555555556,0,16222.862311522,"0",2004,0,2006.1,2006.9,-1.44391591730546,"1705","1750",-0.64536030497884,2.05308032038329,176.522222222222,10112.91676,10112.91676,"1",0,1.5,0.5,-1.9252721917063,0.317984703699325,-0.52640987083009,0.104274198610337,0.0766086840327037,0.052935775746504,-1.51706356821744,1.8276951968954,-2.56904484008817,-2.93867587859494,0.651207877397516,1.39485411758631,-0.378029333596949,-0.407957799738774
"167",2006,"3507",-0.00598924699082924,-0.0166935598431542,0.0562885757699219,0.0622778227607512,0,0.0729821356130762,-0.458828274921706,-2.23233319573721,-0.732508833327415,157.8,19169.6892307692,48580.1919230769,"0",2004,0,2006.1,2006.9,-1.44391591730546,"1760","2972",-0.368021253279451,1.16828355415828,199.222222222222,8597.250175,8597.250175,"0",1,5,-3,-0.39091093822305,-0.906845266105482,-0.52640987083009,0.0562885757699219,0.0622778227607512,0.0729821356130762,0.303172327063515,-0.0717192006419608,-2.77614989151067,-2.61754058541108,-0.158803742568766,-0.584734839290051,-1.1161823221526,1.02356168765757
"168",2006,"3517",-0.0400673222554784,0.0103958285024782,0.0492959634529258,0.0893632857084042,0,0.0389001349504476,-0.751600575307558,0.513194732349237,-0.677350012311808,129.111111111111,0,0,"0",2005,0,2006.1,2006.9,-1.7455777401254,"1828","1848",-0.661973268954804,1.96712328767126,172.311111111111,13663.31448,13663.31448,"0",2,4,-3,-0.824752614198337,0.317984703699325,-0.52640987083009,0.0492959634529258,0.0893632857084042,0.0389001349504476,-1.51706356821744,-0.480385788204882,-2.41504535555513,-3.24675755920058,-1.13564729324113,0.463610692192688,-0.171801926302821,-0.176691271613546
"169",2006,"3567",0.00937314166485614,0.00798768084867899,0.0552085323000342,0.045835390635178,0,0.0472208514513552,0.818661642449914,1.8313399170798,1.37893517741067,248.311111111111,11994.1830565088,18416.0193059211,"0",2004,0,2006.1,2006.9,-1.44391591730546,"1757","1523",-0.221148439666753,5.51514334905323,170.922222222222,19045.62124,19045.62124,"0",1,6,-4,-0.169274429844371,-0.906845266105482,-0.52640987083009,0.0552085323000342,0.045835390635178,0.0472208514513552,-0.378169647131587,-0.131406930781794,-3.08269876496529,-3.05291971590421,0.409343305542582,0.293528362720846,0.733138173157643,0.839569696469048
"170",2007,"912",-0.000817512242067657,-0.0305564678541943,0.0412596809841281,0.0420771932261958,0,0.0718161488383224,-0.555332295131114,0.806786427266539,-0.70431516659154,174.444444444444,20001.5181268785,14812.2455905512,"0",1994,0,2007.1,2007.9,1.87436413371392,"64","178",1.00655978695122,5.68684781795059,143.744444444444,3671.463882,3671.463882,"0",0,8,5,0.71314539207819,0.317984703699325,-0.52640987083009,0.0412596809841281,0.0420771932261958,0.0718161488383224,0.382157687608628,-1.02863437770506,-3.16824941367568,-2.6336459140346,0.00242352139759979,-1.2064795733791,-0.982028531759832,-1.05873776811569
"171",2007,"912",-0.000817512242067657,-0.0305564678541943,0.0412596809841281,0.0420771932261958,0,0.0718161488383224,-0.555332295131114,0.806786427266539,-0.70431516659154,174.444444444444,20001.5181268785,14812.2455905512,"0",1994,0,2007.1,2007.9,1.87436413371392,"64","178",1.00655978695122,5.68684781795059,143.744444444444,3671.463882,3671.463882,"0",0,8,5,0.71314539207819,0.317984703699325,1.89600723387475,0.0412596809841281,0.0420771932261958,0.0718161488383224,0.382157687608628,-1.02863437770506,-3.16824941367568,-2.6336459140346,0.00242352139759979,-1.2064795733791,-0.982028531759832,-1.05873776811569
"172",2007,"912",-0.000817512242067657,-0.0305564678541943,0.0412596809841281,0.0420771932261958,0,0.0718161488383224,-0.555332295131114,0.806786427266539,-0.70431516659154,174.444444444444,20001.5181268785,14812.2455905512,"0",1994,0,2007.1,2007.9,1.87436413371392,"64","178",1.00655978695122,5.68684781795059,143.744444444444,3671.463882,3671.463882,"0",0,8,5,0.71314539207819,0.317984703699325,1.89600723387475,0.0412596809841281,0.0420771932261958,0.0718161488383224,0.382157687608628,-1.02863437770506,-3.16824941367568,-2.6336459140346,0.00242352139759979,-1.2064795733791,-0.982028531759832,-1.05873776811569
"173",2007,"912",-0.000817512242067657,-0.0305564678541943,0.0412596809841281,0.0420771932261958,0,0.0718161488383224,-0.555332295131114,0.806786427266539,-0.70431516659154,174.444444444444,20001.5181268785,14812.2455905512,"0",1994,0,2007.1,2007.9,1.87436413371392,"64","178",1.00655978695122,5.68684781795059,143.744444444444,3671.463882,3671.463882,"0",0,8,5,0.71314539207819,0.317984703699325,-0.52640987083009,0.0412596809841281,0.0420771932261958,0.0718161488383224,0.382157687608628,-1.02863437770506,-3.16824941367568,-2.6336459140346,0.00242352139759979,-1.2064795733791,-0.982028531759832,-1.05873776811569
"174",2007,"1042",0.0369417768094009,0.0361918302891299,0.0828562802514824,0.0459145034420814,0,0.0466644499623525,-0.889299915360808,-1.44101056432007,-0.132341679334889,115.133333333333,17982.5829722443,24266.2541121751,"0",1996,0,2007.1,2007.9,1.27104048807403,"1043","559",-1.01624296229586,2.94656037128516,125.733333333333,17944.61115,17944.61115,"0",1,10.5,0.5,2.20211831804772,0.317984703699325,1.89600723387475,0.0828562802514824,0.0459145034420814,0.0466644499623525,0.190452011294839,1.11936815413273,-3.08097423269622,-3.06477264697587,1.20914279974466,1.17567174735628,-1.39157033420147,-0.686134291950348
"175",2007,"1042",0.0369417768094009,0.0361918302891299,0.0828562802514824,0.0459145034420814,0,0.0466644499623525,-0.889299915360808,-1.44101056432007,-0.132341679334889,115.133333333333,17982.5829722443,24266.2541121751,"0",1996,0,2007.1,2007.9,1.27104048807403,"1043","559",-1.01624296229586,2.94656037128516,125.733333333333,17944.61115,17944.61115,"0",1,10.5,0.5,2.20211831804772,-0.906845266105482,-0.52640987083009,0.0828562802514824,0.0459145034420814,0.0466644499623525,0.190452011294839,1.11936815413273,-3.08097423269622,-3.06477264697587,1.20914279974466,1.17567174735628,-1.39157033420147,-0.686134291950348
"176",2007,"1042",0.0369417768094009,0.0361918302891299,0.0828562802514824,0.0459145034420814,0,0.0466644499623525,-0.889299915360808,-1.44101056432007,-0.132341679334889,115.133333333333,17982.5829722443,24266.2541121751,"0",1996,0,2007.1,2007.9,1.27104048807403,"1043","559",-1.01624296229586,2.94656037128516,125.733333333333,17944.61115,17944.61115,"0",1,10.5,0.5,2.20211831804772,-0.906845266105482,-0.52640987083009,0.0828562802514824,0.0459145034420814,0.0466644499623525,0.190452011294839,1.11936815413273,-3.08097423269622,-3.06477264697587,1.20914279974466,1.17567174735628,-1.39157033420147,-0.686134291950348
"177",2007,"1042",0.0369417768094009,0.0361918302891299,0.0828562802514824,0.0459145034420814,0,0.0466644499623525,-0.889299915360808,-1.44101056432007,-0.132341679334889,115.133333333333,17982.5829722443,24266.2541121751,"0",1996,0,2007.1,2007.9,1.27104048807403,"1043","559",-1.01624296229586,2.94656037128516,125.733333333333,17944.61115,17944.61115,"0",1,10.5,0.5,2.20211831804772,2.76764464330894,-0.52640987083009,0.0828562802514824,0.0459145034420814,0.0466644499623525,0.190452011294839,1.11936815413273,-3.08097423269622,-3.06477264697587,1.20914279974466,1.17567174735628,-1.39157033420147,-0.686134291950348
"178",2007,"1042",0.0369417768094009,0.0361918302891299,0.0828562802514824,0.0459145034420814,0,0.0466644499623525,-0.889299915360808,-1.44101056432007,-0.132341679334889,115.133333333333,17982.5829722443,24266.2541121751,"0",1996,0,2007.1,2007.9,1.27104048807403,"1043","559",-1.01624296229586,2.94656037128516,125.733333333333,17944.61115,17944.61115,"0",1,10.5,0.5,2.20211831804772,2.76764464330894,1.89600723387475,0.0828562802514824,0.0459145034420814,0.0466644499623525,0.190452011294839,1.11936815413273,-3.08097423269622,-3.06477264697587,1.20914279974466,1.17567174735628,-1.39157033420147,-0.686134291950348
"179",2007,"1042",0.0369417768094009,0.0361918302891299,0.0828562802514824,0.0459145034420814,0,0.0466644499623525,-0.889299915360808,-1.44101056432007,-0.132341679334889,115.133333333333,17982.5829722443,24266.2541121751,"0",1996,0,2007.1,2007.9,1.27104048807403,"1043","559",-1.01624296229586,2.94656037128516,125.733333333333,17944.61115,17944.61115,"0",1,10.5,0.5,2.20211831804772,-0.906845266105482,-0.52640987083009,0.0828562802514824,0.0459145034420814,0.0466644499623525,0.190452011294839,1.11936815413273,-3.08097423269622,-3.06477264697587,1.20914279974466,1.17567174735628,-1.39157033420147,-0.686134291950348
"180",2007,"1305",-0.007619151656277,-0.0240739648231035,0.0413510892983211,0.0489702409545981,0,0.0654250541214246,0.0171567369108758,-0.657192998159256,1.33818552671168,357.1,11692.558,6837.80397435898,"0",1998,0,2007.1,2007.9,0.969378665254086,"1177","854",-0.887122167902686,3.38082191780836,115.133333333333,42938.52031,42938.52031,"0",0,7,3,0.0670985485062947,0.317984703699325,-0.52640987083009,0.0413510892983211,0.0489702409545981,0.0654250541214246,-0.406810109069396,-1.02181659662339,-3.01654249282672,-2.72685000333777,-0.293335506950445,-1.00503656329004,0.134620629848009,2.65132780448564
"181",2007,"1384",-0.0373555381947066,0.00126145795222511,0.0499267458877657,0.0872822840824722,1,0.0486652879355406,-0.534220220427167,-0.559240669034221,-0.610676338069101,107.333333333333,18876.280979448,34968.4026923077,"0",1998,0,2007.1,2007.9,0.667716842434143,"1246","609",-0.801575461597899,5.06301369863036,141.377777777778,7731.791014,7731.791014,"1",0,6,3,0.030552102975768,0.317984703699325,-0.52640987083009,0.0499267458877657,0.0872822840824722,0.0486652879355406,0.275312082455625,-0.441214468159817,-2.43860776820221,-3.02278927643485,-1.06387669906369,0.01761539581657,-0.108453732855651,2.05347730606013
"182",2007,"1503",0.0468270164248198,0.050797124229002,0.100026902722689,0.0531998862978691,0,0.0492297784936869,2.39425622649005,-0.113293406755487,0.876508868868852,150.666666666667,20641.8694783933,24429.6402062589,"0",1999,0,2007.1,2007.9,0.3660550196142,"1186","1184",-0.491258670589151,2.45904633580358,115.133333333333,4797.894582,4797.894582,"0",0,5,3,-0.399752820206242,0.317984703699325,-0.52640987083009,0.100026902722689,0.0531998862978691,0.0492297784936869,0.442961517111926,1.69958071189647,-2.93369901989492,-3.01125658463944,1.2903688861775,1.46029222616279,1.30866174399083,1.28502711294429
"183",2007,"1503",0.0468270164248198,0.050797124229002,0.100026902722689,0.0531998862978691,0,0.0492297784936869,2.39425622649005,-0.113293406755487,0.876508868868852,150.666666666667,20641.8694783933,24429.6402062589,"0",1999,0,2007.1,2007.9,0.3660550196142,"1186","1184",-0.491258670589151,2.45904633580358,115.133333333333,4797.894582,4797.894582,"0",0,5,3,-0.399752820206242,-0.906845266105482,-0.52640987083009,0.100026902722689,0.0531998862978691,0.0492297784936869,0.442961517111926,1.69958071189647,-2.93369901989492,-3.01125658463944,1.2903688861775,1.46029222616279,1.30866174399083,1.28502711294429
"184",2007,"1503",0.0468270164248198,0.050797124229002,0.100026902722689,0.0531998862978691,0,0.0492297784936869,2.39425622649005,-0.113293406755487,0.876508868868852,150.666666666667,20641.8694783933,24429.6402062589,"0",1999,0,2007.1,2007.9,0.3660550196142,"1186","1184",-0.491258670589151,2.45904633580358,115.133333333333,4797.894582,4797.894582,"0",0,5,3,-0.399752820206242,-0.906845266105482,-0.52640987083009,0.100026902722689,0.0531998862978691,0.0492297784936869,0.442961517111926,1.69958071189647,-2.93369901989492,-3.01125658463944,1.2903688861775,1.46029222616279,1.30866174399083,1.28502711294429
"185",2007,"1503",0.0468270164248198,0.050797124229002,0.100026902722689,0.0531998862978691,0,0.0492297784936869,2.39425622649005,-0.113293406755487,0.876508868868852,150.666666666667,20641.8694783933,24429.6402062589,"0",1999,0,2007.1,2007.9,0.3660550196142,"1186","1184",-0.491258670589151,2.45904633580358,115.133333333333,4797.894582,4797.894582,"0",0,5,3,-0.399752820206242,0.317984703699325,1.89600723387475,0.100026902722689,0.0531998862978691,0.0492297784936869,0.442961517111926,1.69958071189647,-2.93369901989492,-3.01125658463944,1.2903688861775,1.46029222616279,1.30866174399083,1.28502711294429
"186",2007,"1503",0.0468270164248198,0.050797124229002,0.100026902722689,0.0531998862978691,0,0.0492297784936869,2.39425622649005,-0.113293406755487,0.876508868868852,150.666666666667,20641.8694783933,24429.6402062589,"0",1999,0,2007.1,2007.9,0.3660550196142,"1186","1184",-0.491258670589151,2.45904633580358,115.133333333333,4797.894582,4797.894582,"0",0,5,3,-0.399752820206242,0.317984703699325,-0.52640987083009,0.100026902722689,0.0531998862978691,0.0492297784936869,0.442961517111926,1.69958071189647,-2.93369901989492,-3.01125658463944,1.2903688861775,1.46029222616279,1.30866174399083,1.28502711294429
"187",2007,"1510",-0.0124730788531426,0.00639197449481063,0.051961562228055,0.0644346410811976,0,0.0455695877332443,0.895517087693324,0.0948801472193388,1.06089218610301,90.4,19265.1351801501,34968.4026923077,"0",1999,0,2007.1,2007.9,0.3660550196142,"1247","1020",-0.507072205884972,3.62739726027394,141.377777777778,4331.440545,4331.440545,"0",0,5.5,2.5,-0.275966472441554,-0.906845266105482,-0.52640987083009,0.051961562228055,0.0644346410811976,0.0455695877332443,0.312235287919626,-0.318144394352949,-2.74210388550332,-3.0885147206368,-0.384407492413501,0.24071023332546,0.808564048802394,1.50672767542279
"188",2007,"1510",-0.0124730788531426,0.00639197449481063,0.051961562228055,0.0644346410811976,0,0.0455695877332443,0.895517087693324,0.0948801472193388,1.06089218610301,90.4,19265.1351801501,34968.4026923077,"0",1999,0,2007.1,2007.9,0.3660550196142,"1247","1020",-0.507072205884972,3.62739726027394,141.377777777778,4331.440545,4331.440545,"0",0,5.5,2.5,-0.275966472441554,-0.906845266105482,-0.52640987083009,0.051961562228055,0.0644346410811976,0.0455695877332443,0.312235287919626,-0.318144394352949,-2.74210388550332,-3.0885147206368,-0.384407492413501,0.24071023332546,0.808564048802394,1.50672767542279
"189",2007,"1510",-0.0124730788531426,0.00639197449481063,0.051961562228055,0.0644346410811976,0,0.0455695877332443,0.895517087693324,0.0948801472193388,1.06089218610301,90.4,19265.1351801501,34968.4026923077,"0",1999,0,2007.1,2007.9,0.3660550196142,"1247","1020",-0.507072205884972,3.62739726027394,141.377777777778,4331.440545,4331.440545,"0",0,5.5,2.5,-0.275966472441554,-0.906845266105482,-0.52640987083009,0.051961562228055,0.0644346410811976,0.0455695877332443,0.312235287919626,-0.318144394352949,-2.74210388550332,-3.0885147206368,-0.384407492413501,0.24071023332546,0.808564048802394,1.50672767542279
"190",2007,"1510",-0.0124730788531426,0.00639197449481063,0.051961562228055,0.0644346410811976,0,0.0455695877332443,0.895517087693324,0.0948801472193388,1.06089218610301,90.4,19265.1351801501,34968.4026923077,"0",1999,0,2007.1,2007.9,0.3660550196142,"1247","1020",-0.507072205884972,3.62739726027394,141.377777777778,4331.440545,4331.440545,"0",0,5.5,2.5,-0.275966472441554,-0.906845266105482,-0.52640987083009,0.051961562228055,0.0644346410811976,0.0455695877332443,0.312235287919626,-0.318144394352949,-2.74210388550332,-3.0885147206368,-0.384407492413501,0.24071023332546,0.808564048802394,1.50672767542279
"191",2007,"1598",-0.0276538605750722,-0.02775348320457,0.0481431519633745,0.0757970125384467,0,0.0758966351679445,-1.02765130020331,1.92285937447978,-0.0640646610321811,164.511111111111,26810.572402439,5811.12861111111,"0",2000,0,2007.1,2007.9,0.064393196794257,"1195","1279",-0.172777779497878,3.0978516356015,114.622222222222,NA,NA,"0",0,4,3,-0.902561175650427,-0.906845266105482,-0.52640987083009,0.0481431519633745,0.0757970125384467,0.0758966351679445,1.02870364128,-0.553287726461239,-2.57969639953205,-2.57838292800141,-0.856716911542945,-0.997408717537364,1.17907232981051,0.881906994161657
"192",2007,"1716",0.0475192580674012,0.0410217713187314,0.0934337615094826,0.0459145034420814,1,0.0524119901907512,-2.18680066183084,-1.44101056432007,-0.632144348419286,180.377777777778,16379.8036097561,24266.2541121751,"0",2002,0,2007.1,2007.9,-0.538930448845629,"1043","1412",1.09261593310112,4.07671232876714,125.733333333333,12576.05437,12576.05437,"1",1,7.5,-2.5,0.901182748920739,0.317984703699325,-0.52640987083009,0.0934337615094826,0.0459145034420814,0.0524119901907512,0.0382619318055074,1.48951180705569,-3.08097423269622,-2.94861989339636,1.446838267543,1.18410055439614,1.0512724111108,0.972731335442985
"193",2007,"1716",0.0475192580674012,0.0410217713187314,0.0934337615094826,0.0459145034420814,1,0.0524119901907512,-2.18680066183084,-1.44101056432007,-0.632144348419286,180.377777777778,16379.8036097561,24266.2541121751,"0",2002,0,2007.1,2007.9,-0.538930448845629,"1043","1412",1.09261593310112,4.07671232876714,125.733333333333,12576.05437,12576.05437,"1",1,7.5,-2.5,0.901182748920739,0.317984703699325,-0.52640987083009,0.0934337615094826,0.0459145034420814,0.0524119901907512,0.0382619318055074,1.48951180705569,-3.08097423269622,-2.94861989339636,1.446838267543,1.18410055439614,1.0512724111108,0.972731335442985
"194",2007,"1753",0.00350760733345905,-0.00239322808669298,0.0549875797429517,0.0514799724094926,0,0.0573808078296446,0.114906882242877,0.909491587281827,0.0699073613505996,227.644444444444,60268.6802777778,21815.4118435078,"0",2002,0,2007.1,2007.9,-0.538930448845629,"1244","1188",0.295162312112243,5.17775282581033,223.033333333333,15913.75238,15913.75238,"0",0,5,0,-0.278324307637072,-0.906845266105482,-0.52640987083009,0.0549875797429517,0.0514799724094926,0.0573808078296446,4.20567997145028,-0.143761488109746,-2.9665624322005,-2.8580453899354,0.171645267068842,-0.126353417223747,1.53752808065258,1.89696963883298
"195",2007,"1753",0.00350760733345905,-0.00239322808669298,0.0549875797429517,0.0514799724094926,0,0.0573808078296446,0.114906882242877,0.909491587281827,0.0699073613505996,227.644444444444,60268.6802777778,21815.4118435078,"0",2002,0,2007.1,2007.9,-0.538930448845629,"1244","1188",0.295162312112243,5.17775282581033,223.033333333333,15913.75238,15913.75238,"0",0,5,0,-0.278324307637072,-0.906845266105482,-0.52640987083009,0.0549875797429517,0.0514799724094926,0.0573808078296446,4.20567997145028,-0.143761488109746,-2.9665624322005,-2.8580453899354,0.171645267068842,-0.126353417223747,1.53752808065258,1.89696963883298
"196",2007,"1753",0.00350760733345905,-0.00239322808669298,0.0549875797429517,0.0514799724094926,0,0.0573808078296446,0.114906882242877,0.909491587281827,0.0699073613505996,227.644444444444,60268.6802777778,21815.4118435078,"0",2002,0,2007.1,2007.9,-0.538930448845629,"1244","1188",0.295162312112243,5.17775282581033,223.033333333333,15913.75238,15913.75238,"0",0,5,0,-0.278324307637072,-0.906845266105482,-0.52640987083009,0.0549875797429517,0.0514799724094926,0.0573808078296446,4.20567997145028,-0.143761488109746,-2.9665624322005,-2.8580453899354,0.171645267068842,-0.126353417223747,1.53752808065258,1.89696963883298
"197",2007,"1776",0.0511248445563402,0.0641889630990214,0.103086406784395,0.051961562228055,0,0.0388974436853738,0.139713930123801,1.17332843424103,0.724525366549397,194.488888888889,8128.39944444445,19265.1351801501,"0",2002,0,2007.1,2007.9,-0.538930448845629,"1510","1542",-0.180058850515503,3.10410958904117,90.4,17358.30983,17358.30983,"0",1,4,1,-1.2220478446431,1.54281467350413,-0.52640987083009,0.103086406784395,0.051961562228055,0.0388974436853738,-0.745240704432501,1.7924002382772,-2.95725102165683,-3.24682674554601,1.39657019822572,2.02123069758236,2.1620854970105,1.93544355989967
"198",2007,"1828",0.0500526977041775,0.038713151596113,0.0893632857084042,0.0393105880042266,0,0.0506501341122911,0.18606772288257,-0.78881298571524,0.439090429936364,172.311111111111,0,28345.425503876,"0",2003,1,2007.1,2007.9,-0.840592271665572,"1508","1754",0.172771348699034,1.89315068493147,140.333333333333,NA,NA,"0",0,2,2,-1.70599351852314,-0.906845266105482,-0.52640987083009,0.0893632857084042,0.0393105880042266,0.0506501341122911,-1.51706356821744,1.35228415102264,-3.23626138152677,-2.98281340046684,1.66593500300388,1.16225123186407,1.68174393960061,0.989939603662285
"199",2007,"1864",-0.044022776258799,0.0249487664921797,0.0560041264638899,0.100026902722689,0,0.0310553599717103,0.847438970956359,0.97757851786374,0.764921043704314,150.388888888889,12588.2127025765,20641.8694783933,"0",2003,0,2007.1,2007.9,-0.840592271665572,"1503","1209",0.236835368610553,6.03013698630116,150.666666666667,9546.673398,9546.673398,"0",0,5.58333333333333,-1.58333333333333,-0.0826239864090894,-0.906845266105482,-0.52640987083009,0.0560041264638899,0.100026902722689,0.0310553599717103,-0.321764242139528,-0.0873272317304871,-2.30231610194849,-3.47198386161283,-1.10626027318617,1.208456420734,1.50128908149251,1.0557141743185
"200",2007,"2968",-0.0381041192263419,-0.0194445367880318,0.0485883837377727,0.0866925029641146,1,0.0680329205258045,-0.00837480342351201,-1.04732224970271,-2.70232439141984,160.8,12841.3616693069,16921.0113884535,"0",2003,0,2007.1,2007.9,-0.840592271665572,"459","176",2.53416088159262,15.0512313795944,107.544444444444,8645.276595,8645.276595,"1",0,5.5,-1.5,-0.212894380961452,1.54281467350413,1.89600723387475,0.0485883837377727,0.0866925029641146,0.0680329205258045,-0.297726771810778,-0.524927154725986,-2.44538786993661,-2.68776356557744,-1.10422078312097,-0.74705139150179,-0.0190197695621624,0.280547993793017
"201",2007,"2968",-0.0381041192263419,-0.0194445367880318,0.0485883837377727,0.0866925029641146,1,0.0680329205258045,-0.00837480342351201,-1.04732224970271,-2.70232439141984,160.8,12841.3616693069,16921.0113884535,"0",2003,0,2007.1,2007.9,-0.840592271665572,"459","176",2.53416088159262,15.0512313795944,107.544444444444,8645.276595,8645.276595,"1",0,5.5,-1.5,-0.212894380961452,2.76764464330894,1.89600723387475,0.0485883837377727,0.0866925029641146,0.0680329205258045,-0.297726771810778,-0.524927154725986,-2.44538786993661,-2.68776356557744,-1.10422078312097,-0.74705139150179,-0.0190197695621624,0.280547993793017
"202",2007,"2968",-0.0381041192263419,-0.0194445367880318,0.0485883837377727,0.0866925029641146,1,0.0680329205258045,-0.00837480342351201,-1.04732224970271,-2.70232439141984,160.8,12841.3616693069,16921.0113884535,"0",2003,0,2007.1,2007.9,-0.840592271665572,"459","176",2.53416088159262,15.0512313795944,107.544444444444,8645.276595,8645.276595,"1",0,5.5,-1.5,-0.212894380961452,2.76764464330894,1.89600723387475,0.0485883837377727,0.0866925029641146,0.0680329205258045,-0.297726771810778,-0.524927154725986,-2.44538786993661,-2.68776356557744,-1.10422078312097,-0.74705139150179,-0.0190197695621624,0.280547993793017
"203",2007,"2968",-0.0381041192263419,-0.0194445367880318,0.0485883837377727,0.0866925029641146,1,0.0680329205258045,-0.00837480342351201,-1.04732224970271,-2.70232439141984,160.8,12841.3616693069,16921.0113884535,"0",2003,0,2007.1,2007.9,-0.840592271665572,"459","176",2.53416088159262,15.0512313795944,107.544444444444,8645.276595,8645.276595,"1",0,5.5,-1.5,-0.212894380961452,2.76764464330894,-0.52640987083009,0.0485883837377727,0.0866925029641146,0.0680329205258045,-0.297726771810778,-0.524927154725986,-2.44538786993661,-2.68776356557744,-1.10422078312097,-0.74705139150179,-0.0190197695621624,0.280547993793017
"204",2007,"2968",-0.0381041192263419,-0.0194445367880318,0.0485883837377727,0.0866925029641146,1,0.0680329205258045,-0.00837480342351201,-1.04732224970271,-2.70232439141984,160.8,12841.3616693069,16921.0113884535,"0",2003,0,2007.1,2007.9,-0.840592271665572,"459","176",2.53416088159262,15.0512313795944,107.544444444444,8645.276595,8645.276595,"1",0,5.5,-1.5,-0.212894380961452,2.76764464330894,-0.52640987083009,0.0485883837377727,0.0866925029641146,0.0680329205258045,-0.297726771810778,-0.524927154725986,-2.44538786993661,-2.68776356557744,-1.10422078312097,-0.74705139150179,-0.0190197695621624,0.280547993793017
"205",2007,"3002",-0.014588446803797,-0.0451503888316715,0.0525207221873888,0.0671091689911858,0,0.0976711110190603,0.543161532451247,0.693625082712081,1.21266744864255,155.488888888889,15043.945892317,15649.8439857189,"0",2003,0,2007.1,2007.9,-0.840592271665572,"1782","1495",-0.864683302107843,4.32328767123295,180.377777777778,6235.402416,6235.402416,"0",1,6,-2,-0.156895795067902,-0.906845266105482,-0.52640987083009,0.0525207221873888,0.0671091689911858,0.0976711110190603,-0.0885829084524042,-0.285168893680342,-2.70143459767534,-2.3261494543539,-0.443691769232192,-1.34618598373442,1.00056832300131,-0.203242940512134
"206",2007,"3002",-0.014588446803797,-0.0451503888316715,0.0525207221873888,0.0671091689911858,0,0.0976711110190603,0.543161532451247,0.693625082712081,1.21266744864255,155.488888888889,15043.945892317,15649.8439857189,"0",2003,0,2007.1,2007.9,-0.840592271665572,"1782","1495",-0.864683302107843,4.32328767123295,180.377777777778,6235.402416,6235.402416,"0",1,6,-2,-0.156895795067902,0.317984703699325,-0.52640987083009,0.0525207221873888,0.0671091689911858,0.0976711110190603,-0.0885829084524042,-0.285168893680342,-2.70143459767534,-2.3261494543539,-0.443691769232192,-1.34618598373442,1.00056832300131,-0.203242940512134
"207",2007,"3002",-0.014588446803797,-0.0451503888316715,0.0525207221873888,0.0671091689911858,0,0.0976711110190603,0.543161532451247,0.693625082712081,1.21266744864255,155.488888888889,15043.945892317,15649.8439857189,"0",2003,0,2007.1,2007.9,-0.840592271665572,"1782","1495",-0.864683302107843,4.32328767123295,180.377777777778,6235.402416,6235.402416,"0",1,6,-2,-0.156895795067902,0.317984703699325,1.89600723387475,0.0525207221873888,0.0671091689911858,0.0976711110190603,-0.0885829084524042,-0.285168893680342,-2.70143459767534,-2.3261494543539,-0.443691769232192,-1.34618598373442,1.00056832300131,-0.203242940512134
"208",2007,"3009",0.0276655145776336,0.0513384228638334,0.104274198610337,0.0766086840327037,1,0.052935775746504,-0.77074198500136,0.895078376860172,-0.107979329173986,179.655555555556,0,16222.862311522,"0",2004,1,2007.1,2007.9,-1.14225409448552,"1705","1750",-0.64536030497884,2.05308032038329,176.522222222222,NA,NA,"1",0,1.5,1.5,-1.9252721917063,0.317984703699325,-0.52640987083009,0.104274198610337,0.0766086840327037,0.052935775746504,-1.51706356821744,1.8276951968954,-2.56904484008817,-2.93867587859494,0.651207877397516,1.39485411758631,-0.378029333596949,-0.407957799738774
"209",2007,"3094",-0.0591640871112406,-0.0137505041635299,0.0334703472878253,0.0926344343990659,0,0.0472208514513552,0.818661642449914,0.0657442426304726,0.00575319531475301,210.222222222222,13917.1639171375,40475.822,"0",2004,0,2007.1,2007.9,-1.14225409448552,"1891","1523",-0.55935379655755,5.22006138183997,229.544444444444,20740.24034,20740.24034,"0",1,8,-5,0.874657102971163,0.317984703699325,-0.52640987083009,0.0334703472878253,0.0926344343990659,0.0472208514513552,-0.195575200955781,-1.67321799562491,-2.37909434469248,-3.05291971590421,-1.97277491325085,-0.763029767412499,0.756696634707502,-0.279019891352306
"210",2007,"3507",-0.00598924699082924,-0.0166935598431542,0.0562885757699219,0.0622778227607512,0,0.0729821356130762,-0.458828274921706,-2.23233319573721,-0.732508833327415,157.8,19169.6892307692,48580.1919230769,"0",2004,0,2007.1,2007.9,-1.14225409448552,"1760","2972",-0.368021253279451,1.16828355415828,199.222222222222,7468.349484,7468.349484,"0",1,5,-2,-0.39091093822305,-0.906845266105482,-0.52640987083009,0.0562885757699219,0.0622778227607512,0.0729821356130762,0.303172327063515,-0.0717192006419608,-2.77614989151067,-2.61754058541108,-0.158803742568766,-0.584734839290051,-1.1161823221526,1.02356168765757
"211",2007,"3517",-0.0400673222554784,0.0103958285024782,0.0492959634529258,0.0893632857084042,0,0.0389001349504476,-0.751600575307558,0.513194732349237,-0.677350012311808,129.111111111111,0,0,"0",2005,0,2007.1,2007.9,-1.44391591730546,"1828","1848",-0.661973268954804,1.96712328767126,172.311111111111,7340.22843,7340.22843,"0",0,4,-2,-0.824752614198337,0.317984703699325,-0.52640987083009,0.0492959634529258,0.0893632857084042,0.0389001349504476,-1.51706356821744,-0.480385788204882,-2.41504535555513,-3.24675755920058,-1.13564729324113,0.463610692192688,-0.171801926302821,-0.176691271613546
"212",2007,"3567",0.00937314166485614,0.00798768084867899,0.0552085323000342,0.045835390635178,0,0.0472208514513552,0.818661642449914,1.8313399170798,1.37893517741067,248.311111111111,11994.1830565088,18416.0193059211,"0",2004,0,2007.1,2007.9,-1.14225409448552,"1757","1523",-0.221148439666753,5.51514334905323,170.922222222222,4454.387049,4454.387049,"0",1,6,-3,-0.169274429844371,-0.906845266105482,-0.52640987083009,0.0552085323000342,0.045835390635178,0.0472208514513552,-0.378169647131587,-0.131406930781794,-3.08269876496529,-3.05291971590421,0.409343305542582,0.293528362720846,0.733138173157643,0.839569696469048
"213",2007,"3567",0.00937314166485614,0.00798768084867899,0.0552085323000342,0.045835390635178,0,0.0472208514513552,0.818661642449914,1.8313399170798,1.37893517741067,248.311111111111,11994.1830565088,18416.0193059211,"0",2004,0,2007.1,2007.9,-1.14225409448552,"1757","1523",-0.221148439666753,5.51514334905323,170.922222222222,4454.387049,4454.387049,"0",1,6,-3,-0.169274429844371,-0.906845266105482,-0.52640987083009,0.0552085323000342,0.045835390635178,0.0472208514513552,-0.378169647131587,-0.131406930781794,-3.08269876496529,-3.05291971590421,0.409343305542582,0.293528362720846,0.733138173157643,0.839569696469048
"214",2008,"912",-0.000817512242067657,-0.0305564678541943,0.0412596809841281,0.0420771932261958,0,0.0718161488383224,-0.555332295131114,0.806786427266539,-0.70431516659154,174.444444444444,20001.5181268785,14812.2455905512,"0",1994,0,2008.1,2008.9,2.17602595653386,"64","178",1.00655978695122,5.68684781795059,143.744444444444,10968.06186,10968.06186,"0",0,8,6,0.71314539207819,0.317984703699325,-0.52640987083009,0.0412596809841281,0.0420771932261958,0.0718161488383224,0.382157687608628,-1.02863437770506,-3.16824941367568,-2.6336459140346,0.00242352139759979,-1.2064795733791,-0.982028531759832,-1.05873776811569
"215",2008,"912",-0.000817512242067657,-0.0305564678541943,0.0412596809841281,0.0420771932261958,0,0.0718161488383224,-0.555332295131114,0.806786427266539,-0.70431516659154,174.444444444444,20001.5181268785,14812.2455905512,"0",1994,0,2008.1,2008.9,2.17602595653386,"64","178",1.00655978695122,5.68684781795059,143.744444444444,10968.06186,10968.06186,"0",0,8,6,0.71314539207819,0.317984703699325,1.89600723387475,0.0412596809841281,0.0420771932261958,0.0718161488383224,0.382157687608628,-1.02863437770506,-3.16824941367568,-2.6336459140346,0.00242352139759979,-1.2064795733791,-0.982028531759832,-1.05873776811569
"216",2008,"912",-0.000817512242067657,-0.0305564678541943,0.0412596809841281,0.0420771932261958,0,0.0718161488383224,-0.555332295131114,0.806786427266539,-0.70431516659154,174.444444444444,20001.5181268785,14812.2455905512,"0",1994,0,2008.1,2008.9,2.17602595653386,"64","178",1.00655978695122,5.68684781795059,143.744444444444,10968.06186,10968.06186,"0",0,8,6,0.71314539207819,0.317984703699325,1.89600723387475,0.0412596809841281,0.0420771932261958,0.0718161488383224,0.382157687608628,-1.02863437770506,-3.16824941367568,-2.6336459140346,0.00242352139759979,-1.2064795733791,-0.982028531759832,-1.05873776811569
"217",2008,"912",-0.000817512242067657,-0.0305564678541943,0.0412596809841281,0.0420771932261958,0,0.0718161488383224,-0.555332295131114,0.806786427266539,-0.70431516659154,174.444444444444,20001.5181268785,14812.2455905512,"0",1994,0,2008.1,2008.9,2.17602595653386,"64","178",1.00655978695122,5.68684781795059,143.744444444444,10968.06186,10968.06186,"0",0,8,6,0.71314539207819,0.317984703699325,-0.52640987083009,0.0412596809841281,0.0420771932261958,0.0718161488383224,0.382157687608628,-1.02863437770506,-3.16824941367568,-2.6336459140346,0.00242352139759979,-1.2064795733791,-0.982028531759832,-1.05873776811569
"218",2008,"1042",0.0369417768094009,0.0361918302891299,0.0828562802514824,0.0459145034420814,0,0.0466644499623525,-0.889299915360808,-1.44101056432007,-0.132341679334889,115.133333333333,17982.5829722443,24266.2541121751,"0",1996,0,2008.1,2008.9,1.57270231089397,"1043","559",-1.01624296229586,2.94656037128516,125.733333333333,17822.89079,17822.89079,"0",0,10.5,1.5,2.20211831804772,0.317984703699325,1.89600723387475,0.0828562802514824,0.0459145034420814,0.0466644499623525,0.190452011294839,1.11936815413273,-3.08097423269622,-3.06477264697587,1.20914279974466,1.17567174735628,-1.39157033420147,-0.686134291950348
"219",2008,"1042",0.0369417768094009,0.0361918302891299,0.0828562802514824,0.0459145034420814,0,0.0466644499623525,-0.889299915360808,-1.44101056432007,-0.132341679334889,115.133333333333,17982.5829722443,24266.2541121751,"0",1996,0,2008.1,2008.9,1.57270231089397,"1043","559",-1.01624296229586,2.94656037128516,125.733333333333,17822.89079,17822.89079,"0",0,10.5,1.5,2.20211831804772,-0.906845266105482,-0.52640987083009,0.0828562802514824,0.0459145034420814,0.0466644499623525,0.190452011294839,1.11936815413273,-3.08097423269622,-3.06477264697587,1.20914279974466,1.17567174735628,-1.39157033420147,-0.686134291950348
"220",2008,"1042",0.0369417768094009,0.0361918302891299,0.0828562802514824,0.0459145034420814,0,0.0466644499623525,-0.889299915360808,-1.44101056432007,-0.132341679334889,115.133333333333,17982.5829722443,24266.2541121751,"0",1996,0,2008.1,2008.9,1.57270231089397,"1043","559",-1.01624296229586,2.94656037128516,125.733333333333,17822.89079,17822.89079,"0",0,10.5,1.5,2.20211831804772,-0.906845266105482,-0.52640987083009,0.0828562802514824,0.0459145034420814,0.0466644499623525,0.190452011294839,1.11936815413273,-3.08097423269622,-3.06477264697587,1.20914279974466,1.17567174735628,-1.39157033420147,-0.686134291950348
"221",2008,"1042",0.0369417768094009,0.0361918302891299,0.0828562802514824,0.0459145034420814,0,0.0466644499623525,-0.889299915360808,-1.44101056432007,-0.132341679334889,115.133333333333,17982.5829722443,24266.2541121751,"0",1996,0,2008.1,2008.9,1.57270231089397,"1043","559",-1.01624296229586,2.94656037128516,125.733333333333,17822.89079,17822.89079,"0",0,10.5,1.5,2.20211831804772,2.76764464330894,-0.52640987083009,0.0828562802514824,0.0459145034420814,0.0466644499623525,0.190452011294839,1.11936815413273,-3.08097423269622,-3.06477264697587,1.20914279974466,1.17567174735628,-1.39157033420147,-0.686134291950348
"222",2008,"1042",0.0369417768094009,0.0361918302891299,0.0828562802514824,0.0459145034420814,0,0.0466644499623525,-0.889299915360808,-1.44101056432007,-0.132341679334889,115.133333333333,17982.5829722443,24266.2541121751,"0",1996,0,2008.1,2008.9,1.57270231089397,"1043","559",-1.01624296229586,2.94656037128516,125.733333333333,17822.89079,17822.89079,"0",0,10.5,1.5,2.20211831804772,-0.906845266105482,-0.52640987083009,0.0828562802514824,0.0459145034420814,0.0466644499623525,0.190452011294839,1.11936815413273,-3.08097423269622,-3.06477264697587,1.20914279974466,1.17567174735628,-1.39157033420147,-0.686134291950348
"223",2008,"1305",-0.007619151656277,-0.0240739648231035,0.0413510892983211,0.0489702409545981,0,0.0654250541214246,0.0171567369108758,-0.657192998159256,1.33818552671168,357.1,11692.558,6837.80397435898,"0",1998,0,2008.1,2008.9,1.27104048807403,"1177","854",-0.887122167902686,3.38082191780836,115.133333333333,53575.73929,53575.73929,"0",0,7,4,0.0670985485062947,0.317984703699325,-0.52640987083009,0.0413510892983211,0.0489702409545981,0.0654250541214246,-0.406810109069396,-1.02181659662339,-3.01654249282672,-2.72685000333777,-0.293335506950445,-1.00503656329004,0.134620629848009,2.65132780448564
"224",2008,"1503",0.0468270164248198,0.050797124229002,0.100026902722689,0.0531998862978691,0,0.0492297784936869,2.39425622649005,-0.113293406755487,0.876508868868852,150.666666666667,20641.8694783933,24429.6402062589,"0",1999,0,2008.1,2008.9,0.667716842434143,"1186","1184",-0.491258670589151,2.45904633580358,115.133333333333,NA,NA,"0",0,5,4,-0.399752820206242,0.317984703699325,-0.52640987083009,0.100026902722689,0.0531998862978691,0.0492297784936869,0.442961517111926,1.69958071189647,-2.93369901989492,-3.01125658463944,1.2903688861775,1.46029222616279,1.30866174399083,1.28502711294429
"225",2008,"1503",0.0468270164248198,0.050797124229002,0.100026902722689,0.0531998862978691,0,0.0492297784936869,2.39425622649005,-0.113293406755487,0.876508868868852,150.666666666667,20641.8694783933,24429.6402062589,"0",1999,0,2008.1,2008.9,0.667716842434143,"1186","1184",-0.491258670589151,2.45904633580358,115.133333333333,NA,NA,"0",0,5,4,-0.399752820206242,-0.906845266105482,-0.52640987083009,0.100026902722689,0.0531998862978691,0.0492297784936869,0.442961517111926,1.69958071189647,-2.93369901989492,-3.01125658463944,1.2903688861775,1.46029222616279,1.30866174399083,1.28502711294429
"226",2008,"1503",0.0468270164248198,0.050797124229002,0.100026902722689,0.0531998862978691,0,0.0492297784936869,2.39425622649005,-0.113293406755487,0.876508868868852,150.666666666667,20641.8694783933,24429.6402062589,"0",1999,0,2008.1,2008.9,0.667716842434143,"1186","1184",-0.491258670589151,2.45904633580358,115.133333333333,NA,NA,"0",0,5,4,-0.399752820206242,0.317984703699325,1.89600723387475,0.100026902722689,0.0531998862978691,0.0492297784936869,0.442961517111926,1.69958071189647,-2.93369901989492,-3.01125658463944,1.2903688861775,1.46029222616279,1.30866174399083,1.28502711294429
"227",2008,"1510",-0.0124730788531426,0.00639197449481063,0.051961562228055,0.0644346410811976,0,0.0455695877332443,0.895517087693324,0.0948801472193388,1.06089218610301,90.4,19265.1351801501,34968.4026923077,"0",1999,0,2008.1,2008.9,0.667716842434143,"1247","1020",-0.507072205884972,3.62739726027394,141.377777777778,1353.503049,1353.503049,"0",0,5.5,3.5,-0.275966472441554,-0.906845266105482,-0.52640987083009,0.051961562228055,0.0644346410811976,0.0455695877332443,0.312235287919626,-0.318144394352949,-2.74210388550332,-3.0885147206368,-0.384407492413501,0.24071023332546,0.808564048802394,1.50672767542279
"228",2008,"1510",-0.0124730788531426,0.00639197449481063,0.051961562228055,0.0644346410811976,0,0.0455695877332443,0.895517087693324,0.0948801472193388,1.06089218610301,90.4,19265.1351801501,34968.4026923077,"0",1999,0,2008.1,2008.9,0.667716842434143,"1247","1020",-0.507072205884972,3.62739726027394,141.377777777778,1353.503049,1353.503049,"0",0,5.5,3.5,-0.275966472441554,-0.906845266105482,-0.52640987083009,0.051961562228055,0.0644346410811976,0.0455695877332443,0.312235287919626,-0.318144394352949,-2.74210388550332,-3.0885147206368,-0.384407492413501,0.24071023332546,0.808564048802394,1.50672767542279
"229",2008,"1510",-0.0124730788531426,0.00639197449481063,0.051961562228055,0.0644346410811976,0,0.0455695877332443,0.895517087693324,0.0948801472193388,1.06089218610301,90.4,19265.1351801501,34968.4026923077,"0",1999,0,2008.1,2008.9,0.667716842434143,"1247","1020",-0.507072205884972,3.62739726027394,141.377777777778,1353.503049,1353.503049,"0",0,5.5,3.5,-0.275966472441554,-0.906845266105482,-0.52640987083009,0.051961562228055,0.0644346410811976,0.0455695877332443,0.312235287919626,-0.318144394352949,-2.74210388550332,-3.0885147206368,-0.384407492413501,0.24071023332546,0.808564048802394,1.50672767542279
"230",2008,"1510",-0.0124730788531426,0.00639197449481063,0.051961562228055,0.0644346410811976,0,0.0455695877332443,0.895517087693324,0.0948801472193388,1.06089218610301,90.4,19265.1351801501,34968.4026923077,"0",1999,0,2008.1,2008.9,0.667716842434143,"1247","1020",-0.507072205884972,3.62739726027394,141.377777777778,1353.503049,1353.503049,"0",0,5.5,3.5,-0.275966472441554,-0.906845266105482,-0.52640987083009,0.051961562228055,0.0644346410811976,0.0455695877332443,0.312235287919626,-0.318144394352949,-2.74210388550332,-3.0885147206368,-0.384407492413501,0.24071023332546,0.808564048802394,1.50672767542279
"231",2008,"1716",0.0475192580674012,0.0410217713187314,0.0934337615094826,0.0459145034420814,1,0.0524119901907512,-2.18680066183084,-1.44101056432007,-0.632144348419286,180.377777777778,16379.8036097561,24266.2541121751,"0",2002,0,2008.1,2008.9,-0.237268626025686,"1043","1412",1.09261593310112,4.07671232876714,125.733333333333,17522.49751,17522.49751,"1",0,7.5,-1.5,0.901182748920739,0.317984703699325,-0.52640987083009,0.0934337615094826,0.0459145034420814,0.0524119901907512,0.0382619318055074,1.48951180705569,-3.08097423269622,-2.94861989339636,1.446838267543,1.18410055439614,1.0512724111108,0.972731335442985
"232",2008,"1716",0.0475192580674012,0.0410217713187314,0.0934337615094826,0.0459145034420814,1,0.0524119901907512,-2.18680066183084,-1.44101056432007,-0.632144348419286,180.377777777778,16379.8036097561,24266.2541121751,"0",2002,0,2008.1,2008.9,-0.237268626025686,"1043","1412",1.09261593310112,4.07671232876714,125.733333333333,17522.49751,17522.49751,"1",0,7.5,-1.5,0.901182748920739,0.317984703699325,-0.52640987083009,0.0934337615094826,0.0459145034420814,0.0524119901907512,0.0382619318055074,1.48951180705569,-3.08097423269622,-2.94861989339636,1.446838267543,1.18410055439614,1.0512724111108,0.972731335442985
"233",2008,"1753",0.00350760733345905,-0.00239322808669298,0.0549875797429517,0.0514799724094926,0,0.0573808078296446,0.114906882242877,0.909491587281827,0.0699073613505996,227.644444444444,60268.6802777778,21815.4118435078,"0",2002,0,2008.1,2008.9,-0.237268626025686,"1244","1188",0.295162312112243,5.17775282581033,223.033333333333,5743.051037,5743.051037,"0",0,5,1,-0.278324307637072,-0.906845266105482,-0.52640987083009,0.0549875797429517,0.0514799724094926,0.0573808078296446,4.20567997145028,-0.143761488109746,-2.9665624322005,-2.8580453899354,0.171645267068842,-0.126353417223747,1.53752808065258,1.89696963883298
"234",2008,"1753",0.00350760733345905,-0.00239322808669298,0.0549875797429517,0.0514799724094926,0,0.0573808078296446,0.114906882242877,0.909491587281827,0.0699073613505996,227.644444444444,60268.6802777778,21815.4118435078,"0",2002,0,2008.1,2008.9,-0.237268626025686,"1244","1188",0.295162312112243,5.17775282581033,223.033333333333,5743.051037,5743.051037,"0",0,5,1,-0.278324307637072,-0.906845266105482,-0.52640987083009,0.0549875797429517,0.0514799724094926,0.0573808078296446,4.20567997145028,-0.143761488109746,-2.9665624322005,-2.8580453899354,0.171645267068842,-0.126353417223747,1.53752808065258,1.89696963883298
"235",2008,"1753",0.00350760733345905,-0.00239322808669298,0.0549875797429517,0.0514799724094926,0,0.0573808078296446,0.114906882242877,0.909491587281827,0.0699073613505996,227.644444444444,60268.6802777778,21815.4118435078,"0",2002,0,2008.1,2008.9,-0.237268626025686,"1244","1188",0.295162312112243,5.17775282581033,223.033333333333,5743.051037,5743.051037,"0",0,5,1,-0.278324307637072,-0.906845266105482,-0.52640987083009,0.0549875797429517,0.0514799724094926,0.0573808078296446,4.20567997145028,-0.143761488109746,-2.9665624322005,-2.8580453899354,0.171645267068842,-0.126353417223747,1.53752808065258,1.89696963883298
"236",2008,"1776",0.0511248445563402,0.0641889630990214,0.103086406784395,0.051961562228055,0,0.0388974436853738,0.139713930123801,1.17332843424103,0.724525366549397,194.488888888889,8128.39944444445,19265.1351801501,"0",2002,0,2008.1,2008.9,-0.237268626025686,"1510","1542",-0.180058850515503,3.10410958904117,90.4,NA,NA,"0",0,4,2,-1.2220478446431,1.54281467350413,-0.52640987083009,0.103086406784395,0.051961562228055,0.0388974436853738,-0.745240704432501,1.7924002382772,-2.95725102165683,-3.24682674554601,1.39657019822572,2.02123069758236,2.1620854970105,1.93544355989967
"237",2008,"1864",-0.044022776258799,0.0249487664921797,0.0560041264638899,0.100026902722689,0,0.0310553599717103,0.847438970956359,0.97757851786374,0.764921043704314,150.388888888889,12588.2127025765,20641.8694783933,"0",2003,0,2008.1,2008.9,-0.538930448845629,"1503","1209",0.236835368610553,6.03013698630116,150.666666666667,14737.90228,14737.90228,"0",0,5.58333333333333,-0.583333333333333,-0.0826239864090894,-0.906845266105482,-0.52640987083009,0.0560041264638899,0.100026902722689,0.0310553599717103,-0.321764242139528,-0.0873272317304871,-2.30231610194849,-3.47198386161283,-1.10626027318617,1.208456420734,1.50128908149251,1.0557141743185
"238",2008,"2968",-0.0381041192263419,-0.0194445367880318,0.0485883837377727,0.0866925029641146,1,0.0680329205258045,-0.00837480342351201,-1.04732224970271,-2.70232439141984,160.8,12841.3616693069,16921.0113884535,"0",2003,0,2008.1,2008.9,-0.538930448845629,"459","176",2.53416088159262,15.0512313795944,107.544444444444,2064.81357,2064.81357,"1",0,5.5,-0.5,-0.212894380961452,1.54281467350413,1.89600723387475,0.0485883837377727,0.0866925029641146,0.0680329205258045,-0.297726771810778,-0.524927154725986,-2.44538786993661,-2.68776356557744,-1.10422078312097,-0.74705139150179,-0.0190197695621624,0.280547993793017
"239",2008,"2968",-0.0381041192263419,-0.0194445367880318,0.0485883837377727,0.0866925029641146,1,0.0680329205258045,-0.00837480342351201,-1.04732224970271,-2.70232439141984,160.8,12841.3616693069,16921.0113884535,"0",2003,0,2008.1,2008.9,-0.538930448845629,"459","176",2.53416088159262,15.0512313795944,107.544444444444,2064.81357,2064.81357,"1",0,5.5,-0.5,-0.212894380961452,2.76764464330894,1.89600723387475,0.0485883837377727,0.0866925029641146,0.0680329205258045,-0.297726771810778,-0.524927154725986,-2.44538786993661,-2.68776356557744,-1.10422078312097,-0.74705139150179,-0.0190197695621624,0.280547993793017
"240",2008,"2968",-0.0381041192263419,-0.0194445367880318,0.0485883837377727,0.0866925029641146,1,0.0680329205258045,-0.00837480342351201,-1.04732224970271,-2.70232439141984,160.8,12841.3616693069,16921.0113884535,"0",2003,0,2008.1,2008.9,-0.538930448845629,"459","176",2.53416088159262,15.0512313795944,107.544444444444,2064.81357,2064.81357,"1",0,5.5,-0.5,-0.212894380961452,2.76764464330894,-0.52640987083009,0.0485883837377727,0.0866925029641146,0.0680329205258045,-0.297726771810778,-0.524927154725986,-2.44538786993661,-2.68776356557744,-1.10422078312097,-0.74705139150179,-0.0190197695621624,0.280547993793017
"241",2008,"3002",-0.014588446803797,-0.0451503888316715,0.0525207221873888,0.0671091689911858,0,0.0976711110190603,0.543161532451247,0.693625082712081,1.21266744864255,155.488888888889,15043.945892317,15649.8439857189,"0",2003,0,2008.1,2008.9,-0.538930448845629,"1782","1495",-0.864683302107843,4.32328767123295,180.377777777778,5469.283321,5469.283321,"0",2,6,-1,-0.156895795067902,-0.906845266105482,-0.52640987083009,0.0525207221873888,0.0671091689911858,0.0976711110190603,-0.0885829084524042,-0.285168893680342,-2.70143459767534,-2.3261494543539,-0.443691769232192,-1.34618598373442,1.00056832300131,-0.203242940512134
"242",2008,"3002",-0.014588446803797,-0.0451503888316715,0.0525207221873888,0.0671091689911858,0,0.0976711110190603,0.543161532451247,0.693625082712081,1.21266744864255,155.488888888889,15043.945892317,15649.8439857189,"0",2003,0,2008.1,2008.9,-0.538930448845629,"1782","1495",-0.864683302107843,4.32328767123295,180.377777777778,5469.283321,5469.283321,"0",2,6,-1,-0.156895795067902,0.317984703699325,-0.52640987083009,0.0525207221873888,0.0671091689911858,0.0976711110190603,-0.0885829084524042,-0.285168893680342,-2.70143459767534,-2.3261494543539,-0.443691769232192,-1.34618598373442,1.00056832300131,-0.203242940512134
"243",2008,"3002",-0.014588446803797,-0.0451503888316715,0.0525207221873888,0.0671091689911858,0,0.0976711110190603,0.543161532451247,0.693625082712081,1.21266744864255,155.488888888889,15043.945892317,15649.8439857189,"0",2003,0,2008.1,2008.9,-0.538930448845629,"1782","1495",-0.864683302107843,4.32328767123295,180.377777777778,5469.283321,5469.283321,"0",2,6,-1,-0.156895795067902,0.317984703699325,1.89600723387475,0.0525207221873888,0.0671091689911858,0.0976711110190603,-0.0885829084524042,-0.285168893680342,-2.70143459767534,-2.3261494543539,-0.443691769232192,-1.34618598373442,1.00056832300131,-0.203242940512134
"244",2008,"3094",-0.0591640871112406,-0.0137505041635299,0.0334703472878253,0.0926344343990659,0,0.0472208514513552,0.818661642449914,0.0657442426304726,0.00575319531475301,210.222222222222,13917.1639171375,40475.822,"0",2004,0,2008.1,2008.9,-0.840592271665572,"1891","1523",-0.55935379655755,5.22006138183997,229.544444444444,12165.11343,12165.11343,"0",1,8,-4,0.874657102971163,0.317984703699325,-0.52640987083009,0.0334703472878253,0.0926344343990659,0.0472208514513552,-0.195575200955781,-1.67321799562491,-2.37909434469248,-3.05291971590421,-1.97277491325085,-0.763029767412499,0.756696634707502,-0.279019891352306
"245",2008,"3094",-0.0591640871112406,-0.0137505041635299,0.0334703472878253,0.0926344343990659,0,0.0472208514513552,0.818661642449914,0.0657442426304726,0.00575319531475301,210.222222222222,13917.1639171375,40475.822,"0",2004,0,2008.1,2008.9,-0.840592271665572,"1891","1523",-0.55935379655755,5.22006138183997,229.544444444444,12165.11343,12165.11343,"0",1,8,-4,0.874657102971163,0.317984703699325,-0.52640987083009,0.0334703472878253,0.0926344343990659,0.0472208514513552,-0.195575200955781,-1.67321799562491,-2.37909434469248,-3.05291971590421,-1.97277491325085,-0.763029767412499,0.756696634707502,-0.279019891352306
"246",2008,"3507",-0.00598924699082924,-0.0166935598431542,0.0562885757699219,0.0622778227607512,0,0.0729821356130762,-0.458828274921706,-2.23233319573721,-0.732508833327415,157.8,19169.6892307692,48580.1919230769,"0",2004,0,2008.1,2008.9,-0.840592271665572,"1760","2972",-0.368021253279451,1.16828355415828,199.222222222222,14805.14934,14805.14934,"0",0,5,-1,-0.39091093822305,-0.906845266105482,-0.52640987083009,0.0562885757699219,0.0622778227607512,0.0729821356130762,0.303172327063515,-0.0717192006419608,-2.77614989151067,-2.61754058541108,-0.158803742568766,-0.584734839290051,-1.1161823221526,1.02356168765757
"247",2008,"3517",-0.0400673222554784,0.0103958285024782,0.0492959634529258,0.0893632857084042,0,0.0389001349504476,-0.751600575307558,0.513194732349237,-0.677350012311808,129.111111111111,0,0,"0",2005,0,2008.1,2008.9,-1.14225409448552,"1828","1848",-0.661973268954804,1.96712328767126,172.311111111111,50246.56241,50246.56241,"0",1,4,-1,-0.824752614198337,0.317984703699325,-0.52640987083009,0.0492959634529258,0.0893632857084042,0.0389001349504476,-1.51706356821744,-0.480385788204882,-2.41504535555513,-3.24675755920058,-1.13564729324113,0.463610692192688,-0.171801926302821,-0.176691271613546
"248",2008,"3517",-0.0400673222554784,0.0103958285024782,0.0492959634529258,0.0893632857084042,0,0.0389001349504476,-0.751600575307558,0.513194732349237,-0.677350012311808,129.111111111111,0,0,"0",2005,0,2008.1,2008.9,-1.14225409448552,"1828","1848",-0.661973268954804,1.96712328767126,172.311111111111,50246.56241,50246.56241,"0",1,4,-1,-0.824752614198337,0.317984703699325,-0.52640987083009,0.0492959634529258,0.0893632857084042,0.0389001349504476,-1.51706356821744,-0.480385788204882,-2.41504535555513,-3.24675755920058,-1.13564729324113,0.463610692192688,-0.171801926302821,-0.176691271613546
"249",2008,"3567",0.00937314166485614,0.00798768084867899,0.0552085323000342,0.045835390635178,0,0.0472208514513552,0.818661642449914,1.8313399170798,1.37893517741067,248.311111111111,11994.1830565088,18416.0193059211,"0",2004,0,2008.1,2008.9,-0.840592271665572,"1757","1523",-0.221148439666753,5.51514334905323,170.922222222222,9588.849475,9588.849475,"0",0,6,-2,-0.169274429844371,-0.906845266105482,-0.52640987083009,0.0552085323000342,0.045835390635178,0.0472208514513552,-0.378169647131587,-0.131406930781794,-3.08269876496529,-3.05291971590421,0.409343305542582,0.293528362720846,0.733138173157643,0.839569696469048
"250",2008,"3574",-0.00495456706957517,0.0473629050364437,0.0993803606550273,0.104334927724603,0,0.0520174556185836,-0.102995105306645,-0.872971071909734,0.827784191268244,129.111111111111,12897.1665949568,27814.0594444444,"0",2005,0,2008.1,2008.9,-1.14225409448552,"3090","1381",-0.90833576555711,8.03287671232874,134.277777777778,12711.9407,12711.9407,"0",1,6,-3,-0.0914658683922815,-0.906845266105482,-0.52640987083009,0.0993803606550273,0.104334927724603,0.0520174556185836,-0.292427878981656,1.67960274987721,-2.2601490955214,-2.95617593175754,-0.0550125991679856,1.33031651776374,1.04366246805054,0.421796638607727
"251",2008,"3606",-0.0372532304097038,-0.0181866071118115,0.0363002109855592,0.073553441395263,0,0.0544868180973707,0.550565977824863,0.661062737156338,0.210209418619017,129.111111111111,11430.9340350877,18496.1403694581,"0",2005,0,2008.1,2008.9,-1.14225409448552,"3003","1710",-0.884499205828122,3.2383561643835,137.633333333333,6093.822529,6093.822529,"0",1,4.5,-1.5,-0.524718085568689,1.54281467350413,-0.52640987083009,0.0363002109855592,0.073553441395263,0.0544868180973707,-0.431652313148256,-1.42316878593798,-2.60974304315489,-2.90979647634116,-1.35588485273666,-0.893837836709928,-0.160943570730873,0.227500721395205
"252",2008,"3608",-0.0270977462358049,-0.00342483794960517,0.0495109377968988,0.0766086840327037,1,0.052935775746504,-0.77074198500136,0.895078376860172,0.485899415167689,129.111111111111,11053.4634234499,16222.862311522,"0",2005,0,2008.1,2008.9,-1.14225409448552,"1705","1750",-0.283326225895365,3.09041095890393,176.522222222222,6402.516632,6402.516632,"1",1,5,-2,-0.317818047161997,0.317984703699325,-0.52640987083009,0.0495109377968988,0.0766086840327037,0.052935775746504,-0.467494602944688,-0.466979952730072,-2.56904484008817,-2.93867587859494,-0.822365636097217,-0.17761980002592,-0.182433090422468,-0.228367889522449
"253",2009,"912",-0.000817512242067657,-0.0305564678541943,0.0412596809841281,0.0420771932261958,0,0.0718161488383224,-0.555332295131114,0.806786427266539,-0.70431516659154,174.444444444444,20001.5181268785,14812.2455905512,"0",1994,1,2009.1,2009.9,2.4776877793538,"64","178",1.00655978695122,5.68684781795059,143.744444444444,NA,NA,"0",0,8,7,0.71314539207819,0.317984703699325,1.89600723387475,0.0412596809841281,0.0420771932261958,0.0718161488383224,0.382157687608628,-1.02863437770506,-3.16824941367568,-2.6336459140346,0.00242352139759979,-1.2064795733791,-0.982028531759832,-1.05873776811569
"254",2009,"912",-0.000817512242067657,-0.0305564678541943,0.0412596809841281,0.0420771932261958,0,0.0718161488383224,-0.555332295131114,0.806786427266539,-0.70431516659154,174.444444444444,20001.5181268785,14812.2455905512,"0",1994,1,2009.1,2009.9,2.4776877793538,"64","178",1.00655978695122,5.68684781795059,143.744444444444,NA,NA,"0",0,8,7,0.71314539207819,0.317984703699325,-0.52640987083009,0.0412596809841281,0.0420771932261958,0.0718161488383224,0.382157687608628,-1.02863437770506,-3.16824941367568,-2.6336459140346,0.00242352139759979,-1.2064795733791,-0.982028531759832,-1.05873776811569
"255",2009,"1042",0.0369417768094009,0.0361918302891299,0.0828562802514824,0.0459145034420814,0,0.0466644499623525,-0.889299915360808,-1.44101056432007,-0.132341679334889,115.133333333333,17982.5829722443,24266.2541121751,"0",1996,0,2009.1,2009.9,1.87436413371392,"1043","559",-1.01624296229586,2.94656037128516,125.733333333333,29031.561405,29031.561405,"0",1,10.5,2.5,2.20211831804772,0.317984703699325,1.89600723387475,0.0828562802514824,0.0459145034420814,0.0466644499623525,0.190452011294839,1.11936815413273,-3.08097423269622,-3.06477264697587,1.20914279974466,1.17567174735628,-1.39157033420147,-0.686134291950348
"256",2009,"1042",0.0369417768094009,0.0361918302891299,0.0828562802514824,0.0459145034420814,0,0.0466644499623525,-0.889299915360808,-1.44101056432007,-0.132341679334889,115.133333333333,17982.5829722443,24266.2541121751,"0",1996,0,2009.1,2009.9,1.87436413371392,"1043","559",-1.01624296229586,2.94656037128516,125.733333333333,29031.561405,29031.561405,"0",1,10.5,2.5,2.20211831804772,-0.906845266105482,-0.52640987083009,0.0828562802514824,0.0459145034420814,0.0466644499623525,0.190452011294839,1.11936815413273,-3.08097423269622,-3.06477264697587,1.20914279974466,1.17567174735628,-1.39157033420147,-0.686134291950348
"257",2009,"1042",0.0369417768094009,0.0361918302891299,0.0828562802514824,0.0459145034420814,0,0.0466644499623525,-0.889299915360808,-1.44101056432007,-0.132341679334889,115.133333333333,17982.5829722443,24266.2541121751,"0",1996,0,2009.1,2009.9,1.87436413371392,"1043","559",-1.01624296229586,2.94656037128516,125.733333333333,29031.561405,29031.561405,"0",1,10.5,2.5,2.20211831804772,2.76764464330894,-0.52640987083009,0.0828562802514824,0.0459145034420814,0.0466644499623525,0.190452011294839,1.11936815413273,-3.08097423269622,-3.06477264697587,1.20914279974466,1.17567174735628,-1.39157033420147,-0.686134291950348
"258",2009,"1042",0.0369417768094009,0.0361918302891299,0.0828562802514824,0.0459145034420814,0,0.0466644499623525,-0.889299915360808,-1.44101056432007,-0.132341679334889,115.133333333333,17982.5829722443,24266.2541121751,"0",1996,0,2009.1,2009.9,1.87436413371392,"1043","559",-1.01624296229586,2.94656037128516,125.733333333333,29031.561405,29031.561405,"0",1,10.5,2.5,2.20211831804772,-0.906845266105482,-0.52640987083009,0.0828562802514824,0.0459145034420814,0.0466644499623525,0.190452011294839,1.11936815413273,-3.08097423269622,-3.06477264697587,1.20914279974466,1.17567174735628,-1.39157033420147,-0.686134291950348
"259",2009,"1042",0.0369417768094009,0.0361918302891299,0.0828562802514824,0.0459145034420814,0,0.0466644499623525,-0.889299915360808,-1.44101056432007,-0.132341679334889,115.133333333333,17982.5829722443,24266.2541121751,"0",1996,0,2009.1,2009.9,1.87436413371392,"1043","559",-1.01624296229586,2.94656037128516,125.733333333333,29031.561405,29031.561405,"0",1,10.5,2.5,2.20211831804772,0.317984703699325,1.89600723387475,0.0828562802514824,0.0459145034420814,0.0466644499623525,0.190452011294839,1.11936815413273,-3.08097423269622,-3.06477264697587,1.20914279974466,1.17567174735628,-1.39157033420147,-0.686134291950348
"260",2009,"1305",-0.007619151656277,-0.0240739648231035,0.0413510892983211,0.0489702409545981,0,0.0654250541214246,0.0171567369108758,-0.657192998159256,1.33818552671168,357.1,11692.558,6837.80397435898,"0",1998,0,2009.1,2009.9,1.57270231089397,"1177","854",-0.887122167902686,3.38082191780836,115.133333333333,64629.48309,64629.48309,"0",0,7,5,0.0670985485062947,0.317984703699325,-0.52640987083009,0.0413510892983211,0.0489702409545981,0.0654250541214246,-0.406810109069396,-1.02181659662339,-3.01654249282672,-2.72685000333777,-0.293335506950445,-1.00503656329004,0.134620629848009,2.65132780448564
"261",2009,"1503",0.0468270164248198,0.050797124229002,0.100026902722689,0.0531998862978691,0,0.0492297784936869,2.39425622649005,-0.113293406755487,0.876508868868852,150.666666666667,20641.8694783933,24429.6402062589,"0",1999,1,2009.1,2009.9,0.969378665254086,"1186","1184",-0.491258670589151,2.45904633580358,115.133333333333,NA,NA,"0",0,5,5,-0.399752820206242,0.317984703699325,-0.52640987083009,0.100026902722689,0.0531998862978691,0.0492297784936869,0.442961517111926,1.69958071189647,-2.93369901989492,-3.01125658463944,1.2903688861775,1.46029222616279,1.30866174399083,1.28502711294429
"262",2009,"1503",0.0468270164248198,0.050797124229002,0.100026902722689,0.0531998862978691,0,0.0492297784936869,2.39425622649005,-0.113293406755487,0.876508868868852,150.666666666667,20641.8694783933,24429.6402062589,"0",1999,1,2009.1,2009.9,0.969378665254086,"1186","1184",-0.491258670589151,2.45904633580358,115.133333333333,NA,NA,"0",0,5,5,-0.399752820206242,-0.906845266105482,-0.52640987083009,0.100026902722689,0.0531998862978691,0.0492297784936869,0.442961517111926,1.69958071189647,-2.93369901989492,-3.01125658463944,1.2903688861775,1.46029222616279,1.30866174399083,1.28502711294429
"263",2009,"1510",-0.0124730788531426,0.00639197449481063,0.051961562228055,0.0644346410811976,0,0.0455695877332443,0.895517087693324,0.0948801472193388,1.06089218610301,90.4,19265.1351801501,34968.4026923077,"0",1999,0,2009.1,2009.9,0.969378665254086,"1247","1020",-0.507072205884972,3.62739726027394,141.377777777778,5675.233309,5675.233309,"0",0,5.5,4.5,-0.275966472441554,-0.906845266105482,-0.52640987083009,0.051961562228055,0.0644346410811976,0.0455695877332443,0.312235287919626,-0.318144394352949,-2.74210388550332,-3.0885147206368,-0.384407492413501,0.24071023332546,0.808564048802394,1.50672767542279
"264",2009,"1716",0.0475192580674012,0.0410217713187314,0.0934337615094826,0.0459145034420814,1,0.0524119901907512,-2.18680066183084,-1.44101056432007,-0.632144348419286,180.377777777778,16379.8036097561,24266.2541121751,"0",2002,0,2009.1,2009.9,0.064393196794257,"1043","1412",1.09261593310112,4.07671232876714,125.733333333333,35222.44175,35222.44175,"1",0,7.5,-0.5,0.901182748920739,0.317984703699325,-0.52640987083009,0.0934337615094826,0.0459145034420814,0.0524119901907512,0.0382619318055074,1.48951180705569,-3.08097423269622,-2.94861989339636,1.446838267543,1.18410055439614,1.0512724111108,0.972731335442985
"265",2009,"1716",0.0475192580674012,0.0410217713187314,0.0934337615094826,0.0459145034420814,1,0.0524119901907512,-2.18680066183084,-1.44101056432007,-0.632144348419286,180.377777777778,16379.8036097561,24266.2541121751,"0",2002,0,2009.1,2009.9,0.064393196794257,"1043","1412",1.09261593310112,4.07671232876714,125.733333333333,35222.44175,35222.44175,"1",0,7.5,-0.5,0.901182748920739,0.317984703699325,-0.52640987083009,0.0934337615094826,0.0459145034420814,0.0524119901907512,0.0382619318055074,1.48951180705569,-3.08097423269622,-2.94861989339636,1.446838267543,1.18410055439614,1.0512724111108,0.972731335442985
"266",2009,"1753",0.00350760733345905,-0.00239322808669298,0.0549875797429517,0.0514799724094926,0,0.0573808078296446,0.114906882242877,0.909491587281827,0.0699073613505996,227.644444444444,60268.6802777778,21815.4118435078,"0",2002,0,2009.1,2009.9,0.064393196794257,"1244","1188",0.295162312112243,5.17775282581033,223.033333333333,32954.13025,32954.13025,"0",1,5,2,-0.278324307637072,-0.906845266105482,-0.52640987083009,0.0549875797429517,0.0514799724094926,0.0573808078296446,4.20567997145028,-0.143761488109746,-2.9665624322005,-2.8580453899354,0.171645267068842,-0.126353417223747,1.53752808065258,1.89696963883298
"267",2009,"1753",0.00350760733345905,-0.00239322808669298,0.0549875797429517,0.0514799724094926,0,0.0573808078296446,0.114906882242877,0.909491587281827,0.0699073613505996,227.644444444444,60268.6802777778,21815.4118435078,"0",2002,0,2009.1,2009.9,0.064393196794257,"1244","1188",0.295162312112243,5.17775282581033,223.033333333333,32954.13025,32954.13025,"0",1,5,2,-0.278324307637072,-0.906845266105482,-0.52640987083009,0.0549875797429517,0.0514799724094926,0.0573808078296446,4.20567997145028,-0.143761488109746,-2.9665624322005,-2.8580453899354,0.171645267068842,-0.126353417223747,1.53752808065258,1.89696963883298
"268",2009,"1753",0.00350760733345905,-0.00239322808669298,0.0549875797429517,0.0514799724094926,0,0.0573808078296446,0.114906882242877,0.909491587281827,0.0699073613505996,227.644444444444,60268.6802777778,21815.4118435078,"0",2002,0,2009.1,2009.9,0.064393196794257,"1244","1188",0.295162312112243,5.17775282581033,223.033333333333,32954.13025,32954.13025,"0",1,5,2,-0.278324307637072,-0.906845266105482,-0.52640987083009,0.0549875797429517,0.0514799724094926,0.0573808078296446,4.20567997145028,-0.143761488109746,-2.9665624322005,-2.8580453899354,0.171645267068842,-0.126353417223747,1.53752808065258,1.89696963883298
"269",2009,"1753",0.00350760733345905,-0.00239322808669298,0.0549875797429517,0.0514799724094926,0,0.0573808078296446,0.114906882242877,0.909491587281827,0.0699073613505996,227.644444444444,60268.6802777778,21815.4118435078,"0",2002,0,2009.1,2009.9,0.064393196794257,"1244","1188",0.295162312112243,5.17775282581033,223.033333333333,32954.13025,32954.13025,"0",1,5,2,-0.278324307637072,0.317984703699325,1.89600723387475,0.0549875797429517,0.0514799724094926,0.0573808078296446,4.20567997145028,-0.143761488109746,-2.9665624322005,-2.8580453899354,0.171645267068842,-0.126353417223747,1.53752808065258,1.89696963883298
"270",2009,"1864",-0.044022776258799,0.0249487664921797,0.0560041264638899,0.100026902722689,0,0.0310553599717103,0.847438970956359,0.97757851786374,0.764921043704314,150.388888888889,12588.2127025765,20641.8694783933,"0",2003,0,2009.1,2009.9,-0.237268626025686,"1503","1209",0.236835368610553,6.03013698630116,150.666666666667,11921.986235,11921.986235,"0",1,5.58333333333333,0.416666666666667,-0.0826239864090894,-0.906845266105482,-0.52640987083009,0.0560041264638899,0.100026902722689,0.0310553599717103,-0.321764242139528,-0.0873272317304871,-2.30231610194849,-3.47198386161283,-1.10626027318617,1.208456420734,1.50128908149251,1.0557141743185
"271",2009,"2968",-0.0381041192263419,-0.0194445367880318,0.0485883837377727,0.0866925029641146,1,0.0680329205258045,-0.00837480342351201,-1.04732224970271,-2.70232439141984,160.8,12841.3616693069,16921.0113884535,"0",2003,0,2009.1,2009.9,-0.237268626025686,"459","176",2.53416088159262,15.0512313795944,107.544444444444,26722.70766,26722.70766,"1",1,5.5,0.5,-0.212894380961452,1.54281467350413,1.89600723387475,0.0485883837377727,0.0866925029641146,0.0680329205258045,-0.297726771810778,-0.524927154725986,-2.44538786993661,-2.68776356557744,-1.10422078312097,-0.74705139150179,-0.0190197695621624,0.280547993793017
"272",2009,"2968",-0.0381041192263419,-0.0194445367880318,0.0485883837377727,0.0866925029641146,1,0.0680329205258045,-0.00837480342351201,-1.04732224970271,-2.70232439141984,160.8,12841.3616693069,16921.0113884535,"0",2003,0,2009.1,2009.9,-0.237268626025686,"459","176",2.53416088159262,15.0512313795944,107.544444444444,26722.70766,26722.70766,"1",1,5.5,0.5,-0.212894380961452,2.76764464330894,1.89600723387475,0.0485883837377727,0.0866925029641146,0.0680329205258045,-0.297726771810778,-0.524927154725986,-2.44538786993661,-2.68776356557744,-1.10422078312097,-0.74705139150179,-0.0190197695621624,0.280547993793017
"273",2009,"2968",-0.0381041192263419,-0.0194445367880318,0.0485883837377727,0.0866925029641146,1,0.0680329205258045,-0.00837480342351201,-1.04732224970271,-2.70232439141984,160.8,12841.3616693069,16921.0113884535,"0",2003,0,2009.1,2009.9,-0.237268626025686,"459","176",2.53416088159262,15.0512313795944,107.544444444444,26722.70766,26722.70766,"1",1,5.5,0.5,-0.212894380961452,2.76764464330894,-0.52640987083009,0.0485883837377727,0.0866925029641146,0.0680329205258045,-0.297726771810778,-0.524927154725986,-2.44538786993661,-2.68776356557744,-1.10422078312097,-0.74705139150179,-0.0190197695621624,0.280547993793017
"274",2009,"2968",-0.0381041192263419,-0.0194445367880318,0.0485883837377727,0.0866925029641146,1,0.0680329205258045,-0.00837480342351201,-1.04732224970271,-2.70232439141984,160.8,12841.3616693069,16921.0113884535,"0",2003,0,2009.1,2009.9,-0.237268626025686,"459","176",2.53416088159262,15.0512313795944,107.544444444444,26722.70766,26722.70766,"1",1,5.5,0.5,-0.212894380961452,-0.906845266105482,-0.52640987083009,0.0485883837377727,0.0866925029641146,0.0680329205258045,-0.297726771810778,-0.524927154725986,-2.44538786993661,-2.68776356557744,-1.10422078312097,-0.74705139150179,-0.0190197695621624,0.280547993793017
"275",2009,"3002",-0.014588446803797,-0.0451503888316715,0.0525207221873888,0.0671091689911858,0,0.0976711110190603,0.543161532451247,0.693625082712081,1.21266744864255,155.488888888889,15043.945892317,15649.8439857189,"0",2003,0,2009.1,2009.9,-0.237268626025686,"1782","1495",-0.864683302107843,4.32328767123295,180.377777777778,13795.6911425,13795.6911425,"0",2,6,0,-0.156895795067902,-0.906845266105482,-0.52640987083009,0.0525207221873888,0.0671091689911858,0.0976711110190603,-0.0885829084524042,-0.285168893680342,-2.70143459767534,-2.3261494543539,-0.443691769232192,-1.34618598373442,1.00056832300131,-0.203242940512134
"276",2009,"3002",-0.014588446803797,-0.0451503888316715,0.0525207221873888,0.0671091689911858,0,0.0976711110190603,0.543161532451247,0.693625082712081,1.21266744864255,155.488888888889,15043.945892317,15649.8439857189,"0",2003,0,2009.1,2009.9,-0.237268626025686,"1782","1495",-0.864683302107843,4.32328767123295,180.377777777778,13795.6911425,13795.6911425,"0",2,6,0,-0.156895795067902,0.317984703699325,-0.52640987083009,0.0525207221873888,0.0671091689911858,0.0976711110190603,-0.0885829084524042,-0.285168893680342,-2.70143459767534,-2.3261494543539,-0.443691769232192,-1.34618598373442,1.00056832300131,-0.203242940512134
"277",2009,"3002",-0.014588446803797,-0.0451503888316715,0.0525207221873888,0.0671091689911858,0,0.0976711110190603,0.543161532451247,0.693625082712081,1.21266744864255,155.488888888889,15043.945892317,15649.8439857189,"0",2003,0,2009.1,2009.9,-0.237268626025686,"1782","1495",-0.864683302107843,4.32328767123295,180.377777777778,13795.6911425,13795.6911425,"0",2,6,0,-0.156895795067902,0.317984703699325,1.89600723387475,0.0525207221873888,0.0671091689911858,0.0976711110190603,-0.0885829084524042,-0.285168893680342,-2.70143459767534,-2.3261494543539,-0.443691769232192,-1.34618598373442,1.00056832300131,-0.203242940512134
"278",2009,"3002",-0.014588446803797,-0.0451503888316715,0.0525207221873888,0.0671091689911858,0,0.0976711110190603,0.543161532451247,0.693625082712081,1.21266744864255,155.488888888889,15043.945892317,15649.8439857189,"0",2003,0,2009.1,2009.9,-0.237268626025686,"1782","1495",-0.864683302107843,4.32328767123295,180.377777777778,13795.6911425,13795.6911425,"0",2,6,0,-0.156895795067902,-0.906845266105482,-0.52640987083009,0.0525207221873888,0.0671091689911858,0.0976711110190603,-0.0885829084524042,-0.285168893680342,-2.70143459767534,-2.3261494543539,-0.443691769232192,-1.34618598373442,1.00056832300131,-0.203242940512134
"279",2009,"3002",-0.014588446803797,-0.0451503888316715,0.0525207221873888,0.0671091689911858,0,0.0976711110190603,0.543161532451247,0.693625082712081,1.21266744864255,155.488888888889,15043.945892317,15649.8439857189,"0",2003,0,2009.1,2009.9,-0.237268626025686,"1782","1495",-0.864683302107843,4.32328767123295,180.377777777778,13795.6911425,13795.6911425,"0",2,6,0,-0.156895795067902,-0.906845266105482,-0.52640987083009,0.0525207221873888,0.0671091689911858,0.0976711110190603,-0.0885829084524042,-0.285168893680342,-2.70143459767534,-2.3261494543539,-0.443691769232192,-1.34618598373442,1.00056832300131,-0.203242940512134
"280",2009,"3094",-0.0591640871112406,-0.0137505041635299,0.0334703472878253,0.0926344343990659,0,0.0472208514513552,0.818661642449914,0.0657442426304726,0.00575319531475301,210.222222222222,13917.1639171375,40475.822,"0",2004,0,2009.1,2009.9,-0.538930448845629,"1891","1523",-0.55935379655755,5.22006138183997,229.544444444444,20547.520855,20547.520855,"0",1,8,-3,0.874657102971163,0.317984703699325,-0.52640987083009,0.0334703472878253,0.0926344343990659,0.0472208514513552,-0.195575200955781,-1.67321799562491,-2.37909434469248,-3.05291971590421,-1.97277491325085,-0.763029767412499,0.756696634707502,-0.279019891352306
"281",2009,"3094",-0.0591640871112406,-0.0137505041635299,0.0334703472878253,0.0926344343990659,0,0.0472208514513552,0.818661642449914,0.0657442426304726,0.00575319531475301,210.222222222222,13917.1639171375,40475.822,"0",2004,0,2009.1,2009.9,-0.538930448845629,"1891","1523",-0.55935379655755,5.22006138183997,229.544444444444,20547.520855,20547.520855,"0",1,8,-3,0.874657102971163,0.317984703699325,-0.52640987083009,0.0334703472878253,0.0926344343990659,0.0472208514513552,-0.195575200955781,-1.67321799562491,-2.37909434469248,-3.05291971590421,-1.97277491325085,-0.763029767412499,0.756696634707502,-0.279019891352306
"282",2009,"3094",-0.0591640871112406,-0.0137505041635299,0.0334703472878253,0.0926344343990659,0,0.0472208514513552,0.818661642449914,0.0657442426304726,0.00575319531475301,210.222222222222,13917.1639171375,40475.822,"0",2004,0,2009.1,2009.9,-0.538930448845629,"1891","1523",-0.55935379655755,5.22006138183997,229.544444444444,20547.520855,20547.520855,"0",1,8,-3,0.874657102971163,-0.906845266105482,-0.52640987083009,0.0334703472878253,0.0926344343990659,0.0472208514513552,-0.195575200955781,-1.67321799562491,-2.37909434469248,-3.05291971590421,-1.97277491325085,-0.763029767412499,0.756696634707502,-0.279019891352306
"283",2009,"3517",-0.0400673222554784,0.0103958285024782,0.0492959634529258,0.0893632857084042,0,0.0389001349504476,-0.751600575307558,0.513194732349237,-0.677350012311808,129.111111111111,0,0,"0",2005,0,2009.1,2009.9,-0.840592271665572,"1828","1848",-0.661973268954804,1.96712328767126,172.311111111111,30730.61493,30730.61493,"0",0,4,0,-0.824752614198337,0.317984703699325,-0.52640987083009,0.0492959634529258,0.0893632857084042,0.0389001349504476,-1.51706356821744,-0.480385788204882,-2.41504535555513,-3.24675755920058,-1.13564729324113,0.463610692192688,-0.171801926302821,-0.176691271613546
"284",2009,"3517",-0.0400673222554784,0.0103958285024782,0.0492959634529258,0.0893632857084042,0,0.0389001349504476,-0.751600575307558,0.513194732349237,-0.677350012311808,129.111111111111,0,0,"0",2005,0,2009.1,2009.9,-0.840592271665572,"1828","1848",-0.661973268954804,1.96712328767126,172.311111111111,30730.61493,30730.61493,"0",0,4,0,-0.824752614198337,0.317984703699325,-0.52640987083009,0.0492959634529258,0.0893632857084042,0.0389001349504476,-1.51706356821744,-0.480385788204882,-2.41504535555513,-3.24675755920058,-1.13564729324113,0.463610692192688,-0.171801926302821,-0.176691271613546
"285",2009,"3567",0.00937314166485614,0.00798768084867899,0.0552085323000342,0.045835390635178,0,0.0472208514513552,0.818661642449914,1.8313399170798,1.37893517741067,248.311111111111,11994.1830565088,18416.0193059211,"0",2004,0,2009.1,2009.9,-0.538930448845629,"1757","1523",-0.221148439666753,5.51514334905323,170.922222222222,22054.98154,22054.98154,"0",1,6,-1,-0.169274429844371,-0.906845266105482,-0.52640987083009,0.0552085323000342,0.045835390635178,0.0472208514513552,-0.378169647131587,-0.131406930781794,-3.08269876496529,-3.05291971590421,0.409343305542582,0.293528362720846,0.733138173157643,0.839569696469048
"286",2009,"3574",-0.00495456706957517,0.0473629050364437,0.0993803606550273,0.104334927724603,0,0.0520174556185836,-0.102995105306645,-0.872971071909734,0.827784191268244,129.111111111111,12897.1665949568,27814.0594444444,"0",2005,0,2009.1,2009.9,-0.840592271665572,"3090","1381",-0.90833576555711,8.03287671232874,134.277777777778,32081.16282,32081.16282,"0",1,6,-2,-0.0914658683922815,-0.906845266105482,-0.52640987083009,0.0993803606550273,0.104334927724603,0.0520174556185836,-0.292427878981656,1.67960274987721,-2.2601490955214,-2.95617593175754,-0.0550125991679856,1.33031651776374,1.04366246805054,0.421796638607727
"287",2009,"3574",-0.00495456706957517,0.0473629050364437,0.0993803606550273,0.104334927724603,0,0.0520174556185836,-0.102995105306645,-0.872971071909734,0.827784191268244,129.111111111111,12897.1665949568,27814.0594444444,"0",2005,0,2009.1,2009.9,-0.840592271665572,"3090","1381",-0.90833576555711,8.03287671232874,134.277777777778,32081.16282,32081.16282,"0",1,6,-2,-0.0914658683922815,-0.906845266105482,-0.52640987083009,0.0993803606550273,0.104334927724603,0.0520174556185836,-0.292427878981656,1.67960274987721,-2.2601490955214,-2.95617593175754,-0.0550125991679856,1.33031651776374,1.04366246805054,0.421796638607727
"288",2009,"3590",0.0161289929153974,-0.0735884492247137,0.0462098583284921,0.0300808654130946,1,0.119798307553206,-0.592948570709805,1.49459702171681,0.563713133754837,129.111111111111,14188.6794172063,14820.5340569878,"0",2005,0,2009.1,2009.9,-0.840592271665572,"2963","1796",-0.809159584010674,3.06027397260277,148.244444444444,5088.5069825,5088.5069825,"1",1,3,1,-1.27568859534113,-0.906845266105482,-0.52640987083009,0.0462098583284921,0.0300808654130946,0.119798307553206,-0.169793757480051,-0.679556713489358,-3.50386600993222,-2.12194572066931,0.890575422306636,-2.04756010655201,-0.182433090422468,-0.224809678397662
"289",2009,"3606",-0.0372532304097038,-0.0181866071118115,0.0363002109855592,0.073553441395263,0,0.0544868180973707,0.550565977824863,0.661062737156338,0.210209418619017,129.111111111111,11430.9340350877,18496.1403694581,"0",2005,0,2009.1,2009.9,-0.840592271665572,"3003","1710",-0.884499205828122,3.2383561643835,137.633333333333,17395.64586,17395.64586,"0",2,4.5,-0.5,-0.524718085568689,1.54281467350413,-0.52640987083009,0.0363002109855592,0.073553441395263,0.0544868180973707,-0.431652313148256,-1.42316878593798,-2.60974304315489,-2.90979647634116,-1.35588485273666,-0.893837836709928,-0.160943570730873,0.227500721395205
"290",2009,"3606",-0.0372532304097038,-0.0181866071118115,0.0363002109855592,0.073553441395263,0,0.0544868180973707,0.550565977824863,0.661062737156338,0.210209418619017,129.111111111111,11430.9340350877,18496.1403694581,"0",2005,0,2009.1,2009.9,-0.840592271665572,"3003","1710",-0.884499205828122,3.2383561643835,137.633333333333,17395.64586,17395.64586,"0",2,4.5,-0.5,-0.524718085568689,0.317984703699325,-0.52640987083009,0.0363002109855592,0.073553441395263,0.0544868180973707,-0.431652313148256,-1.42316878593798,-2.60974304315489,-2.90979647634116,-1.35588485273666,-0.893837836709928,-0.160943570730873,0.227500721395205
"291",2009,"3606",-0.0372532304097038,-0.0181866071118115,0.0363002109855592,0.073553441395263,0,0.0544868180973707,0.550565977824863,0.661062737156338,0.210209418619017,129.111111111111,11430.9340350877,18496.1403694581,"0",2005,0,2009.1,2009.9,-0.840592271665572,"3003","1710",-0.884499205828122,3.2383561643835,137.633333333333,17395.64586,17395.64586,"0",2,4.5,-0.5,-0.524718085568689,0.317984703699325,1.89600723387475,0.0363002109855592,0.073553441395263,0.0544868180973707,-0.431652313148256,-1.42316878593798,-2.60974304315489,-2.90979647634116,-1.35588485273666,-0.893837836709928,-0.160943570730873,0.227500721395205
"292",2009,"3608",-0.0270977462358049,-0.00342483794960517,0.0495109377968988,0.0766086840327037,1,0.052935775746504,-0.77074198500136,0.895078376860172,0.485899415167689,129.111111111111,11053.4634234499,16222.862311522,"0",2005,0,2009.1,2009.9,-0.840592271665572,"1705","1750",-0.283326225895365,3.09041095890393,176.522222222222,36841.143075,36841.143075,"1",1,5,-1,-0.317818047161997,0.317984703699325,-0.52640987083009,0.0495109377968988,0.0766086840327037,0.052935775746504,-0.467494602944688,-0.466979952730072,-2.56904484008817,-2.93867587859494,-0.822365636097217,-0.17761980002592,-0.182433090422468,-0.228367889522449
"293",2009,"3608",-0.0270977462358049,-0.00342483794960517,0.0495109377968988,0.0766086840327037,1,0.052935775746504,-0.77074198500136,0.895078376860172,0.485899415167689,129.111111111111,11053.4634234499,16222.862311522,"0",2005,0,2009.1,2009.9,-0.840592271665572,"1705","1750",-0.283326225895365,3.09041095890393,176.522222222222,36841.143075,36841.143075,"1",1,5,-1,-0.317818047161997,-0.906845266105482,-0.52640987083009,0.0495109377968988,0.0766086840327037,0.052935775746504,-0.467494602944688,-0.466979952730072,-2.56904484008817,-2.93867587859494,-0.822365636097217,-0.17761980002592,-0.182433090422468,-0.228367889522449
"294",2010,"1042",0.0369417768094009,0.0361918302891299,0.0828562802514824,0.0459145034420814,0,0.0466644499623525,-0.889299915360808,-1.44101056432007,-0.132341679334889,115.133333333333,17982.5829722443,24266.2541121751,"0",1996,0,2010.1,2010.9,2.17602595653386,"1043","559",-1.01624296229586,2.94656037128516,125.733333333333,25069.71699,25069.71699,"0",0,10.5,3.5,2.20211831804772,0.317984703699325,1.89600723387475,0.0828562802514824,0.0459145034420814,0.0466644499623525,0.190452011294839,1.11936815413273,-3.08097423269622,-3.06477264697587,1.20914279974466,1.17567174735628,-1.39157033420147,-0.686134291950348
"295",2010,"1042",0.0369417768094009,0.0361918302891299,0.0828562802514824,0.0459145034420814,0,0.0466644499623525,-0.889299915360808,-1.44101056432007,-0.132341679334889,115.133333333333,17982.5829722443,24266.2541121751,"0",1996,0,2010.1,2010.9,2.17602595653386,"1043","559",-1.01624296229586,2.94656037128516,125.733333333333,25069.71699,25069.71699,"0",0,10.5,3.5,2.20211831804772,-0.906845266105482,-0.52640987083009,0.0828562802514824,0.0459145034420814,0.0466644499623525,0.190452011294839,1.11936815413273,-3.08097423269622,-3.06477264697587,1.20914279974466,1.17567174735628,-1.39157033420147,-0.686134291950348
"296",2010,"1042",0.0369417768094009,0.0361918302891299,0.0828562802514824,0.0459145034420814,0,0.0466644499623525,-0.889299915360808,-1.44101056432007,-0.132341679334889,115.133333333333,17982.5829722443,24266.2541121751,"0",1996,0,2010.1,2010.9,2.17602595653386,"1043","559",-1.01624296229586,2.94656037128516,125.733333333333,25069.71699,25069.71699,"0",0,10.5,3.5,2.20211831804772,2.76764464330894,-0.52640987083009,0.0828562802514824,0.0459145034420814,0.0466644499623525,0.190452011294839,1.11936815413273,-3.08097423269622,-3.06477264697587,1.20914279974466,1.17567174735628,-1.39157033420147,-0.686134291950348
"297",2010,"1042",0.0369417768094009,0.0361918302891299,0.0828562802514824,0.0459145034420814,0,0.0466644499623525,-0.889299915360808,-1.44101056432007,-0.132341679334889,115.133333333333,17982.5829722443,24266.2541121751,"0",1996,0,2010.1,2010.9,2.17602595653386,"1043","559",-1.01624296229586,2.94656037128516,125.733333333333,25069.71699,25069.71699,"0",0,10.5,3.5,2.20211831804772,-0.906845266105482,-0.52640987083009,0.0828562802514824,0.0459145034420814,0.0466644499623525,0.190452011294839,1.11936815413273,-3.08097423269622,-3.06477264697587,1.20914279974466,1.17567174735628,-1.39157033420147,-0.686134291950348
"298",2010,"1042",0.0369417768094009,0.0361918302891299,0.0828562802514824,0.0459145034420814,0,0.0466644499623525,-0.889299915360808,-1.44101056432007,-0.132341679334889,115.133333333333,17982.5829722443,24266.2541121751,"0",1996,0,2010.1,2010.9,2.17602595653386,"1043","559",-1.01624296229586,2.94656037128516,125.733333333333,25069.71699,25069.71699,"0",0,10.5,3.5,2.20211831804772,0.317984703699325,1.89600723387475,0.0828562802514824,0.0459145034420814,0.0466644499623525,0.190452011294839,1.11936815413273,-3.08097423269622,-3.06477264697587,1.20914279974466,1.17567174735628,-1.39157033420147,-0.686134291950348
"299",2010,"1305",-0.007619151656277,-0.0240739648231035,0.0413510892983211,0.0489702409545981,0,0.0654250541214246,0.0171567369108758,-0.657192998159256,1.33818552671168,357.1,11692.558,6837.80397435898,"0",1998,1,2010.1,2010.9,1.87436413371392,"1177","854",-0.887122167902686,3.38082191780836,115.133333333333,NA,NA,"0",0,7,6,0.0670985485062947,0.317984703699325,-0.52640987083009,0.0413510892983211,0.0489702409545981,0.0654250541214246,-0.406810109069396,-1.02181659662339,-3.01654249282672,-2.72685000333777,-0.293335506950445,-1.00503656329004,0.134620629848009,2.65132780448564
"300",2010,"1510",-0.0124730788531426,0.00639197449481063,0.051961562228055,0.0644346410811976,0,0.0455695877332443,0.895517087693324,0.0948801472193388,1.06089218610301,90.4,19265.1351801501,34968.4026923077,"0",1999,1,2010.1,2010.9,1.27104048807403,"1247","1020",-0.507072205884972,3.62739726027394,141.377777777778,NA,NA,"0",0,5.5,5.5,-0.275966472441554,-0.906845266105482,-0.52640987083009,0.051961562228055,0.0644346410811976,0.0455695877332443,0.312235287919626,-0.318144394352949,-2.74210388550332,-3.0885147206368,-0.384407492413501,0.24071023332546,0.808564048802394,1.50672767542279
"301",2010,"1716",0.0475192580674012,0.0410217713187314,0.0934337615094826,0.0459145034420814,1,0.0524119901907512,-2.18680066183084,-1.44101056432007,-0.632144348419286,180.377777777778,16379.8036097561,24266.2541121751,"0",2002,0,2010.1,2010.9,0.3660550196142,"1043","1412",1.09261593310112,4.07671232876714,125.733333333333,29681.02248,29681.02248,"1",1,7.5,0.5,0.901182748920739,0.317984703699325,-0.52640987083009,0.0934337615094826,0.0459145034420814,0.0524119901907512,0.0382619318055074,1.48951180705569,-3.08097423269622,-2.94861989339636,1.446838267543,1.18410055439614,1.0512724111108,0.972731335442985
"302",2010,"1753",0.00350760733345905,-0.00239322808669298,0.0549875797429517,0.0514799724094926,0,0.0573808078296446,0.114906882242877,0.909491587281827,0.0699073613505996,227.644444444444,60268.6802777778,21815.4118435078,"0",2002,0,2010.1,2010.9,0.3660550196142,"1244","1188",0.295162312112243,5.17775282581033,223.033333333333,16574.91549,16574.91549,"0",0,5,3,-0.278324307637072,-0.906845266105482,-0.52640987083009,0.0549875797429517,0.0514799724094926,0.0573808078296446,4.20567997145028,-0.143761488109746,-2.9665624322005,-2.8580453899354,0.171645267068842,-0.126353417223747,1.53752808065258,1.89696963883298
"303",2010,"1753",0.00350760733345905,-0.00239322808669298,0.0549875797429517,0.0514799724094926,0,0.0573808078296446,0.114906882242877,0.909491587281827,0.0699073613505996,227.644444444444,60268.6802777778,21815.4118435078,"0",2002,0,2010.1,2010.9,0.3660550196142,"1244","1188",0.295162312112243,5.17775282581033,223.033333333333,16574.91549,16574.91549,"0",0,5,3,-0.278324307637072,0.317984703699325,1.89600723387475,0.0549875797429517,0.0514799724094926,0.0573808078296446,4.20567997145028,-0.143761488109746,-2.9665624322005,-2.8580453899354,0.171645267068842,-0.126353417223747,1.53752808065258,1.89696963883298
"304",2010,"1864",-0.044022776258799,0.0249487664921797,0.0560041264638899,0.100026902722689,0,0.0310553599717103,0.847438970956359,0.97757851786374,0.764921043704314,150.388888888889,12588.2127025765,20641.8694783933,"0",2003,0,2010.1,2010.9,0.064393196794257,"1503","1209",0.236835368610553,6.03013698630116,150.666666666667,15405.20166,15405.20166,"0",0,5.58333333333333,1.41666666666667,-0.0826239864090894,-0.906845266105482,-0.52640987083009,0.0560041264638899,0.100026902722689,0.0310553599717103,-0.321764242139528,-0.0873272317304871,-2.30231610194849,-3.47198386161283,-1.10626027318617,1.208456420734,1.50128908149251,1.0557141743185
"305",2010,"2968",-0.0381041192263419,-0.0194445367880318,0.0485883837377727,0.0866925029641146,1,0.0680329205258045,-0.00837480342351201,-1.04732224970271,-2.70232439141984,160.8,12841.3616693069,16921.0113884535,"0",2003,0,2010.1,2010.9,0.064393196794257,"459","176",2.53416088159262,15.0512313795944,107.544444444444,33707.4574,33707.4574,"1",1,5.5,1.5,-0.212894380961452,1.54281467350413,1.89600723387475,0.0485883837377727,0.0866925029641146,0.0680329205258045,-0.297726771810778,-0.524927154725986,-2.44538786993661,-2.68776356557744,-1.10422078312097,-0.74705139150179,-0.0190197695621624,0.280547993793017
"306",2010,"2968",-0.0381041192263419,-0.0194445367880318,0.0485883837377727,0.0866925029641146,1,0.0680329205258045,-0.00837480342351201,-1.04732224970271,-2.70232439141984,160.8,12841.3616693069,16921.0113884535,"0",2003,0,2010.1,2010.9,0.064393196794257,"459","176",2.53416088159262,15.0512313795944,107.544444444444,33707.4574,33707.4574,"1",1,5.5,1.5,-0.212894380961452,2.76764464330894,1.89600723387475,0.0485883837377727,0.0866925029641146,0.0680329205258045,-0.297726771810778,-0.524927154725986,-2.44538786993661,-2.68776356557744,-1.10422078312097,-0.74705139150179,-0.0190197695621624,0.280547993793017
"307",2010,"2968",-0.0381041192263419,-0.0194445367880318,0.0485883837377727,0.0866925029641146,1,0.0680329205258045,-0.00837480342351201,-1.04732224970271,-2.70232439141984,160.8,12841.3616693069,16921.0113884535,"0",2003,0,2010.1,2010.9,0.064393196794257,"459","176",2.53416088159262,15.0512313795944,107.544444444444,33707.4574,33707.4574,"1",1,5.5,1.5,-0.212894380961452,2.76764464330894,-0.52640987083009,0.0485883837377727,0.0866925029641146,0.0680329205258045,-0.297726771810778,-0.524927154725986,-2.44538786993661,-2.68776356557744,-1.10422078312097,-0.74705139150179,-0.0190197695621624,0.280547993793017
"308",2010,"2968",-0.0381041192263419,-0.0194445367880318,0.0485883837377727,0.0866925029641146,1,0.0680329205258045,-0.00837480342351201,-1.04732224970271,-2.70232439141984,160.8,12841.3616693069,16921.0113884535,"0",2003,0,2010.1,2010.9,0.064393196794257,"459","176",2.53416088159262,15.0512313795944,107.544444444444,33707.4574,33707.4574,"1",1,5.5,1.5,-0.212894380961452,-0.906845266105482,-0.52640987083009,0.0485883837377727,0.0866925029641146,0.0680329205258045,-0.297726771810778,-0.524927154725986,-2.44538786993661,-2.68776356557744,-1.10422078312097,-0.74705139150179,-0.0190197695621624,0.280547993793017
"309",2010,"3002",-0.014588446803797,-0.0451503888316715,0.0525207221873888,0.0671091689911858,0,0.0976711110190603,0.543161532451247,0.693625082712081,1.21266744864255,155.488888888889,15043.945892317,15649.8439857189,"0",2003,0,2010.1,2010.9,0.064393196794257,"1782","1495",-0.864683302107843,4.32328767123295,180.377777777778,12532.65405,12532.65405,"0",1,6,1,-0.156895795067902,-0.906845266105482,-0.52640987083009,0.0525207221873888,0.0671091689911858,0.0976711110190603,-0.0885829084524042,-0.285168893680342,-2.70143459767534,-2.3261494543539,-0.443691769232192,-1.34618598373442,1.00056832300131,-0.203242940512134
"310",2010,"3002",-0.014588446803797,-0.0451503888316715,0.0525207221873888,0.0671091689911858,0,0.0976711110190603,0.543161532451247,0.693625082712081,1.21266744864255,155.488888888889,15043.945892317,15649.8439857189,"0",2003,0,2010.1,2010.9,0.064393196794257,"1782","1495",-0.864683302107843,4.32328767123295,180.377777777778,12532.65405,12532.65405,"0",1,6,1,-0.156895795067902,0.317984703699325,-0.52640987083009,0.0525207221873888,0.0671091689911858,0.0976711110190603,-0.0885829084524042,-0.285168893680342,-2.70143459767534,-2.3261494543539,-0.443691769232192,-1.34618598373442,1.00056832300131,-0.203242940512134
"311",2010,"3002",-0.014588446803797,-0.0451503888316715,0.0525207221873888,0.0671091689911858,0,0.0976711110190603,0.543161532451247,0.693625082712081,1.21266744864255,155.488888888889,15043.945892317,15649.8439857189,"0",2003,0,2010.1,2010.9,0.064393196794257,"1782","1495",-0.864683302107843,4.32328767123295,180.377777777778,12532.65405,12532.65405,"0",1,6,1,-0.156895795067902,-0.906845266105482,-0.52640987083009,0.0525207221873888,0.0671091689911858,0.0976711110190603,-0.0885829084524042,-0.285168893680342,-2.70143459767534,-2.3261494543539,-0.443691769232192,-1.34618598373442,1.00056832300131,-0.203242940512134
"312",2010,"3002",-0.014588446803797,-0.0451503888316715,0.0525207221873888,0.0671091689911858,0,0.0976711110190603,0.543161532451247,0.693625082712081,1.21266744864255,155.488888888889,15043.945892317,15649.8439857189,"0",2003,0,2010.1,2010.9,0.064393196794257,"1782","1495",-0.864683302107843,4.32328767123295,180.377777777778,12532.65405,12532.65405,"0",1,6,1,-0.156895795067902,-0.906845266105482,-0.52640987083009,0.0525207221873888,0.0671091689911858,0.0976711110190603,-0.0885829084524042,-0.285168893680342,-2.70143459767534,-2.3261494543539,-0.443691769232192,-1.34618598373442,1.00056832300131,-0.203242940512134
"313",2010,"3002",-0.014588446803797,-0.0451503888316715,0.0525207221873888,0.0671091689911858,0,0.0976711110190603,0.543161532451247,0.693625082712081,1.21266744864255,155.488888888889,15043.945892317,15649.8439857189,"0",2003,0,2010.1,2010.9,0.064393196794257,"1782","1495",-0.864683302107843,4.32328767123295,180.377777777778,12532.65405,12532.65405,"0",1,6,1,-0.156895795067902,-0.906845266105482,-0.52640987083009,0.0525207221873888,0.0671091689911858,0.0976711110190603,-0.0885829084524042,-0.285168893680342,-2.70143459767534,-2.3261494543539,-0.443691769232192,-1.34618598373442,1.00056832300131,-0.203242940512134
"314",2010,"3094",-0.0591640871112406,-0.0137505041635299,0.0334703472878253,0.0926344343990659,0,0.0472208514513552,0.818661642449914,0.0657442426304726,0.00575319531475301,210.222222222222,13917.1639171375,40475.822,"0",2004,0,2010.1,2010.9,-0.237268626025686,"1891","1523",-0.55935379655755,5.22006138183997,229.544444444444,29769.57144,29769.57144,"0",1,8,-2,0.874657102971163,0.317984703699325,-0.52640987083009,0.0334703472878253,0.0926344343990659,0.0472208514513552,-0.195575200955781,-1.67321799562491,-2.37909434469248,-3.05291971590421,-1.97277491325085,-0.763029767412499,0.756696634707502,-0.279019891352306
"315",2010,"3094",-0.0591640871112406,-0.0137505041635299,0.0334703472878253,0.0926344343990659,0,0.0472208514513552,0.818661642449914,0.0657442426304726,0.00575319531475301,210.222222222222,13917.1639171375,40475.822,"0",2004,0,2010.1,2010.9,-0.237268626025686,"1891","1523",-0.55935379655755,5.22006138183997,229.544444444444,29769.57144,29769.57144,"0",1,8,-2,0.874657102971163,0.317984703699325,-0.52640987083009,0.0334703472878253,0.0926344343990659,0.0472208514513552,-0.195575200955781,-1.67321799562491,-2.37909434469248,-3.05291971590421,-1.97277491325085,-0.763029767412499,0.756696634707502,-0.279019891352306
"316",2010,"3094",-0.0591640871112406,-0.0137505041635299,0.0334703472878253,0.0926344343990659,0,0.0472208514513552,0.818661642449914,0.0657442426304726,0.00575319531475301,210.222222222222,13917.1639171375,40475.822,"0",2004,0,2010.1,2010.9,-0.237268626025686,"1891","1523",-0.55935379655755,5.22006138183997,229.544444444444,29769.57144,29769.57144,"0",1,8,-2,0.874657102971163,-0.906845266105482,-0.52640987083009,0.0334703472878253,0.0926344343990659,0.0472208514513552,-0.195575200955781,-1.67321799562491,-2.37909434469248,-3.05291971590421,-1.97277491325085,-0.763029767412499,0.756696634707502,-0.279019891352306
"317",2010,"3094",-0.0591640871112406,-0.0137505041635299,0.0334703472878253,0.0926344343990659,0,0.0472208514513552,0.818661642449914,0.0657442426304726,0.00575319531475301,210.222222222222,13917.1639171375,40475.822,"0",2004,0,2010.1,2010.9,-0.237268626025686,"1891","1523",-0.55935379655755,5.22006138183997,229.544444444444,29769.57144,29769.57144,"0",1,8,-2,0.874657102971163,0.317984703699325,-0.52640987083009,0.0334703472878253,0.0926344343990659,0.0472208514513552,-0.195575200955781,-1.67321799562491,-2.37909434469248,-3.05291971590421,-1.97277491325085,-0.763029767412499,0.756696634707502,-0.279019891352306
"318",2010,"3517",-0.0400673222554784,0.0103958285024782,0.0492959634529258,0.0893632857084042,0,0.0389001349504476,-0.751600575307558,0.513194732349237,-0.677350012311808,129.111111111111,0,0,"0",2005,0,2010.1,2010.9,-0.538930448845629,"1828","1848",-0.661973268954804,1.96712328767126,172.311111111111,37658.52934,37658.52934,"0",1,4,1,-0.824752614198337,0.317984703699325,-0.52640987083009,0.0492959634529258,0.0893632857084042,0.0389001349504476,-1.51706356821744,-0.480385788204882,-2.41504535555513,-3.24675755920058,-1.13564729324113,0.463610692192688,-0.171801926302821,-0.176691271613546
"319",2010,"3567",0.00937314166485614,0.00798768084867899,0.0552085323000342,0.045835390635178,0,0.0472208514513552,0.818661642449914,1.8313399170798,1.37893517741067,248.311111111111,11994.1830565088,18416.0193059211,"0",2004,0,2010.1,2010.9,-0.237268626025686,"1757","1523",-0.221148439666753,5.51514334905323,170.922222222222,24896.5355,24896.5355,"0",1,6,0,-0.169274429844371,-0.906845266105482,-0.52640987083009,0.0552085323000342,0.045835390635178,0.0472208514513552,-0.378169647131587,-0.131406930781794,-3.08269876496529,-3.05291971590421,0.409343305542582,0.293528362720846,0.733138173157643,0.839569696469048
"320",2010,"3574",-0.00495456706957517,0.0473629050364437,0.0993803606550273,0.104334927724603,0,0.0520174556185836,-0.102995105306645,-0.872971071909734,0.827784191268244,129.111111111111,12897.1665949568,27814.0594444444,"0",2005,0,2010.1,2010.9,-0.538930448845629,"3090","1381",-0.90833576555711,8.03287671232874,134.277777777778,15323.10752,15323.10752,"0",0,6,-1,-0.0914658683922815,-0.906845266105482,-0.52640987083009,0.0993803606550273,0.104334927724603,0.0520174556185836,-0.292427878981656,1.67960274987721,-2.2601490955214,-2.95617593175754,-0.0550125991679856,1.33031651776374,1.04366246805054,0.421796638607727
"321",2010,"3574",-0.00495456706957517,0.0473629050364437,0.0993803606550273,0.104334927724603,0,0.0520174556185836,-0.102995105306645,-0.872971071909734,0.827784191268244,129.111111111111,12897.1665949568,27814.0594444444,"0",2005,0,2010.1,2010.9,-0.538930448845629,"3090","1381",-0.90833576555711,8.03287671232874,134.277777777778,15323.10752,15323.10752,"0",0,6,-1,-0.0914658683922815,-0.906845266105482,-0.52640987083009,0.0993803606550273,0.104334927724603,0.0520174556185836,-0.292427878981656,1.67960274987721,-2.2601490955214,-2.95617593175754,-0.0550125991679856,1.33031651776374,1.04366246805054,0.421796638607727
"322",2010,"3590",0.0161289929153974,-0.0735884492247137,0.0462098583284921,0.0300808654130946,1,0.119798307553206,-0.592948570709805,1.49459702171681,0.563713133754837,129.111111111111,14188.6794172063,14820.5340569878,"0",2005,0,2010.1,2010.9,-0.538930448845629,"2963","1796",-0.809159584010674,3.06027397260277,148.244444444444,3504.186439,3504.186439,"1",0,3,2,-1.27568859534113,-0.906845266105482,-0.52640987083009,0.0462098583284921,0.0300808654130946,0.119798307553206,-0.169793757480051,-0.679556713489358,-3.50386600993222,-2.12194572066931,0.890575422306636,-2.04756010655201,-0.182433090422468,-0.224809678397662
"323",2010,"3606",-0.0372532304097038,-0.0181866071118115,0.0363002109855592,0.073553441395263,0,0.0544868180973707,0.550565977824863,0.661062737156338,0.210209418619017,129.111111111111,11430.9340350877,18496.1403694581,"0",2005,0,2010.1,2010.9,-0.538930448845629,"3003","1710",-0.884499205828122,3.2383561643835,137.633333333333,24867.94354,24867.94354,"0",0,4.5,0.5,-0.524718085568689,1.54281467350413,-0.52640987083009,0.0363002109855592,0.073553441395263,0.0544868180973707,-0.431652313148256,-1.42316878593798,-2.60974304315489,-2.90979647634116,-1.35588485273666,-0.893837836709928,-0.160943570730873,0.227500721395205
"324",2010,"3606",-0.0372532304097038,-0.0181866071118115,0.0363002109855592,0.073553441395263,0,0.0544868180973707,0.550565977824863,0.661062737156338,0.210209418619017,129.111111111111,11430.9340350877,18496.1403694581,"0",2005,0,2010.1,2010.9,-0.538930448845629,"3003","1710",-0.884499205828122,3.2383561643835,137.633333333333,24867.94354,24867.94354,"0",0,4.5,0.5,-0.524718085568689,0.317984703699325,-0.52640987083009,0.0363002109855592,0.073553441395263,0.0544868180973707,-0.431652313148256,-1.42316878593798,-2.60974304315489,-2.90979647634116,-1.35588485273666,-0.893837836709928,-0.160943570730873,0.227500721395205
"325",2010,"3606",-0.0372532304097038,-0.0181866071118115,0.0363002109855592,0.073553441395263,0,0.0544868180973707,0.550565977824863,0.661062737156338,0.210209418619017,129.111111111111,11430.9340350877,18496.1403694581,"0",2005,0,2010.1,2010.9,-0.538930448845629,"3003","1710",-0.884499205828122,3.2383561643835,137.633333333333,24867.94354,24867.94354,"0",0,4.5,0.5,-0.524718085568689,0.317984703699325,1.89600723387475,0.0363002109855592,0.073553441395263,0.0544868180973707,-0.431652313148256,-1.42316878593798,-2.60974304315489,-2.90979647634116,-1.35588485273666,-0.893837836709928,-0.160943570730873,0.227500721395205
"326",2010,"3608",-0.0270977462358049,-0.00342483794960517,0.0495109377968988,0.0766086840327037,1,0.052935775746504,-0.77074198500136,0.895078376860172,0.485899415167689,129.111111111111,11053.4634234499,16222.862311522,"0",2005,0,2010.1,2010.9,-0.538930448845629,"1705","1750",-0.283326225895365,3.09041095890393,176.522222222222,15633.38449,15633.38449,"1",0,5,0,-0.317818047161997,-0.906845266105482,-0.52640987083009,0.0495109377968988,0.0766086840327037,0.052935775746504,-0.467494602944688,-0.466979952730072,-2.56904484008817,-2.93867587859494,-0.822365636097217,-0.17761980002592,-0.182433090422468,-0.228367889522449
"327",2010,"4964",0.00731759555749422,0.00831930519050564,0.0535920778503867,0.0462744822928925,0,0.0452727726598811,0.154566270495922,0.226212746673643,-0.000826704585591571,203.866666666667,10733.008625,15402.0188756614,"0",2006,0,2010.1,2010.9,-0.840592271665572,"2959","1831",-0.165716159490491,3.16986301369866,176.544444444444,36751.61124,36751.61124,"0",1,3,1,-1.52738750246266,1.54281467350413,1.89600723387475,0.0535920778503867,0.0462744822928925,0.0452727726598811,-0.497923021472062,-0.222956845538968,-3.07316460820498,-3.09504947222886,0.331690227484091,0.319735545914243,-0.237049012907648,-0.394636976274056
"328",2010,"5123",-0.046018133948738,-0.0141321169976018,0.0368381463027444,0.0828562802514824,0,0.0509702633003462,-0.767133958508252,-0.0934642066647141,0.685254116042458,124.466666666667,12117.4776353276,17982.5829722443,"0",2007,0,2010.1,2010.9,-1.14225409448552,"1042","1577",2.47477848323247,7.21988172767442,115.133333333333,25069.71699,25069.71699,"0",0,3,0,-1.14188144799549,0.317984703699325,1.89600723387475,0.0368381463027444,0.0828562802514824,0.0509702633003462,-0.366462351548553,-1.37784913724387,-2.49064773530915,-2.97651288885294,-1.56240023766108,-0.721930980187279,0.453337994466059,0.555104349947114
"329",2010,"5324",0.0302984607620998,0.0272216727301465,0.0828191829494886,0.0525207221873888,0,0.0555975102193422,-0.801605875807052,1.33446012118495,0.210022014177688,178.766666666667,10848.698974359,15043.945892317,"0",2008,0,2010.1,2010.9,-1.7455777401254,"3002","1581",0.475880219026901,8.89660902762171,155.488888888889,9998.066293,9998.066293,"0",2,2,-1,-1.37766496754728,0.317984703699325,-0.52640987083009,0.0828191829494886,0.0525207221873888,0.0555975102193422,-0.486937776791995,1.11798847534831,-2.94654747893019,-2.88961685895592,0.942306711040269,0.804940193571206,0.245662407109365,-0.368826887962755
"330",2010,"5336",-0.0413348592286989,-0.00944884227756265,0.0415214210227835,0.0828562802514824,1,0.0509702633003462,-0.767133958508252,-0.0934642066647141,-0.00197194385096334,166.166666666667,6989.44150782361,17982.5829722443,"0",2009,0,2010.1,2010.9,-1.7455777401254,"1042","1577",3.12498047636489,9.0828954263045,115.133333333333,24957.17595,24957.17595,"1",1,1,0,-2.0744052678228,-0.906845266105482,-0.52640987083009,0.0415214210227835,0.0828562802514824,0.0509702633003462,-0.853389151415394,-1.0091523456864,-2.49064773530915,-2.97651288885294,-1.32563390206963,-0.469273828116723,0.218555751017624,0.37833544704435
"331",2011,"1042",0.0369417768094009,0.0361918302891299,0.0828562802514824,0.0459145034420814,0,0.0466644499623525,-0.889299915360808,-1.44101056432007,-0.132341679334889,115.133333333333,17982.5829722443,24266.2541121751,"0",1996,0,2011.1,2011.9,2.4776877793538,"1043","559",-1.01624296229586,2.94656037128516,125.733333333333,33555.9305,33555.9305,"0",0,10.5,4.5,2.20211831804772,0.317984703699325,1.89600723387475,0.0828562802514824,0.0459145034420814,0.0466644499623525,0.190452011294839,1.11936815413273,-3.08097423269622,-3.06477264697587,1.20914279974466,1.17567174735628,-1.39157033420147,-0.686134291950348
"332",2011,"1042",0.0369417768094009,0.0361918302891299,0.0828562802514824,0.0459145034420814,0,0.0466644499623525,-0.889299915360808,-1.44101056432007,-0.132341679334889,115.133333333333,17982.5829722443,24266.2541121751,"0",1996,0,2011.1,2011.9,2.4776877793538,"1043","559",-1.01624296229586,2.94656037128516,125.733333333333,33555.9305,33555.9305,"0",0,10.5,4.5,2.20211831804772,2.76764464330894,-0.52640987083009,0.0828562802514824,0.0459145034420814,0.0466644499623525,0.190452011294839,1.11936815413273,-3.08097423269622,-3.06477264697587,1.20914279974466,1.17567174735628,-1.39157033420147,-0.686134291950348
"333",2011,"1042",0.0369417768094009,0.0361918302891299,0.0828562802514824,0.0459145034420814,0,0.0466644499623525,-0.889299915360808,-1.44101056432007,-0.132341679334889,115.133333333333,17982.5829722443,24266.2541121751,"0",1996,0,2011.1,2011.9,2.4776877793538,"1043","559",-1.01624296229586,2.94656037128516,125.733333333333,33555.9305,33555.9305,"0",0,10.5,4.5,2.20211831804772,-0.906845266105482,-0.52640987083009,0.0828562802514824,0.0459145034420814,0.0466644499623525,0.190452011294839,1.11936815413273,-3.08097423269622,-3.06477264697587,1.20914279974466,1.17567174735628,-1.39157033420147,-0.686134291950348
"334",2011,"1716",0.0475192580674012,0.0410217713187314,0.0934337615094826,0.0459145034420814,1,0.0524119901907512,-2.18680066183084,-1.44101056432007,-0.632144348419286,180.377777777778,16379.8036097561,24266.2541121751,"0",2002,0,2011.1,2011.9,0.667716842434143,"1043","1412",1.09261593310112,4.07671232876714,125.733333333333,27315.92288,27315.92288,"1",1,7.5,1.5,0.901182748920739,0.317984703699325,-0.52640987083009,0.0934337615094826,0.0459145034420814,0.0524119901907512,0.0382619318055074,1.48951180705569,-3.08097423269622,-2.94861989339636,1.446838267543,1.18410055439614,1.0512724111108,0.972731335442985
"335",2011,"1753",0.00350760733345905,-0.00239322808669298,0.0549875797429517,0.0514799724094926,0,0.0573808078296446,0.114906882242877,0.909491587281827,0.0699073613505996,227.644444444444,60268.6802777778,21815.4118435078,"0",2002,0,2011.1,2011.9,0.667716842434143,"1244","1188",0.295162312112243,5.17775282581033,223.033333333333,NA,NA,"0",0,5,4,-0.278324307637072,-0.906845266105482,-0.52640987083009,0.0549875797429517,0.0514799724094926,0.0573808078296446,4.20567997145028,-0.143761488109746,-2.9665624322005,-2.8580453899354,0.171645267068842,-0.126353417223747,1.53752808065258,1.89696963883298
"336",2011,"2968",-0.0381041192263419,-0.0194445367880318,0.0485883837377727,0.0866925029641146,1,0.0680329205258045,-0.00837480342351201,-1.04732224970271,-2.70232439141984,160.8,12841.3616693069,16921.0113884535,"0",2003,0,2011.1,2011.9,0.3660550196142,"459","176",2.53416088159262,15.0512313795944,107.544444444444,22859.85541,22859.85541,"1",1,5.5,2.5,-0.212894380961452,1.54281467350413,1.89600723387475,0.0485883837377727,0.0866925029641146,0.0680329205258045,-0.297726771810778,-0.524927154725986,-2.44538786993661,-2.68776356557744,-1.10422078312097,-0.74705139150179,-0.0190197695621624,0.280547993793017
"337",2011,"2968",-0.0381041192263419,-0.0194445367880318,0.0485883837377727,0.0866925029641146,1,0.0680329205258045,-0.00837480342351201,-1.04732224970271,-2.70232439141984,160.8,12841.3616693069,16921.0113884535,"0",2003,0,2011.1,2011.9,0.3660550196142,"459","176",2.53416088159262,15.0512313795944,107.544444444444,22859.85541,22859.85541,"1",1,5.5,2.5,-0.212894380961452,2.76764464330894,-0.52640987083009,0.0485883837377727,0.0866925029641146,0.0680329205258045,-0.297726771810778,-0.524927154725986,-2.44538786993661,-2.68776356557744,-1.10422078312097,-0.74705139150179,-0.0190197695621624,0.280547993793017
"338",2011,"3002",-0.014588446803797,-0.0451503888316715,0.0525207221873888,0.0671091689911858,0,0.0976711110190603,0.543161532451247,0.693625082712081,1.21266744864255,155.488888888889,15043.945892317,15649.8439857189,"0",2003,0,2011.1,2011.9,0.3660550196142,"1782","1495",-0.864683302107843,4.32328767123295,180.377777777778,21286.15148,21286.15148,"0",0,6,2,-0.156895795067902,-0.906845266105482,-0.52640987083009,0.0525207221873888,0.0671091689911858,0.0976711110190603,-0.0885829084524042,-0.285168893680342,-2.70143459767534,-2.3261494543539,-0.443691769232192,-1.34618598373442,1.00056832300131,-0.203242940512134
"339",2011,"3002",-0.014588446803797,-0.0451503888316715,0.0525207221873888,0.0671091689911858,0,0.0976711110190603,0.543161532451247,0.693625082712081,1.21266744864255,155.488888888889,15043.945892317,15649.8439857189,"0",2003,0,2011.1,2011.9,0.3660550196142,"1782","1495",-0.864683302107843,4.32328767123295,180.377777777778,21286.15148,21286.15148,"0",0,6,2,-0.156895795067902,0.317984703699325,-0.52640987083009,0.0525207221873888,0.0671091689911858,0.0976711110190603,-0.0885829084524042,-0.285168893680342,-2.70143459767534,-2.3261494543539,-0.443691769232192,-1.34618598373442,1.00056832300131,-0.203242940512134
"340",2011,"3002",-0.014588446803797,-0.0451503888316715,0.0525207221873888,0.0671091689911858,0,0.0976711110190603,0.543161532451247,0.693625082712081,1.21266744864255,155.488888888889,15043.945892317,15649.8439857189,"0",2003,0,2011.1,2011.9,0.3660550196142,"1782","1495",-0.864683302107843,4.32328767123295,180.377777777778,21286.15148,21286.15148,"0",0,6,2,-0.156895795067902,-0.906845266105482,-0.52640987083009,0.0525207221873888,0.0671091689911858,0.0976711110190603,-0.0885829084524042,-0.285168893680342,-2.70143459767534,-2.3261494543539,-0.443691769232192,-1.34618598373442,1.00056832300131,-0.203242940512134
"341",2011,"3002",-0.014588446803797,-0.0451503888316715,0.0525207221873888,0.0671091689911858,0,0.0976711110190603,0.543161532451247,0.693625082712081,1.21266744864255,155.488888888889,15043.945892317,15649.8439857189,"0",2003,0,2011.1,2011.9,0.3660550196142,"1782","1495",-0.864683302107843,4.32328767123295,180.377777777778,21286.15148,21286.15148,"0",0,6,2,-0.156895795067902,-0.906845266105482,-0.52640987083009,0.0525207221873888,0.0671091689911858,0.0976711110190603,-0.0885829084524042,-0.285168893680342,-2.70143459767534,-2.3261494543539,-0.443691769232192,-1.34618598373442,1.00056832300131,-0.203242940512134
"342",2011,"3002",-0.014588446803797,-0.0451503888316715,0.0525207221873888,0.0671091689911858,0,0.0976711110190603,0.543161532451247,0.693625082712081,1.21266744864255,155.488888888889,15043.945892317,15649.8439857189,"0",2003,0,2011.1,2011.9,0.3660550196142,"1782","1495",-0.864683302107843,4.32328767123295,180.377777777778,21286.15148,21286.15148,"0",0,6,2,-0.156895795067902,-0.906845266105482,-0.52640987083009,0.0525207221873888,0.0671091689911858,0.0976711110190603,-0.0885829084524042,-0.285168893680342,-2.70143459767534,-2.3261494543539,-0.443691769232192,-1.34618598373442,1.00056832300131,-0.203242940512134
"343",2011,"3002",-0.014588446803797,-0.0451503888316715,0.0525207221873888,0.0671091689911858,0,0.0976711110190603,0.543161532451247,0.693625082712081,1.21266744864255,155.488888888889,15043.945892317,15649.8439857189,"0",2003,0,2011.1,2011.9,0.3660550196142,"1782","1495",-0.864683302107843,4.32328767123295,180.377777777778,21286.15148,21286.15148,"0",0,6,2,-0.156895795067902,-0.906845266105482,-0.52640987083009,0.0525207221873888,0.0671091689911858,0.0976711110190603,-0.0885829084524042,-0.285168893680342,-2.70143459767534,-2.3261494543539,-0.443691769232192,-1.34618598373442,1.00056832300131,-0.203242940512134
"344",2011,"3094",-0.0591640871112406,-0.0137505041635299,0.0334703472878253,0.0926344343990659,0,0.0472208514513552,0.818661642449914,0.0657442426304726,0.00575319531475301,210.222222222222,13917.1639171375,40475.822,"0",2004,0,2011.1,2011.9,0.064393196794257,"1891","1523",-0.55935379655755,5.22006138183997,229.544444444444,54153.30042,54153.30042,"0",0,8,-1,0.874657102971163,0.317984703699325,-0.52640987083009,0.0334703472878253,0.0926344343990659,0.0472208514513552,-0.195575200955781,-1.67321799562491,-2.37909434469248,-3.05291971590421,-1.97277491325085,-0.763029767412499,0.756696634707502,-0.279019891352306
"345",2011,"3094",-0.0591640871112406,-0.0137505041635299,0.0334703472878253,0.0926344343990659,0,0.0472208514513552,0.818661642449914,0.0657442426304726,0.00575319531475301,210.222222222222,13917.1639171375,40475.822,"0",2004,0,2011.1,2011.9,0.064393196794257,"1891","1523",-0.55935379655755,5.22006138183997,229.544444444444,54153.30042,54153.30042,"0",0,8,-1,0.874657102971163,0.317984703699325,-0.52640987083009,0.0334703472878253,0.0926344343990659,0.0472208514513552,-0.195575200955781,-1.67321799562491,-2.37909434469248,-3.05291971590421,-1.97277491325085,-0.763029767412499,0.756696634707502,-0.279019891352306
"346",2011,"3517",-0.0400673222554784,0.0103958285024782,0.0492959634529258,0.0893632857084042,0,0.0389001349504476,-0.751600575307558,0.513194732349237,-0.677350012311808,129.111111111111,0,0,"0",2005,0,2011.1,2011.9,-0.237268626025686,"1828","1848",-0.661973268954804,1.96712328767126,172.311111111111,102680.0184,102680.0184,"0",3,4,2,-0.824752614198337,0.317984703699325,-0.52640987083009,0.0492959634529258,0.0893632857084042,0.0389001349504476,-1.51706356821744,-0.480385788204882,-2.41504535555513,-3.24675755920058,-1.13564729324113,0.463610692192688,-0.171801926302821,-0.176691271613546
"347",2011,"3517",-0.0400673222554784,0.0103958285024782,0.0492959634529258,0.0893632857084042,0,0.0389001349504476,-0.751600575307558,0.513194732349237,-0.677350012311808,129.111111111111,0,0,"0",2005,0,2011.1,2011.9,-0.237268626025686,"1828","1848",-0.661973268954804,1.96712328767126,172.311111111111,102680.0184,102680.0184,"0",3,4,2,-0.824752614198337,0.317984703699325,-0.52640987083009,0.0492959634529258,0.0893632857084042,0.0389001349504476,-1.51706356821744,-0.480385788204882,-2.41504535555513,-3.24675755920058,-1.13564729324113,0.463610692192688,-0.171801926302821,-0.176691271613546
"348",2011,"3517",-0.0400673222554784,0.0103958285024782,0.0492959634529258,0.0893632857084042,0,0.0389001349504476,-0.751600575307558,0.513194732349237,-0.677350012311808,129.111111111111,0,0,"0",2005,0,2011.1,2011.9,-0.237268626025686,"1828","1848",-0.661973268954804,1.96712328767126,172.311111111111,102680.0184,102680.0184,"0",3,4,2,-0.824752614198337,0.317984703699325,-0.52640987083009,0.0492959634529258,0.0893632857084042,0.0389001349504476,-1.51706356821744,-0.480385788204882,-2.41504535555513,-3.24675755920058,-1.13564729324113,0.463610692192688,-0.171801926302821,-0.176691271613546
"349",2011,"3517",-0.0400673222554784,0.0103958285024782,0.0492959634529258,0.0893632857084042,0,0.0389001349504476,-0.751600575307558,0.513194732349237,-0.677350012311808,129.111111111111,0,0,"0",2005,0,2011.1,2011.9,-0.237268626025686,"1828","1848",-0.661973268954804,1.96712328767126,172.311111111111,102680.0184,102680.0184,"0",3,4,2,-0.824752614198337,0.317984703699325,-0.52640987083009,0.0492959634529258,0.0893632857084042,0.0389001349504476,-1.51706356821744,-0.480385788204882,-2.41504535555513,-3.24675755920058,-1.13564729324113,0.463610692192688,-0.171801926302821,-0.176691271613546
"350",2011,"3574",-0.00495456706957517,0.0473629050364437,0.0993803606550273,0.104334927724603,0,0.0520174556185836,-0.102995105306645,-0.872971071909734,0.827784191268244,129.111111111111,12897.1665949568,27814.0594444444,"0",2005,0,2011.1,2011.9,-0.237268626025686,"3090","1381",-0.90833576555711,8.03287671232874,134.277777777778,18924.05562,18924.05562,"0",1,6,0,-0.0914658683922815,-0.906845266105482,-0.52640987083009,0.0993803606550273,0.104334927724603,0.0520174556185836,-0.292427878981656,1.67960274987721,-2.2601490955214,-2.95617593175754,-0.0550125991679856,1.33031651776374,1.04366246805054,0.421796638607727
"351",2011,"3590",0.0161289929153974,-0.0735884492247137,0.0462098583284921,0.0300808654130946,1,0.119798307553206,-0.592948570709805,1.49459702171681,0.563713133754837,129.111111111111,14188.6794172063,14820.5340569878,"0",2005,1,2011.1,2011.9,-0.237268626025686,"2963","1796",-0.809159584010674,3.06027397260277,148.244444444444,NA,NA,"1",0,3,3,-1.27568859534113,-0.906845266105482,-0.52640987083009,0.0462098583284921,0.0300808654130946,0.119798307553206,-0.169793757480051,-0.679556713489358,-3.50386600993222,-2.12194572066931,0.890575422306636,-2.04756010655201,-0.182433090422468,-0.224809678397662
"352",2011,"3606",-0.0372532304097038,-0.0181866071118115,0.0363002109855592,0.073553441395263,0,0.0544868180973707,0.550565977824863,0.661062737156338,0.210209418619017,129.111111111111,11430.9340350877,18496.1403694581,"0",2005,0,2011.1,2011.9,-0.237268626025686,"3003","1710",-0.884499205828122,3.2383561643835,137.633333333333,11847.20943,11847.20943,"0",2,4.5,1.5,-0.524718085568689,1.54281467350413,-0.52640987083009,0.0363002109855592,0.073553441395263,0.0544868180973707,-0.431652313148256,-1.42316878593798,-2.60974304315489,-2.90979647634116,-1.35588485273666,-0.893837836709928,-0.160943570730873,0.227500721395205
"353",2011,"3606",-0.0372532304097038,-0.0181866071118115,0.0363002109855592,0.073553441395263,0,0.0544868180973707,0.550565977824863,0.661062737156338,0.210209418619017,129.111111111111,11430.9340350877,18496.1403694581,"0",2005,0,2011.1,2011.9,-0.237268626025686,"3003","1710",-0.884499205828122,3.2383561643835,137.633333333333,11847.20943,11847.20943,"0",2,4.5,1.5,-0.524718085568689,1.54281467350413,-0.52640987083009,0.0363002109855592,0.073553441395263,0.0544868180973707,-0.431652313148256,-1.42316878593798,-2.60974304315489,-2.90979647634116,-1.35588485273666,-0.893837836709928,-0.160943570730873,0.227500721395205
"354",2011,"3608",-0.0270977462358049,-0.00342483794960517,0.0495109377968988,0.0766086840327037,1,0.052935775746504,-0.77074198500136,0.895078376860172,0.485899415167689,129.111111111111,11053.4634234499,16222.862311522,"0",2005,0,2011.1,2011.9,-0.237268626025686,"1705","1750",-0.283326225895365,3.09041095890393,176.522222222222,31376.00397,31376.00397,"1",1,5,1,-0.317818047161997,-0.906845266105482,-0.52640987083009,0.0495109377968988,0.0766086840327037,0.052935775746504,-0.467494602944688,-0.466979952730072,-2.56904484008817,-2.93867587859494,-0.822365636097217,-0.17761980002592,-0.182433090422468,-0.228367889522449
"355",2011,"3608",-0.0270977462358049,-0.00342483794960517,0.0495109377968988,0.0766086840327037,1,0.052935775746504,-0.77074198500136,0.895078376860172,0.485899415167689,129.111111111111,11053.4634234499,16222.862311522,"0",2005,0,2011.1,2011.9,-0.237268626025686,"1705","1750",-0.283326225895365,3.09041095890393,176.522222222222,31376.00397,31376.00397,"1",1,5,1,-0.317818047161997,-0.906845266105482,-0.52640987083009,0.0495109377968988,0.0766086840327037,0.052935775746504,-0.467494602944688,-0.466979952730072,-2.56904484008817,-2.93867587859494,-0.822365636097217,-0.17761980002592,-0.182433090422468,-0.228367889522449
"356",2011,"4964",0.00731759555749422,0.00831930519050564,0.0535920778503867,0.0462744822928925,0,0.0452727726598811,0.154566270495922,0.226212746673643,-0.000826704585591571,203.866666666667,10733.008625,15402.0188756614,"0",2006,1,2011.1,2011.9,-0.538930448845629,"2959","1831",-0.165716159490491,3.16986301369866,176.544444444444,NA,NA,"0",0,3,2,-1.52738750246266,1.54281467350413,1.89600723387475,0.0535920778503867,0.0462744822928925,0.0452727726598811,-0.497923021472062,-0.222956845538968,-3.07316460820498,-3.09504947222886,0.331690227484091,0.319735545914243,-0.237049012907648,-0.394636976274056
"357",2011,"4999",0.0071977655290596,0.00581230471288245,0.0530331561642376,0.045835390635178,0,0.0472208514513552,0.818661642449914,1.8313399170798,0.515904665743485,218.2,9874.99832779623,18416.0193059211,"0",2007,0,2011.1,2011.9,-0.840592271665572,"1757","1523",0.531338624323557,7.67123287671234,170.922222222222,31038.41371,31038.41371,"0",2,4,0,-0.510571074395582,-0.906845266105482,-0.52640987083009,0.0530331561642376,0.045835390635178,0.0472208514513552,-0.579394406985405,-0.255255824081553,-3.08269876496529,-3.05291971590421,0.329811155263294,0.208658330258605,0.529597152404666,0.514826531511335
"358",2011,"4999",0.0071977655290596,0.00581230471288245,0.0530331561642376,0.045835390635178,0,0.0472208514513552,0.818661642449914,1.8313399170798,0.515904665743485,218.2,9874.99832779623,18416.0193059211,"0",2007,0,2011.1,2011.9,-0.840592271665572,"1757","1523",0.531338624323557,7.67123287671234,170.922222222222,31038.41371,31038.41371,"0",2,4,0,-0.510571074395582,-0.906845266105482,-0.52640987083009,0.0530331561642376,0.045835390635178,0.0472208514513552,-0.579394406985405,-0.255255824081553,-3.08269876496529,-3.05291971590421,0.329811155263294,0.208658330258605,0.529597152404666,0.514826531511335
"359",2011,"5123",-0.046018133948738,-0.0141321169976018,0.0368381463027444,0.0828562802514824,0,0.0509702633003462,-0.767133958508252,-0.0934642066647141,0.685254116042458,124.466666666667,12117.4776353276,17982.5829722443,"0",2007,0,2011.1,2011.9,-0.840592271665572,"1042","1577",2.47477848323247,7.21988172767442,115.133333333333,33555.9305,33555.9305,"0",0,3,1,-1.14188144799549,0.317984703699325,1.89600723387475,0.0368381463027444,0.0828562802514824,0.0509702633003462,-0.366462351548553,-1.37784913724387,-2.49064773530915,-2.97651288885294,-1.56240023766108,-0.721930980187279,0.453337994466059,0.555104349947114
"360",2011,"5324",0.0302984607620998,0.0272216727301465,0.0828191829494886,0.0525207221873888,0,0.0555975102193422,-0.801605875807052,1.33446012118495,0.210022014177688,178.766666666667,10848.698974359,15043.945892317,"0",2008,0,2011.1,2011.9,-1.44391591730546,"3002","1581",0.475880219026901,8.89660902762171,155.488888888889,8035.332835,8035.332835,"0",1,2,0,-1.37766496754728,0.317984703699325,-0.52640987083009,0.0828191829494886,0.0525207221873888,0.0555975102193422,-0.486937776791995,1.11798847534831,-2.94654747893019,-2.88961685895592,0.942306711040269,0.804940193571206,0.245662407109365,-0.368826887962755
"361",2011,"5324",0.0302984607620998,0.0272216727301465,0.0828191829494886,0.0525207221873888,0,0.0555975102193422,-0.801605875807052,1.33446012118495,0.210022014177688,178.766666666667,10848.698974359,15043.945892317,"0",2008,0,2011.1,2011.9,-1.44391591730546,"3002","1581",0.475880219026901,8.89660902762171,155.488888888889,8035.332835,8035.332835,"0",1,2,0,-1.37766496754728,0.317984703699325,1.89600723387475,0.0828191829494886,0.0525207221873888,0.0555975102193422,-0.486937776791995,1.11798847534831,-2.94654747893019,-2.88961685895592,0.942306711040269,0.804940193571206,0.245662407109365,-0.368826887962755
"362",2011,"5336",-0.0413348592286989,-0.00944884227756265,0.0415214210227835,0.0828562802514824,1,0.0509702633003462,-0.767133958508252,-0.0934642066647141,-0.00197194385096334,166.166666666667,6989.44150782361,17982.5829722443,"0",2009,1,2011.1,2011.9,-1.44391591730546,"1042","1577",3.12498047636489,9.0828954263045,115.133333333333,NA,NA,"1",0,1,1,-2.0744052678228,-0.906845266105482,-0.52640987083009,0.0415214210227835,0.0828562802514824,0.0509702633003462,-0.853389151415394,-1.0091523456864,-2.49064773530915,-2.97651288885294,-1.32563390206963,-0.469273828116723,0.218555751017624,0.37833544704435
"363",2011,"5337",-0.0184028614104564,-0.0178732748190905,0.0366135432782802,0.0550164046887367,1,0.0544868180973707,0.550565977824863,-0.616915606364716,0.867638467716565,166.166666666667,7221.30916666667,13425.9367563025,"0",2009,0,2011.1,2011.9,-1.44391591730546,"4936","1710",-0.427709315546791,6.97808219178069,205.444444444444,20777.7387,20777.7387,"1",1,4.5,-2.5,-0.349648822301488,0.317984703699325,1.89600723387475,0.0366135432782802,0.0550164046887367,0.0544868180973707,-0.831372423314061,-1.3966903568002,-2.90012387115451,-2.90979647634116,-0.764391294378408,-0.875692941906277,-0.382175893335982,-0.659737662200483
"364",2011,"5524",0.00701664430602656,0.0103189915099675,0.0565275821029254,0.0495109377968988,0,0.0462085905929579,2.09242762022796,0.562889330983132,-0.383710996399839,157.888888888889,7832.65806267806,11053.4634234499,"0",2009,0,2011.1,2011.9,-1.44391591730546,"3608","1553",0.115400584599153,10.1232876712329,129.111111111111,23302.21402,23302.21402,"0",1,5,-3,-0.573053707076805,-0.906845266105482,-0.52640987083009,0.0565275821029254,0.0495109377968988,0.0462085905929579,-0.773322488770826,-0.0586655315195075,-3.00556166822288,-3.07458955460929,0.303447560004867,0.389124938048567,0.137385707242536,-0.760587926781811
"365",2012,"1042",0.0369417768094009,0.0361918302891299,0.0828562802514824,0.0459145034420814,0,0.0466644499623525,-0.889299915360808,-1.44101056432007,-0.132341679334889,115.133333333333,17982.5829722443,24266.2541121751,"0",1996,0,2012.1,2012.9,2.77934960217374,"1043","559",-1.01624296229586,2.94656037128516,125.733333333333,5858.904801,5858.904801,"0",0,10.5,5.5,2.20211831804772,0.317984703699325,1.89600723387475,0.0828562802514824,0.0459145034420814,0.0466644499623525,0.190452011294839,1.11936815413273,-3.08097423269622,-3.06477264697587,1.20914279974466,1.17567174735628,-1.39157033420147,-0.686134291950348
"366",2012,"1042",0.0369417768094009,0.0361918302891299,0.0828562802514824,0.0459145034420814,0,0.0466644499623525,-0.889299915360808,-1.44101056432007,-0.132341679334889,115.133333333333,17982.5829722443,24266.2541121751,"0",1996,0,2012.1,2012.9,2.77934960217374,"1043","559",-1.01624296229586,2.94656037128516,125.733333333333,5858.904801,5858.904801,"0",0,10.5,5.5,2.20211831804772,2.76764464330894,-0.52640987083009,0.0828562802514824,0.0459145034420814,0.0466644499623525,0.190452011294839,1.11936815413273,-3.08097423269622,-3.06477264697587,1.20914279974466,1.17567174735628,-1.39157033420147,-0.686134291950348
"367",2012,"1042",0.0369417768094009,0.0361918302891299,0.0828562802514824,0.0459145034420814,0,0.0466644499623525,-0.889299915360808,-1.44101056432007,-0.132341679334889,115.133333333333,17982.5829722443,24266.2541121751,"0",1996,0,2012.1,2012.9,2.77934960217374,"1043","559",-1.01624296229586,2.94656037128516,125.733333333333,5858.904801,5858.904801,"0",0,10.5,5.5,2.20211831804772,-0.906845266105482,-0.52640987083009,0.0828562802514824,0.0459145034420814,0.0466644499623525,0.190452011294839,1.11936815413273,-3.08097423269622,-3.06477264697587,1.20914279974466,1.17567174735628,-1.39157033420147,-0.686134291950348
"368",2012,"1716",0.0475192580674012,0.0410217713187314,0.0934337615094826,0.0459145034420814,1,0.0524119901907512,-2.18680066183084,-1.44101056432007,-0.632144348419286,180.377777777778,16379.8036097561,24266.2541121751,"0",2002,0,2012.1,2012.9,0.969378665254086,"1043","1412",1.09261593310112,4.07671232876714,125.733333333333,11711.47757,11711.47757,"1",1,7.5,2.5,0.901182748920739,0.317984703699325,-0.52640987083009,0.0934337615094826,0.0459145034420814,0.0524119901907512,0.0382619318055074,1.48951180705569,-3.08097423269622,-2.94861989339636,1.446838267543,1.18410055439614,1.0512724111108,0.972731335442985
"369",2012,"1716",0.0475192580674012,0.0410217713187314,0.0934337615094826,0.0459145034420814,1,0.0524119901907512,-2.18680066183084,-1.44101056432007,-0.632144348419286,180.377777777778,16379.8036097561,24266.2541121751,"0",2002,0,2012.1,2012.9,0.969378665254086,"1043","1412",1.09261593310112,4.07671232876714,125.733333333333,11711.47757,11711.47757,"1",1,7.5,2.5,0.901182748920739,0.317984703699325,-0.52640987083009,0.0934337615094826,0.0459145034420814,0.0524119901907512,0.0382619318055074,1.48951180705569,-3.08097423269622,-2.94861989339636,1.446838267543,1.18410055439614,1.0512724111108,0.972731335442985
"370",2012,"1753",0.00350760733345905,-0.00239322808669298,0.0549875797429517,0.0514799724094926,0,0.0573808078296446,0.114906882242877,0.909491587281827,0.0699073613505996,227.644444444444,60268.6802777778,21815.4118435078,"0",2002,1,2012.1,2012.9,0.969378665254086,"1244","1188",0.295162312112243,5.17775282581033,223.033333333333,NA,NA,"0",0,5,5,-0.278324307637072,-0.906845266105482,-0.52640987083009,0.0549875797429517,0.0514799724094926,0.0573808078296446,4.20567997145028,-0.143761488109746,-2.9665624322005,-2.8580453899354,0.171645267068842,-0.126353417223747,1.53752808065258,1.89696963883298
"371",2012,"1864",-0.044022776258799,0.0249487664921797,0.0560041264638899,0.100026902722689,0,0.0310553599717103,0.847438970956359,0.97757851786374,0.764921043704314,150.388888888889,12588.2127025765,20641.8694783933,"0",2003,0,2012.1,2012.9,0.667716842434143,"1503","1209",0.236835368610553,6.03013698630116,150.666666666667,16621.20862,16621.20862,"0",1,5.58333333333333,3.41666666666667,-0.0826239864090894,-0.906845266105482,-0.52640987083009,0.0560041264638899,0.100026902722689,0.0310553599717103,-0.321764242139528,-0.0873272317304871,-2.30231610194849,-3.47198386161283,-1.10626027318617,1.208456420734,1.50128908149251,1.0557141743185
"372",2012,"2968",-0.0381041192263419,-0.0194445367880318,0.0485883837377727,0.0866925029641146,1,0.0680329205258045,-0.00837480342351201,-1.04732224970271,-2.70232439141984,160.8,12841.3616693069,16921.0113884535,"0",2003,0,2012.1,2012.9,0.667716842434143,"459","176",2.53416088159262,15.0512313795944,107.544444444444,10762.75658,10762.75658,"1",0,5.5,3.5,-0.212894380961452,1.54281467350413,1.89600723387475,0.0485883837377727,0.0866925029641146,0.0680329205258045,-0.297726771810778,-0.524927154725986,-2.44538786993661,-2.68776356557744,-1.10422078312097,-0.74705139150179,-0.0190197695621624,0.280547993793017
"373",2012,"2968",-0.0381041192263419,-0.0194445367880318,0.0485883837377727,0.0866925029641146,1,0.0680329205258045,-0.00837480342351201,-1.04732224970271,-2.70232439141984,160.8,12841.3616693069,16921.0113884535,"0",2003,0,2012.1,2012.9,0.667716842434143,"459","176",2.53416088159262,15.0512313795944,107.544444444444,10762.75658,10762.75658,"1",0,5.5,3.5,-0.212894380961452,2.76764464330894,-0.52640987083009,0.0485883837377727,0.0866925029641146,0.0680329205258045,-0.297726771810778,-0.524927154725986,-2.44538786993661,-2.68776356557744,-1.10422078312097,-0.74705139150179,-0.0190197695621624,0.280547993793017
"374",2012,"3002",-0.014588446803797,-0.0451503888316715,0.0525207221873888,0.0671091689911858,0,0.0976711110190603,0.543161532451247,0.693625082712081,1.21266744864255,155.488888888889,15043.945892317,15649.8439857189,"0",2003,0,2012.1,2012.9,0.667716842434143,"1782","1495",-0.864683302107843,4.32328767123295,180.377777777778,4283.683417,4283.683417,"0",0,6,3,-0.156895795067902,-0.906845266105482,-0.52640987083009,0.0525207221873888,0.0671091689911858,0.0976711110190603,-0.0885829084524042,-0.285168893680342,-2.70143459767534,-2.3261494543539,-0.443691769232192,-1.34618598373442,1.00056832300131,-0.203242940512134
"375",2012,"3002",-0.014588446803797,-0.0451503888316715,0.0525207221873888,0.0671091689911858,0,0.0976711110190603,0.543161532451247,0.693625082712081,1.21266744864255,155.488888888889,15043.945892317,15649.8439857189,"0",2003,0,2012.1,2012.9,0.667716842434143,"1782","1495",-0.864683302107843,4.32328767123295,180.377777777778,4283.683417,4283.683417,"0",0,6,3,-0.156895795067902,0.317984703699325,-0.52640987083009,0.0525207221873888,0.0671091689911858,0.0976711110190603,-0.0885829084524042,-0.285168893680342,-2.70143459767534,-2.3261494543539,-0.443691769232192,-1.34618598373442,1.00056832300131,-0.203242940512134
"376",2012,"3002",-0.014588446803797,-0.0451503888316715,0.0525207221873888,0.0671091689911858,0,0.0976711110190603,0.543161532451247,0.693625082712081,1.21266744864255,155.488888888889,15043.945892317,15649.8439857189,"0",2003,0,2012.1,2012.9,0.667716842434143,"1782","1495",-0.864683302107843,4.32328767123295,180.377777777778,4283.683417,4283.683417,"0",0,6,3,-0.156895795067902,-0.906845266105482,-0.52640987083009,0.0525207221873888,0.0671091689911858,0.0976711110190603,-0.0885829084524042,-0.285168893680342,-2.70143459767534,-2.3261494543539,-0.443691769232192,-1.34618598373442,1.00056832300131,-0.203242940512134
"377",2012,"3002",-0.014588446803797,-0.0451503888316715,0.0525207221873888,0.0671091689911858,0,0.0976711110190603,0.543161532451247,0.693625082712081,1.21266744864255,155.488888888889,15043.945892317,15649.8439857189,"0",2003,0,2012.1,2012.9,0.667716842434143,"1782","1495",-0.864683302107843,4.32328767123295,180.377777777778,4283.683417,4283.683417,"0",0,6,3,-0.156895795067902,-0.906845266105482,-0.52640987083009,0.0525207221873888,0.0671091689911858,0.0976711110190603,-0.0885829084524042,-0.285168893680342,-2.70143459767534,-2.3261494543539,-0.443691769232192,-1.34618598373442,1.00056832300131,-0.203242940512134
"378",2012,"3002",-0.014588446803797,-0.0451503888316715,0.0525207221873888,0.0671091689911858,0,0.0976711110190603,0.543161532451247,0.693625082712081,1.21266744864255,155.488888888889,15043.945892317,15649.8439857189,"0",2003,0,2012.1,2012.9,0.667716842434143,"1782","1495",-0.864683302107843,4.32328767123295,180.377777777778,4283.683417,4283.683417,"0",0,6,3,-0.156895795067902,-0.906845266105482,-0.52640987083009,0.0525207221873888,0.0671091689911858,0.0976711110190603,-0.0885829084524042,-0.285168893680342,-2.70143459767534,-2.3261494543539,-0.443691769232192,-1.34618598373442,1.00056832300131,-0.203242940512134
"379",2012,"3002",-0.014588446803797,-0.0451503888316715,0.0525207221873888,0.0671091689911858,0,0.0976711110190603,0.543161532451247,0.693625082712081,1.21266744864255,155.488888888889,15043.945892317,15649.8439857189,"0",2003,0,2012.1,2012.9,0.667716842434143,"1782","1495",-0.864683302107843,4.32328767123295,180.377777777778,4283.683417,4283.683417,"0",0,6,3,-0.156895795067902,-0.906845266105482,-0.52640987083009,0.0525207221873888,0.0671091689911858,0.0976711110190603,-0.0885829084524042,-0.285168893680342,-2.70143459767534,-2.3261494543539,-0.443691769232192,-1.34618598373442,1.00056832300131,-0.203242940512134
"380",2012,"3094",-0.0591640871112406,-0.0137505041635299,0.0334703472878253,0.0926344343990659,0,0.0472208514513552,0.818661642449914,0.0657442426304726,0.00575319531475301,210.222222222222,13917.1639171375,40475.822,"0",2004,0,2012.1,2012.9,0.3660550196142,"1891","1523",-0.55935379655755,5.22006138183997,229.544444444444,34102.37403,34102.37403,"0",0,8,0,0.874657102971163,0.317984703699325,-0.52640987083009,0.0334703472878253,0.0926344343990659,0.0472208514513552,-0.195575200955781,-1.67321799562491,-2.37909434469248,-3.05291971590421,-1.97277491325085,-0.763029767412499,0.756696634707502,-0.279019891352306
"381",2012,"3094",-0.0591640871112406,-0.0137505041635299,0.0334703472878253,0.0926344343990659,0,0.0472208514513552,0.818661642449914,0.0657442426304726,0.00575319531475301,210.222222222222,13917.1639171375,40475.822,"0",2004,0,2012.1,2012.9,0.3660550196142,"1891","1523",-0.55935379655755,5.22006138183997,229.544444444444,34102.37403,34102.37403,"0",0,8,0,0.874657102971163,0.317984703699325,-0.52640987083009,0.0334703472878253,0.0926344343990659,0.0472208514513552,-0.195575200955781,-1.67321799562491,-2.37909434469248,-3.05291971590421,-1.97277491325085,-0.763029767412499,0.756696634707502,-0.279019891352306
"382",2012,"3094",-0.0591640871112406,-0.0137505041635299,0.0334703472878253,0.0926344343990659,0,0.0472208514513552,0.818661642449914,0.0657442426304726,0.00575319531475301,210.222222222222,13917.1639171375,40475.822,"0",2004,0,2012.1,2012.9,0.3660550196142,"1891","1523",-0.55935379655755,5.22006138183997,229.544444444444,34102.37403,34102.37403,"0",0,8,0,0.874657102971163,-0.906845266105482,-0.52640987083009,0.0334703472878253,0.0926344343990659,0.0472208514513552,-0.195575200955781,-1.67321799562491,-2.37909434469248,-3.05291971590421,-1.97277491325085,-0.763029767412499,0.756696634707502,-0.279019891352306
"383",2012,"3517",-0.0400673222554784,0.0103958285024782,0.0492959634529258,0.0893632857084042,0,0.0389001349504476,-0.751600575307558,0.513194732349237,-0.677350012311808,129.111111111111,0,0,"0",2005,0,2012.1,2012.9,0.064393196794257,"1828","1848",-0.661973268954804,1.96712328767126,172.311111111111,NA,NA,"0",0,4,3,-0.824752614198337,0.317984703699325,-0.52640987083009,0.0492959634529258,0.0893632857084042,0.0389001349504476,-1.51706356821744,-0.480385788204882,-2.41504535555513,-3.24675755920058,-1.13564729324113,0.463610692192688,-0.171801926302821,-0.176691271613546
"384",2012,"3517",-0.0400673222554784,0.0103958285024782,0.0492959634529258,0.0893632857084042,0,0.0389001349504476,-0.751600575307558,0.513194732349237,-0.677350012311808,129.111111111111,0,0,"0",2005,0,2012.1,2012.9,0.064393196794257,"1828","1848",-0.661973268954804,1.96712328767126,172.311111111111,NA,NA,"0",0,4,3,-0.824752614198337,0.317984703699325,-0.52640987083009,0.0492959634529258,0.0893632857084042,0.0389001349504476,-1.51706356821744,-0.480385788204882,-2.41504535555513,-3.24675755920058,-1.13564729324113,0.463610692192688,-0.171801926302821,-0.176691271613546
"385",2012,"3517",-0.0400673222554784,0.0103958285024782,0.0492959634529258,0.0893632857084042,0,0.0389001349504476,-0.751600575307558,0.513194732349237,-0.677350012311808,129.111111111111,0,0,"0",2005,0,2012.1,2012.9,0.064393196794257,"1828","1848",-0.661973268954804,1.96712328767126,172.311111111111,NA,NA,"0",0,4,3,-0.824752614198337,0.317984703699325,-0.52640987083009,0.0492959634529258,0.0893632857084042,0.0389001349504476,-1.51706356821744,-0.480385788204882,-2.41504535555513,-3.24675755920058,-1.13564729324113,0.463610692192688,-0.171801926302821,-0.176691271613546
"386",2012,"3574",-0.00495456706957517,0.0473629050364437,0.0993803606550273,0.104334927724603,0,0.0520174556185836,-0.102995105306645,-0.872971071909734,0.827784191268244,129.111111111111,12897.1665949568,27814.0594444444,"0",2005,0,2012.1,2012.9,0.064393196794257,"3090","1381",-0.90833576555711,8.03287671232874,134.277777777778,7352.693108,7352.693108,"0",0,6,1,-0.0914658683922815,-0.906845266105482,-0.52640987083009,0.0993803606550273,0.104334927724603,0.0520174556185836,-0.292427878981656,1.67960274987721,-2.2601490955214,-2.95617593175754,-0.0550125991679856,1.33031651776374,1.04366246805054,0.421796638607727
"387",2012,"3606",-0.0372532304097038,-0.0181866071118115,0.0363002109855592,0.073553441395263,0,0.0544868180973707,0.550565977824863,0.661062737156338,0.210209418619017,129.111111111111,11430.9340350877,18496.1403694581,"0",2005,0,2012.1,2012.9,0.064393196794257,"3003","1710",-0.884499205828122,3.2383561643835,137.633333333333,7317.731704,7317.731704,"0",0,4.5,2.5,-0.524718085568689,1.54281467350413,-0.52640987083009,0.0363002109855592,0.073553441395263,0.0544868180973707,-0.431652313148256,-1.42316878593798,-2.60974304315489,-2.90979647634116,-1.35588485273666,-0.893837836709928,-0.160943570730873,0.227500721395205
"388",2012,"3606",-0.0372532304097038,-0.0181866071118115,0.0363002109855592,0.073553441395263,0,0.0544868180973707,0.550565977824863,0.661062737156338,0.210209418619017,129.111111111111,11430.9340350877,18496.1403694581,"0",2005,0,2012.1,2012.9,0.064393196794257,"3003","1710",-0.884499205828122,3.2383561643835,137.633333333333,7317.731704,7317.731704,"0",0,4.5,2.5,-0.524718085568689,1.54281467350413,-0.52640987083009,0.0363002109855592,0.073553441395263,0.0544868180973707,-0.431652313148256,-1.42316878593798,-2.60974304315489,-2.90979647634116,-1.35588485273666,-0.893837836709928,-0.160943570730873,0.227500721395205
"389",2012,"3608",-0.0270977462358049,-0.00342483794960517,0.0495109377968988,0.0766086840327037,1,0.052935775746504,-0.77074198500136,0.895078376860172,0.485899415167689,129.111111111111,11053.4634234499,16222.862311522,"0",2005,0,2012.1,2012.9,0.064393196794257,"1705","1750",-0.283326225895365,3.09041095890393,176.522222222222,6670.282722,6670.282722,"1",0,5,2,-0.317818047161997,-0.906845266105482,-0.52640987083009,0.0495109377968988,0.0766086840327037,0.052935775746504,-0.467494602944688,-0.466979952730072,-2.56904484008817,-2.93867587859494,-0.822365636097217,-0.17761980002592,-0.182433090422468,-0.228367889522449
"390",2012,"3608",-0.0270977462358049,-0.00342483794960517,0.0495109377968988,0.0766086840327037,1,0.052935775746504,-0.77074198500136,0.895078376860172,0.485899415167689,129.111111111111,11053.4634234499,16222.862311522,"0",2005,0,2012.1,2012.9,0.064393196794257,"1705","1750",-0.283326225895365,3.09041095890393,176.522222222222,6670.282722,6670.282722,"1",0,5,2,-0.317818047161997,-0.906845266105482,-0.52640987083009,0.0495109377968988,0.0766086840327037,0.052935775746504,-0.467494602944688,-0.466979952730072,-2.56904484008817,-2.93867587859494,-0.822365636097217,-0.17761980002592,-0.182433090422468,-0.228367889522449
"391",2012,"4999",0.0071977655290596,0.00581230471288245,0.0530331561642376,0.045835390635178,0,0.0472208514513552,0.818661642449914,1.8313399170798,0.515904665743485,218.2,9874.99832779623,18416.0193059211,"0",2007,0,2012.1,2012.9,-0.538930448845629,"1757","1523",0.531338624323557,7.67123287671234,170.922222222222,5180.804662,5180.804662,"0",0,4,1,-0.510571074395582,-0.906845266105482,-0.52640987083009,0.0530331561642376,0.045835390635178,0.0472208514513552,-0.579394406985405,-0.255255824081553,-3.08269876496529,-3.05291971590421,0.329811155263294,0.208658330258605,0.529597152404666,0.514826531511335
"392",2012,"4999",0.0071977655290596,0.00581230471288245,0.0530331561642376,0.045835390635178,0,0.0472208514513552,0.818661642449914,1.8313399170798,0.515904665743485,218.2,9874.99832779623,18416.0193059211,"0",2007,0,2012.1,2012.9,-0.538930448845629,"1757","1523",0.531338624323557,7.67123287671234,170.922222222222,5180.804662,5180.804662,"0",0,4,1,-0.510571074395582,-0.906845266105482,-0.52640987083009,0.0530331561642376,0.045835390635178,0.0472208514513552,-0.579394406985405,-0.255255824081553,-3.08269876496529,-3.05291971590421,0.329811155263294,0.208658330258605,0.529597152404666,0.514826531511335
"393",2012,"5123",-0.046018133948738,-0.0141321169976018,0.0368381463027444,0.0828562802514824,0,0.0509702633003462,-0.767133958508252,-0.0934642066647141,0.685254116042458,124.466666666667,12117.4776353276,17982.5829722443,"0",2007,0,2012.1,2012.9,-0.538930448845629,"1042","1577",2.47477848323247,7.21988172767442,115.133333333333,5858.904801,5858.904801,"0",0,3,2,-1.14188144799549,0.317984703699325,1.89600723387475,0.0368381463027444,0.0828562802514824,0.0509702633003462,-0.366462351548553,-1.37784913724387,-2.49064773530915,-2.97651288885294,-1.56240023766108,-0.721930980187279,0.453337994466059,0.555104349947114
"394",2012,"5324",0.0302984607620998,0.0272216727301465,0.0828191829494886,0.0525207221873888,0,0.0555975102193422,-0.801605875807052,1.33446012118495,0.210022014177688,178.766666666667,10848.698974359,15043.945892317,"0",2008,0,2012.1,2012.9,-1.14225409448552,"3002","1581",0.475880219026901,8.89660902762171,155.488888888889,10187.18374,10187.18374,"0",1,2,1,-1.37766496754728,0.317984703699325,-0.52640987083009,0.0828191829494886,0.0525207221873888,0.0555975102193422,-0.486937776791995,1.11798847534831,-2.94654747893019,-2.88961685895592,0.942306711040269,0.804940193571206,0.245662407109365,-0.368826887962755
"395",2012,"5324",0.0302984607620998,0.0272216727301465,0.0828191829494886,0.0525207221873888,0,0.0555975102193422,-0.801605875807052,1.33446012118495,0.210022014177688,178.766666666667,10848.698974359,15043.945892317,"0",2008,0,2012.1,2012.9,-1.14225409448552,"3002","1581",0.475880219026901,8.89660902762171,155.488888888889,10187.18374,10187.18374,"0",1,2,1,-1.37766496754728,0.317984703699325,1.89600723387475,0.0828191829494886,0.0525207221873888,0.0555975102193422,-0.486937776791995,1.11798847534831,-2.94654747893019,-2.88961685895592,0.942306711040269,0.804940193571206,0.245662407109365,-0.368826887962755
"396",2012,"5324",0.0302984607620998,0.0272216727301465,0.0828191829494886,0.0525207221873888,0,0.0555975102193422,-0.801605875807052,1.33446012118495,0.210022014177688,178.766666666667,10848.698974359,15043.945892317,"0",2008,0,2012.1,2012.9,-1.14225409448552,"3002","1581",0.475880219026901,8.89660902762171,155.488888888889,10187.18374,10187.18374,"0",1,2,1,-1.37766496754728,0.317984703699325,-0.52640987083009,0.0828191829494886,0.0525207221873888,0.0555975102193422,-0.486937776791995,1.11798847534831,-2.94654747893019,-2.88961685895592,0.942306711040269,0.804940193571206,0.245662407109365,-0.368826887962755
"397",2012,"5337",-0.0184028614104564,-0.0178732748190905,0.0366135432782802,0.0550164046887367,1,0.0544868180973707,0.550565977824863,-0.616915606364716,0.867638467716565,166.166666666667,7221.30916666667,13425.9367563025,"0",2009,0,2012.1,2012.9,-1.14225409448552,"4936","1710",-0.427709315546791,6.97808219178069,205.444444444444,8646.228971,8646.228971,"1",0,4.5,-1.5,-0.349648822301488,0.317984703699325,1.89600723387475,0.0366135432782802,0.0550164046887367,0.0544868180973707,-0.831372423314061,-1.3966903568002,-2.90012387115451,-2.90979647634116,-0.764391294378408,-0.875692941906277,-0.382175893335982,-0.659737662200483
"398",2012,"5524",0.00701664430602656,0.0103189915099675,0.0565275821029254,0.0495109377968988,0,0.0462085905929579,2.09242762022796,0.562889330983132,-0.383710996399839,157.888888888889,7832.65806267806,11053.4634234499,"0",2009,0,2012.1,2012.9,-1.14225409448552,"3608","1553",0.115400584599153,10.1232876712329,129.111111111111,4016.665064,4016.665064,"0",1,5,-2,-0.573053707076805,-0.906845266105482,-0.52640987083009,0.0565275821029254,0.0495109377968988,0.0462085905929579,-0.773322488770826,-0.0586655315195075,-3.00556166822288,-3.07458955460929,0.303447560004867,0.389124938048567,0.137385707242536,-0.760587926781811
"399",2012,"5549",0.0199305590987873,0.00715510240985299,0.0567687054015317,0.0368381463027444,1,0.0496136029916787,0.310349240073691,0.774533565456351,-1.52380579627838,148.977777777778,7500.16361895161,12117.4776353276,"0",2009,0,2012.1,2012.9,-1.14225409448552,"5123","4934",-0.487948617851786,3.2739726027396,124.466666666667,14325.46122,14325.46122,"1",2,5.5,-2.5,-0.262408920067327,0.317984703699325,1.89600723387475,0.0567687054015317,0.0368381463027444,0.0496136029916787,-0.804894118032344,-0.0455520502675387,-3.30122138637608,-3.00349022898748,0.896802302798384,0.248007464195974,-0.814792958864802,-0.967321581135108
"400",2012,"5549",0.0199305590987873,0.00715510240985299,0.0567687054015317,0.0368381463027444,1,0.0496136029916787,0.310349240073691,0.774533565456351,-1.52380579627838,148.977777777778,7500.16361895161,12117.4776353276,"0",2009,0,2012.1,2012.9,-1.14225409448552,"5123","4934",-0.487948617851786,3.2739726027396,124.466666666667,14325.46122,14325.46122,"1",2,5.5,-2.5,-0.262408920067327,0.317984703699325,1.89600723387475,0.0567687054015317,0.0368381463027444,0.0496136029916787,-0.804894118032344,-0.0455520502675387,-3.30122138637608,-3.00349022898748,0.896802302798384,0.248007464195974,-0.814792958864802,-0.967321581135108
"401",2012,"5589",0.0438871499401297,0.0623507649031266,0.0971873859061885,0.0533002359660588,0,0.0348366210030618,0.241695196132933,-0.127264487202683,-0.717454153774836,135.322222222222,9616.95611111111,12323.0009046283,"0",2010,0,2012.1,2012.9,-1.44391591730546,"3085","1729",0.748205860147679,9.16438356164372,209.433333333333,8967.827016,8967.827016,"0",1,4.5,-2.5,-0.665598738500881,-0.906845266105482,-0.52640987083009,0.0971873859061885,0.0533002359660588,0.0348366210030618,-0.60389651026177,1.61085899695845,-2.93181452068958,-3.35708611783615,1.22966609005911,2.12960360709873,-0.207975570215116,-0.766101903641527
"402",2012,"5613",-0.0329116180530947,-0.0707203212973376,0.0518071276017131,0.0847187456548078,0,0.122527448899051,-0.254604934474559,-0.956289137686826,1.76656699538915,115.488888888889,7678.12230769231,18023.4985947712,"0",2009,0,2012.1,2012.9,-1.44391591730546,"3518","3486",0.358270152622107,5.05479452054806,129.111111111111,5055.593858,5055.593858,"0",1,4,-2,-0.81060560302523,0.317984703699325,-0.52640987083009,0.0518071276017131,0.0847187456548078,0.122527448899051,-0.787996254471623,-0.327314461499275,-2.46841838357282,-2.09942020145257,-0.931756065952666,-1.85373428642417,-0.884828016127183,-0.919255153551027
"403",2013,"1042",0.0369417768094009,0.0361918302891299,0.0828562802514824,0.0459145034420814,0,0.0466644499623525,-0.889299915360808,-1.44101056432007,-0.132341679334889,115.133333333333,17982.5829722443,24266.2541121751,"0",1996,0,2013.1,2013.9,3.08101142499369,"1043","559",-1.01624296229586,2.94656037128516,125.733333333333,28975.97244,28975.97244,"0",0,10.5,6.5,2.20211831804772,0.317984703699325,1.89600723387475,0.0828562802514824,0.0459145034420814,0.0466644499623525,0.190452011294839,1.11936815413273,-3.08097423269622,-3.06477264697587,1.20914279974466,1.17567174735628,-1.39157033420147,-0.686134291950348
"404",2013,"1042",0.0369417768094009,0.0361918302891299,0.0828562802514824,0.0459145034420814,0,0.0466644499623525,-0.889299915360808,-1.44101056432007,-0.132341679334889,115.133333333333,17982.5829722443,24266.2541121751,"0",1996,0,2013.1,2013.9,3.08101142499369,"1043","559",-1.01624296229586,2.94656037128516,125.733333333333,28975.97244,28975.97244,"0",0,10.5,6.5,2.20211831804772,2.76764464330894,-0.52640987083009,0.0828562802514824,0.0459145034420814,0.0466644499623525,0.190452011294839,1.11936815413273,-3.08097423269622,-3.06477264697587,1.20914279974466,1.17567174735628,-1.39157033420147,-0.686134291950348
"405",2013,"1716",0.0475192580674012,0.0410217713187314,0.0934337615094826,0.0459145034420814,1,0.0524119901907512,-2.18680066183084,-1.44101056432007,-0.632144348419286,180.377777777778,16379.8036097561,24266.2541121751,"0",2002,0,2013.1,2013.9,1.27104048807403,"1043","1412",1.09261593310112,4.07671232876714,125.733333333333,35887.375435,35887.375435,"1",0,7.5,3.5,0.901182748920739,0.317984703699325,-0.52640987083009,0.0934337615094826,0.0459145034420814,0.0524119901907512,0.0382619318055074,1.48951180705569,-3.08097423269622,-2.94861989339636,1.446838267543,1.18410055439614,1.0512724111108,0.972731335442985
"406",2013,"1716",0.0475192580674012,0.0410217713187314,0.0934337615094826,0.0459145034420814,1,0.0524119901907512,-2.18680066183084,-1.44101056432007,-0.632144348419286,180.377777777778,16379.8036097561,24266.2541121751,"0",2002,0,2013.1,2013.9,1.27104048807403,"1043","1412",1.09261593310112,4.07671232876714,125.733333333333,35887.375435,35887.375435,"1",0,7.5,3.5,0.901182748920739,0.317984703699325,-0.52640987083009,0.0934337615094826,0.0459145034420814,0.0524119901907512,0.0382619318055074,1.48951180705569,-3.08097423269622,-2.94861989339636,1.446838267543,1.18410055439614,1.0512724111108,0.972731335442985
"407",2013,"1864",-0.044022776258799,0.0249487664921797,0.0560041264638899,0.100026902722689,0,0.0310553599717103,0.847438970956359,0.97757851786374,0.764921043704314,150.388888888889,12588.2127025765,20641.8694783933,"0",2003,0,2013.1,2013.9,0.969378665254086,"1503","1209",0.236835368610553,6.03013698630116,150.666666666667,21727.87111,21727.87111,"0",0,5.58333333333333,4.41666666666667,-0.0826239864090894,-0.906845266105482,-0.52640987083009,0.0560041264638899,0.100026902722689,0.0310553599717103,-0.321764242139528,-0.0873272317304871,-2.30231610194849,-3.47198386161283,-1.10626027318617,1.208456420734,1.50128908149251,1.0557141743185
"408",2013,"2968",-0.0381041192263419,-0.0194445367880318,0.0485883837377727,0.0866925029641146,1,0.0680329205258045,-0.00837480342351201,-1.04732224970271,-2.70232439141984,160.8,12841.3616693069,16921.0113884535,"0",2003,1,2013.1,2013.9,0.969378665254086,"459","176",2.53416088159262,15.0512313795944,107.544444444444,24843.57195,24843.57195,"1",0,5.5,4.5,-0.212894380961452,1.54281467350413,1.89600723387475,0.0485883837377727,0.0866925029641146,0.0680329205258045,-0.297726771810778,-0.524927154725986,-2.44538786993661,-2.68776356557744,-1.10422078312097,-0.74705139150179,-0.0190197695621624,0.280547993793017
"409",2013,"2968",-0.0381041192263419,-0.0194445367880318,0.0485883837377727,0.0866925029641146,1,0.0680329205258045,-0.00837480342351201,-1.04732224970271,-2.70232439141984,160.8,12841.3616693069,16921.0113884535,"0",2003,1,2013.1,2013.9,0.969378665254086,"459","176",2.53416088159262,15.0512313795944,107.544444444444,24843.57195,24843.57195,"1",0,5.5,4.5,-0.212894380961452,2.76764464330894,-0.52640987083009,0.0485883837377727,0.0866925029641146,0.0680329205258045,-0.297726771810778,-0.524927154725986,-2.44538786993661,-2.68776356557744,-1.10422078312097,-0.74705139150179,-0.0190197695621624,0.280547993793017
"410",2013,"3002",-0.014588446803797,-0.0451503888316715,0.0525207221873888,0.0671091689911858,0,0.0976711110190603,0.543161532451247,0.693625082712081,1.21266744864255,155.488888888889,15043.945892317,15649.8439857189,"0",2003,0,2013.1,2013.9,0.969378665254086,"1782","1495",-0.864683302107843,4.32328767123295,180.377777777778,10367.6147415,10367.6147415,"0",1,6,4,-0.156895795067902,-0.906845266105482,-0.52640987083009,0.0525207221873888,0.0671091689911858,0.0976711110190603,-0.0885829084524042,-0.285168893680342,-2.70143459767534,-2.3261494543539,-0.443691769232192,-1.34618598373442,1.00056832300131,-0.203242940512134
"411",2013,"3002",-0.014588446803797,-0.0451503888316715,0.0525207221873888,0.0671091689911858,0,0.0976711110190603,0.543161532451247,0.693625082712081,1.21266744864255,155.488888888889,15043.945892317,15649.8439857189,"0",2003,0,2013.1,2013.9,0.969378665254086,"1782","1495",-0.864683302107843,4.32328767123295,180.377777777778,10367.6147415,10367.6147415,"0",1,6,4,-0.156895795067902,0.317984703699325,-0.52640987083009,0.0525207221873888,0.0671091689911858,0.0976711110190603,-0.0885829084524042,-0.285168893680342,-2.70143459767534,-2.3261494543539,-0.443691769232192,-1.34618598373442,1.00056832300131,-0.203242940512134
"412",2013,"3002",-0.014588446803797,-0.0451503888316715,0.0525207221873888,0.0671091689911858,0,0.0976711110190603,0.543161532451247,0.693625082712081,1.21266744864255,155.488888888889,15043.945892317,15649.8439857189,"0",2003,0,2013.1,2013.9,0.969378665254086,"1782","1495",-0.864683302107843,4.32328767123295,180.377777777778,10367.6147415,10367.6147415,"0",1,6,4,-0.156895795067902,-0.906845266105482,-0.52640987083009,0.0525207221873888,0.0671091689911858,0.0976711110190603,-0.0885829084524042,-0.285168893680342,-2.70143459767534,-2.3261494543539,-0.443691769232192,-1.34618598373442,1.00056832300131,-0.203242940512134
"413",2013,"3002",-0.014588446803797,-0.0451503888316715,0.0525207221873888,0.0671091689911858,0,0.0976711110190603,0.543161532451247,0.693625082712081,1.21266744864255,155.488888888889,15043.945892317,15649.8439857189,"0",2003,0,2013.1,2013.9,0.969378665254086,"1782","1495",-0.864683302107843,4.32328767123295,180.377777777778,10367.6147415,10367.6147415,"0",1,6,4,-0.156895795067902,-0.906845266105482,-0.52640987083009,0.0525207221873888,0.0671091689911858,0.0976711110190603,-0.0885829084524042,-0.285168893680342,-2.70143459767534,-2.3261494543539,-0.443691769232192,-1.34618598373442,1.00056832300131,-0.203242940512134
"414",2013,"3002",-0.014588446803797,-0.0451503888316715,0.0525207221873888,0.0671091689911858,0,0.0976711110190603,0.543161532451247,0.693625082712081,1.21266744864255,155.488888888889,15043.945892317,15649.8439857189,"0",2003,0,2013.1,2013.9,0.969378665254086,"1782","1495",-0.864683302107843,4.32328767123295,180.377777777778,10367.6147415,10367.6147415,"0",1,6,4,-0.156895795067902,-0.906845266105482,-0.52640987083009,0.0525207221873888,0.0671091689911858,0.0976711110190603,-0.0885829084524042,-0.285168893680342,-2.70143459767534,-2.3261494543539,-0.443691769232192,-1.34618598373442,1.00056832300131,-0.203242940512134
"415",2013,"3002",-0.014588446803797,-0.0451503888316715,0.0525207221873888,0.0671091689911858,0,0.0976711110190603,0.543161532451247,0.693625082712081,1.21266744864255,155.488888888889,15043.945892317,15649.8439857189,"0",2003,0,2013.1,2013.9,0.969378665254086,"1782","1495",-0.864683302107843,4.32328767123295,180.377777777778,10367.6147415,10367.6147415,"0",1,6,4,-0.156895795067902,-0.906845266105482,-0.52640987083009,0.0525207221873888,0.0671091689911858,0.0976711110190603,-0.0885829084524042,-0.285168893680342,-2.70143459767534,-2.3261494543539,-0.443691769232192,-1.34618598373442,1.00056832300131,-0.203242940512134
"416",2013,"3002",-0.014588446803797,-0.0451503888316715,0.0525207221873888,0.0671091689911858,0,0.0976711110190603,0.543161532451247,0.693625082712081,1.21266744864255,155.488888888889,15043.945892317,15649.8439857189,"0",2003,0,2013.1,2013.9,0.969378665254086,"1782","1495",-0.864683302107843,4.32328767123295,180.377777777778,10367.6147415,10367.6147415,"0",1,6,4,-0.156895795067902,0.317984703699325,-0.52640987083009,0.0525207221873888,0.0671091689911858,0.0976711110190603,-0.0885829084524042,-0.285168893680342,-2.70143459767534,-2.3261494543539,-0.443691769232192,-1.34618598373442,1.00056832300131,-0.203242940512134
"417",2013,"3094",-0.0591640871112406,-0.0137505041635299,0.0334703472878253,0.0926344343990659,0,0.0472208514513552,0.818661642449914,0.0657442426304726,0.00575319531475301,210.222222222222,13917.1639171375,40475.822,"0",2004,0,2013.1,2013.9,0.667716842434143,"1891","1523",-0.55935379655755,5.22006138183997,229.544444444444,55591.129515,55591.129515,"0",0,8,1,0.874657102971163,0.317984703699325,-0.52640987083009,0.0334703472878253,0.0926344343990659,0.0472208514513552,-0.195575200955781,-1.67321799562491,-2.37909434469248,-3.05291971590421,-1.97277491325085,-0.763029767412499,0.756696634707502,-0.279019891352306
"418",2013,"3094",-0.0591640871112406,-0.0137505041635299,0.0334703472878253,0.0926344343990659,0,0.0472208514513552,0.818661642449914,0.0657442426304726,0.00575319531475301,210.222222222222,13917.1639171375,40475.822,"0",2004,0,2013.1,2013.9,0.667716842434143,"1891","1523",-0.55935379655755,5.22006138183997,229.544444444444,55591.129515,55591.129515,"0",0,8,1,0.874657102971163,0.317984703699325,-0.52640987083009,0.0334703472878253,0.0926344343990659,0.0472208514513552,-0.195575200955781,-1.67321799562491,-2.37909434469248,-3.05291971590421,-1.97277491325085,-0.763029767412499,0.756696634707502,-0.279019891352306
"419",2013,"3094",-0.0591640871112406,-0.0137505041635299,0.0334703472878253,0.0926344343990659,0,0.0472208514513552,0.818661642449914,0.0657442426304726,0.00575319531475301,210.222222222222,13917.1639171375,40475.822,"0",2004,0,2013.1,2013.9,0.667716842434143,"1891","1523",-0.55935379655755,5.22006138183997,229.544444444444,55591.129515,55591.129515,"0",0,8,1,0.874657102971163,-0.906845266105482,-0.52640987083009,0.0334703472878253,0.0926344343990659,0.0472208514513552,-0.195575200955781,-1.67321799562491,-2.37909434469248,-3.05291971590421,-1.97277491325085,-0.763029767412499,0.756696634707502,-0.279019891352306
"420",2013,"3517",-0.0400673222554784,0.0103958285024782,0.0492959634529258,0.0893632857084042,0,0.0389001349504476,-0.751600575307558,0.513194732349237,-0.677350012311808,129.111111111111,0,0,"0",2005,1,2013.1,2013.9,0.3660550196142,"1828","1848",-0.661973268954804,1.96712328767126,172.311111111111,NA,NA,"0",0,4,4,-0.824752614198337,0.317984703699325,-0.52640987083009,0.0492959634529258,0.0893632857084042,0.0389001349504476,-1.51706356821744,-0.480385788204882,-2.41504535555513,-3.24675755920058,-1.13564729324113,0.463610692192688,-0.171801926302821,-0.176691271613546
"421",2013,"3517",-0.0400673222554784,0.0103958285024782,0.0492959634529258,0.0893632857084042,0,0.0389001349504476,-0.751600575307558,0.513194732349237,-0.677350012311808,129.111111111111,0,0,"0",2005,1,2013.1,2013.9,0.3660550196142,"1828","1848",-0.661973268954804,1.96712328767126,172.311111111111,NA,NA,"0",0,4,4,-0.824752614198337,0.317984703699325,-0.52640987083009,0.0492959634529258,0.0893632857084042,0.0389001349504476,-1.51706356821744,-0.480385788204882,-2.41504535555513,-3.24675755920058,-1.13564729324113,0.463610692192688,-0.171801926302821,-0.176691271613546
"422",2013,"3517",-0.0400673222554784,0.0103958285024782,0.0492959634529258,0.0893632857084042,0,0.0389001349504476,-0.751600575307558,0.513194732349237,-0.677350012311808,129.111111111111,0,0,"0",2005,1,2013.1,2013.9,0.3660550196142,"1828","1848",-0.661973268954804,1.96712328767126,172.311111111111,NA,NA,"0",0,4,4,-0.824752614198337,0.317984703699325,-0.52640987083009,0.0492959634529258,0.0893632857084042,0.0389001349504476,-1.51706356821744,-0.480385788204882,-2.41504535555513,-3.24675755920058,-1.13564729324113,0.463610692192688,-0.171801926302821,-0.176691271613546
"423",2013,"3574",-0.00495456706957517,0.0473629050364437,0.0993803606550273,0.104334927724603,0,0.0520174556185836,-0.102995105306645,-0.872971071909734,0.827784191268244,129.111111111111,12897.1665949568,27814.0594444444,"0",2005,0,2013.1,2013.9,0.3660550196142,"3090","1381",-0.90833576555711,8.03287671232874,134.277777777778,7004.12956735,7004.12956735,"0",0,6,2,-0.0914658683922815,-0.906845266105482,-0.52640987083009,0.0993803606550273,0.104334927724603,0.0520174556185836,-0.292427878981656,1.67960274987721,-2.2601490955214,-2.95617593175754,-0.0550125991679856,1.33031651776374,1.04366246805054,0.421796638607727
"424",2013,"3606",-0.0372532304097038,-0.0181866071118115,0.0363002109855592,0.073553441395263,0,0.0544868180973707,0.550565977824863,0.661062737156338,0.210209418619017,129.111111111111,11430.9340350877,18496.1403694581,"0",2005,0,2013.1,2013.9,0.3660550196142,"3003","1710",-0.884499205828122,3.2383561643835,137.633333333333,14729.190015,14729.190015,"0",0,4.5,3.5,-0.524718085568689,1.54281467350413,-0.52640987083009,0.0363002109855592,0.073553441395263,0.0544868180973707,-0.431652313148256,-1.42316878593798,-2.60974304315489,-2.90979647634116,-1.35588485273666,-0.893837836709928,-0.160943570730873,0.227500721395205
"425",2013,"3608",-0.0270977462358049,-0.00342483794960517,0.0495109377968988,0.0766086840327037,1,0.052935775746504,-0.77074198500136,0.895078376860172,0.485899415167689,129.111111111111,11053.4634234499,16222.862311522,"0",2005,0,2013.1,2013.9,0.3660550196142,"1705","1750",-0.283326225895365,3.09041095890393,176.522222222222,21217.04712,21217.04712,"1",0,5,3,-0.317818047161997,-0.906845266105482,-0.52640987083009,0.0495109377968988,0.0766086840327037,0.052935775746504,-0.467494602944688,-0.466979952730072,-2.56904484008817,-2.93867587859494,-0.822365636097217,-0.17761980002592,-0.182433090422468,-0.228367889522449
"426",2013,"3608",-0.0270977462358049,-0.00342483794960517,0.0495109377968988,0.0766086840327037,1,0.052935775746504,-0.77074198500136,0.895078376860172,0.485899415167689,129.111111111111,11053.4634234499,16222.862311522,"0",2005,0,2013.1,2013.9,0.3660550196142,"1705","1750",-0.283326225895365,3.09041095890393,176.522222222222,21217.04712,21217.04712,"1",0,5,3,-0.317818047161997,-0.906845266105482,-0.52640987083009,0.0495109377968988,0.0766086840327037,0.052935775746504,-0.467494602944688,-0.466979952730072,-2.56904484008817,-2.93867587859494,-0.822365636097217,-0.17761980002592,-0.182433090422468,-0.228367889522449
"427",2013,"3699",0.0192657402559422,-0.00312981603469629,0.0678541239937149,0.0485883837377727,1,0.0709839400284112,-0.821863030126049,-2.82187753889061,-0.0491557606861464,152.366666666667,19725.0953333333,12841.3616693069,"0",2005,0,2013.1,2013.9,0.3660550196142,"2968","1769",-0.650499116134829,2.6301369863013,160.8,40209.487295,40209.487295,"1",0,6.5,1.5,0.311134491242394,-0.906845266105482,-0.52640987083009,0.0678541239937149,0.0485883837377727,0.0709839400284112,0.355910277698758,0.503985941690882,-3.02437079438628,-2.64530162431011,0.701977944771177,-0.131612243657556,-0.748783403639685,-0.237549544041247
"428",2013,"4999",0.0071977655290596,0.00581230471288245,0.0530331561642376,0.045835390635178,0,0.0472208514513552,0.818661642449914,1.8313399170798,0.515904665743485,218.2,9874.99832779623,18416.0193059211,"0",2007,0,2013.1,2013.9,-0.237268626025686,"1757","1523",0.531338624323557,7.67123287671234,170.922222222222,19596.225145,19596.225145,"0",0,4,2,-0.510571074395582,-0.906845266105482,-0.52640987083009,0.0530331561642376,0.045835390635178,0.0472208514513552,-0.579394406985405,-0.255255824081553,-3.08269876496529,-3.05291971590421,0.329811155263294,0.208658330258605,0.529597152404666,0.514826531511335
"429",2013,"5123",-0.046018133948738,-0.0141321169976018,0.0368381463027444,0.0828562802514824,0,0.0509702633003462,-0.767133958508252,-0.0934642066647141,0.685254116042458,124.466666666667,12117.4776353276,17982.5829722443,"0",2007,1,2013.1,2013.9,-0.237268626025686,"1042","1577",2.47477848323247,7.21988172767442,115.133333333333,24347.62116,24347.62116,"0",0,3,3,-1.14188144799549,0.317984703699325,1.89600723387475,0.0368381463027444,0.0828562802514824,0.0509702633003462,-0.366462351548553,-1.37784913724387,-2.49064773530915,-2.97651288885294,-1.56240023766108,-0.721930980187279,0.453337994466059,0.555104349947114
"430",2013,"5324",0.0302984607620998,0.0272216727301465,0.0828191829494886,0.0525207221873888,0,0.0555975102193422,-0.801605875807052,1.33446012118495,0.210022014177688,178.766666666667,10848.698974359,15043.945892317,"0",2008,1,2013.1,2013.9,-0.840592271665572,"3002","1581",0.475880219026901,8.89660902762171,155.488888888889,8052.9265255,8052.9265255,"0",0,2,2,-1.37766496754728,0.317984703699325,-0.52640987083009,0.0828191829494886,0.0525207221873888,0.0555975102193422,-0.486937776791995,1.11798847534831,-2.94654747893019,-2.88961685895592,0.942306711040269,0.804940193571206,0.245662407109365,-0.368826887962755
"431",2013,"5324",0.0302984607620998,0.0272216727301465,0.0828191829494886,0.0525207221873888,0,0.0555975102193422,-0.801605875807052,1.33446012118495,0.210022014177688,178.766666666667,10848.698974359,15043.945892317,"0",2008,1,2013.1,2013.9,-0.840592271665572,"3002","1581",0.475880219026901,8.89660902762171,155.488888888889,8052.9265255,8052.9265255,"0",0,2,2,-1.37766496754728,0.317984703699325,-0.52640987083009,0.0828191829494886,0.0525207221873888,0.0555975102193422,-0.486937776791995,1.11798847534831,-2.94654747893019,-2.88961685895592,0.942306711040269,0.804940193571206,0.245662407109365,-0.368826887962755
"432",2013,"5337",-0.0184028614104564,-0.0178732748190905,0.0366135432782802,0.0550164046887367,1,0.0544868180973707,0.550565977824863,-0.616915606364716,0.867638467716565,166.166666666667,7221.30916666667,13425.9367563025,"0",2009,0,2013.1,2013.9,-0.840592271665572,"4936","1710",-0.427709315546791,6.97808219178069,205.444444444444,33210.870165,33210.870165,"1",0,4.5,-0.5,-0.349648822301488,0.317984703699325,1.89600723387475,0.0366135432782802,0.0550164046887367,0.0544868180973707,-0.831372423314061,-1.3966903568002,-2.90012387115451,-2.90979647634116,-0.764391294378408,-0.875692941906277,-0.382175893335982,-0.659737662200483
"433",2013,"5549",0.0199305590987873,0.00715510240985299,0.0567687054015317,0.0368381463027444,1,0.0496136029916787,0.310349240073691,0.774533565456351,-1.52380579627838,148.977777777778,7500.16361895161,12117.4776353276,"0",2009,0,2013.1,2013.9,-0.840592271665572,"5123","4934",-0.487948617851786,3.2739726027396,124.466666666667,58059.308585,58059.308585,"1",0,5.5,-1.5,-0.262408920067327,0.317984703699325,1.89600723387475,0.0567687054015317,0.0368381463027444,0.0496136029916787,-0.804894118032344,-0.0455520502675387,-3.30122138637608,-3.00349022898748,0.896802302798384,0.248007464195974,-0.814792958864802,-0.967321581135108
"434",2013,"5549",0.0199305590987873,0.00715510240985299,0.0567687054015317,0.0368381463027444,1,0.0496136029916787,0.310349240073691,0.774533565456351,-1.52380579627838,148.977777777778,7500.16361895161,12117.4776353276,"0",2009,0,2013.1,2013.9,-0.840592271665572,"5123","4934",-0.487948617851786,3.2739726027396,124.466666666667,58059.308585,58059.308585,"1",0,5.5,-1.5,-0.262408920067327,0.317984703699325,1.89600723387475,0.0567687054015317,0.0368381463027444,0.0496136029916787,-0.804894118032344,-0.0455520502675387,-3.30122138637608,-3.00349022898748,0.896802302798384,0.248007464195974,-0.814792958864802,-0.967321581135108
"435",2013,"5564",-0.0531431436772717,0.000959138157337391,0.0340097000249813,0.087152843702253,0,0.0330505618676439,-0.504008390222092,0.767945951858518,0.501516308044257,118.622222222222,10055.3944523471,9784.10328048781,"0",2010,0,2013.1,2013.9,-1.14225409448552,"5224","1881",-0.571708365930409,7.00547945205471,110.788888888889,31592.81919,31592.81919,"0",1,2,1,-1.47964133975342,-0.906845266105482,-0.52640987083009,0.0340097000249813,0.087152843702253,0.0330505618676439,-0.562265099497728,-1.62396863417054,-2.44009187757424,-3.40971671229509,-1.82047079433217,0.0239834989543471,-0.710925447544965,-1.08719139111863
"436",2013,"5589",0.0438871499401297,0.0623507649031266,0.0971873859061885,0.0533002359660588,0,0.0348366210030618,0.241695196132933,-0.127264487202683,-0.717454153774836,135.322222222222,9616.95611111111,12323.0009046283,"0",2010,0,2013.1,2013.9,-1.14225409448552,"3085","1729",0.748205860147679,9.16438356164372,209.433333333333,16659.62881,16659.62881,"0",1,4.5,-1.5,-0.665598738500881,-0.906845266105482,-0.52640987083009,0.0971873859061885,0.0533002359660588,0.0348366210030618,-0.60389651026177,1.61085899695845,-2.93181452068958,-3.35708611783615,1.22966609005911,2.12960360709873,-0.207975570215116,-0.766101903641527
"437",2013,"5613",-0.0329116180530947,-0.0707203212973376,0.0518071276017131,0.0847187456548078,0,0.122527448899051,-0.254604934474559,-0.956289137686826,1.76656699538915,115.488888888889,7678.12230769231,18023.4985947712,"0",2009,0,2013.1,2013.9,-1.14225409448552,"3518","3486",0.358270152622107,5.05479452054806,129.111111111111,19510.139825,19510.139825,"0",0,4,-1,-0.81060560302523,0.317984703699325,-0.52640987083009,0.0518071276017131,0.0847187456548078,0.122527448899051,-0.787996254471623,-0.327314461499275,-2.46841838357282,-2.09942020145257,-0.931756065952666,-1.85373428642417,-0.884828016127183,-0.919255153551027
"438",2013,"5766",0.0157267327934323,0.00417246588850158,0.0523402760717125,0.0366135432782802,1,0.0481678101832109,-2.70779478907545,0.968161286902502,0.124108347542164,144.011111111111,10088.232,7221.30916666667,"0",2011,0,2013.1,2013.9,-1.44391591730546,"5337","5508",-0.522371076311633,1.87397260273974,166.166666666667,13685.949415,13685.949415,"1",1,2.5,-0.5,-1.50439860930636,-0.906845266105482,-0.52640987083009,0.0523402760717125,0.0366135432782802,0.0481678101832109,-0.559147047753056,-0.295771870831207,-3.30733707209517,-3.03306431955166,0.748217707680625,0.138975470313224,-1.78833921225788,-1.84713001450561
"439",2014,"1042",0.0369417768094009,0.0361918302891299,0.0828562802514824,0.0459145034420814,0,0.0466644499623525,-0.889299915360808,-1.44101056432007,-0.132341679334889,115.133333333333,17982.5829722443,24266.2541121751,"0",1996,0,2014.1,2014.9,3.38267324781363,"1043","559",-1.01624296229586,2.94656037128516,125.733333333333,21006.824835,21006.824835,"0",0,10.5,7.5,2.20211831804772,0.317984703699325,1.89600723387475,0.0828562802514824,0.0459145034420814,0.0466644499623525,0.190452011294839,1.11936815413273,-3.08097423269622,-3.06477264697587,1.20914279974466,1.17567174735628,-1.39157033420147,-0.686134291950348
"440",2014,"1716",0.0475192580674012,0.0410217713187314,0.0934337615094826,0.0459145034420814,1,0.0524119901907512,-2.18680066183084,-1.44101056432007,-0.632144348419286,180.377777777778,16379.8036097561,24266.2541121751,"0",2002,0,2014.1,2014.9,1.57270231089397,"1043","1412",1.09261593310112,4.07671232876714,125.733333333333,12083.7625045,12083.7625045,"1",1,7.5,4.5,0.901182748920739,0.317984703699325,-0.52640987083009,0.0934337615094826,0.0459145034420814,0.0524119901907512,0.0382619318055074,1.48951180705569,-3.08097423269622,-2.94861989339636,1.446838267543,1.18410055439614,1.0512724111108,0.972731335442985
"441",2014,"1716",0.0475192580674012,0.0410217713187314,0.0934337615094826,0.0459145034420814,1,0.0524119901907512,-2.18680066183084,-1.44101056432007,-0.632144348419286,180.377777777778,16379.8036097561,24266.2541121751,"0",2002,0,2014.1,2014.9,1.57270231089397,"1043","1412",1.09261593310112,4.07671232876714,125.733333333333,12083.7625045,12083.7625045,"1",1,7.5,4.5,0.901182748920739,0.317984703699325,-0.52640987083009,0.0934337615094826,0.0459145034420814,0.0524119901907512,0.0382619318055074,1.48951180705569,-3.08097423269622,-2.94861989339636,1.446838267543,1.18410055439614,1.0512724111108,0.972731335442985
"442",2014,"1716",0.0475192580674012,0.0410217713187314,0.0934337615094826,0.0459145034420814,1,0.0524119901907512,-2.18680066183084,-1.44101056432007,-0.632144348419286,180.377777777778,16379.8036097561,24266.2541121751,"0",2002,0,2014.1,2014.9,1.57270231089397,"1043","1412",1.09261593310112,4.07671232876714,125.733333333333,12083.7625045,12083.7625045,"1",1,7.5,4.5,0.901182748920739,-0.906845266105482,-0.52640987083009,0.0934337615094826,0.0459145034420814,0.0524119901907512,0.0382619318055074,1.48951180705569,-3.08097423269622,-2.94861989339636,1.446838267543,1.18410055439614,1.0512724111108,0.972731335442985
"443",2014,"1864",-0.044022776258799,0.0249487664921797,0.0560041264638899,0.100026902722689,0,0.0310553599717103,0.847438970956359,0.97757851786374,0.764921043704314,150.388888888889,12588.2127025765,20641.8694783933,"0",2003,1,2014.1,2014.9,1.27104048807403,"1503","1209",0.236835368610553,6.03013698630116,150.666666666667,29273.26764,29273.26764,"0",0,5.58333333333333,5.41666666666667,-0.0826239864090894,-0.906845266105482,-0.52640987083009,0.0560041264638899,0.100026902722689,0.0310553599717103,-0.321764242139528,-0.0873272317304871,-2.30231610194849,-3.47198386161283,-1.10626027318617,1.208456420734,1.50128908149251,1.0557141743185
"444",2014,"3002",-0.014588446803797,-0.0451503888316715,0.0525207221873888,0.0671091689911858,0,0.0976711110190603,0.543161532451247,0.693625082712081,1.21266744864255,155.488888888889,15043.945892317,15649.8439857189,"0",2003,1,2014.1,2014.9,1.27104048807403,"1782","1495",-0.864683302107843,4.32328767123295,180.377777777778,9463.046165,9463.046165,"0",0,6,5,-0.156895795067902,0.317984703699325,-0.52640987083009,0.0525207221873888,0.0671091689911858,0.0976711110190603,-0.0885829084524042,-0.285168893680342,-2.70143459767534,-2.3261494543539,-0.443691769232192,-1.34618598373442,1.00056832300131,-0.203242940512134
"445",2014,"3002",-0.014588446803797,-0.0451503888316715,0.0525207221873888,0.0671091689911858,0,0.0976711110190603,0.543161532451247,0.693625082712081,1.21266744864255,155.488888888889,15043.945892317,15649.8439857189,"0",2003,1,2014.1,2014.9,1.27104048807403,"1782","1495",-0.864683302107843,4.32328767123295,180.377777777778,9463.046165,9463.046165,"0",0,6,5,-0.156895795067902,0.317984703699325,-0.52640987083009,0.0525207221873888,0.0671091689911858,0.0976711110190603,-0.0885829084524042,-0.285168893680342,-2.70143459767534,-2.3261494543539,-0.443691769232192,-1.34618598373442,1.00056832300131,-0.203242940512134
"446",2014,"3094",-0.0591640871112406,-0.0137505041635299,0.0334703472878253,0.0926344343990659,0,0.0472208514513552,0.818661642449914,0.0657442426304726,0.00575319531475301,210.222222222222,13917.1639171375,40475.822,"0",2004,0,2014.1,2014.9,0.969378665254086,"1891","1523",-0.55935379655755,5.22006138183997,229.544444444444,26764.71779,26764.71779,"0",1,8,2,0.874657102971163,0.317984703699325,-0.52640987083009,0.0334703472878253,0.0926344343990659,0.0472208514513552,-0.195575200955781,-1.67321799562491,-2.37909434469248,-3.05291971590421,-1.97277491325085,-0.763029767412499,0.756696634707502,-0.279019891352306
"447",2014,"3094",-0.0591640871112406,-0.0137505041635299,0.0334703472878253,0.0926344343990659,0,0.0472208514513552,0.818661642449914,0.0657442426304726,0.00575319531475301,210.222222222222,13917.1639171375,40475.822,"0",2004,0,2014.1,2014.9,0.969378665254086,"1891","1523",-0.55935379655755,5.22006138183997,229.544444444444,26764.71779,26764.71779,"0",1,8,2,0.874657102971163,-0.906845266105482,-0.52640987083009,0.0334703472878253,0.0926344343990659,0.0472208514513552,-0.195575200955781,-1.67321799562491,-2.37909434469248,-3.05291971590421,-1.97277491325085,-0.763029767412499,0.756696634707502,-0.279019891352306
"448",2014,"3574",-0.00495456706957517,0.0473629050364437,0.0993803606550273,0.104334927724603,0,0.0520174556185836,-0.102995105306645,-0.872971071909734,0.827784191268244,129.111111111111,12897.1665949568,27814.0594444444,"0",2005,0,2014.1,2014.9,0.667716842434143,"3090","1381",-0.90833576555711,8.03287671232874,134.277777777778,15800.29366,15800.29366,"0",1,6,3,-0.0914658683922815,-0.906845266105482,-0.52640987083009,0.0993803606550273,0.104334927724603,0.0520174556185836,-0.292427878981656,1.67960274987721,-2.2601490955214,-2.95617593175754,-0.0550125991679856,1.33031651776374,1.04366246805054,0.421796638607727
"449",2014,"3574",-0.00495456706957517,0.0473629050364437,0.0993803606550273,0.104334927724603,0,0.0520174556185836,-0.102995105306645,-0.872971071909734,0.827784191268244,129.111111111111,12897.1665949568,27814.0594444444,"0",2005,0,2014.1,2014.9,0.667716842434143,"3090","1381",-0.90833576555711,8.03287671232874,134.277777777778,15800.29366,15800.29366,"0",1,6,3,-0.0914658683922815,-0.906845266105482,-0.52640987083009,0.0993803606550273,0.104334927724603,0.0520174556185836,-0.292427878981656,1.67960274987721,-2.2601490955214,-2.95617593175754,-0.0550125991679856,1.33031651776374,1.04366246805054,0.421796638607727
"450",2014,"3606",-0.0372532304097038,-0.0181866071118115,0.0363002109855592,0.073553441395263,0,0.0544868180973707,0.550565977824863,0.661062737156338,0.210209418619017,129.111111111111,11430.9340350877,18496.1403694581,"0",2005,1,2014.1,2014.9,0.667716842434143,"3003","1710",-0.884499205828122,3.2383561643835,137.633333333333,25865.94948,25865.94948,"0",1,4.5,4.5,-0.524718085568689,1.54281467350413,-0.52640987083009,0.0363002109855592,0.073553441395263,0.0544868180973707,-0.431652313148256,-1.42316878593798,-2.60974304315489,-2.90979647634116,-1.35588485273666,-0.893837836709928,-0.160943570730873,0.227500721395205
"451",2014,"3608",-0.0270977462358049,-0.00342483794960517,0.0495109377968988,0.0766086840327037,1,0.052935775746504,-0.77074198500136,0.895078376860172,0.485899415167689,129.111111111111,11053.4634234499,16222.862311522,"0",2005,0,2014.1,2014.9,0.667716842434143,"1705","1750",-0.283326225895365,3.09041095890393,176.522222222222,10285.003313,10285.003313,"1",1,5,4,-0.317818047161997,-0.906845266105482,-0.52640987083009,0.0495109377968988,0.0766086840327037,0.052935775746504,-0.467494602944688,-0.466979952730072,-2.56904484008817,-2.93867587859494,-0.822365636097217,-0.17761980002592,-0.182433090422468,-0.228367889522449
"452",2014,"3608",-0.0270977462358049,-0.00342483794960517,0.0495109377968988,0.0766086840327037,1,0.052935775746504,-0.77074198500136,0.895078376860172,0.485899415167689,129.111111111111,11053.4634234499,16222.862311522,"0",2005,0,2014.1,2014.9,0.667716842434143,"1705","1750",-0.283326225895365,3.09041095890393,176.522222222222,10285.003313,10285.003313,"1",1,5,4,-0.317818047161997,-0.906845266105482,-0.52640987083009,0.0495109377968988,0.0766086840327037,0.052935775746504,-0.467494602944688,-0.466979952730072,-2.56904484008817,-2.93867587859494,-0.822365636097217,-0.17761980002592,-0.182433090422468,-0.228367889522449
"453",2014,"3699",0.0192657402559422,-0.00312981603469629,0.0678541239937149,0.0485883837377727,1,0.0709839400284112,-0.821863030126049,-2.82187753889061,-0.0491557606861464,152.366666666667,19725.0953333333,12841.3616693069,"0",2005,0,2014.1,2014.9,0.667716842434143,"2968","1769",-0.650499116134829,2.6301369863013,160.8,18481.216345,18481.216345,"1",0,6.5,2.5,0.311134491242394,-0.906845266105482,-0.52640987083009,0.0678541239937149,0.0485883837377727,0.0709839400284112,0.355910277698758,0.503985941690882,-3.02437079438628,-2.64530162431011,0.701977944771177,-0.131612243657556,-0.748783403639685,-0.237549544041247
"454",2014,"4999",0.0071977655290596,0.00581230471288245,0.0530331561642376,0.045835390635178,0,0.0472208514513552,0.818661642449914,1.8313399170798,0.515904665743485,218.2,9874.99832779623,18416.0193059211,"0",2007,0,2014.1,2014.9,0.064393196794257,"1757","1523",0.531338624323557,7.67123287671234,170.922222222222,10212.3263315,10212.3263315,"0",0,4,3,-0.510571074395582,-0.906845266105482,-0.52640987083009,0.0530331561642376,0.045835390635178,0.0472208514513552,-0.579394406985405,-0.255255824081553,-3.08269876496529,-3.05291971590421,0.329811155263294,0.208658330258605,0.529597152404666,0.514826531511335
"455",2014,"5128",-0.0574404922076382,-0.0175966213228978,0.0334379268607782,0.0908784190684165,0,0.051034548183676,0.278152261650174,1.19521351820944,0.743348924824768,146.9,12199.8494363167,1658.35777777778,"0",2007,0,2014.1,2014.9,0.064393196794257,"1789","1801",0.30759264433387,4.69863013698637,209.833333333333,38990.67144,38990.67144,"0",3,6,1,0.236273223784702,0.317984703699325,1.89600723387475,0.0334379268607782,0.0908784190684165,0.051034548183676,-0.358640831485586,-1.67620360361481,-2.39823271997468,-2.97525246023384,-1.9368287922094,-0.929045586268583,-0.631740577467383,-0.664259046163687
"456",2014,"5128",-0.0574404922076382,-0.0175966213228978,0.0334379268607782,0.0908784190684165,0,0.051034548183676,0.278152261650174,1.19521351820944,0.743348924824768,146.9,12199.8494363167,1658.35777777778,"0",2007,0,2014.1,2014.9,0.064393196794257,"1789","1801",0.30759264433387,4.69863013698637,209.833333333333,38990.67144,38990.67144,"0",3,6,1,0.236273223784702,0.317984703699325,1.89600723387475,0.0334379268607782,0.0908784190684165,0.051034548183676,-0.358640831485586,-1.67620360361481,-2.39823271997468,-2.97525246023384,-1.9368287922094,-0.929045586268583,-0.631740577467383,-0.664259046163687
"457",2014,"5337",-0.0184028614104564,-0.0178732748190905,0.0366135432782802,0.0550164046887367,1,0.0544868180973707,0.550565977824863,-0.616915606364716,0.867638467716565,166.166666666667,7221.30916666667,13425.9367563025,"0",2009,0,2014.1,2014.9,-0.538930448845629,"4936","1710",-0.427709315546791,6.97808219178069,205.444444444444,12254.08852,12254.08852,"1",1,4.5,0.5,-0.349648822301488,0.317984703699325,1.89600723387475,0.0366135432782802,0.0550164046887367,0.0544868180973707,-0.831372423314061,-1.3966903568002,-2.90012387115451,-2.90979647634116,-0.764391294378408,-0.875692941906277,-0.382175893335982,-0.659737662200483
"458",2014,"5337",-0.0184028614104564,-0.0178732748190905,0.0366135432782802,0.0550164046887367,1,0.0544868180973707,0.550565977824863,-0.616915606364716,0.867638467716565,166.166666666667,7221.30916666667,13425.9367563025,"0",2009,0,2014.1,2014.9,-0.538930448845629,"4936","1710",-0.427709315546791,6.97808219178069,205.444444444444,12254.08852,12254.08852,"1",1,4.5,0.5,-0.349648822301488,0.317984703699325,1.89600723387475,0.0366135432782802,0.0550164046887367,0.0544868180973707,-0.831372423314061,-1.3966903568002,-2.90012387115451,-2.90979647634116,-0.764391294378408,-0.875692941906277,-0.382175893335982,-0.659737662200483
"459",2014,"5524",0.00701664430602656,0.0103189915099675,0.0565275821029254,0.0495109377968988,0,0.0462085905929579,2.09242762022796,0.562889330983132,-0.383710996399839,157.888888888889,7832.65806267806,11053.4634234499,"0",2009,0,2014.1,2014.9,-0.538930448845629,"3608","1553",0.115400584599153,10.1232876712329,129.111111111111,8738.711599,8738.711599,"0",1,5,0,-0.573053707076805,-0.906845266105482,-0.52640987083009,0.0565275821029254,0.0495109377968988,0.0462085905929579,-0.773322488770826,-0.0586655315195075,-3.00556166822288,-3.07458955460929,0.303447560004867,0.389124938048567,0.137385707242536,-0.760587926781811
"460",2014,"5530",0.0345763472609279,0.0435279531141301,0.0904341281676196,0.0558577809066916,1,0.0469061750534895,0.435587107541929,-2.11769293859974,0.373957616459083,157.888888888889,6782.0525,16634.024469697,"0",2009,0,2014.1,2014.9,-0.538930448845629,"3594","5197",0.135480352034072,1.54073658207949,129.111111111111,33891.719165,33891.719165,"1",1,5.5,-0.5,-0.251798661687496,0.317984703699325,-0.52640987083009,0.0904341281676196,0.0558577809066916,0.0469061750534895,-0.873081537232547,1.38898204351381,-2.88494644523538,-3.05960594794337,0.994459302589043,1.34952242555,-0.689454839143108,-0.760587926781811
"461",2014,"5549",0.0199305590987873,0.00715510240985299,0.0567687054015317,0.0368381463027444,1,0.0496136029916787,0.310349240073691,0.774533565456351,-1.52380579627838,148.977777777778,7500.16361895161,12117.4776353276,"0",2009,0,2014.1,2014.9,-0.538930448845629,"5123","4934",-0.487948617851786,3.2739726027396,124.466666666667,29975.43192,29975.43192,"1",3,5.5,-0.5,-0.262408920067327,0.317984703699325,1.89600723387475,0.0567687054015317,0.0368381463027444,0.0496136029916787,-0.804894118032344,-0.0455520502675387,-3.30122138637608,-3.00349022898748,0.896802302798384,0.248007464195974,-0.814792958864802,-0.967321581135108
"462",2014,"5549",0.0199305590987873,0.00715510240985299,0.0567687054015317,0.0368381463027444,1,0.0496136029916787,0.310349240073691,0.774533565456351,-1.52380579627838,148.977777777778,7500.16361895161,12117.4776353276,"0",2009,0,2014.1,2014.9,-0.538930448845629,"5123","4934",-0.487948617851786,3.2739726027396,124.466666666667,29975.43192,29975.43192,"1",3,5.5,-0.5,-0.262408920067327,0.317984703699325,1.89600723387475,0.0567687054015317,0.0368381463027444,0.0496136029916787,-0.804894118032344,-0.0455520502675387,-3.30122138637608,-3.00349022898748,0.896802302798384,0.248007464195974,-0.814792958864802,-0.967321581135108
"463",2014,"5564",-0.0531431436772717,0.000959138157337391,0.0340097000249813,0.087152843702253,0,0.0330505618676439,-0.504008390222092,0.767945951858518,0.501516308044257,118.622222222222,10055.3944523471,9784.10328048781,"0",2010,1,2014.1,2014.9,-0.840592271665572,"5224","1881",-0.571708365930409,7.00547945205471,110.788888888889,8790.764752,8790.764752,"0",0,2,2,-1.47964133975342,-0.906845266105482,-0.52640987083009,0.0340097000249813,0.087152843702253,0.0330505618676439,-0.562265099497728,-1.62396863417054,-2.44009187757424,-3.40971671229509,-1.82047079433217,0.0239834989543471,-0.710925447544965,-1.08719139111863
"464",2014,"5575",0.000711590647096277,-0.00156473389463622,0.0547084793644387,0.0539968887173424,1,0.0562732132590749,0.530743525302488,2.95740484733577,-0.737006494476935,118.622222222222,10060.5431111111,13489.9796536797,"0",2010,0,2014.1,2014.9,-0.840592271665572,"5168","1731",-0.369382372045262,8.0794520547945,142.744444444444,6564.146311,6564.146311,"1",2,3.5,0.5,-0.838899625371444,-0.906845266105482,-0.52640987083009,0.0547084793644387,0.0539968887173424,0.0562732132590749,-0.561776214499021,-0.159438532349553,-2.91882885042326,-2.87753664286531,0.0671417334977519,-0.0959468164996773,-0.611981677620262,-1.20339643102206
"465",2014,"5575",0.000711590647096277,-0.00156473389463622,0.0547084793644387,0.0539968887173424,1,0.0562732132590749,0.530743525302488,2.95740484733577,-0.737006494476935,118.622222222222,10060.5431111111,13489.9796536797,"0",2010,0,2014.1,2014.9,-0.840592271665572,"5168","1731",-0.369382372045262,8.0794520547945,142.744444444444,6564.146311,6564.146311,"1",2,3.5,0.5,-0.838899625371444,0.317984703699325,1.89600723387475,0.0547084793644387,0.0539968887173424,0.0562732132590749,-0.561776214499021,-0.159438532349553,-2.91882885042326,-2.87753664286531,0.0671417334977519,-0.0959468164996773,-0.611981677620262,-1.20339643102206
"466",2014,"5589",0.0438871499401297,0.0623507649031266,0.0971873859061885,0.0533002359660588,0,0.0348366210030618,0.241695196132933,-0.127264487202683,-0.717454153774836,135.322222222222,9616.95611111111,12323.0009046283,"0",2010,0,2014.1,2014.9,-0.840592271665572,"3085","1729",0.748205860147679,9.16438356164372,209.433333333333,12646.672345,12646.672345,"0",0,4.5,-0.5,-0.665598738500881,-0.906845266105482,-0.52640987083009,0.0971873859061885,0.0533002359660588,0.0348366210030618,-0.60389651026177,1.61085899695845,-2.93181452068958,-3.35708611783615,1.22966609005911,2.12960360709873,-0.207975570215116,-0.766101903641527
"467",2014,"5604",0.0108584725480691,-0.00467719569904377,0.0550113306918154,0.0441528581437464,0,0.0596885263908592,0.404143603799831,-0.161794285816791,0.426242933002562,143.511111111111,12225.5026785714,11454.1666666667,"0",2010,0,2014.1,2014.9,-0.840592271665572,"5284","1762",-0.663067911493875,8.06301369863013,151.8,21370.25986,21370.25986,"0",1,3,1,-1.43130571824531,1.54281467350413,-0.52640987083009,0.0550113306918154,0.0441528581437464,0.0596885263908592,-0.356204957235346,-0.142431075247763,-3.12009761690983,-2.81861546481182,0.476253868197657,-0.2086855518306,-0.812621545009144,-1.18088989150615
"468",2014,"5613",-0.0329116180530947,-0.0707203212973376,0.0518071276017131,0.0847187456548078,0,0.122527448899051,-0.254604934474559,-0.956289137686826,1.76656699538915,115.488888888889,7678.12230769231,18023.4985947712,"0",2009,0,2014.1,2014.9,-0.840592271665572,"3518","3486",0.358270152622107,5.05479452054806,129.111111111111,20178.17828,20178.17828,"0",1,4,0,-0.81060560302523,-0.906845266105482,-0.52640987083009,0.0518071276017131,0.0847187456548078,0.122527448899051,-0.787996254471623,-0.327314461499275,-2.46841838357282,-2.09942020145257,-0.931756065952666,-1.85373428642417,-0.884828016127183,-0.919255153551027
"469",2014,"5766",0.0157267327934323,0.00417246588850158,0.0523402760717125,0.0366135432782802,1,0.0481678101832109,-2.70779478907545,0.968161286902502,0.124108347542164,144.011111111111,10088.232,7221.30916666667,"0",2011,0,2014.1,2014.9,-1.14225409448552,"5337","5508",-0.522371076311633,1.87397260273974,166.166666666667,16329.61394,16329.61394,"1",2,2.5,0.5,-1.50439860930636,-0.906845266105482,-0.52640987083009,0.0523402760717125,0.0366135432782802,0.0481678101832109,-0.559147047753056,-0.295771870831207,-3.30733707209517,-3.03306431955166,0.748217707680625,0.138975470313224,-1.78833921225788,-1.84713001450561
"470",2014,"5766",0.0157267327934323,0.00417246588850158,0.0523402760717125,0.0366135432782802,1,0.0481678101832109,-2.70779478907545,0.968161286902502,0.124108347542164,144.011111111111,10088.232,7221.30916666667,"0",2011,0,2014.1,2014.9,-1.14225409448552,"5337","5508",-0.522371076311633,1.87397260273974,166.166666666667,16329.61394,16329.61394,"1",2,2.5,0.5,-1.50439860930636,0.317984703699325,1.89600723387475,0.0523402760717125,0.0366135432782802,0.0481678101832109,-0.559147047753056,-0.295771870831207,-3.30733707209517,-3.03306431955166,0.748217707680625,0.138975470313224,-1.78833921225788,-1.84713001450561
"471",2014,"5851",0.00774458415933749,0.00928772378291031,0.0593148010101592,0.0515702168508217,0,0.0500270772272489,0.150581490850742,-0.3999880043294,-2.51419303080147,97.8,13280.5033333333,7448.825,"0",2012,0,2014.1,2014.9,-1.44391591730546,"5518","5456",-0.403392053604957,2.96008683284686,157.888888888889,9986.093545,9986.093545,"0",1,3,-1,-1.03990507578934,-0.906845266105482,-0.52640987083009,0.0593148010101592,0.0515702168508217,0.0500270772272489,-0.256028577836343,0.0896140218039061,-2.96481096594805,-2.99519087559134,0.318047115331644,0.323111366773968,-1.75419016832646,-1.67570203675178
"472",2015,"1042",0.0369417768094009,0.0361918302891299,0.0828562802514824,0.0459145034420814,0,0.0466644499623525,-0.889299915360808,-1.44101056432007,-0.132341679334889,115.133333333333,17982.5829722443,24266.2541121751,"0",1996,0,2015.1,2015.9,3.68433507063357,"1043","559",-1.01624296229586,2.94656037128516,125.733333333333,21533.425155,21533.425155,"0",0,10.5,8.5,2.20211831804772,0.317984703699325,1.89600723387475,0.0828562802514824,0.0459145034420814,0.0466644499623525,0.190452011294839,1.11936815413273,-3.08097423269622,-3.06477264697587,1.20914279974466,1.17567174735628,-1.39157033420147,-0.686134291950348
"473",2015,"1716",0.0475192580674012,0.0410217713187314,0.0934337615094826,0.0459145034420814,1,0.0524119901907512,-2.18680066183084,-1.44101056432007,-0.632144348419286,180.377777777778,16379.8036097561,24266.2541121751,"0",2002,0,2015.1,2015.9,1.87436413371392,"1043","1412",1.09261593310112,4.07671232876714,125.733333333333,21319.899317,21319.899317,"1",0,7.5,5.5,0.901182748920739,0.317984703699325,-0.52640987083009,0.0934337615094826,0.0459145034420814,0.0524119901907512,0.0382619318055074,1.48951180705569,-3.08097423269622,-2.94861989339636,1.446838267543,1.18410055439614,1.0512724111108,0.972731335442985
"474",2015,"1716",0.0475192580674012,0.0410217713187314,0.0934337615094826,0.0459145034420814,1,0.0524119901907512,-2.18680066183084,-1.44101056432007,-0.632144348419286,180.377777777778,16379.8036097561,24266.2541121751,"0",2002,0,2015.1,2015.9,1.87436413371392,"1043","1412",1.09261593310112,4.07671232876714,125.733333333333,21319.899317,21319.899317,"1",0,7.5,5.5,0.901182748920739,0.317984703699325,-0.52640987083009,0.0934337615094826,0.0459145034420814,0.0524119901907512,0.0382619318055074,1.48951180705569,-3.08097423269622,-2.94861989339636,1.446838267543,1.18410055439614,1.0512724111108,0.972731335442985
"475",2015,"1716",0.0475192580674012,0.0410217713187314,0.0934337615094826,0.0459145034420814,1,0.0524119901907512,-2.18680066183084,-1.44101056432007,-0.632144348419286,180.377777777778,16379.8036097561,24266.2541121751,"0",2002,0,2015.1,2015.9,1.87436413371392,"1043","1412",1.09261593310112,4.07671232876714,125.733333333333,21319.899317,21319.899317,"1",0,7.5,5.5,0.901182748920739,-0.906845266105482,-0.52640987083009,0.0934337615094826,0.0459145034420814,0.0524119901907512,0.0382619318055074,1.48951180705569,-3.08097423269622,-2.94861989339636,1.446838267543,1.18410055439614,1.0512724111108,0.972731335442985
"476",2015,"3094",-0.0591640871112406,-0.0137505041635299,0.0334703472878253,0.0926344343990659,0,0.0472208514513552,0.818661642449914,0.0657442426304726,0.00575319531475301,210.222222222222,13917.1639171375,40475.822,"0",2004,0,2015.1,2015.9,1.27104048807403,"1891","1523",-0.55935379655755,5.22006138183997,229.544444444444,26147.05119,26147.05119,"0",1,8,3,0.874657102971163,0.317984703699325,-0.52640987083009,0.0334703472878253,0.0926344343990659,0.0472208514513552,-0.195575200955781,-1.67321799562491,-2.37909434469248,-3.05291971590421,-1.97277491325085,-0.763029767412499,0.756696634707502,-0.279019891352306
"477",2015,"3094",-0.0591640871112406,-0.0137505041635299,0.0334703472878253,0.0926344343990659,0,0.0472208514513552,0.818661642449914,0.0657442426304726,0.00575319531475301,210.222222222222,13917.1639171375,40475.822,"0",2004,0,2015.1,2015.9,1.27104048807403,"1891","1523",-0.55935379655755,5.22006138183997,229.544444444444,26147.05119,26147.05119,"0",1,8,3,0.874657102971163,-0.906845266105482,-0.52640987083009,0.0334703472878253,0.0926344343990659,0.0472208514513552,-0.195575200955781,-1.67321799562491,-2.37909434469248,-3.05291971590421,-1.97277491325085,-0.763029767412499,0.756696634707502,-0.279019891352306
"478",2015,"3574",-0.00495456706957517,0.0473629050364437,0.0993803606550273,0.104334927724603,0,0.0520174556185836,-0.102995105306645,-0.872971071909734,0.827784191268244,129.111111111111,12897.1665949568,27814.0594444444,"0",2005,0,2015.1,2015.9,0.969378665254086,"3090","1381",-0.90833576555711,8.03287671232874,134.277777777778,4130.9802945,4130.9802945,"0",0,6,4,-0.0914658683922815,-0.906845266105482,-0.52640987083009,0.0993803606550273,0.104334927724603,0.0520174556185836,-0.292427878981656,1.67960274987721,-2.2601490955214,-2.95617593175754,-0.0550125991679856,1.33031651776374,1.04366246805054,0.421796638607727
"479",2015,"3574",-0.00495456706957517,0.0473629050364437,0.0993803606550273,0.104334927724603,0,0.0520174556185836,-0.102995105306645,-0.872971071909734,0.827784191268244,129.111111111111,12897.1665949568,27814.0594444444,"0",2005,0,2015.1,2015.9,0.969378665254086,"3090","1381",-0.90833576555711,8.03287671232874,134.277777777778,4130.9802945,4130.9802945,"0",0,6,4,-0.0914658683922815,-0.906845266105482,-0.52640987083009,0.0993803606550273,0.104334927724603,0.0520174556185836,-0.292427878981656,1.67960274987721,-2.2601490955214,-2.95617593175754,-0.0550125991679856,1.33031651776374,1.04366246805054,0.421796638607727
"480",2015,"3608",-0.0270977462358049,-0.00342483794960517,0.0495109377968988,0.0766086840327037,1,0.052935775746504,-0.77074198500136,0.895078376860172,0.485899415167689,129.111111111111,11053.4634234499,16222.862311522,"0",2005,1,2015.1,2015.9,0.969378665254086,"1705","1750",-0.283326225895365,3.09041095890393,176.522222222222,6783.773942,6783.773942,"1",0,5,5,-0.317818047161997,-0.906845266105482,-0.52640987083009,0.0495109377968988,0.0766086840327037,0.052935775746504,-0.467494602944688,-0.466979952730072,-2.56904484008817,-2.93867587859494,-0.822365636097217,-0.17761980002592,-0.182433090422468,-0.228367889522449
"481",2015,"3608",-0.0270977462358049,-0.00342483794960517,0.0495109377968988,0.0766086840327037,1,0.052935775746504,-0.77074198500136,0.895078376860172,0.485899415167689,129.111111111111,11053.4634234499,16222.862311522,"0",2005,1,2015.1,2015.9,0.969378665254086,"1705","1750",-0.283326225895365,3.09041095890393,176.522222222222,6783.773942,6783.773942,"1",0,5,5,-0.317818047161997,-0.906845266105482,-0.52640987083009,0.0495109377968988,0.0766086840327037,0.052935775746504,-0.467494602944688,-0.466979952730072,-2.56904484008817,-2.93867587859494,-0.822365636097217,-0.17761980002592,-0.182433090422468,-0.228367889522449
"482",2015,"3699",0.0192657402559422,-0.00312981603469629,0.0678541239937149,0.0485883837377727,1,0.0709839400284112,-0.821863030126049,-2.82187753889061,-0.0491557606861464,152.366666666667,19725.0953333333,12841.3616693069,"0",2005,0,2015.1,2015.9,0.969378665254086,"2968","1769",-0.650499116134829,2.6301369863013,160.8,22403.039355,22403.039355,"1",0,6.5,3.5,0.311134491242394,-0.906845266105482,-0.52640987083009,0.0678541239937149,0.0485883837377727,0.0709839400284112,0.355910277698758,0.503985941690882,-3.02437079438628,-2.64530162431011,0.701977944771177,-0.131612243657556,-0.748783403639685,-0.237549544041247
"483",2015,"4999",0.0071977655290596,0.00581230471288245,0.0530331561642376,0.045835390635178,0,0.0472208514513552,0.818661642449914,1.8313399170798,0.515904665743485,218.2,9874.99832779623,18416.0193059211,"0",2007,1,2015.1,2015.9,0.3660550196142,"1757","1523",0.531338624323557,7.67123287671234,170.922222222222,11486.5768145,11486.5768145,"0",0,4,4,-0.510571074395582,-0.906845266105482,-0.52640987083009,0.0530331561642376,0.045835390635178,0.0472208514513552,-0.579394406985405,-0.255255824081553,-3.08269876496529,-3.05291971590421,0.329811155263294,0.208658330258605,0.529597152404666,0.514826531511335
"484",2015,"5128",-0.0574404922076382,-0.0175966213228978,0.0334379268607782,0.0908784190684165,0,0.051034548183676,0.278152261650174,1.19521351820944,0.743348924824768,146.9,12199.8494363167,1658.35777777778,"0",2007,0,2015.1,2015.9,0.3660550196142,"1789","1801",0.30759264433387,4.69863013698637,209.833333333333,16009.041355,16009.041355,"0",0,6,2,0.236273223784702,0.317984703699325,1.89600723387475,0.0334379268607782,0.0908784190684165,0.051034548183676,-0.358640831485586,-1.67620360361481,-2.39823271997468,-2.97525246023384,-1.9368287922094,-0.929045586268583,-0.631740577467383,-0.664259046163687
"485",2015,"5128",-0.0574404922076382,-0.0175966213228978,0.0334379268607782,0.0908784190684165,0,0.051034548183676,0.278152261650174,1.19521351820944,0.743348924824768,146.9,12199.8494363167,1658.35777777778,"0",2007,0,2015.1,2015.9,0.3660550196142,"1789","1801",0.30759264433387,4.69863013698637,209.833333333333,16009.041355,16009.041355,"0",0,6,2,0.236273223784702,0.317984703699325,1.89600723387475,0.0334379268607782,0.0908784190684165,0.051034548183676,-0.358640831485586,-1.67620360361481,-2.39823271997468,-2.97525246023384,-1.9368287922094,-0.929045586268583,-0.631740577467383,-0.664259046163687
"486",2015,"5337",-0.0184028614104564,-0.0178732748190905,0.0366135432782802,0.0550164046887367,1,0.0544868180973707,0.550565977824863,-0.616915606364716,0.867638467716565,166.166666666667,7221.30916666667,13425.9367563025,"0",2009,0,2015.1,2015.9,-0.237268626025686,"4936","1710",-0.427709315546791,6.97808219178069,205.444444444444,10847.588328,10847.588328,"1",0,4.5,1.5,-0.349648822301488,0.317984703699325,1.89600723387475,0.0366135432782802,0.0550164046887367,0.0544868180973707,-0.831372423314061,-1.3966903568002,-2.90012387115451,-2.90979647634116,-0.764391294378408,-0.875692941906277,-0.382175893335982,-0.659737662200483
"487",2015,"5337",-0.0184028614104564,-0.0178732748190905,0.0366135432782802,0.0550164046887367,1,0.0544868180973707,0.550565977824863,-0.616915606364716,0.867638467716565,166.166666666667,7221.30916666667,13425.9367563025,"0",2009,0,2015.1,2015.9,-0.237268626025686,"4936","1710",-0.427709315546791,6.97808219178069,205.444444444444,10847.588328,10847.588328,"1",0,4.5,1.5,-0.349648822301488,0.317984703699325,1.89600723387475,0.0366135432782802,0.0550164046887367,0.0544868180973707,-0.831372423314061,-1.3966903568002,-2.90012387115451,-2.90979647634116,-0.764391294378408,-0.875692941906277,-0.382175893335982,-0.659737662200483
"488",2015,"5524",0.00701664430602656,0.0103189915099675,0.0565275821029254,0.0495109377968988,0,0.0462085905929579,2.09242762022796,0.562889330983132,-0.383710996399839,157.888888888889,7832.65806267806,11053.4634234499,"0",2009,0,2015.1,2015.9,-0.237268626025686,"3608","1553",0.115400584599153,10.1232876712329,129.111111111111,4722.544191,4722.544191,"0",2,5,1,-0.573053707076805,-0.906845266105482,-0.52640987083009,0.0565275821029254,0.0495109377968988,0.0462085905929579,-0.773322488770826,-0.0586655315195075,-3.00556166822288,-3.07458955460929,0.303447560004867,0.389124938048567,0.137385707242536,-0.760587926781811
"489",2015,"5524",0.00701664430602656,0.0103189915099675,0.0565275821029254,0.0495109377968988,0,0.0462085905929579,2.09242762022796,0.562889330983132,-0.383710996399839,157.888888888889,7832.65806267806,11053.4634234499,"0",2009,0,2015.1,2015.9,-0.237268626025686,"3608","1553",0.115400584599153,10.1232876712329,129.111111111111,4722.544191,4722.544191,"0",2,5,1,-0.573053707076805,-0.906845266105482,-0.52640987083009,0.0565275821029254,0.0495109377968988,0.0462085905929579,-0.773322488770826,-0.0586655315195075,-3.00556166822288,-3.07458955460929,0.303447560004867,0.389124938048567,0.137385707242536,-0.760587926781811
"490",2015,"5530",0.0345763472609279,0.0435279531141301,0.0904341281676196,0.0558577809066916,1,0.0469061750534895,0.435587107541929,-2.11769293859974,0.373957616459083,157.888888888889,6782.0525,16634.024469697,"0",2009,0,2015.1,2015.9,-0.237268626025686,"3594","5197",0.135480352034072,1.54073658207949,129.111111111111,13437.4527715,13437.4527715,"1",0,5.5,0.5,-0.251798661687496,0.317984703699325,-0.52640987083009,0.0904341281676196,0.0558577809066916,0.0469061750534895,-0.873081537232547,1.38898204351381,-2.88494644523538,-3.05960594794337,0.994459302589043,1.34952242555,-0.689454839143108,-0.760587926781811
"491",2015,"5549",0.0199305590987873,0.00715510240985299,0.0567687054015317,0.0368381463027444,1,0.0496136029916787,0.310349240073691,0.774533565456351,-1.52380579627838,148.977777777778,7500.16361895161,12117.4776353276,"0",2009,0,2015.1,2015.9,-0.237268626025686,"5123","4934",-0.487948617851786,3.2739726027396,124.466666666667,20899.61091,20899.61091,"1",0,5.5,0.5,-0.262408920067327,0.317984703699325,1.89600723387475,0.0567687054015317,0.0368381463027444,0.0496136029916787,-0.804894118032344,-0.0455520502675387,-3.30122138637608,-3.00349022898748,0.896802302798384,0.248007464195974,-0.814792958864802,-0.967321581135108
"492",2015,"5549",0.0199305590987873,0.00715510240985299,0.0567687054015317,0.0368381463027444,1,0.0496136029916787,0.310349240073691,0.774533565456351,-1.52380579627838,148.977777777778,7500.16361895161,12117.4776353276,"0",2009,0,2015.1,2015.9,-0.237268626025686,"5123","4934",-0.487948617851786,3.2739726027396,124.466666666667,20899.61091,20899.61091,"1",0,5.5,0.5,-0.262408920067327,0.317984703699325,1.89600723387475,0.0567687054015317,0.0368381463027444,0.0496136029916787,-0.804894118032344,-0.0455520502675387,-3.30122138637608,-3.00349022898748,0.896802302798384,0.248007464195974,-0.814792958864802,-0.967321581135108
"493",2015,"5575",0.000711590647096277,-0.00156473389463622,0.0547084793644387,0.0539968887173424,1,0.0562732132590749,0.530743525302488,2.95740484733577,-0.737006494476935,118.622222222222,10060.5431111111,13489.9796536797,"0",2010,0,2015.1,2015.9,-0.538930448845629,"5168","1731",-0.369382372045262,8.0794520547945,142.744444444444,30065.521369,30065.521369,"1",1,3.5,1.5,-0.838899625371444,-0.906845266105482,-0.52640987083009,0.0547084793644387,0.0539968887173424,0.0562732132590749,-0.561776214499021,-0.159438532349553,-2.91882885042326,-2.87753664286531,0.0671417334977519,-0.0959468164996773,-0.611981677620262,-1.20339643102206
"494",2015,"5575",0.000711590647096277,-0.00156473389463622,0.0547084793644387,0.0539968887173424,1,0.0562732132590749,0.530743525302488,2.95740484733577,-0.737006494476935,118.622222222222,10060.5431111111,13489.9796536797,"0",2010,0,2015.1,2015.9,-0.538930448845629,"5168","1731",-0.369382372045262,8.0794520547945,142.744444444444,30065.521369,30065.521369,"1",1,3.5,1.5,-0.838899625371444,0.317984703699325,1.89600723387475,0.0547084793644387,0.0539968887173424,0.0562732132590749,-0.561776214499021,-0.159438532349553,-2.91882885042326,-2.87753664286531,0.0671417334977519,-0.0959468164996773,-0.611981677620262,-1.20339643102206
"495",2015,"5604",0.0108584725480691,-0.00467719569904377,0.0550113306918154,0.0441528581437464,0,0.0596885263908592,0.404143603799831,-0.161794285816791,0.426242933002562,143.511111111111,12225.5026785714,11454.1666666667,"0",2010,1,2015.1,2015.9,-0.538930448845629,"5284","1762",-0.663067911493875,8.06301369863013,151.8,6243.669626,6243.669626,"0",0,3,2,-1.43130571824531,1.54281467350413,-0.52640987083009,0.0550113306918154,0.0441528581437464,0.0596885263908592,-0.356204957235346,-0.142431075247763,-3.12009761690983,-2.81861546481182,0.476253868197657,-0.2086855518306,-0.812621545009144,-1.18088989150615
"496",2015,"5613",-0.0329116180530947,-0.0707203212973376,0.0518071276017131,0.0847187456548078,0,0.122527448899051,-0.254604934474559,-0.956289137686826,1.76656699538915,115.488888888889,7678.12230769231,18023.4985947712,"0",2009,0,2015.1,2015.9,-0.538930448845629,"3518","3486",0.358270152622107,5.05479452054806,129.111111111111,25062.83724,25062.83724,"0",2,4,1,-0.81060560302523,-0.906845266105482,-0.52640987083009,0.0518071276017131,0.0847187456548078,0.122527448899051,-0.787996254471623,-0.327314461499275,-2.46841838357282,-2.09942020145257,-0.931756065952666,-1.85373428642417,-0.884828016127183,-0.919255153551027
"497",2015,"5613",-0.0329116180530947,-0.0707203212973376,0.0518071276017131,0.0847187456548078,0,0.122527448899051,-0.254604934474559,-0.956289137686826,1.76656699538915,115.488888888889,7678.12230769231,18023.4985947712,"0",2009,0,2015.1,2015.9,-0.538930448845629,"3518","3486",0.358270152622107,5.05479452054806,129.111111111111,25062.83724,25062.83724,"0",2,4,1,-0.81060560302523,0.317984703699325,-0.52640987083009,0.0518071276017131,0.0847187456548078,0.122527448899051,-0.787996254471623,-0.327314461499275,-2.46841838357282,-2.09942020145257,-0.931756065952666,-1.85373428642417,-0.884828016127183,-0.919255153551027
"498",2015,"5613",-0.0329116180530947,-0.0707203212973376,0.0518071276017131,0.0847187456548078,0,0.122527448899051,-0.254604934474559,-0.956289137686826,1.76656699538915,115.488888888889,7678.12230769231,18023.4985947712,"0",2009,0,2015.1,2015.9,-0.538930448845629,"3518","3486",0.358270152622107,5.05479452054806,129.111111111111,25062.83724,25062.83724,"0",2,4,1,-0.81060560302523,1.54281467350413,1.89600723387475,0.0518071276017131,0.0847187456548078,0.122527448899051,-0.787996254471623,-0.327314461499275,-2.46841838357282,-2.09942020145257,-0.931756065952666,-1.85373428642417,-0.884828016127183,-0.919255153551027
"499",2015,"5766",0.0157267327934323,0.00417246588850158,0.0523402760717125,0.0366135432782802,1,0.0481678101832109,-2.70779478907545,0.968161286902502,0.124108347542164,144.011111111111,10088.232,7221.30916666667,"0",2011,1,2015.1,2015.9,-0.840592271665572,"5337","5508",-0.522371076311633,1.87397260273974,166.166666666667,7875.2043615,7875.2043615,"1",0,2.5,1.5,-1.50439860930636,-0.906845266105482,-0.52640987083009,0.0523402760717125,0.0366135432782802,0.0481678101832109,-0.559147047753056,-0.295771870831207,-3.30733707209517,-3.03306431955166,0.748217707680625,0.138975470313224,-1.78833921225788,-1.84713001450561
"500",2015,"5766",0.0157267327934323,0.00417246588850158,0.0523402760717125,0.0366135432782802,1,0.0481678101832109,-2.70779478907545,0.968161286902502,0.124108347542164,144.011111111111,10088.232,7221.30916666667,"0",2011,1,2015.1,2015.9,-0.840592271665572,"5337","5508",-0.522371076311633,1.87397260273974,166.166666666667,7875.2043615,7875.2043615,"1",0,2.5,1.5,-1.50439860930636,0.317984703699325,1.89600723387475,0.0523402760717125,0.0366135432782802,0.0481678101832109,-0.559147047753056,-0.295771870831207,-3.30733707209517,-3.03306431955166,0.748217707680625,0.138975470313224,-1.78833921225788,-1.84713001450561
"501",2015,"5851",0.00774458415933749,0.00928772378291031,0.0593148010101592,0.0515702168508217,0,0.0500270772272489,0.150581490850742,-0.3999880043294,-2.51419303080147,97.8,13280.5033333333,7448.825,"0",2012,0,2015.1,2015.9,-1.14225409448552,"5518","5456",-0.403392053604957,2.96008683284686,157.888888888889,11565.41502,11565.41502,"0",1,3,0,-1.03990507578934,-0.906845266105482,-0.52640987083009,0.0593148010101592,0.0515702168508217,0.0500270772272489,-0.256028577836343,0.0896140218039061,-2.96481096594805,-2.99519087559134,0.318047115331644,0.323111366773968,-1.75419016832646,-1.67570203675178
"502",2016,"3094",-0.0591640871112406,-0.0137505041635299,0.0334703472878253,0.0926344343990659,0,0.0472208514513552,0.818661642449914,0.0657442426304726,0.00575319531475301,210.222222222222,13917.1639171375,40475.822,"0",2004,0,2016.1,2016.9,1.57270231089397,"1891","1523",-0.55935379655755,5.22006138183997,229.544444444444,25634.45336,25634.45336,"0",0,8,4,0.874657102971163,-0.906845266105482,-0.52640987083009,0.0334703472878253,0.0926344343990659,0.0472208514513552,-0.195575200955781,-1.67321799562491,-2.37909434469248,-3.05291971590421,-1.97277491325085,-0.763029767412499,0.756696634707502,-0.279019891352306
"503",2016,"3094",-0.0591640871112406,-0.0137505041635299,0.0334703472878253,0.0926344343990659,0,0.0472208514513552,0.818661642449914,0.0657442426304726,0.00575319531475301,210.222222222222,13917.1639171375,40475.822,"0",2004,0,2016.1,2016.9,1.57270231089397,"1891","1523",-0.55935379655755,5.22006138183997,229.544444444444,25634.45336,25634.45336,"0",0,8,4,0.874657102971163,0.317984703699325,-0.52640987083009,0.0334703472878253,0.0926344343990659,0.0472208514513552,-0.195575200955781,-1.67321799562491,-2.37909434469248,-3.05291971590421,-1.97277491325085,-0.763029767412499,0.756696634707502,-0.279019891352306
"504",2016,"3574",-0.00495456706957517,0.0473629050364437,0.0993803606550273,0.104334927724603,0,0.0520174556185836,-0.102995105306645,-0.872971071909734,0.827784191268244,129.111111111111,12897.1665949568,27814.0594444444,"0",2005,0,2016.1,2016.9,1.27104048807403,"3090","1381",-0.90833576555711,8.03287671232874,134.277777777778,10355.48842,10355.48842,"0",0,6,5,-0.0914658683922815,-0.906845266105482,-0.52640987083009,0.0993803606550273,0.104334927724603,0.0520174556185836,-0.292427878981656,1.67960274987721,-2.2601490955214,-2.95617593175754,-0.0550125991679856,1.33031651776374,1.04366246805054,0.421796638607727
"505",2016,"5128",-0.0574404922076382,-0.0175966213228978,0.0334379268607782,0.0908784190684165,0,0.051034548183676,0.278152261650174,1.19521351820944,0.743348924824768,146.9,12199.8494363167,1658.35777777778,"0",2007,0,2016.1,2016.9,0.667716842434143,"1789","1801",0.30759264433387,4.69863013698637,209.833333333333,11000.015869,11000.015869,"0",0,6,3,0.236273223784702,0.317984703699325,1.89600723387475,0.0334379268607782,0.0908784190684165,0.051034548183676,-0.358640831485586,-1.67620360361481,-2.39823271997468,-2.97525246023384,-1.9368287922094,-0.929045586268583,-0.631740577467383,-0.664259046163687
"506",2016,"5337",-0.0184028614104564,-0.0178732748190905,0.0366135432782802,0.0550164046887367,1,0.0544868180973707,0.550565977824863,-0.616915606364716,0.867638467716565,166.166666666667,7221.30916666667,13425.9367563025,"0",2009,0,2016.1,2016.9,0.064393196794257,"4936","1710",-0.427709315546791,6.97808219178069,205.444444444444,22223.24016,22223.24016,"1",0,4.5,2.5,-0.349648822301488,0.317984703699325,1.89600723387475,0.0366135432782802,0.0550164046887367,0.0544868180973707,-0.831372423314061,-1.3966903568002,-2.90012387115451,-2.90979647634116,-0.764391294378408,-0.875692941906277,-0.382175893335982,-0.659737662200483
"507",2016,"5524",0.00701664430602656,0.0103189915099675,0.0565275821029254,0.0495109377968988,0,0.0462085905929579,2.09242762022796,0.562889330983132,-0.383710996399839,157.888888888889,7832.65806267806,11053.4634234499,"0",2009,0,2016.1,2016.9,0.064393196794257,"3608","1553",0.115400584599153,10.1232876712329,129.111111111111,20857.123225,20857.123225,"0",0,5,2,-0.573053707076805,-0.906845266105482,-0.52640987083009,0.0565275821029254,0.0495109377968988,0.0462085905929579,-0.773322488770826,-0.0586655315195075,-3.00556166822288,-3.07458955460929,0.303447560004867,0.389124938048567,0.137385707242536,-0.760587926781811
"508",2016,"5549",0.0199305590987873,0.00715510240985299,0.0567687054015317,0.0368381463027444,1,0.0496136029916787,0.310349240073691,0.774533565456351,-1.52380579627838,148.977777777778,7500.16361895161,12117.4776353276,"0",2009,0,2016.1,2016.9,0.064393196794257,"5123","4934",-0.487948617851786,3.2739726027396,124.466666666667,42721.24537,42721.24537,"1",0,5.5,1.5,-0.262408920067327,0.317984703699325,1.89600723387475,0.0567687054015317,0.0368381463027444,0.0496136029916787,-0.804894118032344,-0.0455520502675387,-3.30122138637608,-3.00349022898748,0.896802302798384,0.248007464195974,-0.814792958864802,-0.967321581135108
"509",2016,"5613",-0.0329116180530947,-0.0707203212973376,0.0518071276017131,0.0847187456548078,0,0.122527448899051,-0.254604934474559,-0.956289137686826,1.76656699538915,115.488888888889,7678.12230769231,18023.4985947712,"0",2009,1,2016.1,2016.9,-0.237268626025686,"3518","3486",0.358270152622107,5.05479452054806,129.111111111111,4008.188449,4008.188449,"0",0,4,2,-0.81060560302523,-0.906845266105482,-0.52640987083009,0.0518071276017131,0.0847187456548078,0.122527448899051,-0.787996254471623,-0.327314461499275,-2.46841838357282,-2.09942020145257,-0.931756065952666,-1.85373428642417,-0.884828016127183,-0.919255153551027
"510",2016,"5613",-0.0329116180530947,-0.0707203212973376,0.0518071276017131,0.0847187456548078,0,0.122527448899051,-0.254604934474559,-0.956289137686826,1.76656699538915,115.488888888889,7678.12230769231,18023.4985947712,"0",2009,1,2016.1,2016.9,-0.237268626025686,"3518","3486",0.358270152622107,5.05479452054806,129.111111111111,4008.188449,4008.188449,"0",0,4,2,-0.81060560302523,0.317984703699325,-0.52640987083009,0.0518071276017131,0.0847187456548078,0.122527448899051,-0.787996254471623,-0.327314461499275,-2.46841838357282,-2.09942020145257,-0.931756065952666,-1.85373428642417,-0.884828016127183,-0.919255153551027
"511",2016,"5613",-0.0329116180530947,-0.0707203212973376,0.0518071276017131,0.0847187456548078,0,0.122527448899051,-0.254604934474559,-0.956289137686826,1.76656699538915,115.488888888889,7678.12230769231,18023.4985947712,"0",2009,1,2016.1,2016.9,-0.237268626025686,"3518","3486",0.358270152622107,5.05479452054806,129.111111111111,4008.188449,4008.188449,"0",0,4,2,-0.81060560302523,1.54281467350413,1.89600723387475,0.0518071276017131,0.0847187456548078,0.122527448899051,-0.787996254471623,-0.327314461499275,-2.46841838357282,-2.09942020145257,-0.931756065952666,-1.85373428642417,-0.884828016127183,-0.919255153551027
"512",2016,"5851",0.00774458415933749,0.00928772378291031,0.0593148010101592,0.0515702168508217,0,0.0500270772272489,0.150581490850742,-0.3999880043294,-2.51419303080147,97.8,13280.5033333333,7448.825,"0",2012,0,2016.1,2016.9,-0.840592271665572,"5518","5456",-0.403392053604957,2.96008683284686,157.888888888889,10025.1822845,10025.1822845,"0",0,3,1,-1.03990507578934,-0.906845266105482,-0.52640987083009,0.0593148010101592,0.0515702168508217,0.0500270772272489,-0.256028577836343,0.0896140218039061,-2.96481096594805,-2.99519087559134,0.318047115331644,0.323111366773968,-1.75419016832646,-1.67570203675178
"513",2016,"5854",-0.00197843112946904,-0.00249285377097519,0.0547902742720626,0.0567687054015317,1,0.0572831280430378,-2.20586671456968,-1.57070731422732,-1.81609135586625,115.966666666667,17559.38,7500.16361895161,"0",2012,0,2016.1,2016.9,-0.840592271665572,"5549","5522",-0.416851715564981,2.77083614042976,148.977777777778,6571.153478,6571.153478,"1",0,3,1,-1.16958601154282,-0.906845266105482,-0.52640987083009,0.0547902742720626,0.0567687054015317,0.0572831280430378,0.15026725755182,-0.154835849845235,-2.86877006633059,-2.8597491481309,-0.0289389344015725,-0.130345407081453,-1.70797824286206,-1.68429750573424
"514",2017,"3094",-0.0591640871112406,-0.0137505041635299,0.0334703472878253,0.0926344343990659,0,0.0472208514513552,0.818661642449914,0.0657442426304726,0.00575319531475301,210.222222222222,13917.1639171375,40475.822,"0",2004,0,2017.1,2017.9,1.87436413371392,"1891","1523",-0.55935379655755,5.22006138183997,229.544444444444,103883.7759,103883.7759,"0",1,8,5,0.874657102971163,0.317984703699325,-0.52640987083009,0.0334703472878253,0.0926344343990659,0.0472208514513552,-0.195575200955781,-1.67321799562491,-2.37909434469248,-3.05291971590421,-1.97277491325085,-0.763029767412499,0.756696634707502,-0.279019891352306
"515",2017,"5337",-0.0184028614104564,-0.0178732748190905,0.0366135432782802,0.0550164046887367,1,0.0544868180973707,0.550565977824863,-0.616915606364716,0.867638467716565,166.166666666667,7221.30916666667,13425.9367563025,"0",2009,0,2017.1,2017.9,0.3660550196142,"4936","1710",-0.427709315546791,6.97808219178069,205.444444444444,56430.94806,56430.94806,"1",0,4.5,3.5,-0.349648822301488,0.317984703699325,1.89600723387475,0.0366135432782802,0.0550164046887367,0.0544868180973707,-0.831372423314061,-1.3966903568002,-2.90012387115451,-2.90979647634116,-0.764391294378408,-0.875692941906277,-0.382175893335982,-0.659737662200483
"516",2017,"5524",0.00701664430602656,0.0103189915099675,0.0565275821029254,0.0495109377968988,0,0.0462085905929579,2.09242762022796,0.562889330983132,-0.383710996399839,157.888888888889,7832.65806267806,11053.4634234499,"0",2009,1,2017.1,2017.9,0.3660550196142,"3608","1553",0.115400584599153,10.1232876712329,129.111111111111,19243.87076,19243.87076,"0",1,5,3,-0.573053707076805,-0.906845266105482,-0.52640987083009,0.0565275821029254,0.0495109377968988,0.0462085905929579,-0.773322488770826,-0.0586655315195075,-3.00556166822288,-3.07458955460929,0.303447560004867,0.389124938048567,0.137385707242536,-0.760587926781811
"517",2017,"5549",0.0199305590987873,0.00715510240985299,0.0567687054015317,0.0368381463027444,1,0.0496136029916787,0.310349240073691,0.774533565456351,-1.52380579627838,148.977777777778,7500.16361895161,12117.4776353276,"0",2009,0,2017.1,2017.9,0.3660550196142,"5123","4934",-0.487948617851786,3.2739726027396,124.466666666667,92068.01803,92068.01803,"1",0,5.5,2.5,-0.262408920067327,0.317984703699325,1.89600723387475,0.0567687054015317,0.0368381463027444,0.0496136029916787,-0.804894118032344,-0.0455520502675387,-3.30122138637608,-3.00349022898748,0.896802302798384,0.248007464195974,-0.814792958864802,-0.967321581135108
"518",2017,"5613",-0.0329116180530947,-0.0707203212973376,0.0518071276017131,0.0847187456548078,0,0.122527448899051,-0.254604934474559,-0.956289137686826,1.76656699538915,115.488888888889,7678.12230769231,18023.4985947712,"0",2009,1,2017.1,2017.9,0.064393196794257,"3518","3486",0.358270152622107,5.05479452054806,129.111111111111,43152.91698,43152.91698,"0",0,4,3,-0.81060560302523,0.317984703699325,-0.52640987083009,0.0518071276017131,0.0847187456548078,0.122527448899051,-0.787996254471623,-0.327314461499275,-2.46841838357282,-2.09942020145257,-0.931756065952666,-1.85373428642417,-0.884828016127183,-0.919255153551027
"519",2017,"5851",0.00774458415933749,0.00928772378291031,0.0593148010101592,0.0515702168508217,0,0.0500270772272489,0.150581490850742,-0.3999880043294,-2.51419303080147,97.8,13280.5033333333,7448.825,"0",2012,0,2017.1,2017.9,-0.538930448845629,"5518","5456",-0.403392053604957,2.96008683284686,157.888888888889,39987.98282,39987.98282,"0",1,3,2,-1.03990507578934,-0.906845266105482,-0.52640987083009,0.0593148010101592,0.0515702168508217,0.0500270772272489,-0.256028577836343,0.0896140218039061,-2.96481096594805,-2.99519087559134,0.318047115331644,0.323111366773968,-1.75419016832646,-1.67570203675178
"520",2017,"5854",-0.00197843112946904,-0.00249285377097519,0.0547902742720626,0.0567687054015317,1,0.0572831280430378,-2.20586671456968,-1.57070731422732,-1.81609135586625,115.966666666667,17559.38,7500.16361895161,"0",2012,1,2017.1,2017.9,-0.538930448845629,"5549","5522",-0.416851715564981,2.77083614042976,148.977777777778,74000.12913,74000.12913,"1",0,3,2,-1.16958601154282,-0.906845266105482,-0.52640987083009,0.0547902742720626,0.0567687054015317,0.0572831280430378,0.15026725755182,-0.154835849845235,-2.86877006633059,-2.8597491481309,-0.0289389344015725,-0.130345407081453,-1.70797824286206,-1.68429750573424
