"","PeriodYear","BirdID","D_dam","D_sire","GenCont_Focal","GenContDam","helpers","GenContSire","FSL","FDL","FFL","RainWindow","RainVar","DamRainVar","Sex","LayYear","survival","PeriodStart","PeriodEnd","age","dam","sire","dam_age","sire_age","Dam_RainWindow","yearlytq_corr","yearlytq","helpers_cat","offspring","MeanAgeParent","DeltaAgeParent","lifespan","GroupSize","HelpersF","GenContF2","GenContD2","GenContS2","Focal_RainVarBlood","lGCF","lGCD","lGCS","logratD","logratS","Sire_RainVar","Dam_RainVar","Range_FD","group"
"1",1998,"929",0.00723249842791247,-0.00722793763477374,0.0414373503007668,0.0342048518728543,0,0.0486652879355406,-0.667902571199061,-0.158979911197254,-0.272931792016073,147.077777777778,21564.635097918,10644.0812583286,"1",1994,0,1998.1,1998.9,-0.855535356406911,"199","609",0.9357303184674,0.912328767123427,126.388888888889,54889.100565,54889.100565,"0",1,6.5,-2.5,0.328674287844433,-0.814865593605218,-0.482235448934286,0.0414373503007668,0.0342048518728543,0.0486652879355406,0.552625426518806,-0.805802351136987,-3.37538777734852,-3.02278927643485,0.766406454310138,-0.2238138932938,-1.76226834398451,-1.67190260420137,"Medium","Medium"
"2",1999,"929",0.00723249842791247,-0.00722793763477374,0.0414373503007668,0.0342048518728543,0,0.0486652879355406,-0.667902571199061,-0.158979911197254,-0.272931792016073,147.077777777778,21564.635097918,10644.0812583286,"1",1994,0,1999.1,1999.9,-0.511151869041847,"199","609",0.9357303184674,0.912328767123427,126.388888888889,34872.118155,34872.118155,"0",0,6.5,-1.5,0.328674287844433,-0.814865593605218,-0.482235448934286,0.0414373503007668,0.0342048518728543,0.0486652879355406,0.552625426518806,-0.805802351136987,-3.37538777734852,-3.02278927643485,0.766406454310138,-0.2238138932938,-1.76226834398451,-1.67190260420137,"Medium","Medium"
"3",1999,"1156",0.0101214172180495,0.016656859663135,0.0668976801562357,0.0567762629381862,1,0.0502408204931007,-0.0988181859866446,-0.585167942073054,1.30529555781074,115.133333333333,6837.80397435898,21115.4138009755,"1",1996,0,1999.1,1999.9,-1.19991884377197,"454","216",-0.421407738753988,7.94262295081967,107.544444444444,72569.068625,72569.068625,"1",2,3.5,-0.5,-0.964842575701811,-0.814865593605218,-0.482235448934286,0.0668976801562357,0.0567762629381862,0.0502408204931007,-0.990461107985461,1.03751480325373,-2.86863694661994,-2.9909274254846,0.695418276359144,0.874411050586626,-1.74820477302454,-1.71299049545239,"Medium","Medium"
"4",1999,"1179",0.000705126723264032,0.0362936187607813,0.0896354395071466,0.0889303127838826,1,0.0533418207463652,0.487697612423675,-0.458299302782276,-0.0957403629947191,223.033333333333,10279.8033333333,10875.7181096516,"1",1997,0,1999.1,1999.9,-1.54430233113704,"297","836",1.22487622039581,2.90958904109584,131.377777777778,42651.19378,42651.19378,"1",1,2,0,-1.69026081674464,-0.814865593605218,-0.482235448934286,0.0896354395071466,0.0889303127838826,0.0533418207463652,-0.629806272057526,2.16350720378167,-2.4199022183848,-2.93103462608334,0.296246489078178,1.44595812897666,-2.33774494477482,-1.78195780947523,"Medium","Medium"
"5",1999,"1370",-0.0158283104849587,-0.0148791675822428,0.0353616529108579,0.0511899633958166,1,0.0502408204931007,-0.0988181859866446,0.354525469650688,0.451786077827943,312.122222222222,27792.4021337127,16554.2479914665,"1",1997,0,1999.1,1999.9,-1.54430233113704,"308","216",0.722729600676726,8.98785837263267,76.6111111111111,48861.65155,48861.65155,"1",1,4.5,-2.5,-0.814918323845879,2.0107434272238,2.06959380167631,0.0353616529108579,0.0511899633958166,0.0502408204931007,1.20517473412857,-1.41598555660582,-2.97221179357802,-2.9909274254846,-0.669581687971173,-0.691518933964888,-1.84839739475275,-1.71112259870404,"High","High"
"6",2000,"929",0.00723249842791247,-0.00722793763477374,0.0414373503007668,0.0342048518728543,0,0.0486652879355406,-0.667902571199061,-0.158979911197254,-0.272931792016073,147.077777777778,21564.635097918,10644.0812583286,"1",1994,0,2000.1,2000.9,-0.166768381676783,"199","609",0.9357303184674,0.912328767123427,126.388888888889,NA,NA,"0",1,6.5,-0.5,0.328674287844433,-0.814865593605218,-0.482235448934286,0.0414373503007668,0.0342048518728543,0.0486652879355406,0.552625426518806,-0.805802351136987,-3.37538777734852,-3.02278927643485,0.766406454310138,-0.2238138932938,-1.76226834398451,-1.67190260420137,"Medium","Medium"
"7",2000,"1156",0.0101214172180495,0.016656859663135,0.0668976801562357,0.0567762629381862,1,0.0502408204931007,-0.0988181859866446,-0.585167942073054,1.30529555781074,115.133333333333,6837.80397435898,21115.4138009755,"1",1996,0,2000.1,2000.9,-0.855535356406911,"454","216",-0.421407738753988,7.94262295081967,107.544444444444,NA,NA,"1",0,3.5,0.5,-0.964842575701811,-0.814865593605218,-0.482235448934286,0.0668976801562357,0.0567762629381862,0.0502408204931007,-0.990461107985461,1.03751480325373,-2.86863694661994,-2.9909274254846,0.695418276359144,0.874411050586626,-1.74820477302454,-1.71299049545239,"Medium","Medium"
"8",2000,"1179",0.000705126723264032,0.0362936187607813,0.0896354395071466,0.0889303127838826,1,0.0533418207463652,0.487697612423675,-0.458299302782276,-0.0957403629947191,223.033333333333,10279.8033333333,10875.7181096516,"1",1997,0,2000.1,2000.9,-1.19991884377197,"297","836",1.22487622039581,2.90958904109584,131.377777777778,NA,NA,"1",0,2,1,-1.69026081674464,-0.814865593605218,-0.482235448934286,0.0896354395071466,0.0889303127838826,0.0533418207463652,-0.629806272057526,2.16350720378167,-2.4199022183848,-2.93103462608334,0.296246489078178,1.44595812897666,-2.33774494477482,-1.78195780947523,"Medium","Medium"
"9",2000,"1279",0.031876751789991,0.030424000182615,0.0758966351679445,0.0440198833779534,0,0.0454726349853294,-0.742214475435748,-0.887412614917588,-1.0913114983926,147.188888888889,28633.7342307692,17575.8127694236,"1",1996,0,2000.1,2000.9,-1.19991884377197,"522","1174",-0.517202113998563,0.658978965491542,81.3,NA,NA,"0",1,2.5,0.5,-1.65530090151366,-0.814865593605218,-0.482235448934286,0.0758966351679445,0.0440198833779534,0.0454726349853294,1.29333003509738,1.52321501888124,-3.12311385218416,-3.09064456285,1.66858769586744,1.42933323672888,-2.46265493266534,-2.16399669214393,"Medium","Medium"
"10",2000,"1370",-0.0158283104849587,-0.0148791675822428,0.0353616529108579,0.0511899633958166,1,0.0502408204931007,-0.0988181859866446,0.354525469650688,0.451786077827943,312.122222222222,27792.4021337127,16554.2479914665,"1",1997,0,2000.1,2000.9,-1.19991884377197,"308","216",0.722729600676726,8.98785837263267,76.6111111111111,NA,NA,"1",1,4.5,-1.5,-0.814918323845879,2.0107434272238,2.06959380167631,0.0353616529108579,0.0511899633958166,0.0502408204931007,1.20517473412857,-1.41598555660582,-2.97221179357802,-2.9909274254846,-0.669581687971173,-0.691518933964888,-1.84839739475275,-1.71112259870404,"High","High"
"11",2001,"929",0.00723249842791247,-0.00722793763477374,0.0414373503007668,0.0342048518728543,0,0.0486652879355406,-0.667902571199061,-0.158979911197254,-0.272931792016073,147.077777777778,21564.635097918,10644.0812583286,"1",1994,0,2001.1,2001.9,0.177615105688281,"199","609",0.9357303184674,0.912328767123427,126.388888888889,NA,NA,"0",0,6.5,0.5,0.328674287844433,-0.814865593605218,-0.482235448934286,0.0414373503007668,0.0342048518728543,0.0486652879355406,0.552625426518806,-0.805802351136987,-3.37538777734852,-3.02278927643485,0.766406454310138,-0.2238138932938,-1.76226834398451,-1.67190260420137,"Medium","Medium"
"12",2001,"1156",0.0101214172180495,0.016656859663135,0.0668976801562357,0.0567762629381862,1,0.0502408204931007,-0.0988181859866446,-0.585167942073054,1.30529555781074,115.133333333333,6837.80397435898,21115.4138009755,"1",1996,0,2001.1,2001.9,-0.511151869041847,"454","216",-0.421407738753988,7.94262295081967,107.544444444444,NA,NA,"1",0,3.5,1.5,-0.964842575701811,-0.814865593605218,-0.482235448934286,0.0668976801562357,0.0567762629381862,0.0502408204931007,-0.990461107985461,1.03751480325373,-2.86863694661994,-2.9909274254846,0.695418276359144,0.874411050586626,-1.74820477302454,-1.71299049545239,"Medium","Medium"
"13",2001,"1179",0.000705126723264032,0.0362936187607813,0.0896354395071466,0.0889303127838826,1,0.0533418207463652,0.487697612423675,-0.458299302782276,-0.0957403629947191,223.033333333333,10279.8033333333,10875.7181096516,"1",1997,1,2001.1,2001.9,-0.855535356406911,"297","836",1.22487622039581,2.90958904109584,131.377777777778,NA,NA,"1",0,2,2,-1.69026081674464,-0.814865593605218,-0.482235448934286,0.0896354395071466,0.0889303127838826,0.0533418207463652,-0.629806272057526,2.16350720378167,-2.4199022183848,-2.93103462608334,0.296246489078178,1.44595812897666,-2.33774494477482,-1.78195780947523,"Medium","Medium"
"14",2001,"1279",0.031876751789991,0.030424000182615,0.0758966351679445,0.0440198833779534,0,0.0454726349853294,-0.742214475435748,-0.887412614917588,-1.0913114983926,147.188888888889,28633.7342307692,17575.8127694236,"1",1996,1,2001.1,2001.9,-0.855535356406911,"522","1174",-0.517202113998563,0.658978965491542,81.3,NA,NA,"0",0,2.5,1.5,-1.65530090151366,-0.814865593605218,-0.482235448934286,0.0758966351679445,0.0440198833779534,0.0454726349853294,1.29333003509738,1.52321501888124,-3.12311385218416,-3.09064456285,1.66858769586744,1.42933323672888,-2.46265493266534,-2.16399669214393,"Medium","Medium"
"15",2001,"1524",-0.0332708943034892,-0.0228856231359658,0.0431261512098279,0.0763970455133171,1,0.0660117743457937,-1.65787638806222,-0.0497630924095046,0.274840064496754,107.522222222222,19.8449999999999,4024.47243589744,"1",1999,0,2001.1,2001.9,-1.54430233113704,"938","1028",0.0682926126820817,4.16712328767107,147.077777777778,NA,NA,"1",0,4.5,-2.5,-0.67642327504623,-0.814865593605218,-0.482235448934286,0.0431261512098279,0.0763970455133171,0.0660117743457937,-1.70485109438963,-0.652070292837757,-2.57181125484908,-2.71792215368826,-1.18570893818015,-0.874516437269927,0.168586942917286,-0.519792787629624,"Medium","Medium"
"16",2001,"1533",0.00545361803588099,-0.0107545335081861,0.0552572408376075,0.0498036228017265,1,0.0660117743457937,-1.65787638806222,0.909104860214593,0.116177653980734,107.522222222222,19470.6024912281,17276.4077385798,"1",1999,0,2001.1,2001.9,-1.54430233113704,"677","1028",0.404772007452865,4.16712328767107,81.3,NA,NA,"1",1,8,-6,1.45142541160858,-0.814865593605218,-0.482235448934286,0.0552572408376075,0.0498036228017265,0.0660117743457937,0.333211386180767,0.301834103892623,-2.99966755057485,-2.71792215368826,0.541693108214653,-0.265693417850791,0.168586942917286,-0.674752925474551,"High","High"
"17",2001,"1608",-0.0221183559880346,-0.00721109660826751,0.0423162850931629,0.0644346410811976,0,0.0495273817014305,-0.267986791380302,-0.0246177857288014,0.728336545251654,190.833333333333,31870.0836111111,34968.4026923077,"1",2000,0,2001.1,2001.9,-1.8886858185021,"1247","494",-0.455310957463065,10.353828879407,141.377777777778,NA,NA,"0",1,4.5,-3.5,-0.968876412074616,-0.814865593605218,-0.482235448934286,0.0423162850931629,0.0644346410811976,0.0495273817014305,1.63243673822021,-0.725026762545303,-2.74210388550332,-3.00522959666177,-0.798841400128578,-0.215389872943439,-0.708913703462864,0.513213277166362,"Medium","Medium"
"18",2002,"929",0.00723249842791247,-0.00722793763477374,0.0414373503007668,0.0342048518728543,0,0.0486652879355406,-0.667902571199061,-0.158979911197254,-0.272931792016073,147.077777777778,21564.635097918,10644.0812583286,"1",1994,0,2002.1,2002.9,0.521998593053345,"199","609",0.9357303184674,0.912328767123427,126.388888888889,NA,NA,"0",1,6.5,1.5,0.328674287844433,-0.814865593605218,-0.482235448934286,0.0414373503007668,0.0342048518728543,0.0486652879355406,0.552625426518806,-0.805802351136987,-3.37538777734852,-3.02278927643485,0.766406454310138,-0.2238138932938,-1.76226834398451,-1.67190260420137,"Medium","Medium"
"19",2002,"929",0.00723249842791247,-0.00722793763477374,0.0414373503007668,0.0342048518728543,0,0.0486652879355406,-0.667902571199061,-0.158979911197254,-0.272931792016073,147.077777777778,21564.635097918,10644.0812583286,"1",1994,0,2002.1,2002.9,0.521998593053345,"199","609",0.9357303184674,0.912328767123427,126.388888888889,NA,NA,"0",1,6.5,1.5,0.328674287844433,-0.814865593605218,-0.482235448934286,0.0414373503007668,0.0342048518728543,0.0486652879355406,0.552625426518806,-0.805802351136987,-3.37538777734852,-3.02278927643485,0.766406454310138,-0.2238138932938,-1.76226834398451,-1.67190260420137,"Medium","Medium"
"20",2002,"1156",0.0101214172180495,0.016656859663135,0.0668976801562357,0.0567762629381862,1,0.0502408204931007,-0.0988181859866446,-0.585167942073054,1.30529555781074,115.133333333333,6837.80397435898,21115.4138009755,"1",1996,1,2002.1,2002.9,-0.166768381676783,"454","216",-0.421407738753988,7.94262295081967,107.544444444444,NA,NA,"1",0,3.5,2.5,-0.964842575701811,-0.814865593605218,-0.482235448934286,0.0668976801562357,0.0567762629381862,0.0502408204931007,-0.990461107985461,1.03751480325373,-2.86863694661994,-2.9909274254846,0.695418276359144,0.874411050586626,-1.74820477302454,-1.71299049545239,"Medium","Medium"
"21",2002,"1370",-0.0158283104849587,-0.0148791675822428,0.0353616529108579,0.0511899633958166,1,0.0502408204931007,-0.0988181859866446,0.354525469650688,0.451786077827943,312.122222222222,27792.4021337127,16554.2479914665,"1",1997,0,2002.1,2002.9,-0.511151869041847,"308","216",0.722729600676726,8.98785837263267,76.6111111111111,NA,NA,"1",1,4.5,0.5,-0.814918323845879,0.59793891680929,-0.482235448934286,0.0353616529108579,0.0511899633958166,0.0502408204931007,1.20517473412857,-1.41598555660582,-2.97221179357802,-2.9909274254846,-0.669581687971173,-0.691518933964888,-1.84839739475275,-1.71112259870404,"High","High"
"22",2002,"1524",-0.0332708943034892,-0.0228856231359658,0.0431261512098279,0.0763970455133171,1,0.0660117743457937,-1.65787638806222,-0.0497630924095046,0.274840064496754,107.522222222222,19.8449999999999,4024.47243589744,"1",1999,0,2002.1,2002.9,-1.19991884377197,"938","1028",0.0682926126820817,4.16712328767107,147.077777777778,NA,NA,"1",0,4.5,-1.5,-0.67642327504623,-0.814865593605218,-0.482235448934286,0.0431261512098279,0.0763970455133171,0.0660117743457937,-1.70485109438963,-0.652070292837757,-2.57181125484908,-2.71792215368826,-1.18570893818015,-0.874516437269927,0.168586942917286,-0.519792787629624,"Medium","Medium"
"23",2002,"1533",0.00545361803588099,-0.0107545335081861,0.0552572408376075,0.0498036228017265,1,0.0660117743457937,-1.65787638806222,0.909104860214593,0.116177653980734,107.522222222222,19470.6024912281,17276.4077385798,"1",1999,0,2002.1,2002.9,-1.19991884377197,"677","1028",0.404772007452865,4.16712328767107,81.3,NA,NA,"1",2,8,-5,1.45142541160858,-0.814865593605218,-0.482235448934286,0.0552572408376075,0.0498036228017265,0.0660117743457937,0.333211386180767,0.301834103892623,-2.99966755057485,-2.71792215368826,0.541693108214653,-0.265693417850791,0.168586942917286,-0.674752925474551,"High","High"
"24",2002,"1533",0.00545361803588099,-0.0107545335081861,0.0552572408376075,0.0498036228017265,1,0.0660117743457937,-1.65787638806222,0.909104860214593,0.116177653980734,107.522222222222,19470.6024912281,17276.4077385798,"1",1999,0,2002.1,2002.9,-1.19991884377197,"677","1028",0.404772007452865,4.16712328767107,81.3,NA,NA,"1",2,8,-5,1.45142541160858,0.59793891680929,-0.482235448934286,0.0552572408376075,0.0498036228017265,0.0660117743457937,0.333211386180767,0.301834103892623,-2.99966755057485,-2.71792215368826,0.541693108214653,-0.265693417850791,0.168586942917286,-0.674752925474551,"High","High"
"25",2002,"1539",-0.0260345101897947,-0.00737492775148461,0.0606579927743199,0.0866925029641146,0,0.0680329205258045,0.00866000348478924,-1.05986338907492,0.00586247873604246,110.455555555556,19846.3332990099,16921.0113884535,"1",1999,0,2002.1,2002.9,-1.19991884377197,"459","176",0.78406690249076,11.0238341193203,107.544444444444,NA,NA,"0",1,5,-2,-0.296570349940394,0.59793891680929,-0.482235448934286,0.0606579927743199,0.0866925029641146,0.0680329205258045,0.372580694161695,0.660706017607675,-2.44538786993661,-2.68776356557744,-0.636861488015756,-0.110722003398968,-0.992769663509886,-0.673296762511388,"Medium","Medium"
"26",2002,"1542",-0.0008916885173487,-0.0112876300468504,0.0388974436853738,0.0397891322027225,0,0.0501850737322242,-0.2081793416659,-0.17162270132595,0.320943496439679,110.455555555556,17118.8133333333,21884.2153401361,"1",1999,0,2002.1,2002.9,-1.19991884377197,"1022","1199",-0.427680073188086,3.19050827157707,198.633333333333,NA,NA,"0",3,7,-4,0.801305449524791,2.0107434272238,2.06959380167631,0.0388974436853738,0.0397891322027225,0.0501850737322242,0.0867894539203277,-1.04923007234201,-3.22416146421258,-2.99203763250904,0.218116348606148,-0.454712816891698,0.613319790295967,0.270794420307759,"Medium","Medium"
"27",2002,"1542",-0.0008916885173487,-0.0112876300468504,0.0388974436853738,0.0397891322027225,0,0.0501850737322242,-0.2081793416659,-0.17162270132595,0.320943496439679,110.455555555556,17118.8133333333,21884.2153401361,"1",1999,0,2002.1,2002.9,-1.19991884377197,"1022","1199",-0.427680073188086,3.19050827157707,198.633333333333,NA,NA,"0",3,7,-4,0.801305449524791,-0.814865593605218,-0.482235448934286,0.0388974436853738,0.0397891322027225,0.0501850737322242,0.0867894539203277,-1.04923007234201,-3.22416146421258,-2.99203763250904,0.218116348606148,-0.454712816891698,0.613319790295967,0.270794420307759,"Medium","Medium"
"28",2002,"1542",-0.0008916885173487,-0.0112876300468504,0.0388974436853738,0.0397891322027225,0,0.0501850737322242,-0.2081793416659,-0.17162270132595,0.320943496439679,110.455555555556,17118.8133333333,21884.2153401361,"1",1999,0,2002.1,2002.9,-1.19991884377197,"1022","1199",-0.427680073188086,3.19050827157707,198.633333333333,NA,NA,"0",3,7,-4,0.801305449524791,-0.814865593605218,-0.482235448934286,0.0388974436853738,0.0397891322027225,0.0501850737322242,0.0867894539203277,-1.04923007234201,-3.22416146421258,-2.99203763250904,0.218116348606148,-0.454712816891698,0.613319790295967,0.270794420307759,"Medium","Medium"
"29",2002,"1566",-0.0319242170303055,-0.047435395070725,0.0422000444364216,0.0741242614667271,0,0.0896354395071466,-0.243955679271323,1.98828965290553,1.57223967468802,137.533333333333,18677.6133333333,6837.80397435898,"1",1999,0,2002.1,2002.9,-1.19991884377197,"1160","1179",-0.673068640678355,2.43013698630148,115.133333333333,NA,NA,"0",2,5,-2,-0.305310328748139,0.59793891680929,-0.482235448934286,0.0422000444364216,0.0741242614667271,0.0896354395071466,0.250121488477124,-0.735612689658176,-2.60201238506326,-2.41200450698902,-1.16399816001313,-1.6792381137723,1.51135222808075,0.607107587824792,"High","High"
"30",2002,"1566",-0.0319242170303055,-0.047435395070725,0.0422000444364216,0.0741242614667271,0,0.0896354395071466,-0.243955679271323,1.98828965290553,1.57223967468802,137.533333333333,18677.6133333333,6837.80397435898,"1",1999,0,2002.1,2002.9,-1.19991884377197,"1160","1179",-0.673068640678355,2.43013698630148,115.133333333333,NA,NA,"0",2,5,-2,-0.305310328748139,0.59793891680929,-0.482235448934286,0.0422000444364216,0.0741242614667271,0.0896354395071466,0.250121488477124,-0.735612689658176,-2.60201238506326,-2.41200450698902,-1.16399816001313,-1.6792381137723,1.51135222808075,0.607107587824792,"High","High"
"31",2002,"1608",-0.0221183559880346,-0.00721109660826751,0.0423162850931629,0.0644346410811976,0,0.0495273817014305,-0.267986791380302,-0.0246177857288014,0.728336545251654,190.833333333333,31870.0836111111,34968.4026923077,"1",2000,0,2002.1,2002.9,-1.54430233113704,"1247","494",-0.455310957463065,10.353828879407,141.377777777778,NA,NA,"0",0,4.5,-2.5,-0.968876412074616,-0.814865593605218,-0.482235448934286,0.0423162850931629,0.0644346410811976,0.0495273817014305,1.63243673822021,-0.725026762545303,-2.74210388550332,-3.00522959666177,-0.798841400128578,-0.215389872943439,-0.708913703462864,0.513213277166362,"Medium","Medium"
"32",2002,"1610",-0.0348039836863209,-0.0310895338450143,0.0463910437019979,0.0811950273883189,0,0.0774805775470122,0.120743058425501,-1.13177296782473,0.413904128890349,190.833333333333,31870.0836111111,35134.884,"1",2000,0,2002.1,2002.9,-1.54430233113704,"1170","917",-0.562331433736377,6.45792349726776,223.033333333333,NA,NA,"0",1,4.5,-2.5,-0.970221024198885,-0.814865593605218,-0.482235448934286,0.0463910437019979,0.0811950273883189,0.0774805775470122,1.63243673822021,-0.371225549451123,-2.5109012727498,-2.55772798632796,-1.15486163617104,-1.08874143902986,-0.576670290839178,0.825459877169501,"Medium","Medium"
"33",2002,"1610",-0.0348039836863209,-0.0310895338450143,0.0463910437019979,0.0811950273883189,0,0.0774805775470122,0.120743058425501,-1.13177296782473,0.413904128890349,190.833333333333,31870.0836111111,35134.884,"1",2000,0,2002.1,2002.9,-1.54430233113704,"1170","917",-0.562331433736377,6.45792349726776,223.033333333333,NA,NA,"0",1,4.5,-2.5,-0.970221024198885,-0.814865593605218,-0.482235448934286,0.0463910437019979,0.0811950273883189,0.0774805775470122,1.63243673822021,-0.371225549451123,-2.5109012727498,-2.55772798632796,-1.15486163617104,-1.08874143902986,-0.576670290839178,0.825459877169501,"Medium","Medium"
"34",2002,"1677",0.012236021472599,0.0138030006337838,0.0515931063504791,0.0393570848778801,0,0.0377901057166953,0.726946106678269,-0.0127564042510483,0.359561692447768,225.344444444444,52540.4536111111,11647.728,"1",2001,0,2002.1,2002.9,-1.8886858185021,"1588","1587",-1.2649987656198,2.32876712328766,164.511111111111,NA,NA,"0",0,3,-2,-1.73530532290763,-0.814865593605218,-0.482235448934286,0.0515931063504791,0.0393570848778801,0.0377901057166953,3.79829097682797,0.0377896863562498,-3.23507927260288,-3.27570796414661,0.968095679491313,0.935827168718463,0.180261680349156,0.387336354194653,"Medium","Medium"
"35",2003,"929",0.00723249842791247,-0.00722793763477374,0.0414373503007668,0.0342048518728543,0,0.0486652879355406,-0.667902571199061,-0.158979911197254,-0.272931792016073,147.077777777778,21564.635097918,10644.0812583286,"1",1994,0,2003.1,2003.9,0.866382080418409,"199","609",0.9357303184674,0.912328767123427,126.388888888889,30458.04242,30458.04242,"0",1,6.5,2.5,0.328674287844433,-0.814865593605218,-0.482235448934286,0.0414373503007668,0.0342048518728543,0.0486652879355406,0.552625426518806,-0.805802351136987,-3.37538777734852,-3.02278927643485,0.766406454310138,-0.2238138932938,-1.76226834398451,-1.67190260420137,"Medium","Medium"
"36",2003,"929",0.00723249842791247,-0.00722793763477374,0.0414373503007668,0.0342048518728543,0,0.0486652879355406,-0.667902571199061,-0.158979911197254,-0.272931792016073,147.077777777778,21564.635097918,10644.0812583286,"1",1994,0,2003.1,2003.9,0.866382080418409,"199","609",0.9357303184674,0.912328767123427,126.388888888889,30458.04242,30458.04242,"0",1,6.5,2.5,0.328674287844433,-0.814865593605218,-0.482235448934286,0.0414373503007668,0.0342048518728543,0.0486652879355406,0.552625426518806,-0.805802351136987,-3.37538777734852,-3.02278927643485,0.766406454310138,-0.2238138932938,-1.76226834398451,-1.67190260420137,"Medium","Medium"
"37",2003,"929",0.00723249842791247,-0.00722793763477374,0.0414373503007668,0.0342048518728543,0,0.0486652879355406,-0.667902571199061,-0.158979911197254,-0.272931792016073,147.077777777778,21564.635097918,10644.0812583286,"1",1994,0,2003.1,2003.9,0.866382080418409,"199","609",0.9357303184674,0.912328767123427,126.388888888889,30458.04242,30458.04242,"0",1,6.5,2.5,0.328674287844433,0.59793891680929,-0.482235448934286,0.0414373503007668,0.0342048518728543,0.0486652879355406,0.552625426518806,-0.805802351136987,-3.37538777734852,-3.02278927643485,0.766406454310138,-0.2238138932938,-1.76226834398451,-1.67190260420137,"Medium","Medium"
"38",2003,"1370",-0.0158283104849587,-0.0148791675822428,0.0353616529108579,0.0511899633958166,1,0.0502408204931007,-0.0988181859866446,0.354525469650688,0.451786077827943,312.122222222222,27792.4021337127,16554.2479914665,"1",1997,0,2003.1,2003.9,-0.166768381676783,"308","216",0.722729600676726,8.98785837263267,76.6111111111111,23345.88033,23345.88033,"1",0,4.5,1.5,-0.814918323845879,0.59793891680929,-0.482235448934286,0.0353616529108579,0.0511899633958166,0.0502408204931007,1.20517473412857,-1.41598555660582,-2.97221179357802,-2.9909274254846,-0.669581687971173,-0.691518933964888,-1.84839739475275,-1.71112259870404,"High","High"
"39",2003,"1524",-0.0332708943034892,-0.0228856231359658,0.0431261512098279,0.0763970455133171,1,0.0660117743457937,-1.65787638806222,-0.0497630924095046,0.274840064496754,107.522222222222,19.8449999999999,4024.47243589744,"1",1999,0,2003.1,2003.9,-0.855535356406911,"938","1028",0.0682926126820817,4.16712328767107,147.077777777778,17832.86603,17832.86603,"1",2,4.5,-0.5,-0.67642327504623,0.59793891680929,-0.482235448934286,0.0431261512098279,0.0763970455133171,0.0660117743457937,-1.70485109438963,-0.652070292837757,-2.57181125484908,-2.71792215368826,-1.18570893818015,-0.874516437269927,0.168586942917286,-0.519792787629624,"Medium","Medium"
"40",2003,"1524",-0.0332708943034892,-0.0228856231359658,0.0431261512098279,0.0763970455133171,1,0.0660117743457937,-1.65787638806222,-0.0497630924095046,0.274840064496754,107.522222222222,19.8449999999999,4024.47243589744,"1",1999,0,2003.1,2003.9,-0.855535356406911,"938","1028",0.0682926126820817,4.16712328767107,147.077777777778,17832.86603,17832.86603,"1",2,4.5,-0.5,-0.67642327504623,-0.814865593605218,-0.482235448934286,0.0431261512098279,0.0763970455133171,0.0660117743457937,-1.70485109438963,-0.652070292837757,-2.57181125484908,-2.71792215368826,-1.18570893818015,-0.874516437269927,0.168586942917286,-0.519792787629624,"Medium","Medium"
"41",2003,"1533",0.00545361803588099,-0.0107545335081861,0.0552572408376075,0.0498036228017265,1,0.0660117743457937,-1.65787638806222,0.909104860214593,0.116177653980734,107.522222222222,19470.6024912281,17276.4077385798,"1",1999,0,2003.1,2003.9,-0.855535356406911,"677","1028",0.404772007452865,4.16712328767107,81.3,23376.15158,23376.15158,"1",2,8,-4,1.45142541160858,-0.814865593605218,-0.482235448934286,0.0552572408376075,0.0498036228017265,0.0660117743457937,0.333211386180767,0.301834103892623,-2.99966755057485,-2.71792215368826,0.541693108214653,-0.265693417850791,0.168586942917286,-0.674752925474551,"High","High"
"42",2003,"1533",0.00545361803588099,-0.0107545335081861,0.0552572408376075,0.0498036228017265,1,0.0660117743457937,-1.65787638806222,0.909104860214593,0.116177653980734,107.522222222222,19470.6024912281,17276.4077385798,"1",1999,0,2003.1,2003.9,-0.855535356406911,"677","1028",0.404772007452865,4.16712328767107,81.3,23376.15158,23376.15158,"1",2,8,-4,1.45142541160858,0.59793891680929,-0.482235448934286,0.0552572408376075,0.0498036228017265,0.0660117743457937,0.333211386180767,0.301834103892623,-2.99966755057485,-2.71792215368826,0.541693108214653,-0.265693417850791,0.168586942917286,-0.674752925474551,"High","High"
"43",2003,"1533",0.00545361803588099,-0.0107545335081861,0.0552572408376075,0.0498036228017265,1,0.0660117743457937,-1.65787638806222,0.909104860214593,0.116177653980734,107.522222222222,19470.6024912281,17276.4077385798,"1",1999,0,2003.1,2003.9,-0.855535356406911,"677","1028",0.404772007452865,4.16712328767107,81.3,23376.15158,23376.15158,"1",2,8,-4,1.45142541160858,0.59793891680929,-0.482235448934286,0.0552572408376075,0.0498036228017265,0.0660117743457937,0.333211386180767,0.301834103892623,-2.99966755057485,-2.71792215368826,0.541693108214653,-0.265693417850791,0.168586942917286,-0.674752925474551,"High","High"
"44",2003,"1539",-0.0260345101897947,-0.00737492775148461,0.0606579927743199,0.0866925029641146,0,0.0680329205258045,0.00866000348478924,-1.05986338907492,0.00586247873604246,110.455555555556,19846.3332990099,16921.0113884535,"1",1999,0,2003.1,2003.9,-0.855535356406911,"459","176",0.78406690249076,11.0238341193203,107.544444444444,42411.66341,42411.66341,"0",0,5,-1,-0.296570349940394,0.59793891680929,-0.482235448934286,0.0606579927743199,0.0866925029641146,0.0680329205258045,0.372580694161695,0.660706017607675,-2.44538786993661,-2.68776356557744,-0.636861488015756,-0.110722003398968,-0.992769663509886,-0.673296762511388,"Medium","Medium"
"45",2003,"1542",-0.0008916885173487,-0.0112876300468504,0.0388974436853738,0.0397891322027225,0,0.0501850737322242,-0.2081793416659,-0.17162270132595,0.320943496439679,110.455555555556,17118.8133333333,21884.2153401361,"1",1999,0,2003.1,2003.9,-0.855535356406911,"1022","1199",-0.427680073188086,3.19050827157707,198.633333333333,23626.20612,23626.20612,"0",0,7,-3,0.801305449524791,2.0107434272238,2.06959380167631,0.0388974436853738,0.0397891322027225,0.0501850737322242,0.0867894539203277,-1.04923007234201,-3.22416146421258,-2.99203763250904,0.218116348606148,-0.454712816891698,0.613319790295967,0.270794420307759,"Medium","Medium"
"46",2003,"1542",-0.0008916885173487,-0.0112876300468504,0.0388974436853738,0.0397891322027225,0,0.0501850737322242,-0.2081793416659,-0.17162270132595,0.320943496439679,110.455555555556,17118.8133333333,21884.2153401361,"1",1999,0,2003.1,2003.9,-0.855535356406911,"1022","1199",-0.427680073188086,3.19050827157707,198.633333333333,23626.20612,23626.20612,"0",0,7,-3,0.801305449524791,-0.814865593605218,-0.482235448934286,0.0388974436853738,0.0397891322027225,0.0501850737322242,0.0867894539203277,-1.04923007234201,-3.22416146421258,-2.99203763250904,0.218116348606148,-0.454712816891698,0.613319790295967,0.270794420307759,"Medium","Medium"
"47",2003,"1542",-0.0008916885173487,-0.0112876300468504,0.0388974436853738,0.0397891322027225,0,0.0501850737322242,-0.2081793416659,-0.17162270132595,0.320943496439679,110.455555555556,17118.8133333333,21884.2153401361,"1",1999,0,2003.1,2003.9,-0.855535356406911,"1022","1199",-0.427680073188086,3.19050827157707,198.633333333333,23626.20612,23626.20612,"0",0,7,-3,0.801305449524791,-0.814865593605218,-0.482235448934286,0.0388974436853738,0.0397891322027225,0.0501850737322242,0.0867894539203277,-1.04923007234201,-3.22416146421258,-2.99203763250904,0.218116348606148,-0.454712816891698,0.613319790295967,0.270794420307759,"Medium","Medium"
"48",2003,"1566",-0.0319242170303055,-0.047435395070725,0.0422000444364216,0.0741242614667271,0,0.0896354395071466,-0.243955679271323,1.98828965290553,1.57223967468802,137.533333333333,18677.6133333333,6837.80397435898,"1",1999,0,2003.1,2003.9,-0.855535356406911,"1160","1179",-0.673068640678355,2.43013698630148,115.133333333333,12769.57414,12769.57414,"0",0,5,-1,-0.305310328748139,0.59793891680929,-0.482235448934286,0.0422000444364216,0.0741242614667271,0.0896354395071466,0.250121488477124,-0.735612689658176,-2.60201238506326,-2.41200450698902,-1.16399816001313,-1.6792381137723,1.51135222808075,0.607107587824792,"High","High"
"49",2003,"1566",-0.0319242170303055,-0.047435395070725,0.0422000444364216,0.0741242614667271,0,0.0896354395071466,-0.243955679271323,1.98828965290553,1.57223967468802,137.533333333333,18677.6133333333,6837.80397435898,"1",1999,0,2003.1,2003.9,-0.855535356406911,"1160","1179",-0.673068640678355,2.43013698630148,115.133333333333,12769.57414,12769.57414,"0",0,5,-1,-0.305310328748139,0.59793891680929,-0.482235448934286,0.0422000444364216,0.0741242614667271,0.0896354395071466,0.250121488477124,-0.735612689658176,-2.60201238506326,-2.41200450698902,-1.16399816001313,-1.6792381137723,1.51135222808075,0.607107587824792,"High","High"
"50",2003,"1604",-0.0146097417059873,0.000297517673779828,0.0498248993752103,0.0644346410811976,0,0.0495273817014305,-0.267986791380302,-0.0246177857288014,0.642878651101877,190.833333333333,16534.7523707279,34968.4026923077,"1",2000,0,2003.1,2003.9,-1.19991884377197,"1247","494",-0.458389490051673,10.3456321580957,141.377777777778,7705.566161,7705.566161,"0",2,7.5,-4.5,0.775085513101557,-0.814865593605218,-0.482235448934286,0.0498248993752103,0.0644346410811976,0.0495273817014305,0.025591182604225,-0.0964167183065069,-2.74210388550332,-3.00522959666177,-0.381277600844238,0.185816229557452,-0.708913703462864,0.513213277166362,"Medium","Medium"
"51",2003,"1604",-0.0146097417059873,0.000297517673779828,0.0498248993752103,0.0644346410811976,0,0.0495273817014305,-0.267986791380302,-0.0246177857288014,0.642878651101877,190.833333333333,16534.7523707279,34968.4026923077,"1",2000,0,2003.1,2003.9,-1.19991884377197,"1247","494",-0.458389490051673,10.3456321580957,141.377777777778,7705.566161,7705.566161,"0",2,7.5,-4.5,0.775085513101557,-0.814865593605218,-0.482235448934286,0.0498248993752103,0.0644346410811976,0.0495273817014305,0.025591182604225,-0.0964167183065069,-2.74210388550332,-3.00522959666177,-0.381277600844238,0.185816229557452,-0.708913703462864,0.513213277166362,"Medium","Medium"
"52",2003,"1608",-0.0221183559880346,-0.00721109660826751,0.0423162850931629,0.0644346410811976,0,0.0495273817014305,-0.267986791380302,-0.0246177857288014,0.728336545251654,190.833333333333,31870.0836111111,34968.4026923077,"1",2000,0,2003.1,2003.9,-1.19991884377197,"1247","494",-0.455310957463065,10.353828879407,141.377777777778,34887.75486,34887.75486,"0",0,4.5,-1.5,-0.968876412074616,-0.814865593605218,-0.482235448934286,0.0423162850931629,0.0644346410811976,0.0495273817014305,1.63243673822021,-0.725026762545303,-2.74210388550332,-3.00522959666177,-0.798841400128578,-0.215389872943439,-0.708913703462864,0.513213277166362,"Medium","Medium"
"53",2003,"1610",-0.0348039836863209,-0.0310895338450143,0.0463910437019979,0.0811950273883189,0,0.0774805775470122,0.120743058425501,-1.13177296782473,0.413904128890349,190.833333333333,31870.0836111111,35134.884,"1",2000,0,2003.1,2003.9,-1.19991884377197,"1170","917",-0.562331433736377,6.45792349726776,223.033333333333,14484.55045,14484.55045,"0",1,4.5,-1.5,-0.970221024198885,-0.814865593605218,-0.482235448934286,0.0463910437019979,0.0811950273883189,0.0774805775470122,1.63243673822021,-0.371225549451123,-2.5109012727498,-2.55772798632796,-1.15486163617104,-1.08874143902986,-0.576670290839178,0.825459877169501,"Medium","Medium"
"54",2003,"1610",-0.0348039836863209,-0.0310895338450143,0.0463910437019979,0.0811950273883189,0,0.0774805775470122,0.120743058425501,-1.13177296782473,0.413904128890349,190.833333333333,31870.0836111111,35134.884,"1",2000,0,2003.1,2003.9,-1.19991884377197,"1170","917",-0.562331433736377,6.45792349726776,223.033333333333,14484.55045,14484.55045,"0",1,4.5,-1.5,-0.970221024198885,-0.814865593605218,-0.482235448934286,0.0463910437019979,0.0811950273883189,0.0774805775470122,1.63243673822021,-0.371225549451123,-2.5109012727498,-2.55772798632796,-1.15486163617104,-1.08874143902986,-0.576670290839178,0.825459877169501,"Medium","Medium"
"55",2003,"1677",0.012236021472599,0.0138030006337838,0.0515931063504791,0.0393570848778801,0,0.0377901057166953,0.726946106678269,-0.0127564042510483,0.359561692447768,225.344444444444,52540.4536111111,11647.728,"1",2001,0,2003.1,2003.9,-1.54430233113704,"1588","1587",-1.2649987656198,2.32876712328766,164.511111111111,26275.91349,26275.91349,"0",0,3,-1,-1.73530532290763,-0.814865593605218,-0.482235448934286,0.0515931063504791,0.0393570848778801,0.0377901057166953,3.79829097682797,0.0377896863562498,-3.23507927260288,-3.27570796414661,0.968095679491313,0.935827168718463,0.180261680349156,0.387336354194653,"Medium","Medium"
"56",2004,"929",0.00723249842791247,-0.00722793763477374,0.0414373503007668,0.0342048518728543,0,0.0486652879355406,-0.667902571199061,-0.158979911197254,-0.272931792016073,147.077777777778,21564.635097918,10644.0812583286,"1",1994,0,2004.1,2004.9,1.21076556778347,"199","609",0.9357303184674,0.912328767123427,126.388888888889,25987.05699,25987.05699,"0",0,6.5,3.5,0.328674287844433,-0.814865593605218,-0.482235448934286,0.0414373503007668,0.0342048518728543,0.0486652879355406,0.552625426518806,-0.805802351136987,-3.37538777734852,-3.02278927643485,0.766406454310138,-0.2238138932938,-1.76226834398451,-1.67190260420137,"Medium","Medium"
"57",2004,"929",0.00723249842791247,-0.00722793763477374,0.0414373503007668,0.0342048518728543,0,0.0486652879355406,-0.667902571199061,-0.158979911197254,-0.272931792016073,147.077777777778,21564.635097918,10644.0812583286,"1",1994,0,2004.1,2004.9,1.21076556778347,"199","609",0.9357303184674,0.912328767123427,126.388888888889,25987.05699,25987.05699,"0",0,6.5,3.5,0.328674287844433,0.59793891680929,-0.482235448934286,0.0414373503007668,0.0342048518728543,0.0486652879355406,0.552625426518806,-0.805802351136987,-3.37538777734852,-3.02278927643485,0.766406454310138,-0.2238138932938,-1.76226834398451,-1.67190260420137,"Medium","Medium"
"58",2004,"1370",-0.0158283104849587,-0.0148791675822428,0.0353616529108579,0.0511899633958166,1,0.0502408204931007,-0.0988181859866446,0.354525469650688,0.451786077827943,312.122222222222,27792.4021337127,16554.2479914665,"1",1997,0,2004.1,2004.9,0.177615105688281,"308","216",0.722729600676726,8.98785837263267,76.6111111111111,NA,NA,"1",0,4.5,2.5,-0.814918323845879,0.59793891680929,-0.482235448934286,0.0353616529108579,0.0511899633958166,0.0502408204931007,1.20517473412857,-1.41598555660582,-2.97221179357802,-2.9909274254846,-0.669581687971173,-0.691518933964888,-1.84839739475275,-1.71112259870404,"High","High"
"59",2004,"1524",-0.0332708943034892,-0.0228856231359658,0.0431261512098279,0.0763970455133171,1,0.0660117743457937,-1.65787638806222,-0.0497630924095046,0.274840064496754,107.522222222222,19.8449999999999,4024.47243589744,"1",1999,0,2004.1,2004.9,-0.511151869041847,"938","1028",0.0682926126820817,4.16712328767107,147.077777777778,5573.689175,5573.689175,"1",0,4.5,0.5,-0.67642327504623,0.59793891680929,-0.482235448934286,0.0431261512098279,0.0763970455133171,0.0660117743457937,-1.70485109438963,-0.652070292837757,-2.57181125484908,-2.71792215368826,-1.18570893818015,-0.874516437269927,0.168586942917286,-0.519792787629624,"Medium","Medium"
"60",2004,"1524",-0.0332708943034892,-0.0228856231359658,0.0431261512098279,0.0763970455133171,1,0.0660117743457937,-1.65787638806222,-0.0497630924095046,0.274840064496754,107.522222222222,19.8449999999999,4024.47243589744,"1",1999,0,2004.1,2004.9,-0.511151869041847,"938","1028",0.0682926126820817,4.16712328767107,147.077777777778,5573.689175,5573.689175,"1",0,4.5,0.5,-0.67642327504623,-0.814865593605218,-0.482235448934286,0.0431261512098279,0.0763970455133171,0.0660117743457937,-1.70485109438963,-0.652070292837757,-2.57181125484908,-2.71792215368826,-1.18570893818015,-0.874516437269927,0.168586942917286,-0.519792787629624,"Medium","Medium"
"61",2004,"1533",0.00545361803588099,-0.0107545335081861,0.0552572408376075,0.0498036228017265,1,0.0660117743457937,-1.65787638806222,0.909104860214593,0.116177653980734,107.522222222222,19470.6024912281,17276.4077385798,"1",1999,0,2004.1,2004.9,-0.511151869041847,"677","1028",0.404772007452865,4.16712328767107,81.3,12437.55817,12437.55817,"1",0,8,-3,1.45142541160858,-0.814865593605218,-0.482235448934286,0.0552572408376075,0.0498036228017265,0.0660117743457937,0.333211386180767,0.301834103892623,-2.99966755057485,-2.71792215368826,0.541693108214653,-0.265693417850791,0.168586942917286,-0.674752925474551,"High","High"
"62",2004,"1533",0.00545361803588099,-0.0107545335081861,0.0552572408376075,0.0498036228017265,1,0.0660117743457937,-1.65787638806222,0.909104860214593,0.116177653980734,107.522222222222,19470.6024912281,17276.4077385798,"1",1999,0,2004.1,2004.9,-0.511151869041847,"677","1028",0.404772007452865,4.16712328767107,81.3,12437.55817,12437.55817,"1",0,8,-3,1.45142541160858,0.59793891680929,-0.482235448934286,0.0552572408376075,0.0498036228017265,0.0660117743457937,0.333211386180767,0.301834103892623,-2.99966755057485,-2.71792215368826,0.541693108214653,-0.265693417850791,0.168586942917286,-0.674752925474551,"High","High"
"63",2004,"1533",0.00545361803588099,-0.0107545335081861,0.0552572408376075,0.0498036228017265,1,0.0660117743457937,-1.65787638806222,0.909104860214593,0.116177653980734,107.522222222222,19470.6024912281,17276.4077385798,"1",1999,0,2004.1,2004.9,-0.511151869041847,"677","1028",0.404772007452865,4.16712328767107,81.3,12437.55817,12437.55817,"1",0,8,-3,1.45142541160858,0.59793891680929,-0.482235448934286,0.0552572408376075,0.0498036228017265,0.0660117743457937,0.333211386180767,0.301834103892623,-2.99966755057485,-2.71792215368826,0.541693108214653,-0.265693417850791,0.168586942917286,-0.674752925474551,"High","High"
"64",2004,"1533",0.00545361803588099,-0.0107545335081861,0.0552572408376075,0.0498036228017265,1,0.0660117743457937,-1.65787638806222,0.909104860214593,0.116177653980734,107.522222222222,19470.6024912281,17276.4077385798,"1",1999,0,2004.1,2004.9,-0.511151869041847,"677","1028",0.404772007452865,4.16712328767107,81.3,12437.55817,12437.55817,"1",0,8,-3,1.45142541160858,0.59793891680929,-0.482235448934286,0.0552572408376075,0.0498036228017265,0.0660117743457937,0.333211386180767,0.301834103892623,-2.99966755057485,-2.71792215368826,0.541693108214653,-0.265693417850791,0.168586942917286,-0.674752925474551,"High","High"
"65",2004,"1542",-0.0008916885173487,-0.0112876300468504,0.0388974436853738,0.0397891322027225,0,0.0501850737322242,-0.2081793416659,-0.17162270132595,0.320943496439679,110.455555555556,17118.8133333333,21884.2153401361,"1",1999,0,2004.1,2004.9,-0.511151869041847,"1022","1199",-0.427680073188086,3.19050827157707,198.633333333333,15761.04615,15761.04615,"0",0,7,-2,0.801305449524791,2.0107434272238,2.06959380167631,0.0388974436853738,0.0397891322027225,0.0501850737322242,0.0867894539203277,-1.04923007234201,-3.22416146421258,-2.99203763250904,0.218116348606148,-0.454712816891698,0.613319790295967,0.270794420307759,"Medium","Medium"
"66",2004,"1542",-0.0008916885173487,-0.0112876300468504,0.0388974436853738,0.0397891322027225,0,0.0501850737322242,-0.2081793416659,-0.17162270132595,0.320943496439679,110.455555555556,17118.8133333333,21884.2153401361,"1",1999,0,2004.1,2004.9,-0.511151869041847,"1022","1199",-0.427680073188086,3.19050827157707,198.633333333333,15761.04615,15761.04615,"0",0,7,-2,0.801305449524791,-0.814865593605218,-0.482235448934286,0.0388974436853738,0.0397891322027225,0.0501850737322242,0.0867894539203277,-1.04923007234201,-3.22416146421258,-2.99203763250904,0.218116348606148,-0.454712816891698,0.613319790295967,0.270794420307759,"Medium","Medium"
"67",2004,"1542",-0.0008916885173487,-0.0112876300468504,0.0388974436853738,0.0397891322027225,0,0.0501850737322242,-0.2081793416659,-0.17162270132595,0.320943496439679,110.455555555556,17118.8133333333,21884.2153401361,"1",1999,0,2004.1,2004.9,-0.511151869041847,"1022","1199",-0.427680073188086,3.19050827157707,198.633333333333,15761.04615,15761.04615,"0",0,7,-2,0.801305449524791,-0.814865593605218,-0.482235448934286,0.0388974436853738,0.0397891322027225,0.0501850737322242,0.0867894539203277,-1.04923007234201,-3.22416146421258,-2.99203763250904,0.218116348606148,-0.454712816891698,0.613319790295967,0.270794420307759,"Medium","Medium"
"68",2004,"1566",-0.0319242170303055,-0.047435395070725,0.0422000444364216,0.0741242614667271,0,0.0896354395071466,-0.243955679271323,1.98828965290553,1.57223967468802,137.533333333333,18677.6133333333,6837.80397435898,"1",1999,0,2004.1,2004.9,-0.511151869041847,"1160","1179",-0.673068640678355,2.43013698630148,115.133333333333,5765.901615,5765.901615,"0",1,5,0,-0.305310328748139,0.59793891680929,-0.482235448934286,0.0422000444364216,0.0741242614667271,0.0896354395071466,0.250121488477124,-0.735612689658176,-2.60201238506326,-2.41200450698902,-1.16399816001313,-1.6792381137723,1.51135222808075,0.607107587824792,"High","High"
"69",2004,"1566",-0.0319242170303055,-0.047435395070725,0.0422000444364216,0.0741242614667271,0,0.0896354395071466,-0.243955679271323,1.98828965290553,1.57223967468802,137.533333333333,18677.6133333333,6837.80397435898,"1",1999,0,2004.1,2004.9,-0.511151869041847,"1160","1179",-0.673068640678355,2.43013698630148,115.133333333333,5765.901615,5765.901615,"0",1,5,0,-0.305310328748139,0.59793891680929,-0.482235448934286,0.0422000444364216,0.0741242614667271,0.0896354395071466,0.250121488477124,-0.735612689658176,-2.60201238506326,-2.41200450698902,-1.16399816001313,-1.6792381137723,1.51135222808075,0.607107587824792,"High","High"
"70",2004,"1566",-0.0319242170303055,-0.047435395070725,0.0422000444364216,0.0741242614667271,0,0.0896354395071466,-0.243955679271323,1.98828965290553,1.57223967468802,137.533333333333,18677.6133333333,6837.80397435898,"1",1999,0,2004.1,2004.9,-0.511151869041847,"1160","1179",-0.673068640678355,2.43013698630148,115.133333333333,5765.901615,5765.901615,"0",1,5,0,-0.305310328748139,0.59793891680929,-0.482235448934286,0.0422000444364216,0.0741242614667271,0.0896354395071466,0.250121488477124,-0.735612689658176,-2.60201238506326,-2.41200450698902,-1.16399816001313,-1.6792381137723,1.51135222808075,0.607107587824792,"High","High"
"71",2004,"1604",-0.0146097417059873,0.000297517673779828,0.0498248993752103,0.0644346410811976,0,0.0495273817014305,-0.267986791380302,-0.0246177857288014,0.642878651101877,190.833333333333,16534.7523707279,34968.4026923077,"1",2000,0,2004.1,2004.9,-0.855535356406911,"1247","494",-0.458389490051673,10.3456321580957,141.377777777778,16497.07829,16497.07829,"0",0,7.5,-3.5,0.775085513101557,-0.814865593605218,-0.482235448934286,0.0498248993752103,0.0644346410811976,0.0495273817014305,0.025591182604225,-0.0964167183065069,-2.74210388550332,-3.00522959666177,-0.381277600844238,0.185816229557452,-0.708913703462864,0.513213277166362,"Medium","Medium"
"72",2004,"1604",-0.0146097417059873,0.000297517673779828,0.0498248993752103,0.0644346410811976,0,0.0495273817014305,-0.267986791380302,-0.0246177857288014,0.642878651101877,190.833333333333,16534.7523707279,34968.4026923077,"1",2000,0,2004.1,2004.9,-0.855535356406911,"1247","494",-0.458389490051673,10.3456321580957,141.377777777778,16497.07829,16497.07829,"0",0,7.5,-3.5,0.775085513101557,-0.814865593605218,-0.482235448934286,0.0498248993752103,0.0644346410811976,0.0495273817014305,0.025591182604225,-0.0964167183065069,-2.74210388550332,-3.00522959666177,-0.381277600844238,0.185816229557452,-0.708913703462864,0.513213277166362,"Medium","Medium"
"73",2004,"1608",-0.0221183559880346,-0.00721109660826751,0.0423162850931629,0.0644346410811976,0,0.0495273817014305,-0.267986791380302,-0.0246177857288014,0.728336545251654,190.833333333333,31870.0836111111,34968.4026923077,"1",2000,0,2004.1,2004.9,-0.855535356406911,"1247","494",-0.455310957463065,10.353828879407,141.377777777778,10727.61598,10727.61598,"0",0,4.5,-0.5,-0.968876412074616,-0.814865593605218,-0.482235448934286,0.0423162850931629,0.0644346410811976,0.0495273817014305,1.63243673822021,-0.725026762545303,-2.74210388550332,-3.00522959666177,-0.798841400128578,-0.215389872943439,-0.708913703462864,0.513213277166362,"Medium","Medium"
"74",2004,"1610",-0.0348039836863209,-0.0310895338450143,0.0463910437019979,0.0811950273883189,0,0.0774805775470122,0.120743058425501,-1.13177296782473,0.413904128890349,190.833333333333,31870.0836111111,35134.884,"1",2000,0,2004.1,2004.9,-0.855535356406911,"1170","917",-0.562331433736377,6.45792349726776,223.033333333333,18212.32512,18212.32512,"0",2,4.5,-0.5,-0.970221024198885,-0.814865593605218,-0.482235448934286,0.0463910437019979,0.0811950273883189,0.0774805775470122,1.63243673822021,-0.371225549451123,-2.5109012727498,-2.55772798632796,-1.15486163617104,-1.08874143902986,-0.576670290839178,0.825459877169501,"Medium","Medium"
"75",2004,"1610",-0.0348039836863209,-0.0310895338450143,0.0463910437019979,0.0811950273883189,0,0.0774805775470122,0.120743058425501,-1.13177296782473,0.413904128890349,190.833333333333,31870.0836111111,35134.884,"1",2000,0,2004.1,2004.9,-0.855535356406911,"1170","917",-0.562331433736377,6.45792349726776,223.033333333333,18212.32512,18212.32512,"0",2,4.5,-0.5,-0.970221024198885,-0.814865593605218,-0.482235448934286,0.0463910437019979,0.0811950273883189,0.0774805775470122,1.63243673822021,-0.371225549451123,-2.5109012727498,-2.55772798632796,-1.15486163617104,-1.08874143902986,-0.576670290839178,0.825459877169501,"Medium","Medium"
"76",2004,"1610",-0.0348039836863209,-0.0310895338450143,0.0463910437019979,0.0811950273883189,0,0.0774805775470122,0.120743058425501,-1.13177296782473,0.413904128890349,190.833333333333,31870.0836111111,35134.884,"1",2000,0,2004.1,2004.9,-0.855535356406911,"1170","917",-0.562331433736377,6.45792349726776,223.033333333333,18212.32512,18212.32512,"0",2,4.5,-0.5,-0.970221024198885,-0.814865593605218,-0.482235448934286,0.0463910437019979,0.0811950273883189,0.0774805775470122,1.63243673822021,-0.371225549451123,-2.5109012727498,-2.55772798632796,-1.15486163617104,-1.08874143902986,-0.576670290839178,0.825459877169501,"Medium","Medium"
"77",2004,"1677",0.012236021472599,0.0138030006337838,0.0515931063504791,0.0393570848778801,0,0.0377901057166953,0.726946106678269,-0.0127564042510483,0.359561692447768,225.344444444444,52540.4536111111,11647.728,"1",2001,0,2004.1,2004.9,-1.19991884377197,"1588","1587",-1.2649987656198,2.32876712328766,164.511111111111,9756.022031,9756.022031,"0",0,3,0,-1.73530532290763,-0.814865593605218,-0.482235448934286,0.0515931063504791,0.0393570848778801,0.0377901057166953,3.79829097682797,0.0377896863562498,-3.23507927260288,-3.27570796414661,0.968095679491313,0.935827168718463,0.180261680349156,0.387336354194653,"Medium","Medium"
"78",2004,"1699",-0.041610031154448,0.000612960822534918,0.0443632197632455,0.0859732509176935,0,0.0437502589407106,0.186907858558825,-1.298974283222,-0.125137872614223,227.644444444444,60268.6802777778,21880.6309090909,"1",2002,0,2004.1,2004.9,-1.54430233113704,"1552","1504",-1.02860963449128,2.58356164383554,137.533333333333,5223.381363,5223.381363,"0",1,2.5,-0.5,-1.36015854023673,-0.814865593605218,-0.482235448934286,0.0443632197632455,0.0859732509176935,0.0437502589407106,4.60805937879279,-0.543232777988933,-2.45371906695108,-3.12925774755122,-1.41529860220846,0.205279438628221,1.76619969097846,2.26566196005494,"Medium","Medium"
"79",2004,"1723",0.0637856276929404,0.0638346172706804,0.109377383996719,0.0455917563037787,0,0.0455427667260387,-0.164721982917221,1.25629053285143,0.640406953577634,229.544444444444,15567.8058333333,17118.8133333333,"1",2002,0,2004.1,2004.9,-1.54430233113704,"1550","1040",-0.879406233140256,6.87397260273974,110.455555555556,11399.2963,11399.2963,"0",1,2,0,-1.85363118984325,-0.814865593605218,-0.482235448934286,0.109377383996719,0.0455917563037787,0.0455427667260387,-0.0757260776346189,2.929545947063,-3.08802836161685,-3.08910346643619,2.51307314949568,2.32312915191699,0.720630224143938,1.69142101795628,"High","High"
"80",2004,"1750",-0.0300334032275646,0.00237947239245072,0.052935775746504,0.0829691789740685,0,0.0505563033540532,0.702784492967916,-1.53902686432282,-0.780507772029064,180.377777777778,15649.8439857189,0,"1",2002,0,2004.1,2004.9,-1.54430233113704,"1362","1187",-0.40195534881709,5.70101804027263,107.333333333333,4342.640802,4342.640802,"0",1,7.5,-5.5,1.22216904442081,2.0107434272238,2.06959380167631,0.052935775746504,0.0829691789740685,0.0505563033540532,-0.0671300689481801,0.13666044566191,-2.48928607781027,-2.98466764585817,-0.872746936379651,0.284071457937883,1.16774756477484,0.834001462674741,"Low","Low"
"81",2005,"929",0.00723249842791247,-0.00722793763477374,0.0414373503007668,0.0342048518728543,0,0.0486652879355406,-0.667902571199061,-0.158979911197254,-0.272931792016073,147.077777777778,21564.635097918,10644.0812583286,"1",1994,0,2005.1,2005.9,1.55514905514854,"199","609",0.9357303184674,0.912328767123427,126.388888888889,NA,NA,"0",1,6.5,4.5,0.328674287844433,-0.814865593605218,-0.482235448934286,0.0414373503007668,0.0342048518728543,0.0486652879355406,0.552625426518806,-0.805802351136987,-3.37538777734852,-3.02278927643485,0.766406454310138,-0.2238138932938,-1.76226834398451,-1.67190260420137,"Medium","Medium"
"82",2005,"929",0.00723249842791247,-0.00722793763477374,0.0414373503007668,0.0342048518728543,0,0.0486652879355406,-0.667902571199061,-0.158979911197254,-0.272931792016073,147.077777777778,21564.635097918,10644.0812583286,"1",1994,0,2005.1,2005.9,1.55514905514854,"199","609",0.9357303184674,0.912328767123427,126.388888888889,NA,NA,"0",1,6.5,4.5,0.328674287844433,0.59793891680929,-0.482235448934286,0.0414373503007668,0.0342048518728543,0.0486652879355406,0.552625426518806,-0.805802351136987,-3.37538777734852,-3.02278927643485,0.766406454310138,-0.2238138932938,-1.76226834398451,-1.67190260420137,"Medium","Medium"
"83",2005,"1370",-0.0158283104849587,-0.0148791675822428,0.0353616529108579,0.0511899633958166,1,0.0502408204931007,-0.0988181859866446,0.354525469650688,0.451786077827943,312.122222222222,27792.4021337127,16554.2479914665,"1",1997,1,2005.1,2005.9,0.521998593053345,"308","216",0.722729600676726,8.98785837263267,76.6111111111111,NA,NA,"1",0,4.5,3.5,-0.814918323845879,0.59793891680929,-0.482235448934286,0.0353616529108579,0.0511899633958166,0.0502408204931007,1.20517473412857,-1.41598555660582,-2.97221179357802,-2.9909274254846,-0.669581687971173,-0.691518933964888,-1.84839739475275,-1.71112259870404,"High","High"
"84",2005,"1524",-0.0332708943034892,-0.0228856231359658,0.0431261512098279,0.0763970455133171,1,0.0660117743457937,-1.65787638806222,-0.0497630924095046,0.274840064496754,107.522222222222,19.8449999999999,4024.47243589744,"1",1999,0,2005.1,2005.9,-0.166768381676783,"938","1028",0.0682926126820817,4.16712328767107,147.077777777778,NA,NA,"1",0,4.5,1.5,-0.67642327504623,0.59793891680929,-0.482235448934286,0.0431261512098279,0.0763970455133171,0.0660117743457937,-1.70485109438963,-0.652070292837757,-2.57181125484908,-2.71792215368826,-1.18570893818015,-0.874516437269927,0.168586942917286,-0.519792787629624,"Medium","Medium"
"85",2005,"1524",-0.0332708943034892,-0.0228856231359658,0.0431261512098279,0.0763970455133171,1,0.0660117743457937,-1.65787638806222,-0.0497630924095046,0.274840064496754,107.522222222222,19.8449999999999,4024.47243589744,"1",1999,0,2005.1,2005.9,-0.166768381676783,"938","1028",0.0682926126820817,4.16712328767107,147.077777777778,NA,NA,"1",0,4.5,1.5,-0.67642327504623,-0.814865593605218,-0.482235448934286,0.0431261512098279,0.0763970455133171,0.0660117743457937,-1.70485109438963,-0.652070292837757,-2.57181125484908,-2.71792215368826,-1.18570893818015,-0.874516437269927,0.168586942917286,-0.519792787629624,"Medium","Medium"
"86",2005,"1533",0.00545361803588099,-0.0107545335081861,0.0552572408376075,0.0498036228017265,1,0.0660117743457937,-1.65787638806222,0.909104860214593,0.116177653980734,107.522222222222,19470.6024912281,17276.4077385798,"1",1999,0,2005.1,2005.9,-0.166768381676783,"677","1028",0.404772007452865,4.16712328767107,81.3,NA,NA,"1",4,8,-2,1.45142541160858,-0.814865593605218,-0.482235448934286,0.0552572408376075,0.0498036228017265,0.0660117743457937,0.333211386180767,0.301834103892623,-2.99966755057485,-2.71792215368826,0.541693108214653,-0.265693417850791,0.168586942917286,-0.674752925474551,"High","High"
"87",2005,"1533",0.00545361803588099,-0.0107545335081861,0.0552572408376075,0.0498036228017265,1,0.0660117743457937,-1.65787638806222,0.909104860214593,0.116177653980734,107.522222222222,19470.6024912281,17276.4077385798,"1",1999,0,2005.1,2005.9,-0.166768381676783,"677","1028",0.404772007452865,4.16712328767107,81.3,NA,NA,"1",4,8,-2,1.45142541160858,0.59793891680929,-0.482235448934286,0.0552572408376075,0.0498036228017265,0.0660117743457937,0.333211386180767,0.301834103892623,-2.99966755057485,-2.71792215368826,0.541693108214653,-0.265693417850791,0.168586942917286,-0.674752925474551,"High","High"
"88",2005,"1533",0.00545361803588099,-0.0107545335081861,0.0552572408376075,0.0498036228017265,1,0.0660117743457937,-1.65787638806222,0.909104860214593,0.116177653980734,107.522222222222,19470.6024912281,17276.4077385798,"1",1999,0,2005.1,2005.9,-0.166768381676783,"677","1028",0.404772007452865,4.16712328767107,81.3,NA,NA,"1",4,8,-2,1.45142541160858,0.59793891680929,-0.482235448934286,0.0552572408376075,0.0498036228017265,0.0660117743457937,0.333211386180767,0.301834103892623,-2.99966755057485,-2.71792215368826,0.541693108214653,-0.265693417850791,0.168586942917286,-0.674752925474551,"High","High"
"89",2005,"1533",0.00545361803588099,-0.0107545335081861,0.0552572408376075,0.0498036228017265,1,0.0660117743457937,-1.65787638806222,0.909104860214593,0.116177653980734,107.522222222222,19470.6024912281,17276.4077385798,"1",1999,0,2005.1,2005.9,-0.166768381676783,"677","1028",0.404772007452865,4.16712328767107,81.3,NA,NA,"1",4,8,-2,1.45142541160858,0.59793891680929,-0.482235448934286,0.0552572408376075,0.0498036228017265,0.0660117743457937,0.333211386180767,0.301834103892623,-2.99966755057485,-2.71792215368826,0.541693108214653,-0.265693417850791,0.168586942917286,-0.674752925474551,"High","High"
"90",2005,"1533",0.00545361803588099,-0.0107545335081861,0.0552572408376075,0.0498036228017265,1,0.0660117743457937,-1.65787638806222,0.909104860214593,0.116177653980734,107.522222222222,19470.6024912281,17276.4077385798,"1",1999,0,2005.1,2005.9,-0.166768381676783,"677","1028",0.404772007452865,4.16712328767107,81.3,NA,NA,"1",4,8,-2,1.45142541160858,-0.814865593605218,-0.482235448934286,0.0552572408376075,0.0498036228017265,0.0660117743457937,0.333211386180767,0.301834103892623,-2.99966755057485,-2.71792215368826,0.541693108214653,-0.265693417850791,0.168586942917286,-0.674752925474551,"High","High"
"91",2005,"1533",0.00545361803588099,-0.0107545335081861,0.0552572408376075,0.0498036228017265,1,0.0660117743457937,-1.65787638806222,0.909104860214593,0.116177653980734,107.522222222222,19470.6024912281,17276.4077385798,"1",1999,0,2005.1,2005.9,-0.166768381676783,"677","1028",0.404772007452865,4.16712328767107,81.3,NA,NA,"1",4,8,-2,1.45142541160858,-0.814865593605218,-0.482235448934286,0.0552572408376075,0.0498036228017265,0.0660117743457937,0.333211386180767,0.301834103892623,-2.99966755057485,-2.71792215368826,0.541693108214653,-0.265693417850791,0.168586942917286,-0.674752925474551,"High","High"
"92",2005,"1542",-0.0008916885173487,-0.0112876300468504,0.0388974436853738,0.0397891322027225,0,0.0501850737322242,-0.2081793416659,-0.17162270132595,0.320943496439679,110.455555555556,17118.8133333333,21884.2153401361,"1",1999,0,2005.1,2005.9,-0.166768381676783,"1022","1199",-0.427680073188086,3.19050827157707,198.633333333333,NA,NA,"0",0,7,-1,0.801305449524791,-0.814865593605218,-0.482235448934286,0.0388974436853738,0.0397891322027225,0.0501850737322242,0.0867894539203277,-1.04923007234201,-3.22416146421258,-2.99203763250904,0.218116348606148,-0.454712816891698,0.613319790295967,0.270794420307759,"Medium","Medium"
"93",2005,"1542",-0.0008916885173487,-0.0112876300468504,0.0388974436853738,0.0397891322027225,0,0.0501850737322242,-0.2081793416659,-0.17162270132595,0.320943496439679,110.455555555556,17118.8133333333,21884.2153401361,"1",1999,0,2005.1,2005.9,-0.166768381676783,"1022","1199",-0.427680073188086,3.19050827157707,198.633333333333,NA,NA,"0",0,7,-1,0.801305449524791,-0.814865593605218,-0.482235448934286,0.0388974436853738,0.0397891322027225,0.0501850737322242,0.0867894539203277,-1.04923007234201,-3.22416146421258,-2.99203763250904,0.218116348606148,-0.454712816891698,0.613319790295967,0.270794420307759,"Medium","Medium"
"94",2005,"1543",0.0149131245658531,0.000452688503166862,0.0491179764387074,0.0342048518728543,1,0.0486652879355406,-0.667902571199061,-0.158979911197254,0.883352744275582,134.066666666667,22159.9004,10644.0812583286,"1",1999,0,2005.1,2005.9,-0.166768381676783,"199","609",2.74777990315061,5.73698630137005,126.388888888889,NA,NA,"1",0,5.5,0.5,0.0698364539227575,2.0107434272238,-0.482235448934286,0.0491179764387074,0.0342048518728543,0.0486652879355406,0.614997695501433,-0.151409556217013,-3.37538777734852,-3.02278927643485,1.20109683855618,0.193847875175766,-0.613549597803251,-1.0981325153817,"Medium","Medium"
"95",2005,"1543",0.0149131245658531,0.000452688503166862,0.0491179764387074,0.0342048518728543,1,0.0486652879355406,-0.667902571199061,-0.158979911197254,0.883352744275582,134.066666666667,22159.9004,10644.0812583286,"1",1999,0,2005.1,2005.9,-0.166768381676783,"199","609",2.74777990315061,5.73698630137005,126.388888888889,NA,NA,"1",0,5.5,0.5,0.0698364539227575,2.0107434272238,-0.482235448934286,0.0491179764387074,0.0342048518728543,0.0486652879355406,0.614997695501433,-0.151409556217013,-3.37538777734852,-3.02278927643485,1.20109683855618,0.193847875175766,-0.613549597803251,-1.0981325153817,"Medium","Medium"
"96",2005,"1566",-0.0319242170303055,-0.047435395070725,0.0422000444364216,0.0741242614667271,0,0.0896354395071466,-0.243955679271323,1.98828965290553,1.57223967468802,137.533333333333,18677.6133333333,6837.80397435898,"1",1999,0,2005.1,2005.9,-0.166768381676783,"1160","1179",-0.673068640678355,2.43013698630148,115.133333333333,NA,NA,"0",1,5,1,-0.305310328748139,0.59793891680929,-0.482235448934286,0.0422000444364216,0.0741242614667271,0.0896354395071466,0.250121488477124,-0.735612689658176,-2.60201238506326,-2.41200450698902,-1.16399816001313,-1.6792381137723,1.51135222808075,0.607107587824792,"High","High"
"97",2005,"1566",-0.0319242170303055,-0.047435395070725,0.0422000444364216,0.0741242614667271,0,0.0896354395071466,-0.243955679271323,1.98828965290553,1.57223967468802,137.533333333333,18677.6133333333,6837.80397435898,"1",1999,0,2005.1,2005.9,-0.166768381676783,"1160","1179",-0.673068640678355,2.43013698630148,115.133333333333,NA,NA,"0",1,5,1,-0.305310328748139,0.59793891680929,-0.482235448934286,0.0422000444364216,0.0741242614667271,0.0896354395071466,0.250121488477124,-0.735612689658176,-2.60201238506326,-2.41200450698902,-1.16399816001313,-1.6792381137723,1.51135222808075,0.607107587824792,"High","High"
"98",2005,"1566",-0.0319242170303055,-0.047435395070725,0.0422000444364216,0.0741242614667271,0,0.0896354395071466,-0.243955679271323,1.98828965290553,1.57223967468802,137.533333333333,18677.6133333333,6837.80397435898,"1",1999,0,2005.1,2005.9,-0.166768381676783,"1160","1179",-0.673068640678355,2.43013698630148,115.133333333333,NA,NA,"0",1,5,1,-0.305310328748139,0.59793891680929,-0.482235448934286,0.0422000444364216,0.0741242614667271,0.0896354395071466,0.250121488477124,-0.735612689658176,-2.60201238506326,-2.41200450698902,-1.16399816001313,-1.6792381137723,1.51135222808075,0.607107587824792,"High","High"
"99",2005,"1604",-0.0146097417059873,0.000297517673779828,0.0498248993752103,0.0644346410811976,0,0.0495273817014305,-0.267986791380302,-0.0246177857288014,0.642878651101877,190.833333333333,16534.7523707279,34968.4026923077,"1",2000,0,2005.1,2005.9,-0.511151869041847,"1247","494",-0.458389490051673,10.3456321580957,141.377777777778,NA,NA,"0",1,7.5,-2.5,0.775085513101557,-0.814865593605218,-0.482235448934286,0.0498248993752103,0.0644346410811976,0.0495273817014305,0.025591182604225,-0.0964167183065069,-2.74210388550332,-3.00522959666177,-0.381277600844238,0.185816229557452,-0.708913703462864,0.513213277166362,"Medium","Medium"
"100",2005,"1604",-0.0146097417059873,0.000297517673779828,0.0498248993752103,0.0644346410811976,0,0.0495273817014305,-0.267986791380302,-0.0246177857288014,0.642878651101877,190.833333333333,16534.7523707279,34968.4026923077,"1",2000,0,2005.1,2005.9,-0.511151869041847,"1247","494",-0.458389490051673,10.3456321580957,141.377777777778,NA,NA,"0",1,7.5,-2.5,0.775085513101557,-0.814865593605218,-0.482235448934286,0.0498248993752103,0.0644346410811976,0.0495273817014305,0.025591182604225,-0.0964167183065069,-2.74210388550332,-3.00522959666177,-0.381277600844238,0.185816229557452,-0.708913703462864,0.513213277166362,"Medium","Medium"
"101",2005,"1604",-0.0146097417059873,0.000297517673779828,0.0498248993752103,0.0644346410811976,0,0.0495273817014305,-0.267986791380302,-0.0246177857288014,0.642878651101877,190.833333333333,16534.7523707279,34968.4026923077,"1",2000,0,2005.1,2005.9,-0.511151869041847,"1247","494",-0.458389490051673,10.3456321580957,141.377777777778,NA,NA,"0",1,7.5,-2.5,0.775085513101557,0.59793891680929,-0.482235448934286,0.0498248993752103,0.0644346410811976,0.0495273817014305,0.025591182604225,-0.0964167183065069,-2.74210388550332,-3.00522959666177,-0.381277600844238,0.185816229557452,-0.708913703462864,0.513213277166362,"Medium","Medium"
"102",2005,"1608",-0.0221183559880346,-0.00721109660826751,0.0423162850931629,0.0644346410811976,0,0.0495273817014305,-0.267986791380302,-0.0246177857288014,0.728336545251654,190.833333333333,31870.0836111111,34968.4026923077,"1",2000,0,2005.1,2005.9,-0.511151869041847,"1247","494",-0.455310957463065,10.353828879407,141.377777777778,NA,NA,"0",1,4.5,0.5,-0.968876412074616,-0.814865593605218,-0.482235448934286,0.0423162850931629,0.0644346410811976,0.0495273817014305,1.63243673822021,-0.725026762545303,-2.74210388550332,-3.00522959666177,-0.798841400128578,-0.215389872943439,-0.708913703462864,0.513213277166362,"Medium","Medium"
"103",2005,"1608",-0.0221183559880346,-0.00721109660826751,0.0423162850931629,0.0644346410811976,0,0.0495273817014305,-0.267986791380302,-0.0246177857288014,0.728336545251654,190.833333333333,31870.0836111111,34968.4026923077,"1",2000,0,2005.1,2005.9,-0.511151869041847,"1247","494",-0.455310957463065,10.353828879407,141.377777777778,NA,NA,"0",1,4.5,0.5,-0.968876412074616,-0.814865593605218,-0.482235448934286,0.0423162850931629,0.0644346410811976,0.0495273817014305,1.63243673822021,-0.725026762545303,-2.74210388550332,-3.00522959666177,-0.798841400128578,-0.215389872943439,-0.708913703462864,0.513213277166362,"Medium","Medium"
"104",2005,"1608",-0.0221183559880346,-0.00721109660826751,0.0423162850931629,0.0644346410811976,0,0.0495273817014305,-0.267986791380302,-0.0246177857288014,0.728336545251654,190.833333333333,31870.0836111111,34968.4026923077,"1",2000,0,2005.1,2005.9,-0.511151869041847,"1247","494",-0.455310957463065,10.353828879407,141.377777777778,NA,NA,"0",1,4.5,0.5,-0.968876412074616,-0.814865593605218,-0.482235448934286,0.0423162850931629,0.0644346410811976,0.0495273817014305,1.63243673822021,-0.725026762545303,-2.74210388550332,-3.00522959666177,-0.798841400128578,-0.215389872943439,-0.708913703462864,0.513213277166362,"Medium","Medium"
"105",2005,"1610",-0.0348039836863209,-0.0310895338450143,0.0463910437019979,0.0811950273883189,0,0.0774805775470122,0.120743058425501,-1.13177296782473,0.413904128890349,190.833333333333,31870.0836111111,35134.884,"1",2000,0,2005.1,2005.9,-0.511151869041847,"1170","917",-0.562331433736377,6.45792349726776,223.033333333333,NA,NA,"0",2,4.5,0.5,-0.970221024198885,-0.814865593605218,-0.482235448934286,0.0463910437019979,0.0811950273883189,0.0774805775470122,1.63243673822021,-0.371225549451123,-2.5109012727498,-2.55772798632796,-1.15486163617104,-1.08874143902986,-0.576670290839178,0.825459877169501,"Medium","Medium"
"106",2005,"1610",-0.0348039836863209,-0.0310895338450143,0.0463910437019979,0.0811950273883189,0,0.0774805775470122,0.120743058425501,-1.13177296782473,0.413904128890349,190.833333333333,31870.0836111111,35134.884,"1",2000,0,2005.1,2005.9,-0.511151869041847,"1170","917",-0.562331433736377,6.45792349726776,223.033333333333,NA,NA,"0",2,4.5,0.5,-0.970221024198885,-0.814865593605218,-0.482235448934286,0.0463910437019979,0.0811950273883189,0.0774805775470122,1.63243673822021,-0.371225549451123,-2.5109012727498,-2.55772798632796,-1.15486163617104,-1.08874143902986,-0.576670290839178,0.825459877169501,"Medium","Medium"
"107",2005,"1699",-0.041610031154448,0.000612960822534918,0.0443632197632455,0.0859732509176935,0,0.0437502589407106,0.186907858558825,-1.298974283222,-0.125137872614223,227.644444444444,60268.6802777778,21880.6309090909,"1",2002,0,2005.1,2005.9,-1.19991884377197,"1552","1504",-1.02860963449128,2.58356164383554,137.533333333333,NA,NA,"0",0,2.5,0.5,-1.36015854023673,-0.814865593605218,-0.482235448934286,0.0443632197632455,0.0859732509176935,0.0437502589407106,4.60805937879279,-0.543232777988933,-2.45371906695108,-3.12925774755122,-1.41529860220846,0.205279438628221,1.76619969097846,2.26566196005494,"Medium","Medium"
"108",2005,"1723",0.0637856276929404,0.0638346172706804,0.109377383996719,0.0455917563037787,0,0.0455427667260387,-0.164721982917221,1.25629053285143,0.640406953577634,229.544444444444,15567.8058333333,17118.8133333333,"1",2002,0,2005.1,2005.9,-1.19991884377197,"1550","1040",-0.879406233140256,6.87397260273974,110.455555555556,NA,NA,"0",0,2,1,-1.85363118984325,-0.814865593605218,-0.482235448934286,0.109377383996719,0.0455917563037787,0.0455427667260387,-0.0757260776346189,2.929545947063,-3.08802836161685,-3.08910346643619,2.51307314949568,2.32312915191699,0.720630224143938,1.69142101795628,"High","High"
"109",2005,"1750",-0.0300334032275646,0.00237947239245072,0.052935775746504,0.0829691789740685,0,0.0505563033540532,0.702784492967916,-1.53902686432282,-0.780507772029064,180.377777777778,15649.8439857189,0,"1",2002,0,2005.1,2005.9,-1.19991884377197,"1362","1187",-0.40195534881709,5.70101804027263,107.333333333333,NA,NA,"0",2,7.5,-4.5,1.22216904442081,2.0107434272238,2.06959380167631,0.052935775746504,0.0829691789740685,0.0505563033540532,-0.0671300689481801,0.13666044566191,-2.48928607781027,-2.98466764585817,-0.872746936379651,0.284071457937883,1.16774756477484,0.834001462674741,"Low","Low"
"110",2005,"1750",-0.0300334032275646,0.00237947239245072,0.052935775746504,0.0829691789740685,0,0.0505563033540532,0.702784492967916,-1.53902686432282,-0.780507772029064,180.377777777778,15649.8439857189,0,"1",2002,0,2005.1,2005.9,-1.19991884377197,"1362","1187",-0.40195534881709,5.70101804027263,107.333333333333,NA,NA,"0",2,7.5,-4.5,1.22216904442081,0.59793891680929,2.06959380167631,0.052935775746504,0.0829691789740685,0.0505563033540532,-0.0671300689481801,0.13666044566191,-2.48928607781027,-2.98466764585817,-0.872746936379651,0.284071457937883,1.16774756477484,0.834001462674741,"Low","Low"
"111",2005,"1752",0.00459735890823288,0.00781057666715795,0.0540191672601158,0.0494218083518829,0,0.0462085905929579,2.71159179805406,-0.506165561971,-0.203951945122146,176.522222222222,15573.9807725608,6837.80397435898,"1",2002,0,2005.1,2005.9,-1.19991884377197,"1200","1553",0.398125750795792,2.8767123287671,115.133333333333,NA,NA,"0",1,4.5,-1.5,-0.517086738320419,0.59793891680929,2.06959380167631,0.0540191672601158,0.0494218083518829,0.0462085905929579,-0.0750790636576543,0.214627409311594,-3.00736348759208,-3.07458955460929,0.50343835055231,0.554701413082558,1.69164461862664,1.04601420240185,"Medium","Medium"
"112",2005,"1796",0.0760618867859167,0.0815803853880894,0.119798307553206,0.043736420767289,0,0.0382179221651163,-0.050010220895239,0.455747875173932,-0.565416872575792,180.377777777778,17228.0156410256,21969.7404414557,"1",2002,0,2005.1,2005.9,-1.19991884377197,"1437","1196",-0.491477389627823,6.01248596451819,146.044444444444,NA,NA,"0",3,3.5,-0.5,-1.2357819187419,-0.814865593605218,-0.482235448934286,0.119798307553206,0.043736420767289,0.0382179221651163,0.0982317397130405,3.27977199889217,-3.12957409681909,-3.26445070676778,2.85192217056243,2.97735010786307,1.07447841570829,0.988149420859556,"High","High"
"113",2005,"1796",0.0760618867859167,0.0815803853880894,0.119798307553206,0.043736420767289,0,0.0382179221651163,-0.050010220895239,0.455747875173932,-0.565416872575792,180.377777777778,17228.0156410256,21969.7404414557,"1",2002,0,2005.1,2005.9,-1.19991884377197,"1437","1196",-0.491477389627823,6.01248596451819,146.044444444444,NA,NA,"0",3,3.5,-0.5,-1.2357819187419,-0.814865593605218,-0.482235448934286,0.119798307553206,0.043736420767289,0.0382179221651163,0.0982317397130405,3.27977199889217,-3.12957409681909,-3.26445070676778,2.85192217056243,2.97735010786307,1.07447841570829,0.988149420859556,"High","High"
"114",2005,"1796",0.0760618867859167,0.0815803853880894,0.119798307553206,0.043736420767289,0,0.0382179221651163,-0.050010220895239,0.455747875173932,-0.565416872575792,180.377777777778,17228.0156410256,21969.7404414557,"1",2002,0,2005.1,2005.9,-1.19991884377197,"1437","1196",-0.491477389627823,6.01248596451819,146.044444444444,NA,NA,"0",3,3.5,-0.5,-1.2357819187419,0.59793891680929,2.06959380167631,0.119798307553206,0.043736420767289,0.0382179221651163,0.0982317397130405,3.27977199889217,-3.12957409681909,-3.26445070676778,2.85192217056243,2.97735010786307,1.07447841570829,0.988149420859556,"High","High"
"115",2005,"1829",-0.0366164422686946,-0.00422270181828482,0.0532538276811535,0.0898702699498481,0,0.0574765294994384,-0.231054573729911,-0.516804753067817,-0.783032072292821,172.311111111111,0,6837.80397435898,"1",2003,0,2005.1,2005.9,-1.54430233113704,"1190","1489",0.776785259198914,4.05205479452047,115.133333333333,NA,NA,"0",1,5.5,-3.5,0.0920225539731866,-0.814865593605218,-0.482235448934286,0.0532538276811535,0.0898702699498481,0.0574765294994384,-1.70693046584574,0.159713503493722,-2.40938809353481,-2.8563785971265,-1.06168193817338,-0.0163213226688303,0.807460655477375,0.780091341047704,"Medium","Medium"
"116",2005,"1831",-0.000562617975296983,-0.00194807879147414,0.0452727726598811,0.045835390635178,1,0.0472208514513552,1.07274060414089,1.54923843010449,0.338911559330844,172.311111111111,17001.6362666667,18416.0193059211,"1",2003,0,2005.1,2005.9,-1.54430233113704,"1757","1523",-1.17266809096803,4.17260273972602,170.922222222222,NA,NA,"1",1,3,-1,-1.38974000697064,0.59793891680929,-0.482235448934286,0.0452727726598811,0.045835390635178,0.0472208514513552,0.0745115679169579,-0.465129073191244,-3.08269876496529,-3.05291971590421,0.244484156501388,0.0676255327987201,0.825626509410824,1.48741016390773,"High","High"
"117",2005,"1877",-0.0194843956151411,0.000949460600295535,0.0440756118101234,0.0635600074252645,1,0.0431261512098279,0.150162065955198,0.0353302567342167,-1.09869156710495,170.066666666667,14559.5670134424,52540.4536111111,"1",2003,0,2005.1,2005.9,-1.54430233113704,"1893","1524",-1.22514652868458,4.06575342465771,225.344444444444,NA,NA,"1",2,8.05882352941176,-6.05882352941176,1.43125622974456,0.59793891680929,-0.482235448934286,0.0440756118101234,0.0635600074252645,0.0431261512098279,-0.181369968943269,-0.568263341356287,-2.75577082049071,-3.14362570926626,-0.659771245850343,0.224594738509543,0.768690946539634,1.40138118125141,"Medium","Medium"
"118",2006,"929",0.00723249842791247,-0.00722793763477374,0.0414373503007668,0.0342048518728543,0,0.0486652879355406,-0.667902571199061,-0.158979911197254,-0.272931792016073,147.077777777778,21564.635097918,10644.0812583286,"1",1994,1,2006.1,2006.9,1.8995325425136,"199","609",0.9357303184674,0.912328767123427,126.388888888889,NA,NA,"0",0,6.5,5.5,0.328674287844433,-0.814865593605218,-0.482235448934286,0.0414373503007668,0.0342048518728543,0.0486652879355406,0.552625426518806,-0.805802351136987,-3.37538777734852,-3.02278927643485,0.766406454310138,-0.2238138932938,-1.76226834398451,-1.67190260420137,"Medium","Medium"
"119",2006,"929",0.00723249842791247,-0.00722793763477374,0.0414373503007668,0.0342048518728543,0,0.0486652879355406,-0.667902571199061,-0.158979911197254,-0.272931792016073,147.077777777778,21564.635097918,10644.0812583286,"1",1994,1,2006.1,2006.9,1.8995325425136,"199","609",0.9357303184674,0.912328767123427,126.388888888889,NA,NA,"0",0,6.5,5.5,0.328674287844433,0.59793891680929,-0.482235448934286,0.0414373503007668,0.0342048518728543,0.0486652879355406,0.552625426518806,-0.805802351136987,-3.37538777734852,-3.02278927643485,0.766406454310138,-0.2238138932938,-1.76226834398451,-1.67190260420137,"Medium","Medium"
"120",2006,"1524",-0.0332708943034892,-0.0228856231359658,0.0431261512098279,0.0763970455133171,1,0.0660117743457937,-1.65787638806222,-0.0497630924095046,0.274840064496754,107.522222222222,19.8449999999999,4024.47243589744,"1",1999,0,2006.1,2006.9,0.177615105688281,"938","1028",0.0682926126820817,4.16712328767107,147.077777777778,20570.90291,20570.90291,"1",1,4.5,2.5,-0.67642327504623,0.59793891680929,-0.482235448934286,0.0431261512098279,0.0763970455133171,0.0660117743457937,-1.70485109438963,-0.652070292837757,-2.57181125484908,-2.71792215368826,-1.18570893818015,-0.874516437269927,0.168586942917286,-0.519792787629624,"Medium","Medium"
"121",2006,"1524",-0.0332708943034892,-0.0228856231359658,0.0431261512098279,0.0763970455133171,1,0.0660117743457937,-1.65787638806222,-0.0497630924095046,0.274840064496754,107.522222222222,19.8449999999999,4024.47243589744,"1",1999,0,2006.1,2006.9,0.177615105688281,"938","1028",0.0682926126820817,4.16712328767107,147.077777777778,20570.90291,20570.90291,"1",1,4.5,2.5,-0.67642327504623,-0.814865593605218,-0.482235448934286,0.0431261512098279,0.0763970455133171,0.0660117743457937,-1.70485109438963,-0.652070292837757,-2.57181125484908,-2.71792215368826,-1.18570893818015,-0.874516437269927,0.168586942917286,-0.519792787629624,"Medium","Medium"
"122",2006,"1524",-0.0332708943034892,-0.0228856231359658,0.0431261512098279,0.0763970455133171,1,0.0660117743457937,-1.65787638806222,-0.0497630924095046,0.274840064496754,107.522222222222,19.8449999999999,4024.47243589744,"1",1999,0,2006.1,2006.9,0.177615105688281,"938","1028",0.0682926126820817,4.16712328767107,147.077777777778,20570.90291,20570.90291,"1",1,4.5,2.5,-0.67642327504623,0.59793891680929,-0.482235448934286,0.0431261512098279,0.0763970455133171,0.0660117743457937,-1.70485109438963,-0.652070292837757,-2.57181125484908,-2.71792215368826,-1.18570893818015,-0.874516437269927,0.168586942917286,-0.519792787629624,"Medium","Medium"
"123",2006,"1533",0.00545361803588099,-0.0107545335081861,0.0552572408376075,0.0498036228017265,1,0.0660117743457937,-1.65787638806222,0.909104860214593,0.116177653980734,107.522222222222,19470.6024912281,17276.4077385798,"1",1999,0,2006.1,2006.9,0.177615105688281,"677","1028",0.404772007452865,4.16712328767107,81.3,12401.39415,12401.39415,"1",1,8,-1,1.45142541160858,0.59793891680929,-0.482235448934286,0.0552572408376075,0.0498036228017265,0.0660117743457937,0.333211386180767,0.301834103892623,-2.99966755057485,-2.71792215368826,0.541693108214653,-0.265693417850791,0.168586942917286,-0.674752925474551,"High","High"
"124",2006,"1533",0.00545361803588099,-0.0107545335081861,0.0552572408376075,0.0498036228017265,1,0.0660117743457937,-1.65787638806222,0.909104860214593,0.116177653980734,107.522222222222,19470.6024912281,17276.4077385798,"1",1999,0,2006.1,2006.9,0.177615105688281,"677","1028",0.404772007452865,4.16712328767107,81.3,12401.39415,12401.39415,"1",1,8,-1,1.45142541160858,0.59793891680929,-0.482235448934286,0.0552572408376075,0.0498036228017265,0.0660117743457937,0.333211386180767,0.301834103892623,-2.99966755057485,-2.71792215368826,0.541693108214653,-0.265693417850791,0.168586942917286,-0.674752925474551,"High","High"
"125",2006,"1533",0.00545361803588099,-0.0107545335081861,0.0552572408376075,0.0498036228017265,1,0.0660117743457937,-1.65787638806222,0.909104860214593,0.116177653980734,107.522222222222,19470.6024912281,17276.4077385798,"1",1999,0,2006.1,2006.9,0.177615105688281,"677","1028",0.404772007452865,4.16712328767107,81.3,12401.39415,12401.39415,"1",1,8,-1,1.45142541160858,0.59793891680929,-0.482235448934286,0.0552572408376075,0.0498036228017265,0.0660117743457937,0.333211386180767,0.301834103892623,-2.99966755057485,-2.71792215368826,0.541693108214653,-0.265693417850791,0.168586942917286,-0.674752925474551,"High","High"
"126",2006,"1533",0.00545361803588099,-0.0107545335081861,0.0552572408376075,0.0498036228017265,1,0.0660117743457937,-1.65787638806222,0.909104860214593,0.116177653980734,107.522222222222,19470.6024912281,17276.4077385798,"1",1999,0,2006.1,2006.9,0.177615105688281,"677","1028",0.404772007452865,4.16712328767107,81.3,12401.39415,12401.39415,"1",1,8,-1,1.45142541160858,-0.814865593605218,-0.482235448934286,0.0552572408376075,0.0498036228017265,0.0660117743457937,0.333211386180767,0.301834103892623,-2.99966755057485,-2.71792215368826,0.541693108214653,-0.265693417850791,0.168586942917286,-0.674752925474551,"High","High"
"127",2006,"1533",0.00545361803588099,-0.0107545335081861,0.0552572408376075,0.0498036228017265,1,0.0660117743457937,-1.65787638806222,0.909104860214593,0.116177653980734,107.522222222222,19470.6024912281,17276.4077385798,"1",1999,0,2006.1,2006.9,0.177615105688281,"677","1028",0.404772007452865,4.16712328767107,81.3,12401.39415,12401.39415,"1",1,8,-1,1.45142541160858,-0.814865593605218,-0.482235448934286,0.0552572408376075,0.0498036228017265,0.0660117743457937,0.333211386180767,0.301834103892623,-2.99966755057485,-2.71792215368826,0.541693108214653,-0.265693417850791,0.168586942917286,-0.674752925474551,"High","High"
"128",2006,"1533",0.00545361803588099,-0.0107545335081861,0.0552572408376075,0.0498036228017265,1,0.0660117743457937,-1.65787638806222,0.909104860214593,0.116177653980734,107.522222222222,19470.6024912281,17276.4077385798,"1",1999,0,2006.1,2006.9,0.177615105688281,"677","1028",0.404772007452865,4.16712328767107,81.3,12401.39415,12401.39415,"1",1,8,-1,1.45142541160858,0.59793891680929,-0.482235448934286,0.0552572408376075,0.0498036228017265,0.0660117743457937,0.333211386180767,0.301834103892623,-2.99966755057485,-2.71792215368826,0.541693108214653,-0.265693417850791,0.168586942917286,-0.674752925474551,"High","High"
"129",2006,"1542",-0.0008916885173487,-0.0112876300468504,0.0388974436853738,0.0397891322027225,0,0.0501850737322242,-0.2081793416659,-0.17162270132595,0.320943496439679,110.455555555556,17118.8133333333,21884.2153401361,"1",1999,0,2006.1,2006.9,0.177615105688281,"1022","1199",-0.427680073188086,3.19050827157707,198.633333333333,11098.1118,11098.1118,"0",2,7,0,0.801305449524791,-0.814865593605218,-0.482235448934286,0.0388974436853738,0.0397891322027225,0.0501850737322242,0.0867894539203277,-1.04923007234201,-3.22416146421258,-2.99203763250904,0.218116348606148,-0.454712816891698,0.613319790295967,0.270794420307759,"Medium","Medium"
"130",2006,"1542",-0.0008916885173487,-0.0112876300468504,0.0388974436853738,0.0397891322027225,0,0.0501850737322242,-0.2081793416659,-0.17162270132595,0.320943496439679,110.455555555556,17118.8133333333,21884.2153401361,"1",1999,0,2006.1,2006.9,0.177615105688281,"1022","1199",-0.427680073188086,3.19050827157707,198.633333333333,11098.1118,11098.1118,"0",2,7,0,0.801305449524791,-0.814865593605218,-0.482235448934286,0.0388974436853738,0.0397891322027225,0.0501850737322242,0.0867894539203277,-1.04923007234201,-3.22416146421258,-2.99203763250904,0.218116348606148,-0.454712816891698,0.613319790295967,0.270794420307759,"Medium","Medium"
"131",2006,"1543",0.0149131245658531,0.000452688503166862,0.0491179764387074,0.0342048518728543,1,0.0486652879355406,-0.667902571199061,-0.158979911197254,0.883352744275582,134.066666666667,22159.9004,10644.0812583286,"1",1999,0,2006.1,2006.9,0.177615105688281,"199","609",2.74777990315061,5.73698630137005,126.388888888889,20699.5902,20699.5902,"1",3,5.5,1.5,0.0698364539227575,2.0107434272238,-0.482235448934286,0.0491179764387074,0.0342048518728543,0.0486652879355406,0.614997695501433,-0.151409556217013,-3.37538777734852,-3.02278927643485,1.20109683855618,0.193847875175766,-0.613549597803251,-1.0981325153817,"Medium","Medium"
"132",2006,"1543",0.0149131245658531,0.000452688503166862,0.0491179764387074,0.0342048518728543,1,0.0486652879355406,-0.667902571199061,-0.158979911197254,0.883352744275582,134.066666666667,22159.9004,10644.0812583286,"1",1999,0,2006.1,2006.9,0.177615105688281,"199","609",2.74777990315061,5.73698630137005,126.388888888889,20699.5902,20699.5902,"1",3,5.5,1.5,0.0698364539227575,2.0107434272238,-0.482235448934286,0.0491179764387074,0.0342048518728543,0.0486652879355406,0.614997695501433,-0.151409556217013,-3.37538777734852,-3.02278927643485,1.20109683855618,0.193847875175766,-0.613549597803251,-1.0981325153817,"Medium","Medium"
"133",2006,"1543",0.0149131245658531,0.000452688503166862,0.0491179764387074,0.0342048518728543,1,0.0486652879355406,-0.667902571199061,-0.158979911197254,0.883352744275582,134.066666666667,22159.9004,10644.0812583286,"1",1999,0,2006.1,2006.9,0.177615105688281,"199","609",2.74777990315061,5.73698630137005,126.388888888889,20699.5902,20699.5902,"1",3,5.5,1.5,0.0698364539227575,-0.814865593605218,-0.482235448934286,0.0491179764387074,0.0342048518728543,0.0486652879355406,0.614997695501433,-0.151409556217013,-3.37538777734852,-3.02278927643485,1.20109683855618,0.193847875175766,-0.613549597803251,-1.0981325153817,"Medium","Medium"
"134",2006,"1566",-0.0319242170303055,-0.047435395070725,0.0422000444364216,0.0741242614667271,0,0.0896354395071466,-0.243955679271323,1.98828965290553,1.57223967468802,137.533333333333,18677.6133333333,6837.80397435898,"1",1999,0,2006.1,2006.9,0.177615105688281,"1160","1179",-0.673068640678355,2.43013698630148,115.133333333333,5176.499128,5176.499128,"0",0,5,2,-0.305310328748139,0.59793891680929,-0.482235448934286,0.0422000444364216,0.0741242614667271,0.0896354395071466,0.250121488477124,-0.735612689658176,-2.60201238506326,-2.41200450698902,-1.16399816001313,-1.6792381137723,1.51135222808075,0.607107587824792,"High","High"
"135",2006,"1566",-0.0319242170303055,-0.047435395070725,0.0422000444364216,0.0741242614667271,0,0.0896354395071466,-0.243955679271323,1.98828965290553,1.57223967468802,137.533333333333,18677.6133333333,6837.80397435898,"1",1999,0,2006.1,2006.9,0.177615105688281,"1160","1179",-0.673068640678355,2.43013698630148,115.133333333333,5176.499128,5176.499128,"0",0,5,2,-0.305310328748139,0.59793891680929,-0.482235448934286,0.0422000444364216,0.0741242614667271,0.0896354395071466,0.250121488477124,-0.735612689658176,-2.60201238506326,-2.41200450698902,-1.16399816001313,-1.6792381137723,1.51135222808075,0.607107587824792,"High","High"
"136",2006,"1566",-0.0319242170303055,-0.047435395070725,0.0422000444364216,0.0741242614667271,0,0.0896354395071466,-0.243955679271323,1.98828965290553,1.57223967468802,137.533333333333,18677.6133333333,6837.80397435898,"1",1999,0,2006.1,2006.9,0.177615105688281,"1160","1179",-0.673068640678355,2.43013698630148,115.133333333333,5176.499128,5176.499128,"0",0,5,2,-0.305310328748139,0.59793891680929,-0.482235448934286,0.0422000444364216,0.0741242614667271,0.0896354395071466,0.250121488477124,-0.735612689658176,-2.60201238506326,-2.41200450698902,-1.16399816001313,-1.6792381137723,1.51135222808075,0.607107587824792,"High","High"
"137",2006,"1604",-0.0146097417059873,0.000297517673779828,0.0498248993752103,0.0644346410811976,0,0.0495273817014305,-0.267986791380302,-0.0246177857288014,0.642878651101877,190.833333333333,16534.7523707279,34968.4026923077,"1",2000,0,2006.1,2006.9,-0.166768381676783,"1247","494",-0.458389490051673,10.3456321580957,141.377777777778,19045.62124,19045.62124,"0",2,7.5,-1.5,0.775085513101557,-0.814865593605218,-0.482235448934286,0.0498248993752103,0.0644346410811976,0.0495273817014305,0.025591182604225,-0.0964167183065069,-2.74210388550332,-3.00522959666177,-0.381277600844238,0.185816229557452,-0.708913703462864,0.513213277166362,"Medium","Medium"
"138",2006,"1604",-0.0146097417059873,0.000297517673779828,0.0498248993752103,0.0644346410811976,0,0.0495273817014305,-0.267986791380302,-0.0246177857288014,0.642878651101877,190.833333333333,16534.7523707279,34968.4026923077,"1",2000,0,2006.1,2006.9,-0.166768381676783,"1247","494",-0.458389490051673,10.3456321580957,141.377777777778,19045.62124,19045.62124,"0",2,7.5,-1.5,0.775085513101557,-0.814865593605218,-0.482235448934286,0.0498248993752103,0.0644346410811976,0.0495273817014305,0.025591182604225,-0.0964167183065069,-2.74210388550332,-3.00522959666177,-0.381277600844238,0.185816229557452,-0.708913703462864,0.513213277166362,"Medium","Medium"
"139",2006,"1604",-0.0146097417059873,0.000297517673779828,0.0498248993752103,0.0644346410811976,0,0.0495273817014305,-0.267986791380302,-0.0246177857288014,0.642878651101877,190.833333333333,16534.7523707279,34968.4026923077,"1",2000,0,2006.1,2006.9,-0.166768381676783,"1247","494",-0.458389490051673,10.3456321580957,141.377777777778,19045.62124,19045.62124,"0",2,7.5,-1.5,0.775085513101557,0.59793891680929,-0.482235448934286,0.0498248993752103,0.0644346410811976,0.0495273817014305,0.025591182604225,-0.0964167183065069,-2.74210388550332,-3.00522959666177,-0.381277600844238,0.185816229557452,-0.708913703462864,0.513213277166362,"Medium","Medium"
"140",2006,"1604",-0.0146097417059873,0.000297517673779828,0.0498248993752103,0.0644346410811976,0,0.0495273817014305,-0.267986791380302,-0.0246177857288014,0.642878651101877,190.833333333333,16534.7523707279,34968.4026923077,"1",2000,0,2006.1,2006.9,-0.166768381676783,"1247","494",-0.458389490051673,10.3456321580957,141.377777777778,19045.62124,19045.62124,"0",2,7.5,-1.5,0.775085513101557,2.0107434272238,2.06959380167631,0.0498248993752103,0.0644346410811976,0.0495273817014305,0.025591182604225,-0.0964167183065069,-2.74210388550332,-3.00522959666177,-0.381277600844238,0.185816229557452,-0.708913703462864,0.513213277166362,"Medium","Medium"
"141",2006,"1604",-0.0146097417059873,0.000297517673779828,0.0498248993752103,0.0644346410811976,0,0.0495273817014305,-0.267986791380302,-0.0246177857288014,0.642878651101877,190.833333333333,16534.7523707279,34968.4026923077,"1",2000,0,2006.1,2006.9,-0.166768381676783,"1247","494",-0.458389490051673,10.3456321580957,141.377777777778,19045.62124,19045.62124,"0",2,7.5,-1.5,0.775085513101557,-0.814865593605218,-0.482235448934286,0.0498248993752103,0.0644346410811976,0.0495273817014305,0.025591182604225,-0.0964167183065069,-2.74210388550332,-3.00522959666177,-0.381277600844238,0.185816229557452,-0.708913703462864,0.513213277166362,"Medium","Medium"
"142",2006,"1608",-0.0221183559880346,-0.00721109660826751,0.0423162850931629,0.0644346410811976,0,0.0495273817014305,-0.267986791380302,-0.0246177857288014,0.728336545251654,190.833333333333,31870.0836111111,34968.4026923077,"1",2000,0,2006.1,2006.9,-0.166768381676783,"1247","494",-0.455310957463065,10.353828879407,141.377777777778,15598.95477,15598.95477,"0",1,4.5,1.5,-0.968876412074616,-0.814865593605218,-0.482235448934286,0.0423162850931629,0.0644346410811976,0.0495273817014305,1.63243673822021,-0.725026762545303,-2.74210388550332,-3.00522959666177,-0.798841400128578,-0.215389872943439,-0.708913703462864,0.513213277166362,"Medium","Medium"
"143",2006,"1608",-0.0221183559880346,-0.00721109660826751,0.0423162850931629,0.0644346410811976,0,0.0495273817014305,-0.267986791380302,-0.0246177857288014,0.728336545251654,190.833333333333,31870.0836111111,34968.4026923077,"1",2000,0,2006.1,2006.9,-0.166768381676783,"1247","494",-0.455310957463065,10.353828879407,141.377777777778,15598.95477,15598.95477,"0",1,4.5,1.5,-0.968876412074616,-0.814865593605218,-0.482235448934286,0.0423162850931629,0.0644346410811976,0.0495273817014305,1.63243673822021,-0.725026762545303,-2.74210388550332,-3.00522959666177,-0.798841400128578,-0.215389872943439,-0.708913703462864,0.513213277166362,"Medium","Medium"
"144",2006,"1608",-0.0221183559880346,-0.00721109660826751,0.0423162850931629,0.0644346410811976,0,0.0495273817014305,-0.267986791380302,-0.0246177857288014,0.728336545251654,190.833333333333,31870.0836111111,34968.4026923077,"1",2000,0,2006.1,2006.9,-0.166768381676783,"1247","494",-0.455310957463065,10.353828879407,141.377777777778,15598.95477,15598.95477,"0",1,4.5,1.5,-0.968876412074616,-0.814865593605218,-0.482235448934286,0.0423162850931629,0.0644346410811976,0.0495273817014305,1.63243673822021,-0.725026762545303,-2.74210388550332,-3.00522959666177,-0.798841400128578,-0.215389872943439,-0.708913703462864,0.513213277166362,"Medium","Medium"
"145",2006,"1608",-0.0221183559880346,-0.00721109660826751,0.0423162850931629,0.0644346410811976,0,0.0495273817014305,-0.267986791380302,-0.0246177857288014,0.728336545251654,190.833333333333,31870.0836111111,34968.4026923077,"1",2000,0,2006.1,2006.9,-0.166768381676783,"1247","494",-0.455310957463065,10.353828879407,141.377777777778,15598.95477,15598.95477,"0",1,4.5,1.5,-0.968876412074616,0.59793891680929,-0.482235448934286,0.0423162850931629,0.0644346410811976,0.0495273817014305,1.63243673822021,-0.725026762545303,-2.74210388550332,-3.00522959666177,-0.798841400128578,-0.215389872943439,-0.708913703462864,0.513213277166362,"Medium","Medium"
"146",2006,"1610",-0.0348039836863209,-0.0310895338450143,0.0463910437019979,0.0811950273883189,0,0.0774805775470122,0.120743058425501,-1.13177296782473,0.413904128890349,190.833333333333,31870.0836111111,35134.884,"1",2000,0,2006.1,2006.9,-0.166768381676783,"1170","917",-0.562331433736377,6.45792349726776,223.033333333333,7682.437757,7682.437757,"0",2,4.5,1.5,-0.970221024198885,-0.814865593605218,-0.482235448934286,0.0463910437019979,0.0811950273883189,0.0774805775470122,1.63243673822021,-0.371225549451123,-2.5109012727498,-2.55772798632796,-1.15486163617104,-1.08874143902986,-0.576670290839178,0.825459877169501,"Medium","Medium"
"147",2006,"1610",-0.0348039836863209,-0.0310895338450143,0.0463910437019979,0.0811950273883189,0,0.0774805775470122,0.120743058425501,-1.13177296782473,0.413904128890349,190.833333333333,31870.0836111111,35134.884,"1",2000,0,2006.1,2006.9,-0.166768381676783,"1170","917",-0.562331433736377,6.45792349726776,223.033333333333,7682.437757,7682.437757,"0",2,4.5,1.5,-0.970221024198885,-0.814865593605218,-0.482235448934286,0.0463910437019979,0.0811950273883189,0.0774805775470122,1.63243673822021,-0.371225549451123,-2.5109012727498,-2.55772798632796,-1.15486163617104,-1.08874143902986,-0.576670290839178,0.825459877169501,"Medium","Medium"
"148",2006,"1698",-0.0058471414744056,0.0363758505025773,0.0801261094432879,0.0859732509176935,0,0.0437502589407106,0.186907858558825,-1.298974283222,1.77989794094597,170.922222222222,17102.3702080762,21880.6309090909,"1",2001,0,2006.1,2006.9,-0.511151869041847,"1552","1504",-1.15723325634548,2.24109589041109,137.533333333333,10805.49744,10805.49744,"0",1,5.5,-0.5,-0.288502677194783,0.59793891680929,-0.482235448934286,0.0801261094432879,0.0859732509176935,0.0437502589407106,0.0850665330178938,1.73191196148149,-2.45371906695108,-3.12925774755122,0.0960009547139243,1.65737515665588,0.170746979864428,0.585239748212381,"Medium","Medium"
"149",2006,"1699",-0.041610031154448,0.000612960822534918,0.0443632197632455,0.0859732509176935,0,0.0437502589407106,0.186907858558825,-1.298974283222,-0.125137872614223,227.644444444444,60268.6802777778,21880.6309090909,"1",2002,0,2006.1,2006.9,-0.855535356406911,"1552","1504",-1.02860963449128,2.58356164383554,137.533333333333,23605.83099,23605.83099,"0",2,2.5,1.5,-1.36015854023673,-0.814865593605218,-0.482235448934286,0.0443632197632455,0.0859732509176935,0.0437502589407106,4.60805937879279,-0.543232777988933,-2.45371906695108,-3.12925774755122,-1.41529860220846,0.205279438628221,1.76619969097846,2.26566196005494,"Medium","Medium"
"150",2006,"1699",-0.041610031154448,0.000612960822534918,0.0443632197632455,0.0859732509176935,0,0.0437502589407106,0.186907858558825,-1.298974283222,-0.125137872614223,227.644444444444,60268.6802777778,21880.6309090909,"1",2002,0,2006.1,2006.9,-0.855535356406911,"1552","1504",-1.02860963449128,2.58356164383554,137.533333333333,23605.83099,23605.83099,"0",2,2.5,1.5,-1.36015854023673,0.59793891680929,2.06959380167631,0.0443632197632455,0.0859732509176935,0.0437502589407106,4.60805937879279,-0.543232777988933,-2.45371906695108,-3.12925774755122,-1.41529860220846,0.205279438628221,1.76619969097846,2.26566196005494,"Medium","Medium"
"151",2006,"1699",-0.041610031154448,0.000612960822534918,0.0443632197632455,0.0859732509176935,0,0.0437502589407106,0.186907858558825,-1.298974283222,-0.125137872614223,227.644444444444,60268.6802777778,21880.6309090909,"1",2002,0,2006.1,2006.9,-0.855535356406911,"1552","1504",-1.02860963449128,2.58356164383554,137.533333333333,23605.83099,23605.83099,"0",2,2.5,1.5,-1.36015854023673,0.59793891680929,2.06959380167631,0.0443632197632455,0.0859732509176935,0.0437502589407106,4.60805937879279,-0.543232777988933,-2.45371906695108,-3.12925774755122,-1.41529860220846,0.205279438628221,1.76619969097846,2.26566196005494,"Medium","Medium"
"152",2006,"1709",-0.0280275615174969,0.00308885137562708,0.04540513646879,0.0734326979862869,0,0.0423162850931629,0.632462255614825,0.909505588766205,1.61729131963645,225.344444444444,22689.0674949495,24909.0153585434,"1",2001,1,2006.1,2006.9,-0.511151869041847,"1049","1608",0.145008520212987,1.11466427127789,115.133333333333,NA,NA,"0",1,3,2,-1.52083968908681,2.0107434272238,2.06959380167631,0.04540513646879,0.0734326979862869,0.0423162850931629,0.670444153185941,-0.453893913096534,-2.61138596590452,-3.16258327663758,-0.95289988396859,0.344154223932574,1.3917900613526,0.47774814675967,"High","High"
"153",2006,"1750",-0.0300334032275646,0.00237947239245072,0.052935775746504,0.0829691789740685,0,0.0505563033540532,0.702784492967916,-1.53902686432282,-0.780507772029064,180.377777777778,15649.8439857189,0,"1",2002,0,2006.1,2006.9,-0.855535356406911,"1362","1187",-0.40195534881709,5.70101804027263,107.333333333333,10525.18056,10525.18056,"0",1,7.5,-3.5,1.22216904442081,2.0107434272238,2.06959380167631,0.052935775746504,0.0829691789740685,0.0505563033540532,-0.0671300689481801,0.13666044566191,-2.48928607781027,-2.98466764585817,-0.872746936379651,0.284071457937883,1.16774756477484,0.834001462674741,"Low","Low"
"154",2006,"1750",-0.0300334032275646,0.00237947239245072,0.052935775746504,0.0829691789740685,0,0.0505563033540532,0.702784492967916,-1.53902686432282,-0.780507772029064,180.377777777778,15649.8439857189,0,"1",2002,0,2006.1,2006.9,-0.855535356406911,"1362","1187",-0.40195534881709,5.70101804027263,107.333333333333,10525.18056,10525.18056,"0",1,7.5,-3.5,1.22216904442081,0.59793891680929,2.06959380167631,0.052935775746504,0.0829691789740685,0.0505563033540532,-0.0671300689481801,0.13666044566191,-2.48928607781027,-2.98466764585817,-0.872746936379651,0.284071457937883,1.16774756477484,0.834001462674741,"Low","Low"
"155",2006,"1750",-0.0300334032275646,0.00237947239245072,0.052935775746504,0.0829691789740685,0,0.0505563033540532,0.702784492967916,-1.53902686432282,-0.780507772029064,180.377777777778,15649.8439857189,0,"1",2002,0,2006.1,2006.9,-0.855535356406911,"1362","1187",-0.40195534881709,5.70101804027263,107.333333333333,10525.18056,10525.18056,"0",1,7.5,-3.5,1.22216904442081,0.59793891680929,-0.482235448934286,0.052935775746504,0.0829691789740685,0.0505563033540532,-0.0671300689481801,0.13666044566191,-2.48928607781027,-2.98466764585817,-0.872746936379651,0.284071457937883,1.16774756477484,0.834001462674741,"Low","Low"
"156",2006,"1752",0.00459735890823288,0.00781057666715795,0.0540191672601158,0.0494218083518829,0,0.0462085905929579,2.71159179805406,-0.506165561971,-0.203951945122146,176.522222222222,15573.9807725608,6837.80397435898,"1",2002,0,2006.1,2006.9,-0.855535356406911,"1200","1553",0.398125750795792,2.8767123287671,115.133333333333,12199.25575,12199.25575,"0",0,4.5,-0.5,-0.517086738320419,0.59793891680929,2.06959380167631,0.0540191672601158,0.0494218083518829,0.0462085905929579,-0.0750790636576543,0.214627409311594,-3.00736348759208,-3.07458955460929,0.50343835055231,0.554701413082558,1.69164461862664,1.04601420240185,"Medium","Medium"
"157",2006,"1796",0.0760618867859167,0.0815803853880894,0.119798307553206,0.043736420767289,0,0.0382179221651163,-0.050010220895239,0.455747875173932,-0.565416872575792,180.377777777778,17228.0156410256,21969.7404414557,"1",2002,0,2006.1,2006.9,-0.855535356406911,"1437","1196",-0.491477389627823,6.01248596451819,146.044444444444,11959.14512,11959.14512,"0",1,3.5,0.5,-1.2357819187419,-0.814865593605218,-0.482235448934286,0.119798307553206,0.043736420767289,0.0382179221651163,0.0982317397130405,3.27977199889217,-3.12957409681909,-3.26445070676778,2.85192217056243,2.97735010786307,1.07447841570829,0.988149420859556,"High","High"
"158",2006,"1796",0.0760618867859167,0.0815803853880894,0.119798307553206,0.043736420767289,0,0.0382179221651163,-0.050010220895239,0.455747875173932,-0.565416872575792,180.377777777778,17228.0156410256,21969.7404414557,"1",2002,0,2006.1,2006.9,-0.855535356406911,"1437","1196",-0.491477389627823,6.01248596451819,146.044444444444,11959.14512,11959.14512,"0",1,3.5,0.5,-1.2357819187419,-0.814865593605218,-0.482235448934286,0.119798307553206,0.043736420767289,0.0382179221651163,0.0982317397130405,3.27977199889217,-3.12957409681909,-3.26445070676778,2.85192217056243,2.97735010786307,1.07447841570829,0.988149420859556,"High","High"
"159",2006,"1796",0.0760618867859167,0.0815803853880894,0.119798307553206,0.043736420767289,0,0.0382179221651163,-0.050010220895239,0.455747875173932,-0.565416872575792,180.377777777778,17228.0156410256,21969.7404414557,"1",2002,0,2006.1,2006.9,-0.855535356406911,"1437","1196",-0.491477389627823,6.01248596451819,146.044444444444,11959.14512,11959.14512,"0",1,3.5,0.5,-1.2357819187419,0.59793891680929,2.06959380167631,0.119798307553206,0.043736420767289,0.0382179221651163,0.0982317397130405,3.27977199889217,-3.12957409681909,-3.26445070676778,2.85192217056243,2.97735010786307,1.07447841570829,0.988149420859556,"High","High"
"160",2006,"1796",0.0760618867859167,0.0815803853880894,0.119798307553206,0.043736420767289,0,0.0382179221651163,-0.050010220895239,0.455747875173932,-0.565416872575792,180.377777777778,17228.0156410256,21969.7404414557,"1",2002,0,2006.1,2006.9,-0.855535356406911,"1437","1196",-0.491477389627823,6.01248596451819,146.044444444444,11959.14512,11959.14512,"0",1,3.5,0.5,-1.2357819187419,0.59793891680929,-0.482235448934286,0.119798307553206,0.043736420767289,0.0382179221651163,0.0982317397130405,3.27977199889217,-3.12957409681909,-3.26445070676778,2.85192217056243,2.97735010786307,1.07447841570829,0.988149420859556,"High","High"
"161",2006,"1829",-0.0366164422686946,-0.00422270181828482,0.0532538276811535,0.0898702699498481,0,0.0574765294994384,-0.231054573729911,-0.516804753067817,-0.783032072292821,172.311111111111,0,6837.80397435898,"1",2003,0,2006.1,2006.9,-1.19991884377197,"1190","1489",0.776785259198914,4.05205479452047,115.133333333333,12928.62959,12928.62959,"0",1,5.5,-2.5,0.0920225539731866,-0.814865593605218,-0.482235448934286,0.0532538276811535,0.0898702699498481,0.0574765294994384,-1.70693046584574,0.159713503493722,-2.40938809353481,-2.8563785971265,-1.06168193817338,-0.0163213226688303,0.807460655477375,0.780091341047704,"Medium","Medium"
"162",2006,"1829",-0.0366164422686946,-0.00422270181828482,0.0532538276811535,0.0898702699498481,0,0.0574765294994384,-0.231054573729911,-0.516804753067817,-0.783032072292821,172.311111111111,0,6837.80397435898,"1",2003,0,2006.1,2006.9,-1.19991884377197,"1190","1489",0.776785259198914,4.05205479452047,115.133333333333,12928.62959,12928.62959,"0",1,5.5,-2.5,0.0920225539731866,-0.814865593605218,-0.482235448934286,0.0532538276811535,0.0898702699498481,0.0574765294994384,-1.70693046584574,0.159713503493722,-2.40938809353481,-2.8563785971265,-1.06168193817338,-0.0163213226688303,0.807460655477375,0.780091341047704,"Medium","Medium"
"163",2006,"1831",-0.000562617975296983,-0.00194807879147414,0.0452727726598811,0.045835390635178,1,0.0472208514513552,1.07274060414089,1.54923843010449,0.338911559330844,172.311111111111,17001.6362666667,18416.0193059211,"1",2003,0,2006.1,2006.9,-1.19991884377197,"1757","1523",-1.17266809096803,4.17260273972602,170.922222222222,10956.79486,10956.79486,"1",1,3,0,-1.38974000697064,0.59793891680929,-0.482235448934286,0.0452727726598811,0.045835390635178,0.0472208514513552,0.0745115679169579,-0.465129073191244,-3.08269876496529,-3.05291971590421,0.244484156501388,0.0676255327987201,0.825626509410824,1.48741016390773,"High","High"
"164",2006,"1831",-0.000562617975296983,-0.00194807879147414,0.0452727726598811,0.045835390635178,1,0.0472208514513552,1.07274060414089,1.54923843010449,0.338911559330844,172.311111111111,17001.6362666667,18416.0193059211,"1",2003,0,2006.1,2006.9,-1.19991884377197,"1757","1523",-1.17266809096803,4.17260273972602,170.922222222222,10956.79486,10956.79486,"1",1,3,0,-1.38974000697064,-0.814865593605218,-0.482235448934286,0.0452727726598811,0.045835390635178,0.0472208514513552,0.0745115679169579,-0.465129073191244,-3.08269876496529,-3.05291971590421,0.244484156501388,0.0676255327987201,0.825626509410824,1.48741016390773,"High","High"
"165",2006,"1877",-0.0194843956151411,0.000949460600295535,0.0440756118101234,0.0635600074252645,1,0.0431261512098279,0.150162065955198,0.0353302567342167,-1.09869156710495,170.066666666667,14559.5670134424,52540.4536111111,"1",2003,0,2006.1,2006.9,-1.19991884377197,"1893","1524",-1.22514652868458,4.06575342465771,225.344444444444,25820.50897,25820.50897,"1",0,8.05882352941176,-5.05882352941176,1.43125622974456,0.59793891680929,-0.482235448934286,0.0440756118101234,0.0635600074252645,0.0431261512098279,-0.181369968943269,-0.568263341356287,-2.75577082049071,-3.14362570926626,-0.659771245850343,0.224594738509543,0.768690946539634,1.40138118125141,"Medium","Medium"
"166",2006,"1897",-0.0317384922471519,-0.00985833612903386,0.0379119824506912,0.0696504746978431,0,0.047770318579725,1.69825803179938,-0.270661181062244,2.12395574199435,170.066666666667,15026.1838993964,19444.8983277962,"1",2003,0,2006.1,2006.9,-1.19991884377197,"927","501",1.59634124031096,9.44109589041091,147.077777777778,4535.767097,4535.767097,"0",1,4,-1,-0.900301193736926,-0.814865593605218,-0.482235448934286,0.0379119824506912,0.0696504746978431,0.047770318579725,-0.132477561102993,-1.14798529080475,-2.66426576330441,-3.04135078256912,-1.27878063567184,-0.396618677868292,0.0210478436147596,0.0440354661379388,"Medium","Medium"
"167",2007,"1524",-0.0332708943034892,-0.0228856231359658,0.0431261512098279,0.0763970455133171,1,0.0660117743457937,-1.65787638806222,-0.0497630924095046,0.274840064496754,107.522222222222,19.8449999999999,4024.47243589744,"1",1999,0,2007.1,2007.9,0.521998593053345,"938","1028",0.0682926126820817,4.16712328767107,147.077777777778,NA,NA,"1",0,4.5,3.5,-0.67642327504623,0.59793891680929,-0.482235448934286,0.0431261512098279,0.0763970455133171,0.0660117743457937,-1.70485109438963,-0.652070292837757,-2.57181125484908,-2.71792215368826,-1.18570893818015,-0.874516437269927,0.168586942917286,-0.519792787629624,"Medium","Medium"
"168",2007,"1524",-0.0332708943034892,-0.0228856231359658,0.0431261512098279,0.0763970455133171,1,0.0660117743457937,-1.65787638806222,-0.0497630924095046,0.274840064496754,107.522222222222,19.8449999999999,4024.47243589744,"1",1999,0,2007.1,2007.9,0.521998593053345,"938","1028",0.0682926126820817,4.16712328767107,147.077777777778,NA,NA,"1",0,4.5,3.5,-0.67642327504623,0.59793891680929,-0.482235448934286,0.0431261512098279,0.0763970455133171,0.0660117743457937,-1.70485109438963,-0.652070292837757,-2.57181125484908,-2.71792215368826,-1.18570893818015,-0.874516437269927,0.168586942917286,-0.519792787629624,"Medium","Medium"
"169",2007,"1533",0.00545361803588099,-0.0107545335081861,0.0552572408376075,0.0498036228017265,1,0.0660117743457937,-1.65787638806222,0.909104860214593,0.116177653980734,107.522222222222,19470.6024912281,17276.4077385798,"1",1999,0,2007.1,2007.9,0.521998593053345,"677","1028",0.404772007452865,4.16712328767107,81.3,8016.167261,8016.167261,"1",2,8,0,1.45142541160858,0.59793891680929,-0.482235448934286,0.0552572408376075,0.0498036228017265,0.0660117743457937,0.333211386180767,0.301834103892623,-2.99966755057485,-2.71792215368826,0.541693108214653,-0.265693417850791,0.168586942917286,-0.674752925474551,"High","High"
"170",2007,"1533",0.00545361803588099,-0.0107545335081861,0.0552572408376075,0.0498036228017265,1,0.0660117743457937,-1.65787638806222,0.909104860214593,0.116177653980734,107.522222222222,19470.6024912281,17276.4077385798,"1",1999,0,2007.1,2007.9,0.521998593053345,"677","1028",0.404772007452865,4.16712328767107,81.3,8016.167261,8016.167261,"1",2,8,0,1.45142541160858,0.59793891680929,-0.482235448934286,0.0552572408376075,0.0498036228017265,0.0660117743457937,0.333211386180767,0.301834103892623,-2.99966755057485,-2.71792215368826,0.541693108214653,-0.265693417850791,0.168586942917286,-0.674752925474551,"High","High"
"171",2007,"1533",0.00545361803588099,-0.0107545335081861,0.0552572408376075,0.0498036228017265,1,0.0660117743457937,-1.65787638806222,0.909104860214593,0.116177653980734,107.522222222222,19470.6024912281,17276.4077385798,"1",1999,0,2007.1,2007.9,0.521998593053345,"677","1028",0.404772007452865,4.16712328767107,81.3,8016.167261,8016.167261,"1",2,8,0,1.45142541160858,0.59793891680929,-0.482235448934286,0.0552572408376075,0.0498036228017265,0.0660117743457937,0.333211386180767,0.301834103892623,-2.99966755057485,-2.71792215368826,0.541693108214653,-0.265693417850791,0.168586942917286,-0.674752925474551,"High","High"
"172",2007,"1533",0.00545361803588099,-0.0107545335081861,0.0552572408376075,0.0498036228017265,1,0.0660117743457937,-1.65787638806222,0.909104860214593,0.116177653980734,107.522222222222,19470.6024912281,17276.4077385798,"1",1999,0,2007.1,2007.9,0.521998593053345,"677","1028",0.404772007452865,4.16712328767107,81.3,8016.167261,8016.167261,"1",2,8,0,1.45142541160858,-0.814865593605218,-0.482235448934286,0.0552572408376075,0.0498036228017265,0.0660117743457937,0.333211386180767,0.301834103892623,-2.99966755057485,-2.71792215368826,0.541693108214653,-0.265693417850791,0.168586942917286,-0.674752925474551,"High","High"
"173",2007,"1533",0.00545361803588099,-0.0107545335081861,0.0552572408376075,0.0498036228017265,1,0.0660117743457937,-1.65787638806222,0.909104860214593,0.116177653980734,107.522222222222,19470.6024912281,17276.4077385798,"1",1999,0,2007.1,2007.9,0.521998593053345,"677","1028",0.404772007452865,4.16712328767107,81.3,8016.167261,8016.167261,"1",2,8,0,1.45142541160858,0.59793891680929,-0.482235448934286,0.0552572408376075,0.0498036228017265,0.0660117743457937,0.333211386180767,0.301834103892623,-2.99966755057485,-2.71792215368826,0.541693108214653,-0.265693417850791,0.168586942917286,-0.674752925474551,"High","High"
"174",2007,"1542",-0.0008916885173487,-0.0112876300468504,0.0388974436853738,0.0397891322027225,0,0.0501850737322242,-0.2081793416659,-0.17162270132595,0.320943496439679,110.455555555556,17118.8133333333,21884.2153401361,"1",1999,0,2007.1,2007.9,0.521998593053345,"1022","1199",-0.427680073188086,3.19050827157707,198.633333333333,9546.673398,9546.673398,"0",0,7,1,0.801305449524791,-0.814865593605218,-0.482235448934286,0.0388974436853738,0.0397891322027225,0.0501850737322242,0.0867894539203277,-1.04923007234201,-3.22416146421258,-2.99203763250904,0.218116348606148,-0.454712816891698,0.613319790295967,0.270794420307759,"Medium","Medium"
"175",2007,"1542",-0.0008916885173487,-0.0112876300468504,0.0388974436853738,0.0397891322027225,0,0.0501850737322242,-0.2081793416659,-0.17162270132595,0.320943496439679,110.455555555556,17118.8133333333,21884.2153401361,"1",1999,0,2007.1,2007.9,0.521998593053345,"1022","1199",-0.427680073188086,3.19050827157707,198.633333333333,9546.673398,9546.673398,"0",0,7,1,0.801305449524791,-0.814865593605218,-0.482235448934286,0.0388974436853738,0.0397891322027225,0.0501850737322242,0.0867894539203277,-1.04923007234201,-3.22416146421258,-2.99203763250904,0.218116348606148,-0.454712816891698,0.613319790295967,0.270794420307759,"Medium","Medium"
"176",2007,"1543",0.0149131245658531,0.000452688503166862,0.0491179764387074,0.0342048518728543,1,0.0486652879355406,-0.667902571199061,-0.158979911197254,0.883352744275582,134.066666666667,22159.9004,10644.0812583286,"1",1999,0,2007.1,2007.9,0.521998593053345,"199","609",2.74777990315061,5.73698630137005,126.388888888889,12325.47537,12325.47537,"1",0,5.5,2.5,0.0698364539227575,2.0107434272238,-0.482235448934286,0.0491179764387074,0.0342048518728543,0.0486652879355406,0.614997695501433,-0.151409556217013,-3.37538777734852,-3.02278927643485,1.20109683855618,0.193847875175766,-0.613549597803251,-1.0981325153817,"Medium","Medium"
"177",2007,"1543",0.0149131245658531,0.000452688503166862,0.0491179764387074,0.0342048518728543,1,0.0486652879355406,-0.667902571199061,-0.158979911197254,0.883352744275582,134.066666666667,22159.9004,10644.0812583286,"1",1999,0,2007.1,2007.9,0.521998593053345,"199","609",2.74777990315061,5.73698630137005,126.388888888889,12325.47537,12325.47537,"1",0,5.5,2.5,0.0698364539227575,-0.814865593605218,-0.482235448934286,0.0491179764387074,0.0342048518728543,0.0486652879355406,0.614997695501433,-0.151409556217013,-3.37538777734852,-3.02278927643485,1.20109683855618,0.193847875175766,-0.613549597803251,-1.0981325153817,"Medium","Medium"
"178",2007,"1543",0.0149131245658531,0.000452688503166862,0.0491179764387074,0.0342048518728543,1,0.0486652879355406,-0.667902571199061,-0.158979911197254,0.883352744275582,134.066666666667,22159.9004,10644.0812583286,"1",1999,0,2007.1,2007.9,0.521998593053345,"199","609",2.74777990315061,5.73698630137005,126.388888888889,12325.47537,12325.47537,"1",0,5.5,2.5,0.0698364539227575,0.59793891680929,-0.482235448934286,0.0491179764387074,0.0342048518728543,0.0486652879355406,0.614997695501433,-0.151409556217013,-3.37538777734852,-3.02278927643485,1.20109683855618,0.193847875175766,-0.613549597803251,-1.0981325153817,"Medium","Medium"
"179",2007,"1566",-0.0319242170303055,-0.047435395070725,0.0422000444364216,0.0741242614667271,0,0.0896354395071466,-0.243955679271323,1.98828965290553,1.57223967468802,137.533333333333,18677.6133333333,6837.80397435898,"1",1999,0,2007.1,2007.9,0.521998593053345,"1160","1179",-0.673068640678355,2.43013698630148,115.133333333333,4701.242172,4701.242172,"0",1,5,3,-0.305310328748139,0.59793891680929,-0.482235448934286,0.0422000444364216,0.0741242614667271,0.0896354395071466,0.250121488477124,-0.735612689658176,-2.60201238506326,-2.41200450698902,-1.16399816001313,-1.6792381137723,1.51135222808075,0.607107587824792,"High","High"
"180",2007,"1566",-0.0319242170303055,-0.047435395070725,0.0422000444364216,0.0741242614667271,0,0.0896354395071466,-0.243955679271323,1.98828965290553,1.57223967468802,137.533333333333,18677.6133333333,6837.80397435898,"1",1999,0,2007.1,2007.9,0.521998593053345,"1160","1179",-0.673068640678355,2.43013698630148,115.133333333333,4701.242172,4701.242172,"0",1,5,3,-0.305310328748139,0.59793891680929,-0.482235448934286,0.0422000444364216,0.0741242614667271,0.0896354395071466,0.250121488477124,-0.735612689658176,-2.60201238506326,-2.41200450698902,-1.16399816001313,-1.6792381137723,1.51135222808075,0.607107587824792,"High","High"
"181",2007,"1566",-0.0319242170303055,-0.047435395070725,0.0422000444364216,0.0741242614667271,0,0.0896354395071466,-0.243955679271323,1.98828965290553,1.57223967468802,137.533333333333,18677.6133333333,6837.80397435898,"1",1999,0,2007.1,2007.9,0.521998593053345,"1160","1179",-0.673068640678355,2.43013698630148,115.133333333333,4701.242172,4701.242172,"0",1,5,3,-0.305310328748139,0.59793891680929,-0.482235448934286,0.0422000444364216,0.0741242614667271,0.0896354395071466,0.250121488477124,-0.735612689658176,-2.60201238506326,-2.41200450698902,-1.16399816001313,-1.6792381137723,1.51135222808075,0.607107587824792,"High","High"
"182",2007,"1566",-0.0319242170303055,-0.047435395070725,0.0422000444364216,0.0741242614667271,0,0.0896354395071466,-0.243955679271323,1.98828965290553,1.57223967468802,137.533333333333,18677.6133333333,6837.80397435898,"1",1999,0,2007.1,2007.9,0.521998593053345,"1160","1179",-0.673068640678355,2.43013698630148,115.133333333333,4701.242172,4701.242172,"0",1,5,3,-0.305310328748139,0.59793891680929,-0.482235448934286,0.0422000444364216,0.0741242614667271,0.0896354395071466,0.250121488477124,-0.735612689658176,-2.60201238506326,-2.41200450698902,-1.16399816001313,-1.6792381137723,1.51135222808075,0.607107587824792,"High","High"
"183",2007,"1604",-0.0146097417059873,0.000297517673779828,0.0498248993752103,0.0644346410811976,0,0.0495273817014305,-0.267986791380302,-0.0246177857288014,0.642878651101877,190.833333333333,16534.7523707279,34968.4026923077,"1",2000,0,2007.1,2007.9,0.177615105688281,"1247","494",-0.458389490051673,10.3456321580957,141.377777777778,4454.387049,4454.387049,"0",3,7.5,-0.5,0.775085513101557,-0.814865593605218,-0.482235448934286,0.0498248993752103,0.0644346410811976,0.0495273817014305,0.025591182604225,-0.0964167183065069,-2.74210388550332,-3.00522959666177,-0.381277600844238,0.185816229557452,-0.708913703462864,0.513213277166362,"Medium","Medium"
"184",2007,"1604",-0.0146097417059873,0.000297517673779828,0.0498248993752103,0.0644346410811976,0,0.0495273817014305,-0.267986791380302,-0.0246177857288014,0.642878651101877,190.833333333333,16534.7523707279,34968.4026923077,"1",2000,0,2007.1,2007.9,0.177615105688281,"1247","494",-0.458389490051673,10.3456321580957,141.377777777778,4454.387049,4454.387049,"0",3,7.5,-0.5,0.775085513101557,-0.814865593605218,-0.482235448934286,0.0498248993752103,0.0644346410811976,0.0495273817014305,0.025591182604225,-0.0964167183065069,-2.74210388550332,-3.00522959666177,-0.381277600844238,0.185816229557452,-0.708913703462864,0.513213277166362,"Medium","Medium"
"185",2007,"1604",-0.0146097417059873,0.000297517673779828,0.0498248993752103,0.0644346410811976,0,0.0495273817014305,-0.267986791380302,-0.0246177857288014,0.642878651101877,190.833333333333,16534.7523707279,34968.4026923077,"1",2000,0,2007.1,2007.9,0.177615105688281,"1247","494",-0.458389490051673,10.3456321580957,141.377777777778,4454.387049,4454.387049,"0",3,7.5,-0.5,0.775085513101557,0.59793891680929,-0.482235448934286,0.0498248993752103,0.0644346410811976,0.0495273817014305,0.025591182604225,-0.0964167183065069,-2.74210388550332,-3.00522959666177,-0.381277600844238,0.185816229557452,-0.708913703462864,0.513213277166362,"Medium","Medium"
"186",2007,"1604",-0.0146097417059873,0.000297517673779828,0.0498248993752103,0.0644346410811976,0,0.0495273817014305,-0.267986791380302,-0.0246177857288014,0.642878651101877,190.833333333333,16534.7523707279,34968.4026923077,"1",2000,0,2007.1,2007.9,0.177615105688281,"1247","494",-0.458389490051673,10.3456321580957,141.377777777778,4454.387049,4454.387049,"0",3,7.5,-0.5,0.775085513101557,2.0107434272238,2.06959380167631,0.0498248993752103,0.0644346410811976,0.0495273817014305,0.025591182604225,-0.0964167183065069,-2.74210388550332,-3.00522959666177,-0.381277600844238,0.185816229557452,-0.708913703462864,0.513213277166362,"Medium","Medium"
"187",2007,"1604",-0.0146097417059873,0.000297517673779828,0.0498248993752103,0.0644346410811976,0,0.0495273817014305,-0.267986791380302,-0.0246177857288014,0.642878651101877,190.833333333333,16534.7523707279,34968.4026923077,"1",2000,0,2007.1,2007.9,0.177615105688281,"1247","494",-0.458389490051673,10.3456321580957,141.377777777778,4454.387049,4454.387049,"0",3,7.5,-0.5,0.775085513101557,-0.814865593605218,-0.482235448934286,0.0498248993752103,0.0644346410811976,0.0495273817014305,0.025591182604225,-0.0964167183065069,-2.74210388550332,-3.00522959666177,-0.381277600844238,0.185816229557452,-0.708913703462864,0.513213277166362,"Medium","Medium"
"188",2007,"1604",-0.0146097417059873,0.000297517673779828,0.0498248993752103,0.0644346410811976,0,0.0495273817014305,-0.267986791380302,-0.0246177857288014,0.642878651101877,190.833333333333,16534.7523707279,34968.4026923077,"1",2000,0,2007.1,2007.9,0.177615105688281,"1247","494",-0.458389490051673,10.3456321580957,141.377777777778,4454.387049,4454.387049,"0",3,7.5,-0.5,0.775085513101557,-0.814865593605218,-0.482235448934286,0.0498248993752103,0.0644346410811976,0.0495273817014305,0.025591182604225,-0.0964167183065069,-2.74210388550332,-3.00522959666177,-0.381277600844238,0.185816229557452,-0.708913703462864,0.513213277166362,"Medium","Medium"
"189",2007,"1604",-0.0146097417059873,0.000297517673779828,0.0498248993752103,0.0644346410811976,0,0.0495273817014305,-0.267986791380302,-0.0246177857288014,0.642878651101877,190.833333333333,16534.7523707279,34968.4026923077,"1",2000,0,2007.1,2007.9,0.177615105688281,"1247","494",-0.458389490051673,10.3456321580957,141.377777777778,4454.387049,4454.387049,"0",3,7.5,-0.5,0.775085513101557,-0.814865593605218,-0.482235448934286,0.0498248993752103,0.0644346410811976,0.0495273817014305,0.025591182604225,-0.0964167183065069,-2.74210388550332,-3.00522959666177,-0.381277600844238,0.185816229557452,-0.708913703462864,0.513213277166362,"Medium","Medium"
"190",2007,"1608",-0.0221183559880346,-0.00721109660826751,0.0423162850931629,0.0644346410811976,0,0.0495273817014305,-0.267986791380302,-0.0246177857288014,0.728336545251654,190.833333333333,31870.0836111111,34968.4026923077,"1",2000,0,2007.1,2007.9,0.177615105688281,"1247","494",-0.455310957463065,10.353828879407,141.377777777778,NA,NA,"0",0,4.5,2.5,-0.968876412074616,-0.814865593605218,-0.482235448934286,0.0423162850931629,0.0644346410811976,0.0495273817014305,1.63243673822021,-0.725026762545303,-2.74210388550332,-3.00522959666177,-0.798841400128578,-0.215389872943439,-0.708913703462864,0.513213277166362,"Medium","Medium"
"191",2007,"1608",-0.0221183559880346,-0.00721109660826751,0.0423162850931629,0.0644346410811976,0,0.0495273817014305,-0.267986791380302,-0.0246177857288014,0.728336545251654,190.833333333333,31870.0836111111,34968.4026923077,"1",2000,0,2007.1,2007.9,0.177615105688281,"1247","494",-0.455310957463065,10.353828879407,141.377777777778,NA,NA,"0",0,4.5,2.5,-0.968876412074616,-0.814865593605218,-0.482235448934286,0.0423162850931629,0.0644346410811976,0.0495273817014305,1.63243673822021,-0.725026762545303,-2.74210388550332,-3.00522959666177,-0.798841400128578,-0.215389872943439,-0.708913703462864,0.513213277166362,"Medium","Medium"
"192",2007,"1608",-0.0221183559880346,-0.00721109660826751,0.0423162850931629,0.0644346410811976,0,0.0495273817014305,-0.267986791380302,-0.0246177857288014,0.728336545251654,190.833333333333,31870.0836111111,34968.4026923077,"1",2000,0,2007.1,2007.9,0.177615105688281,"1247","494",-0.455310957463065,10.353828879407,141.377777777778,NA,NA,"0",0,4.5,2.5,-0.968876412074616,0.59793891680929,-0.482235448934286,0.0423162850931629,0.0644346410811976,0.0495273817014305,1.63243673822021,-0.725026762545303,-2.74210388550332,-3.00522959666177,-0.798841400128578,-0.215389872943439,-0.708913703462864,0.513213277166362,"Medium","Medium"
"193",2007,"1610",-0.0348039836863209,-0.0310895338450143,0.0463910437019979,0.0811950273883189,0,0.0774805775470122,0.120743058425501,-1.13177296782473,0.413904128890349,190.833333333333,31870.0836111111,35134.884,"1",2000,0,2007.1,2007.9,0.177615105688281,"1170","917",-0.562331433736377,6.45792349726776,223.033333333333,NA,NA,"0",0,4.5,2.5,-0.970221024198885,-0.814865593605218,-0.482235448934286,0.0463910437019979,0.0811950273883189,0.0774805775470122,1.63243673822021,-0.371225549451123,-2.5109012727498,-2.55772798632796,-1.15486163617104,-1.08874143902986,-0.576670290839178,0.825459877169501,"Medium","Medium"
"194",2007,"1610",-0.0348039836863209,-0.0310895338450143,0.0463910437019979,0.0811950273883189,0,0.0774805775470122,0.120743058425501,-1.13177296782473,0.413904128890349,190.833333333333,31870.0836111111,35134.884,"1",2000,0,2007.1,2007.9,0.177615105688281,"1170","917",-0.562331433736377,6.45792349726776,223.033333333333,NA,NA,"0",0,4.5,2.5,-0.970221024198885,-0.814865593605218,-0.482235448934286,0.0463910437019979,0.0811950273883189,0.0774805775470122,1.63243673822021,-0.371225549451123,-2.5109012727498,-2.55772798632796,-1.15486163617104,-1.08874143902986,-0.576670290839178,0.825459877169501,"Medium","Medium"
"195",2007,"1698",-0.0058471414744056,0.0363758505025773,0.0801261094432879,0.0859732509176935,0,0.0437502589407106,0.186907858558825,-1.298974283222,1.77989794094597,170.922222222222,17102.3702080762,21880.6309090909,"1",2001,0,2007.1,2007.9,-0.166768381676783,"1552","1504",-1.15723325634548,2.24109589041109,137.533333333333,12653.08418,12653.08418,"0",1,5.5,0.5,-0.288502677194783,0.59793891680929,-0.482235448934286,0.0801261094432879,0.0859732509176935,0.0437502589407106,0.0850665330178938,1.73191196148149,-2.45371906695108,-3.12925774755122,0.0960009547139243,1.65737515665588,0.170746979864428,0.585239748212381,"Medium","Medium"
"196",2007,"1698",-0.0058471414744056,0.0363758505025773,0.0801261094432879,0.0859732509176935,0,0.0437502589407106,0.186907858558825,-1.298974283222,1.77989794094597,170.922222222222,17102.3702080762,21880.6309090909,"1",2001,0,2007.1,2007.9,-0.166768381676783,"1552","1504",-1.15723325634548,2.24109589041109,137.533333333333,12653.08418,12653.08418,"0",1,5.5,0.5,-0.288502677194783,2.0107434272238,2.06959380167631,0.0801261094432879,0.0859732509176935,0.0437502589407106,0.0850665330178938,1.73191196148149,-2.45371906695108,-3.12925774755122,0.0960009547139243,1.65737515665588,0.170746979864428,0.585239748212381,"Medium","Medium"
"197",2007,"1699",-0.041610031154448,0.000612960822534918,0.0443632197632455,0.0859732509176935,0,0.0437502589407106,0.186907858558825,-1.298974283222,-0.125137872614223,227.644444444444,60268.6802777778,21880.6309090909,"1",2002,1,2007.1,2007.9,-0.511151869041847,"1552","1504",-1.02860963449128,2.58356164383554,137.533333333333,NA,NA,"0",0,2.5,2.5,-1.36015854023673,-0.814865593605218,-0.482235448934286,0.0443632197632455,0.0859732509176935,0.0437502589407106,4.60805937879279,-0.543232777988933,-2.45371906695108,-3.12925774755122,-1.41529860220846,0.205279438628221,1.76619969097846,2.26566196005494,"Medium","Medium"
"198",2007,"1699",-0.041610031154448,0.000612960822534918,0.0443632197632455,0.0859732509176935,0,0.0437502589407106,0.186907858558825,-1.298974283222,-0.125137872614223,227.644444444444,60268.6802777778,21880.6309090909,"1",2002,1,2007.1,2007.9,-0.511151869041847,"1552","1504",-1.02860963449128,2.58356164383554,137.533333333333,NA,NA,"0",0,2.5,2.5,-1.36015854023673,0.59793891680929,2.06959380167631,0.0443632197632455,0.0859732509176935,0.0437502589407106,4.60805937879279,-0.543232777988933,-2.45371906695108,-3.12925774755122,-1.41529860220846,0.205279438628221,1.76619969097846,2.26566196005494,"Medium","Medium"
"199",2007,"1699",-0.041610031154448,0.000612960822534918,0.0443632197632455,0.0859732509176935,0,0.0437502589407106,0.186907858558825,-1.298974283222,-0.125137872614223,227.644444444444,60268.6802777778,21880.6309090909,"1",2002,1,2007.1,2007.9,-0.511151869041847,"1552","1504",-1.02860963449128,2.58356164383554,137.533333333333,NA,NA,"0",0,2.5,2.5,-1.36015854023673,0.59793891680929,2.06959380167631,0.0443632197632455,0.0859732509176935,0.0437502589407106,4.60805937879279,-0.543232777988933,-2.45371906695108,-3.12925774755122,-1.41529860220846,0.205279438628221,1.76619969097846,2.26566196005494,"Medium","Medium"
"200",2007,"1750",-0.0300334032275646,0.00237947239245072,0.052935775746504,0.0829691789740685,0,0.0505563033540532,0.702784492967916,-1.53902686432282,-0.780507772029064,180.377777777778,15649.8439857189,0,"1",2002,0,2007.1,2007.9,-0.511151869041847,"1362","1187",-0.40195534881709,5.70101804027263,107.333333333333,3671.463882,3671.463882,"0",0,7.5,-2.5,1.22216904442081,0.59793891680929,2.06959380167631,0.052935775746504,0.0829691789740685,0.0505563033540532,-0.0671300689481801,0.13666044566191,-2.48928607781027,-2.98466764585817,-0.872746936379651,0.284071457937883,1.16774756477484,0.834001462674741,"Low","Low"
"201",2007,"1750",-0.0300334032275646,0.00237947239245072,0.052935775746504,0.0829691789740685,0,0.0505563033540532,0.702784492967916,-1.53902686432282,-0.780507772029064,180.377777777778,15649.8439857189,0,"1",2002,0,2007.1,2007.9,-0.511151869041847,"1362","1187",-0.40195534881709,5.70101804027263,107.333333333333,3671.463882,3671.463882,"0",0,7.5,-2.5,1.22216904442081,0.59793891680929,-0.482235448934286,0.052935775746504,0.0829691789740685,0.0505563033540532,-0.0671300689481801,0.13666044566191,-2.48928607781027,-2.98466764585817,-0.872746936379651,0.284071457937883,1.16774756477484,0.834001462674741,"Low","Low"
"202",2007,"1752",0.00459735890823288,0.00781057666715795,0.0540191672601158,0.0494218083518829,0,0.0462085905929579,2.71159179805406,-0.506165561971,-0.203951945122146,176.522222222222,15573.9807725608,6837.80397435898,"1",2002,0,2007.1,2007.9,-0.511151869041847,"1200","1553",0.398125750795792,2.8767123287671,115.133333333333,8033.498043,8033.498043,"0",3,4.5,0.5,-0.517086738320419,0.59793891680929,2.06959380167631,0.0540191672601158,0.0494218083518829,0.0462085905929579,-0.0750790636576543,0.214627409311594,-3.00736348759208,-3.07458955460929,0.50343835055231,0.554701413082558,1.69164461862664,1.04601420240185,"Medium","Medium"
"203",2007,"1752",0.00459735890823288,0.00781057666715795,0.0540191672601158,0.0494218083518829,0,0.0462085905929579,2.71159179805406,-0.506165561971,-0.203951945122146,176.522222222222,15573.9807725608,6837.80397435898,"1",2002,0,2007.1,2007.9,-0.511151869041847,"1200","1553",0.398125750795792,2.8767123287671,115.133333333333,8033.498043,8033.498043,"0",3,4.5,0.5,-0.517086738320419,0.59793891680929,2.06959380167631,0.0540191672601158,0.0494218083518829,0.0462085905929579,-0.0750790636576543,0.214627409311594,-3.00736348759208,-3.07458955460929,0.50343835055231,0.554701413082558,1.69164461862664,1.04601420240185,"Medium","Medium"
"204",2007,"1752",0.00459735890823288,0.00781057666715795,0.0540191672601158,0.0494218083518829,0,0.0462085905929579,2.71159179805406,-0.506165561971,-0.203951945122146,176.522222222222,15573.9807725608,6837.80397435898,"1",2002,0,2007.1,2007.9,-0.511151869041847,"1200","1553",0.398125750795792,2.8767123287671,115.133333333333,8033.498043,8033.498043,"0",3,4.5,0.5,-0.517086738320419,0.59793891680929,2.06959380167631,0.0540191672601158,0.0494218083518829,0.0462085905929579,-0.0750790636576543,0.214627409311594,-3.00736348759208,-3.07458955460929,0.50343835055231,0.554701413082558,1.69164461862664,1.04601420240185,"Medium","Medium"
"205",2007,"1796",0.0760618867859167,0.0815803853880894,0.119798307553206,0.043736420767289,0,0.0382179221651163,-0.050010220895239,0.455747875173932,-0.565416872575792,180.377777777778,17228.0156410256,21969.7404414557,"1",2002,0,2007.1,2007.9,-0.511151869041847,"1437","1196",-0.491477389627823,6.01248596451819,146.044444444444,3581.890429,3581.890429,"0",1,3.5,1.5,-1.2357819187419,-0.814865593605218,-0.482235448934286,0.119798307553206,0.043736420767289,0.0382179221651163,0.0982317397130405,3.27977199889217,-3.12957409681909,-3.26445070676778,2.85192217056243,2.97735010786307,1.07447841570829,0.988149420859556,"High","High"
"206",2007,"1796",0.0760618867859167,0.0815803853880894,0.119798307553206,0.043736420767289,0,0.0382179221651163,-0.050010220895239,0.455747875173932,-0.565416872575792,180.377777777778,17228.0156410256,21969.7404414557,"1",2002,0,2007.1,2007.9,-0.511151869041847,"1437","1196",-0.491477389627823,6.01248596451819,146.044444444444,3581.890429,3581.890429,"0",1,3.5,1.5,-1.2357819187419,-0.814865593605218,-0.482235448934286,0.119798307553206,0.043736420767289,0.0382179221651163,0.0982317397130405,3.27977199889217,-3.12957409681909,-3.26445070676778,2.85192217056243,2.97735010786307,1.07447841570829,0.988149420859556,"High","High"
"207",2007,"1796",0.0760618867859167,0.0815803853880894,0.119798307553206,0.043736420767289,0,0.0382179221651163,-0.050010220895239,0.455747875173932,-0.565416872575792,180.377777777778,17228.0156410256,21969.7404414557,"1",2002,0,2007.1,2007.9,-0.511151869041847,"1437","1196",-0.491477389627823,6.01248596451819,146.044444444444,3581.890429,3581.890429,"0",1,3.5,1.5,-1.2357819187419,0.59793891680929,2.06959380167631,0.119798307553206,0.043736420767289,0.0382179221651163,0.0982317397130405,3.27977199889217,-3.12957409681909,-3.26445070676778,2.85192217056243,2.97735010786307,1.07447841570829,0.988149420859556,"High","High"
"208",2007,"1796",0.0760618867859167,0.0815803853880894,0.119798307553206,0.043736420767289,0,0.0382179221651163,-0.050010220895239,0.455747875173932,-0.565416872575792,180.377777777778,17228.0156410256,21969.7404414557,"1",2002,0,2007.1,2007.9,-0.511151869041847,"1437","1196",-0.491477389627823,6.01248596451819,146.044444444444,3581.890429,3581.890429,"0",1,3.5,1.5,-1.2357819187419,0.59793891680929,-0.482235448934286,0.119798307553206,0.043736420767289,0.0382179221651163,0.0982317397130405,3.27977199889217,-3.12957409681909,-3.26445070676778,2.85192217056243,2.97735010786307,1.07447841570829,0.988149420859556,"High","High"
"209",2007,"1796",0.0760618867859167,0.0815803853880894,0.119798307553206,0.043736420767289,0,0.0382179221651163,-0.050010220895239,0.455747875173932,-0.565416872575792,180.377777777778,17228.0156410256,21969.7404414557,"1",2002,0,2007.1,2007.9,-0.511151869041847,"1437","1196",-0.491477389627823,6.01248596451819,146.044444444444,3581.890429,3581.890429,"0",1,3.5,1.5,-1.2357819187419,4.83635244805281,2.06959380167631,0.119798307553206,0.043736420767289,0.0382179221651163,0.0982317397130405,3.27977199889217,-3.12957409681909,-3.26445070676778,2.85192217056243,2.97735010786307,1.07447841570829,0.988149420859556,"High","High"
"210",2007,"1829",-0.0366164422686946,-0.00422270181828482,0.0532538276811535,0.0898702699498481,0,0.0574765294994384,-0.231054573729911,-0.516804753067817,-0.783032072292821,172.311111111111,0,6837.80397435898,"1",2003,0,2007.1,2007.9,-0.855535356406911,"1190","1489",0.776785259198914,4.05205479452047,115.133333333333,6799.735671,6799.735671,"0",0,5.5,-1.5,0.0920225539731866,-0.814865593605218,-0.482235448934286,0.0532538276811535,0.0898702699498481,0.0574765294994384,-1.70693046584574,0.159713503493722,-2.40938809353481,-2.8563785971265,-1.06168193817338,-0.0163213226688303,0.807460655477375,0.780091341047704,"Medium","Medium"
"211",2007,"1829",-0.0366164422686946,-0.00422270181828482,0.0532538276811535,0.0898702699498481,0,0.0574765294994384,-0.231054573729911,-0.516804753067817,-0.783032072292821,172.311111111111,0,6837.80397435898,"1",2003,0,2007.1,2007.9,-0.855535356406911,"1190","1489",0.776785259198914,4.05205479452047,115.133333333333,6799.735671,6799.735671,"0",0,5.5,-1.5,0.0920225539731866,-0.814865593605218,-0.482235448934286,0.0532538276811535,0.0898702699498481,0.0574765294994384,-1.70693046584574,0.159713503493722,-2.40938809353481,-2.8563785971265,-1.06168193817338,-0.0163213226688303,0.807460655477375,0.780091341047704,"Medium","Medium"
"212",2007,"1831",-0.000562617975296983,-0.00194807879147414,0.0452727726598811,0.045835390635178,1,0.0472208514513552,1.07274060414089,1.54923843010449,0.338911559330844,172.311111111111,17001.6362666667,18416.0193059211,"1",2003,0,2007.1,2007.9,-0.855535356406911,"1757","1523",-1.17266809096803,4.17260273972602,170.922222222222,8830.16328,8830.16328,"1",0,3,1,-1.38974000697064,-0.814865593605218,-0.482235448934286,0.0452727726598811,0.045835390635178,0.0472208514513552,0.0745115679169579,-0.465129073191244,-3.08269876496529,-3.05291971590421,0.244484156501388,0.0676255327987201,0.825626509410824,1.48741016390773,"High","High"
"213",2007,"1868",-0.0185679755631298,-0.014849820268322,0.0313587703246358,0.0499267458877657,0,0.0462085905929579,2.71159179805406,-0.655594853603919,-0.390206309698352,172.311111111111,13683.6641068702,18876.280979448,"1",2003,0,2007.1,2007.9,-0.855535356406911,"1384","1553",-0.00373661555629665,3.85205479452065,107.333333333333,7731.791014,7731.791014,"0",1,8.05882352941176,-4.05882352941176,1.46218230860273,-0.814865593605218,-0.482235448934286,0.0313587703246358,0.0499267458877657,0.0462085905929579,-0.273147620857979,-1.87831029849997,-2.99719843008107,-3.07458955460929,-0.912812998631267,-0.781101901267987,1.02952303139784,0.520347927217371,"Medium","Medium"
"214",2007,"1877",-0.0194843956151411,0.000949460600295535,0.0440756118101234,0.0635600074252645,1,0.0431261512098279,0.150162065955198,0.0353302567342167,-1.09869156710495,170.066666666667,14559.5670134424,52540.4536111111,"1",2003,0,2007.1,2007.9,-0.855535356406911,"1893","1524",-1.22514652868458,4.06575342465771,225.344444444444,9132.107949,9132.107949,"1",3,8.05882352941176,-4.05882352941176,1.43125622974456,2.0107434272238,-0.482235448934286,0.0440756118101234,0.0635600074252645,0.0431261512098279,-0.181369968943269,-0.568263341356287,-2.75577082049071,-3.14362570926626,-0.659771245850343,0.224594738509543,0.768690946539634,1.40138118125141,"Medium","Medium"
"215",2007,"1877",-0.0194843956151411,0.000949460600295535,0.0440756118101234,0.0635600074252645,1,0.0431261512098279,0.150162065955198,0.0353302567342167,-1.09869156710495,170.066666666667,14559.5670134424,52540.4536111111,"1",2003,0,2007.1,2007.9,-0.855535356406911,"1893","1524",-1.22514652868458,4.06575342465771,225.344444444444,9132.107949,9132.107949,"1",3,8.05882352941176,-4.05882352941176,1.43125622974456,-0.814865593605218,-0.482235448934286,0.0440756118101234,0.0635600074252645,0.0431261512098279,-0.181369968943269,-0.568263341356287,-2.75577082049071,-3.14362570926626,-0.659771245850343,0.224594738509543,0.768690946539634,1.40138118125141,"Medium","Medium"
"216",2007,"1897",-0.0317384922471519,-0.00985833612903386,0.0379119824506912,0.0696504746978431,0,0.047770318579725,1.69825803179938,-0.270661181062244,2.12395574199435,170.066666666667,15026.1838993964,19444.8983277962,"1",2003,0,2007.1,2007.9,-0.855535356406911,"927","501",1.59634124031096,9.44109589041091,147.077777777778,7085.201169,7085.201169,"0",0,4,0,-0.900301193736926,-0.814865593605218,-0.482235448934286,0.0379119824506912,0.0696504746978431,0.047770318579725,-0.132477561102993,-1.14798529080475,-2.66426576330441,-3.04135078256912,-1.27878063567184,-0.396618677868292,0.0210478436147596,0.0440354661379388,"Medium","Medium"
"217",2007,"3457",-0.0409162285170281,-0.0501442648671604,0.0461514936173678,0.0870677221343959,0,0.0962957584845282,0.469595056851504,-0.0290657873856421,0.797544267213151,206.255555555556,12090.643,16192.9918854425,"1",2005,0,2007.1,2007.9,-1.54430233113704,"1717","1797",-0.519260091948286,2.37260273972606,122.955555555556,11305.90905,11305.90905,"0",1,2,0,-1.66269626819713,-0.814865593605218,-0.482235448934286,0.0461514936173678,0.0870677221343959,0.0962957584845282,-0.440065364299748,-0.391149116433122,-2.44106904779776,-2.34033100596085,-1.34661276899724,-1.63543252046804,-1.35619492098931,0.578031122917605,"Medium","Medium"
"218",2007,"3457",-0.0409162285170281,-0.0501442648671604,0.0461514936173678,0.0870677221343959,0,0.0962957584845282,0.469595056851504,-0.0290657873856421,0.797544267213151,206.255555555556,12090.643,16192.9918854425,"1",2005,0,2007.1,2007.9,-1.54430233113704,"1717","1797",-0.519260091948286,2.37260273972606,122.955555555556,11305.90905,11305.90905,"0",1,2,0,-1.66269626819713,-0.814865593605218,-0.482235448934286,0.0461514936173678,0.0870677221343959,0.0962957584845282,-0.440065364299748,-0.391149116433122,-2.44106904779776,-2.34033100596085,-1.34661276899724,-1.63543252046804,-1.35619492098931,0.578031122917605,"Medium","Medium"
"219",2007,"3617",-0.0206608541908859,0.00908626380521039,0.0546814017553418,0.0753422559462276,0,0.0455951379501314,2.48632573157306,0.217698893104995,-0.664249998352633,169.144444444444,5253.31,13076.7228528529,"1",2005,0,2007.1,2007.9,-1.54430233113704,"1827","1783",-0.858826453643614,2.45205479452056,232.422222222222,4066.11502,4066.11502,"0",1,2.5,-0.5,-1.64992245301658,-0.814865593605218,-0.482235448934286,0.0546814017553418,0.0753422559462276,0.0455951379501314,-1.15648537317345,0.261519171419527,-2.58571413362755,-3.08795419204716,-0.5433023956565,0.617456263966418,-1.10934484924492,-1.42707491032387,"Medium","Medium"
"220",2008,"1524",-0.0332708943034892,-0.0228856231359658,0.0431261512098279,0.0763970455133171,1,0.0660117743457937,-1.65787638806222,-0.0497630924095046,0.274840064496754,107.522222222222,19.8449999999999,4024.47243589744,"1",1999,1,2008.1,2008.9,0.866382080418409,"938","1028",0.0682926126820817,4.16712328767107,147.077777777778,NA,NA,"1",0,4.5,4.5,-0.67642327504623,0.59793891680929,-0.482235448934286,0.0431261512098279,0.0763970455133171,0.0660117743457937,-1.70485109438963,-0.652070292837757,-2.57181125484908,-2.71792215368826,-1.18570893818015,-0.874516437269927,0.168586942917286,-0.519792787629624,"Medium","Medium"
"221",2008,"1533",0.00545361803588099,-0.0107545335081861,0.0552572408376075,0.0498036228017265,1,0.0660117743457937,-1.65787638806222,0.909104860214593,0.116177653980734,107.522222222222,19470.6024912281,17276.4077385798,"1",1999,0,2008.1,2008.9,0.866382080418409,"677","1028",0.404772007452865,4.16712328767107,81.3,4613.668342,4613.668342,"1",1,8,1,1.45142541160858,0.59793891680929,-0.482235448934286,0.0552572408376075,0.0498036228017265,0.0660117743457937,0.333211386180767,0.301834103892623,-2.99966755057485,-2.71792215368826,0.541693108214653,-0.265693417850791,0.168586942917286,-0.674752925474551,"High","High"
"222",2008,"1533",0.00545361803588099,-0.0107545335081861,0.0552572408376075,0.0498036228017265,1,0.0660117743457937,-1.65787638806222,0.909104860214593,0.116177653980734,107.522222222222,19470.6024912281,17276.4077385798,"1",1999,0,2008.1,2008.9,0.866382080418409,"677","1028",0.404772007452865,4.16712328767107,81.3,4613.668342,4613.668342,"1",1,8,1,1.45142541160858,0.59793891680929,-0.482235448934286,0.0552572408376075,0.0498036228017265,0.0660117743457937,0.333211386180767,0.301834103892623,-2.99966755057485,-2.71792215368826,0.541693108214653,-0.265693417850791,0.168586942917286,-0.674752925474551,"High","High"
"223",2008,"1533",0.00545361803588099,-0.0107545335081861,0.0552572408376075,0.0498036228017265,1,0.0660117743457937,-1.65787638806222,0.909104860214593,0.116177653980734,107.522222222222,19470.6024912281,17276.4077385798,"1",1999,0,2008.1,2008.9,0.866382080418409,"677","1028",0.404772007452865,4.16712328767107,81.3,4613.668342,4613.668342,"1",1,8,1,1.45142541160858,0.59793891680929,-0.482235448934286,0.0552572408376075,0.0498036228017265,0.0660117743457937,0.333211386180767,0.301834103892623,-2.99966755057485,-2.71792215368826,0.541693108214653,-0.265693417850791,0.168586942917286,-0.674752925474551,"High","High"
"224",2008,"1533",0.00545361803588099,-0.0107545335081861,0.0552572408376075,0.0498036228017265,1,0.0660117743457937,-1.65787638806222,0.909104860214593,0.116177653980734,107.522222222222,19470.6024912281,17276.4077385798,"1",1999,0,2008.1,2008.9,0.866382080418409,"677","1028",0.404772007452865,4.16712328767107,81.3,4613.668342,4613.668342,"1",1,8,1,1.45142541160858,0.59793891680929,-0.482235448934286,0.0552572408376075,0.0498036228017265,0.0660117743457937,0.333211386180767,0.301834103892623,-2.99966755057485,-2.71792215368826,0.541693108214653,-0.265693417850791,0.168586942917286,-0.674752925474551,"High","High"
"225",2008,"1542",-0.0008916885173487,-0.0112876300468504,0.0388974436853738,0.0397891322027225,0,0.0501850737322242,-0.2081793416659,-0.17162270132595,0.320943496439679,110.455555555556,17118.8133333333,21884.2153401361,"1",1999,0,2008.1,2008.9,0.866382080418409,"1022","1199",-0.427680073188086,3.19050827157707,198.633333333333,14737.90228,14737.90228,"0",0,7,2,0.801305449524791,-0.814865593605218,-0.482235448934286,0.0388974436853738,0.0397891322027225,0.0501850737322242,0.0867894539203277,-1.04923007234201,-3.22416146421258,-2.99203763250904,0.218116348606148,-0.454712816891698,0.613319790295967,0.270794420307759,"Medium","Medium"
"226",2008,"1542",-0.0008916885173487,-0.0112876300468504,0.0388974436853738,0.0397891322027225,0,0.0501850737322242,-0.2081793416659,-0.17162270132595,0.320943496439679,110.455555555556,17118.8133333333,21884.2153401361,"1",1999,0,2008.1,2008.9,0.866382080418409,"1022","1199",-0.427680073188086,3.19050827157707,198.633333333333,14737.90228,14737.90228,"0",0,7,2,0.801305449524791,-0.814865593605218,-0.482235448934286,0.0388974436853738,0.0397891322027225,0.0501850737322242,0.0867894539203277,-1.04923007234201,-3.22416146421258,-2.99203763250904,0.218116348606148,-0.454712816891698,0.613319790295967,0.270794420307759,"Medium","Medium"
"227",2008,"1543",0.0149131245658531,0.000452688503166862,0.0491179764387074,0.0342048518728543,1,0.0486652879355406,-0.667902571199061,-0.158979911197254,0.883352744275582,134.066666666667,22159.9004,10644.0812583286,"1",1999,0,2008.1,2008.9,0.866382080418409,"199","609",2.74777990315061,5.73698630137005,126.388888888889,10854.8448,10854.8448,"1",0,5.5,3.5,0.0698364539227575,2.0107434272238,-0.482235448934286,0.0491179764387074,0.0342048518728543,0.0486652879355406,0.614997695501433,-0.151409556217013,-3.37538777734852,-3.02278927643485,1.20109683855618,0.193847875175766,-0.613549597803251,-1.0981325153817,"Medium","Medium"
"228",2008,"1543",0.0149131245658531,0.000452688503166862,0.0491179764387074,0.0342048518728543,1,0.0486652879355406,-0.667902571199061,-0.158979911197254,0.883352744275582,134.066666666667,22159.9004,10644.0812583286,"1",1999,0,2008.1,2008.9,0.866382080418409,"199","609",2.74777990315061,5.73698630137005,126.388888888889,10854.8448,10854.8448,"1",0,5.5,3.5,0.0698364539227575,-0.814865593605218,-0.482235448934286,0.0491179764387074,0.0342048518728543,0.0486652879355406,0.614997695501433,-0.151409556217013,-3.37538777734852,-3.02278927643485,1.20109683855618,0.193847875175766,-0.613549597803251,-1.0981325153817,"Medium","Medium"
"229",2008,"1543",0.0149131245658531,0.000452688503166862,0.0491179764387074,0.0342048518728543,1,0.0486652879355406,-0.667902571199061,-0.158979911197254,0.883352744275582,134.066666666667,22159.9004,10644.0812583286,"1",1999,0,2008.1,2008.9,0.866382080418409,"199","609",2.74777990315061,5.73698630137005,126.388888888889,10854.8448,10854.8448,"1",0,5.5,3.5,0.0698364539227575,0.59793891680929,-0.482235448934286,0.0491179764387074,0.0342048518728543,0.0486652879355406,0.614997695501433,-0.151409556217013,-3.37538777734852,-3.02278927643485,1.20109683855618,0.193847875175766,-0.613549597803251,-1.0981325153817,"Medium","Medium"
"230",2008,"1566",-0.0319242170303055,-0.047435395070725,0.0422000444364216,0.0741242614667271,0,0.0896354395071466,-0.243955679271323,1.98828965290553,1.57223967468802,137.533333333333,18677.6133333333,6837.80397435898,"1",1999,0,2008.1,2008.9,0.866382080418409,"1160","1179",-0.673068640678355,2.43013698630148,115.133333333333,7819.399016,7819.399016,"0",0,5,4,-0.305310328748139,0.59793891680929,-0.482235448934286,0.0422000444364216,0.0741242614667271,0.0896354395071466,0.250121488477124,-0.735612689658176,-2.60201238506326,-2.41200450698902,-1.16399816001313,-1.6792381137723,1.51135222808075,0.607107587824792,"High","High"
"231",2008,"1566",-0.0319242170303055,-0.047435395070725,0.0422000444364216,0.0741242614667271,0,0.0896354395071466,-0.243955679271323,1.98828965290553,1.57223967468802,137.533333333333,18677.6133333333,6837.80397435898,"1",1999,0,2008.1,2008.9,0.866382080418409,"1160","1179",-0.673068640678355,2.43013698630148,115.133333333333,7819.399016,7819.399016,"0",0,5,4,-0.305310328748139,0.59793891680929,-0.482235448934286,0.0422000444364216,0.0741242614667271,0.0896354395071466,0.250121488477124,-0.735612689658176,-2.60201238506326,-2.41200450698902,-1.16399816001313,-1.6792381137723,1.51135222808075,0.607107587824792,"High","High"
"232",2008,"1566",-0.0319242170303055,-0.047435395070725,0.0422000444364216,0.0741242614667271,0,0.0896354395071466,-0.243955679271323,1.98828965290553,1.57223967468802,137.533333333333,18677.6133333333,6837.80397435898,"1",1999,0,2008.1,2008.9,0.866382080418409,"1160","1179",-0.673068640678355,2.43013698630148,115.133333333333,7819.399016,7819.399016,"0",0,5,4,-0.305310328748139,0.59793891680929,-0.482235448934286,0.0422000444364216,0.0741242614667271,0.0896354395071466,0.250121488477124,-0.735612689658176,-2.60201238506326,-2.41200450698902,-1.16399816001313,-1.6792381137723,1.51135222808075,0.607107587824792,"High","High"
"233",2008,"1566",-0.0319242170303055,-0.047435395070725,0.0422000444364216,0.0741242614667271,0,0.0896354395071466,-0.243955679271323,1.98828965290553,1.57223967468802,137.533333333333,18677.6133333333,6837.80397435898,"1",1999,0,2008.1,2008.9,0.866382080418409,"1160","1179",-0.673068640678355,2.43013698630148,115.133333333333,7819.399016,7819.399016,"0",0,5,4,-0.305310328748139,0.59793891680929,-0.482235448934286,0.0422000444364216,0.0741242614667271,0.0896354395071466,0.250121488477124,-0.735612689658176,-2.60201238506326,-2.41200450698902,-1.16399816001313,-1.6792381137723,1.51135222808075,0.607107587824792,"High","High"
"234",2008,"1604",-0.0146097417059873,0.000297517673779828,0.0498248993752103,0.0644346410811976,0,0.0495273817014305,-0.267986791380302,-0.0246177857288014,0.642878651101877,190.833333333333,16534.7523707279,34968.4026923077,"1",2000,0,2008.1,2008.9,0.521998593053345,"1247","494",-0.458389490051673,10.3456321580957,141.377777777778,9588.849475,9588.849475,"0",0,7.5,0.5,0.775085513101557,-0.814865593605218,-0.482235448934286,0.0498248993752103,0.0644346410811976,0.0495273817014305,0.025591182604225,-0.0964167183065069,-2.74210388550332,-3.00522959666177,-0.381277600844238,0.185816229557452,-0.708913703462864,0.513213277166362,"Medium","Medium"
"235",2008,"1604",-0.0146097417059873,0.000297517673779828,0.0498248993752103,0.0644346410811976,0,0.0495273817014305,-0.267986791380302,-0.0246177857288014,0.642878651101877,190.833333333333,16534.7523707279,34968.4026923077,"1",2000,0,2008.1,2008.9,0.521998593053345,"1247","494",-0.458389490051673,10.3456321580957,141.377777777778,9588.849475,9588.849475,"0",0,7.5,0.5,0.775085513101557,-0.814865593605218,-0.482235448934286,0.0498248993752103,0.0644346410811976,0.0495273817014305,0.025591182604225,-0.0964167183065069,-2.74210388550332,-3.00522959666177,-0.381277600844238,0.185816229557452,-0.708913703462864,0.513213277166362,"Medium","Medium"
"236",2008,"1604",-0.0146097417059873,0.000297517673779828,0.0498248993752103,0.0644346410811976,0,0.0495273817014305,-0.267986791380302,-0.0246177857288014,0.642878651101877,190.833333333333,16534.7523707279,34968.4026923077,"1",2000,0,2008.1,2008.9,0.521998593053345,"1247","494",-0.458389490051673,10.3456321580957,141.377777777778,9588.849475,9588.849475,"0",0,7.5,0.5,0.775085513101557,0.59793891680929,-0.482235448934286,0.0498248993752103,0.0644346410811976,0.0495273817014305,0.025591182604225,-0.0964167183065069,-2.74210388550332,-3.00522959666177,-0.381277600844238,0.185816229557452,-0.708913703462864,0.513213277166362,"Medium","Medium"
"237",2008,"1604",-0.0146097417059873,0.000297517673779828,0.0498248993752103,0.0644346410811976,0,0.0495273817014305,-0.267986791380302,-0.0246177857288014,0.642878651101877,190.833333333333,16534.7523707279,34968.4026923077,"1",2000,0,2008.1,2008.9,0.521998593053345,"1247","494",-0.458389490051673,10.3456321580957,141.377777777778,9588.849475,9588.849475,"0",0,7.5,0.5,0.775085513101557,2.0107434272238,2.06959380167631,0.0498248993752103,0.0644346410811976,0.0495273817014305,0.025591182604225,-0.0964167183065069,-2.74210388550332,-3.00522959666177,-0.381277600844238,0.185816229557452,-0.708913703462864,0.513213277166362,"Medium","Medium"
"238",2008,"1604",-0.0146097417059873,0.000297517673779828,0.0498248993752103,0.0644346410811976,0,0.0495273817014305,-0.267986791380302,-0.0246177857288014,0.642878651101877,190.833333333333,16534.7523707279,34968.4026923077,"1",2000,0,2008.1,2008.9,0.521998593053345,"1247","494",-0.458389490051673,10.3456321580957,141.377777777778,9588.849475,9588.849475,"0",0,7.5,0.5,0.775085513101557,-0.814865593605218,-0.482235448934286,0.0498248993752103,0.0644346410811976,0.0495273817014305,0.025591182604225,-0.0964167183065069,-2.74210388550332,-3.00522959666177,-0.381277600844238,0.185816229557452,-0.708913703462864,0.513213277166362,"Medium","Medium"
"239",2008,"1604",-0.0146097417059873,0.000297517673779828,0.0498248993752103,0.0644346410811976,0,0.0495273817014305,-0.267986791380302,-0.0246177857288014,0.642878651101877,190.833333333333,16534.7523707279,34968.4026923077,"1",2000,0,2008.1,2008.9,0.521998593053345,"1247","494",-0.458389490051673,10.3456321580957,141.377777777778,9588.849475,9588.849475,"0",0,7.5,0.5,0.775085513101557,-0.814865593605218,-0.482235448934286,0.0498248993752103,0.0644346410811976,0.0495273817014305,0.025591182604225,-0.0964167183065069,-2.74210388550332,-3.00522959666177,-0.381277600844238,0.185816229557452,-0.708913703462864,0.513213277166362,"Medium","Medium"
"240",2008,"1608",-0.0221183559880346,-0.00721109660826751,0.0423162850931629,0.0644346410811976,0,0.0495273817014305,-0.267986791380302,-0.0246177857288014,0.728336545251654,190.833333333333,31870.0836111111,34968.4026923077,"1",2000,1,2008.1,2008.9,0.521998593053345,"1247","494",-0.455310957463065,10.353828879407,141.377777777778,NA,NA,"0",0,4.5,3.5,-0.968876412074616,-0.814865593605218,-0.482235448934286,0.0423162850931629,0.0644346410811976,0.0495273817014305,1.63243673822021,-0.725026762545303,-2.74210388550332,-3.00522959666177,-0.798841400128578,-0.215389872943439,-0.708913703462864,0.513213277166362,"Medium","Medium"
"241",2008,"1608",-0.0221183559880346,-0.00721109660826751,0.0423162850931629,0.0644346410811976,0,0.0495273817014305,-0.267986791380302,-0.0246177857288014,0.728336545251654,190.833333333333,31870.0836111111,34968.4026923077,"1",2000,1,2008.1,2008.9,0.521998593053345,"1247","494",-0.455310957463065,10.353828879407,141.377777777778,NA,NA,"0",0,4.5,3.5,-0.968876412074616,0.59793891680929,-0.482235448934286,0.0423162850931629,0.0644346410811976,0.0495273817014305,1.63243673822021,-0.725026762545303,-2.74210388550332,-3.00522959666177,-0.798841400128578,-0.215389872943439,-0.708913703462864,0.513213277166362,"Medium","Medium"
"242",2008,"1610",-0.0348039836863209,-0.0310895338450143,0.0463910437019979,0.0811950273883189,0,0.0774805775470122,0.120743058425501,-1.13177296782473,0.413904128890349,190.833333333333,31870.0836111111,35134.884,"1",2000,1,2008.1,2008.9,0.521998593053345,"1170","917",-0.562331433736377,6.45792349726776,223.033333333333,NA,NA,"0",0,4.5,3.5,-0.970221024198885,-0.814865593605218,-0.482235448934286,0.0463910437019979,0.0811950273883189,0.0774805775470122,1.63243673822021,-0.371225549451123,-2.5109012727498,-2.55772798632796,-1.15486163617104,-1.08874143902986,-0.576670290839178,0.825459877169501,"Medium","Medium"
"243",2008,"1610",-0.0348039836863209,-0.0310895338450143,0.0463910437019979,0.0811950273883189,0,0.0774805775470122,0.120743058425501,-1.13177296782473,0.413904128890349,190.833333333333,31870.0836111111,35134.884,"1",2000,1,2008.1,2008.9,0.521998593053345,"1170","917",-0.562331433736377,6.45792349726776,223.033333333333,NA,NA,"0",0,4.5,3.5,-0.970221024198885,-0.814865593605218,-0.482235448934286,0.0463910437019979,0.0811950273883189,0.0774805775470122,1.63243673822021,-0.371225549451123,-2.5109012727498,-2.55772798632796,-1.15486163617104,-1.08874143902986,-0.576670290839178,0.825459877169501,"Medium","Medium"
"244",2008,"1698",-0.0058471414744056,0.0363758505025773,0.0801261094432879,0.0859732509176935,0,0.0437502589407106,0.186907858558825,-1.298974283222,1.77989794094597,170.922222222222,17102.3702080762,21880.6309090909,"1",2001,0,2008.1,2008.9,0.177615105688281,"1552","1504",-1.15723325634548,2.24109589041109,137.533333333333,5214.878409,5214.878409,"0",1,5.5,1.5,-0.288502677194783,0.59793891680929,-0.482235448934286,0.0801261094432879,0.0859732509176935,0.0437502589407106,0.0850665330178938,1.73191196148149,-2.45371906695108,-3.12925774755122,0.0960009547139243,1.65737515665588,0.170746979864428,0.585239748212381,"Medium","Medium"
"245",2008,"1698",-0.0058471414744056,0.0363758505025773,0.0801261094432879,0.0859732509176935,0,0.0437502589407106,0.186907858558825,-1.298974283222,1.77989794094597,170.922222222222,17102.3702080762,21880.6309090909,"1",2001,0,2008.1,2008.9,0.177615105688281,"1552","1504",-1.15723325634548,2.24109589041109,137.533333333333,5214.878409,5214.878409,"0",1,5.5,1.5,-0.288502677194783,2.0107434272238,2.06959380167631,0.0801261094432879,0.0859732509176935,0.0437502589407106,0.0850665330178938,1.73191196148149,-2.45371906695108,-3.12925774755122,0.0960009547139243,1.65737515665588,0.170746979864428,0.585239748212381,"Medium","Medium"
"246",2008,"1698",-0.0058471414744056,0.0363758505025773,0.0801261094432879,0.0859732509176935,0,0.0437502589407106,0.186907858558825,-1.298974283222,1.77989794094597,170.922222222222,17102.3702080762,21880.6309090909,"1",2001,0,2008.1,2008.9,0.177615105688281,"1552","1504",-1.15723325634548,2.24109589041109,137.533333333333,5214.878409,5214.878409,"0",1,5.5,1.5,-0.288502677194783,0.59793891680929,2.06959380167631,0.0801261094432879,0.0859732509176935,0.0437502589407106,0.0850665330178938,1.73191196148149,-2.45371906695108,-3.12925774755122,0.0960009547139243,1.65737515665588,0.170746979864428,0.585239748212381,"Medium","Medium"
"247",2008,"1750",-0.0300334032275646,0.00237947239245072,0.052935775746504,0.0829691789740685,0,0.0505563033540532,0.702784492967916,-1.53902686432282,-0.780507772029064,180.377777777778,15649.8439857189,0,"1",2002,0,2008.1,2008.9,-0.166768381676783,"1362","1187",-0.40195534881709,5.70101804027263,107.333333333333,10968.06186,10968.06186,"0",1,7.5,-1.5,1.22216904442081,0.59793891680929,2.06959380167631,0.052935775746504,0.0829691789740685,0.0505563033540532,-0.0671300689481801,0.13666044566191,-2.48928607781027,-2.98466764585817,-0.872746936379651,0.284071457937883,1.16774756477484,0.834001462674741,"Low","Low"
"248",2008,"1750",-0.0300334032275646,0.00237947239245072,0.052935775746504,0.0829691789740685,0,0.0505563033540532,0.702784492967916,-1.53902686432282,-0.780507772029064,180.377777777778,15649.8439857189,0,"1",2002,0,2008.1,2008.9,-0.166768381676783,"1362","1187",-0.40195534881709,5.70101804027263,107.333333333333,10968.06186,10968.06186,"0",1,7.5,-1.5,1.22216904442081,0.59793891680929,-0.482235448934286,0.052935775746504,0.0829691789740685,0.0505563033540532,-0.0671300689481801,0.13666044566191,-2.48928607781027,-2.98466764585817,-0.872746936379651,0.284071457937883,1.16774756477484,0.834001462674741,"Low","Low"
"249",2008,"1750",-0.0300334032275646,0.00237947239245072,0.052935775746504,0.0829691789740685,0,0.0505563033540532,0.702784492967916,-1.53902686432282,-0.780507772029064,180.377777777778,15649.8439857189,0,"1",2002,0,2008.1,2008.9,-0.166768381676783,"1362","1187",-0.40195534881709,5.70101804027263,107.333333333333,10968.06186,10968.06186,"0",1,7.5,-1.5,1.22216904442081,-0.814865593605218,-0.482235448934286,0.052935775746504,0.0829691789740685,0.0505563033540532,-0.0671300689481801,0.13666044566191,-2.48928607781027,-2.98466764585817,-0.872746936379651,0.284071457937883,1.16774756477484,0.834001462674741,"Low","Low"
"250",2008,"1752",0.00459735890823288,0.00781057666715795,0.0540191672601158,0.0494218083518829,0,0.0462085905929579,2.71159179805406,-0.506165561971,-0.203951945122146,176.522222222222,15573.9807725608,6837.80397435898,"1",2002,0,2008.1,2008.9,-0.166768381676783,"1200","1553",0.398125750795792,2.8767123287671,115.133333333333,3599.945181,3599.945181,"0",1,4.5,1.5,-0.517086738320419,0.59793891680929,2.06959380167631,0.0540191672601158,0.0494218083518829,0.0462085905929579,-0.0750790636576543,0.214627409311594,-3.00736348759208,-3.07458955460929,0.50343835055231,0.554701413082558,1.69164461862664,1.04601420240185,"Medium","Medium"
"251",2008,"1752",0.00459735890823288,0.00781057666715795,0.0540191672601158,0.0494218083518829,0,0.0462085905929579,2.71159179805406,-0.506165561971,-0.203951945122146,176.522222222222,15573.9807725608,6837.80397435898,"1",2002,0,2008.1,2008.9,-0.166768381676783,"1200","1553",0.398125750795792,2.8767123287671,115.133333333333,3599.945181,3599.945181,"0",1,4.5,1.5,-0.517086738320419,0.59793891680929,2.06959380167631,0.0540191672601158,0.0494218083518829,0.0462085905929579,-0.0750790636576543,0.214627409311594,-3.00736348759208,-3.07458955460929,0.50343835055231,0.554701413082558,1.69164461862664,1.04601420240185,"Medium","Medium"
"252",2008,"1752",0.00459735890823288,0.00781057666715795,0.0540191672601158,0.0494218083518829,0,0.0462085905929579,2.71159179805406,-0.506165561971,-0.203951945122146,176.522222222222,15573.9807725608,6837.80397435898,"1",2002,0,2008.1,2008.9,-0.166768381676783,"1200","1553",0.398125750795792,2.8767123287671,115.133333333333,3599.945181,3599.945181,"0",1,4.5,1.5,-0.517086738320419,3.4235479376383,2.06959380167631,0.0540191672601158,0.0494218083518829,0.0462085905929579,-0.0750790636576543,0.214627409311594,-3.00736348759208,-3.07458955460929,0.50343835055231,0.554701413082558,1.69164461862664,1.04601420240185,"Medium","Medium"
"253",2008,"1796",0.0760618867859167,0.0815803853880894,0.119798307553206,0.043736420767289,0,0.0382179221651163,-0.050010220895239,0.455747875173932,-0.565416872575792,180.377777777778,17228.0156410256,21969.7404414557,"1",2002,1,2008.1,2008.9,-0.166768381676783,"1437","1196",-0.491477389627823,6.01248596451819,146.044444444444,NA,NA,"0",0,3.5,2.5,-1.2357819187419,0.59793891680929,2.06959380167631,0.119798307553206,0.043736420767289,0.0382179221651163,0.0982317397130405,3.27977199889217,-3.12957409681909,-3.26445070676778,2.85192217056243,2.97735010786307,1.07447841570829,0.988149420859556,"High","High"
"254",2008,"1796",0.0760618867859167,0.0815803853880894,0.119798307553206,0.043736420767289,0,0.0382179221651163,-0.050010220895239,0.455747875173932,-0.565416872575792,180.377777777778,17228.0156410256,21969.7404414557,"1",2002,1,2008.1,2008.9,-0.166768381676783,"1437","1196",-0.491477389627823,6.01248596451819,146.044444444444,NA,NA,"0",0,3.5,2.5,-1.2357819187419,0.59793891680929,-0.482235448934286,0.119798307553206,0.043736420767289,0.0382179221651163,0.0982317397130405,3.27977199889217,-3.12957409681909,-3.26445070676778,2.85192217056243,2.97735010786307,1.07447841570829,0.988149420859556,"High","High"
"255",2008,"1796",0.0760618867859167,0.0815803853880894,0.119798307553206,0.043736420767289,0,0.0382179221651163,-0.050010220895239,0.455747875173932,-0.565416872575792,180.377777777778,17228.0156410256,21969.7404414557,"1",2002,1,2008.1,2008.9,-0.166768381676783,"1437","1196",-0.491477389627823,6.01248596451819,146.044444444444,NA,NA,"0",0,3.5,2.5,-1.2357819187419,4.83635244805281,2.06959380167631,0.119798307553206,0.043736420767289,0.0382179221651163,0.0982317397130405,3.27977199889217,-3.12957409681909,-3.26445070676778,2.85192217056243,2.97735010786307,1.07447841570829,0.988149420859556,"High","High"
"256",2008,"1829",-0.0366164422686946,-0.00422270181828482,0.0532538276811535,0.0898702699498481,0,0.0574765294994384,-0.231054573729911,-0.516804753067817,-0.783032072292821,172.311111111111,0,6837.80397435898,"1",2003,0,2008.1,2008.9,-0.511151869041847,"1190","1489",0.776785259198914,4.05205479452047,115.133333333333,19079.36632,19079.36632,"0",0,5.5,-0.5,0.0920225539731866,-0.814865593605218,-0.482235448934286,0.0532538276811535,0.0898702699498481,0.0574765294994384,-1.70693046584574,0.159713503493722,-2.40938809353481,-2.8563785971265,-1.06168193817338,-0.0163213226688303,0.807460655477375,0.780091341047704,"Medium","Medium"
"257",2008,"1831",-0.000562617975296983,-0.00194807879147414,0.0452727726598811,0.045835390635178,1,0.0472208514513552,1.07274060414089,1.54923843010449,0.338911559330844,172.311111111111,17001.6362666667,18416.0193059211,"1",2003,0,2008.1,2008.9,-0.511151869041847,"1757","1523",-1.17266809096803,4.17260273972602,170.922222222222,NA,NA,"1",0,3,2,-1.38974000697064,-0.814865593605218,-0.482235448934286,0.0452727726598811,0.045835390635178,0.0472208514513552,0.0745115679169579,-0.465129073191244,-3.08269876496529,-3.05291971590421,0.244484156501388,0.0676255327987201,0.825626509410824,1.48741016390773,"High","High"
"258",2008,"1868",-0.0185679755631298,-0.014849820268322,0.0313587703246358,0.0499267458877657,0,0.0462085905929579,2.71159179805406,-0.655594853603919,-0.390206309698352,172.311111111111,13683.6641068702,18876.280979448,"1",2003,0,2008.1,2008.9,-0.511151869041847,"1384","1553",-0.00373661555629665,3.85205479452065,107.333333333333,8501.437478,8501.437478,"0",0,8.05882352941176,-3.05882352941176,1.46218230860273,-0.814865593605218,-0.482235448934286,0.0313587703246358,0.0499267458877657,0.0462085905929579,-0.273147620857979,-1.87831029849997,-2.99719843008107,-3.07458955460929,-0.912812998631267,-0.781101901267987,1.02952303139784,0.520347927217371,"Medium","Medium"
"259",2008,"1877",-0.0194843956151411,0.000949460600295535,0.0440756118101234,0.0635600074252645,1,0.0431261512098279,0.150162065955198,0.0353302567342167,-1.09869156710495,170.066666666667,14559.5670134424,52540.4536111111,"1",2003,0,2008.1,2008.9,-0.511151869041847,"1893","1524",-1.22514652868458,4.06575342465771,225.344444444444,15909.01712,15909.01712,"1",1,8.05882352941176,-3.05882352941176,1.43125622974456,2.0107434272238,-0.482235448934286,0.0440756118101234,0.0635600074252645,0.0431261512098279,-0.181369968943269,-0.568263341356287,-2.75577082049071,-3.14362570926626,-0.659771245850343,0.224594738509543,0.768690946539634,1.40138118125141,"Medium","Medium"
"260",2008,"1877",-0.0194843956151411,0.000949460600295535,0.0440756118101234,0.0635600074252645,1,0.0431261512098279,0.150162065955198,0.0353302567342167,-1.09869156710495,170.066666666667,14559.5670134424,52540.4536111111,"1",2003,0,2008.1,2008.9,-0.511151869041847,"1893","1524",-1.22514652868458,4.06575342465771,225.344444444444,15909.01712,15909.01712,"1",1,8.05882352941176,-3.05882352941176,1.43125622974456,-0.814865593605218,-0.482235448934286,0.0440756118101234,0.0635600074252645,0.0431261512098279,-0.181369968943269,-0.568263341356287,-2.75577082049071,-3.14362570926626,-0.659771245850343,0.224594738509543,0.768690946539634,1.40138118125141,"Medium","Medium"
"261",2008,"1877",-0.0194843956151411,0.000949460600295535,0.0440756118101234,0.0635600074252645,1,0.0431261512098279,0.150162065955198,0.0353302567342167,-1.09869156710495,170.066666666667,14559.5670134424,52540.4536111111,"1",2003,0,2008.1,2008.9,-0.511151869041847,"1893","1524",-1.22514652868458,4.06575342465771,225.344444444444,15909.01712,15909.01712,"1",1,8.05882352941176,-3.05882352941176,1.43125622974456,-0.814865593605218,-0.482235448934286,0.0440756118101234,0.0635600074252645,0.0431261512098279,-0.181369968943269,-0.568263341356287,-2.75577082049071,-3.14362570926626,-0.659771245850343,0.224594738509543,0.768690946539634,1.40138118125141,"Medium","Medium"
"262",2008,"1897",-0.0317384922471519,-0.00985833612903386,0.0379119824506912,0.0696504746978431,0,0.047770318579725,1.69825803179938,-0.270661181062244,2.12395574199435,170.066666666667,15026.1838993964,19444.8983277962,"1",2003,0,2008.1,2008.9,-0.511151869041847,"927","501",1.59634124031096,9.44109589041091,147.077777777778,3385.604369,3385.604369,"0",0,4,1,-0.900301193736926,-0.814865593605218,-0.482235448934286,0.0379119824506912,0.0696504746978431,0.047770318579725,-0.132477561102993,-1.14798529080475,-2.66426576330441,-3.04135078256912,-1.27878063567184,-0.396618677868292,0.0210478436147596,0.0440354661379388,"Medium","Medium"
"263",2008,"3457",-0.0409162285170281,-0.0501442648671604,0.0461514936173678,0.0870677221343959,0,0.0962957584845282,0.469595056851504,-0.0290657873856421,0.797544267213151,206.255555555556,12090.643,16192.9918854425,"1",2005,0,2008.1,2008.9,-1.19991884377197,"1717","1797",-0.519260091948286,2.37260273972606,122.955555555556,19134.77121,19134.77121,"0",0,2,1,-1.66269626819713,-0.814865593605218,-0.482235448934286,0.0461514936173678,0.0870677221343959,0.0962957584845282,-0.440065364299748,-0.391149116433122,-2.44106904779776,-2.34033100596085,-1.34661276899724,-1.63543252046804,-1.35619492098931,0.578031122917605,"Medium","Medium"
"264",2008,"3457",-0.0409162285170281,-0.0501442648671604,0.0461514936173678,0.0870677221343959,0,0.0962957584845282,0.469595056851504,-0.0290657873856421,0.797544267213151,206.255555555556,12090.643,16192.9918854425,"1",2005,0,2008.1,2008.9,-1.19991884377197,"1717","1797",-0.519260091948286,2.37260273972606,122.955555555556,19134.77121,19134.77121,"0",0,2,1,-1.66269626819713,-0.814865593605218,-0.482235448934286,0.0461514936173678,0.0870677221343959,0.0962957584845282,-0.440065364299748,-0.391149116433122,-2.44106904779776,-2.34033100596085,-1.34661276899724,-1.63543252046804,-1.35619492098931,0.578031122917605,"Medium","Medium"
"265",2008,"3617",-0.0206608541908859,0.00908626380521039,0.0546814017553418,0.0753422559462276,0,0.0455951379501314,2.48632573157306,0.217698893104995,-0.664249998352633,169.144444444444,5253.31,13076.7228528529,"1",2005,0,2008.1,2008.9,-1.19991884377197,"1827","1783",-0.858826453643614,2.45205479452056,232.422222222222,7278.929107,7278.929107,"0",0,2.5,0.5,-1.64992245301658,-0.814865593605218,-0.482235448934286,0.0546814017553418,0.0753422559462276,0.0455951379501314,-1.15648537317345,0.261519171419527,-2.58571413362755,-3.08795419204716,-0.5433023956565,0.617456263966418,-1.10934484924492,-1.42707491032387,"Medium","Medium"
"266",2009,"1533",0.00545361803588099,-0.0107545335081861,0.0552572408376075,0.0498036228017265,1,0.0660117743457937,-1.65787638806222,0.909104860214593,0.116177653980734,107.522222222222,19470.6024912281,17276.4077385798,"1",1999,0,2009.1,2009.9,1.21076556778347,"677","1028",0.404772007452865,4.16712328767107,81.3,11430.434375,11430.434375,"1",2,8,2,1.45142541160858,0.59793891680929,-0.482235448934286,0.0552572408376075,0.0498036228017265,0.0660117743457937,0.333211386180767,0.301834103892623,-2.99966755057485,-2.71792215368826,0.541693108214653,-0.265693417850791,0.168586942917286,-0.674752925474551,"High","High"
"267",2009,"1533",0.00545361803588099,-0.0107545335081861,0.0552572408376075,0.0498036228017265,1,0.0660117743457937,-1.65787638806222,0.909104860214593,0.116177653980734,107.522222222222,19470.6024912281,17276.4077385798,"1",1999,0,2009.1,2009.9,1.21076556778347,"677","1028",0.404772007452865,4.16712328767107,81.3,11430.434375,11430.434375,"1",2,8,2,1.45142541160858,0.59793891680929,-0.482235448934286,0.0552572408376075,0.0498036228017265,0.0660117743457937,0.333211386180767,0.301834103892623,-2.99966755057485,-2.71792215368826,0.541693108214653,-0.265693417850791,0.168586942917286,-0.674752925474551,"High","High"
"268",2009,"1533",0.00545361803588099,-0.0107545335081861,0.0552572408376075,0.0498036228017265,1,0.0660117743457937,-1.65787638806222,0.909104860214593,0.116177653980734,107.522222222222,19470.6024912281,17276.4077385798,"1",1999,0,2009.1,2009.9,1.21076556778347,"677","1028",0.404772007452865,4.16712328767107,81.3,11430.434375,11430.434375,"1",2,8,2,1.45142541160858,-0.814865593605218,-0.482235448934286,0.0552572408376075,0.0498036228017265,0.0660117743457937,0.333211386180767,0.301834103892623,-2.99966755057485,-2.71792215368826,0.541693108214653,-0.265693417850791,0.168586942917286,-0.674752925474551,"High","High"
"269",2009,"1543",0.0149131245658531,0.000452688503166862,0.0491179764387074,0.0342048518728543,1,0.0486652879355406,-0.667902571199061,-0.158979911197254,0.883352744275582,134.066666666667,22159.9004,10644.0812583286,"1",1999,0,2009.1,2009.9,1.21076556778347,"199","609",2.74777990315061,5.73698630137005,126.388888888889,14766.84764,14766.84764,"1",0,5.5,4.5,0.0698364539227575,2.0107434272238,-0.482235448934286,0.0491179764387074,0.0342048518728543,0.0486652879355406,0.614997695501433,-0.151409556217013,-3.37538777734852,-3.02278927643485,1.20109683855618,0.193847875175766,-0.613549597803251,-1.0981325153817,"Medium","Medium"
"270",2009,"1543",0.0149131245658531,0.000452688503166862,0.0491179764387074,0.0342048518728543,1,0.0486652879355406,-0.667902571199061,-0.158979911197254,0.883352744275582,134.066666666667,22159.9004,10644.0812583286,"1",1999,0,2009.1,2009.9,1.21076556778347,"199","609",2.74777990315061,5.73698630137005,126.388888888889,14766.84764,14766.84764,"1",0,5.5,4.5,0.0698364539227575,-0.814865593605218,-0.482235448934286,0.0491179764387074,0.0342048518728543,0.0486652879355406,0.614997695501433,-0.151409556217013,-3.37538777734852,-3.02278927643485,1.20109683855618,0.193847875175766,-0.613549597803251,-1.0981325153817,"Medium","Medium"
"271",2009,"1543",0.0149131245658531,0.000452688503166862,0.0491179764387074,0.0342048518728543,1,0.0486652879355406,-0.667902571199061,-0.158979911197254,0.883352744275582,134.066666666667,22159.9004,10644.0812583286,"1",1999,0,2009.1,2009.9,1.21076556778347,"199","609",2.74777990315061,5.73698630137005,126.388888888889,14766.84764,14766.84764,"1",0,5.5,4.5,0.0698364539227575,0.59793891680929,-0.482235448934286,0.0491179764387074,0.0342048518728543,0.0486652879355406,0.614997695501433,-0.151409556217013,-3.37538777734852,-3.02278927643485,1.20109683855618,0.193847875175766,-0.613549597803251,-1.0981325153817,"Medium","Medium"
"272",2009,"1543",0.0149131245658531,0.000452688503166862,0.0491179764387074,0.0342048518728543,1,0.0486652879355406,-0.667902571199061,-0.158979911197254,0.883352744275582,134.066666666667,22159.9004,10644.0812583286,"1",1999,0,2009.1,2009.9,1.21076556778347,"199","609",2.74777990315061,5.73698630137005,126.388888888889,14766.84764,14766.84764,"1",0,5.5,4.5,0.0698364539227575,-0.814865593605218,-0.482235448934286,0.0491179764387074,0.0342048518728543,0.0486652879355406,0.614997695501433,-0.151409556217013,-3.37538777734852,-3.02278927643485,1.20109683855618,0.193847875175766,-0.613549597803251,-1.0981325153817,"Medium","Medium"
"273",2009,"1566",-0.0319242170303055,-0.047435395070725,0.0422000444364216,0.0741242614667271,0,0.0896354395071466,-0.243955679271323,1.98828965290553,1.57223967468802,137.533333333333,18677.6133333333,6837.80397435898,"1",1999,1,2009.1,2009.9,1.21076556778347,"1160","1179",-0.673068640678355,2.43013698630148,115.133333333333,NA,NA,"0",0,5,5,-0.305310328748139,0.59793891680929,-0.482235448934286,0.0422000444364216,0.0741242614667271,0.0896354395071466,0.250121488477124,-0.735612689658176,-2.60201238506326,-2.41200450698902,-1.16399816001313,-1.6792381137723,1.51135222808075,0.607107587824792,"High","High"
"274",2009,"1566",-0.0319242170303055,-0.047435395070725,0.0422000444364216,0.0741242614667271,0,0.0896354395071466,-0.243955679271323,1.98828965290553,1.57223967468802,137.533333333333,18677.6133333333,6837.80397435898,"1",1999,1,2009.1,2009.9,1.21076556778347,"1160","1179",-0.673068640678355,2.43013698630148,115.133333333333,NA,NA,"0",0,5,5,-0.305310328748139,0.59793891680929,-0.482235448934286,0.0422000444364216,0.0741242614667271,0.0896354395071466,0.250121488477124,-0.735612689658176,-2.60201238506326,-2.41200450698902,-1.16399816001313,-1.6792381137723,1.51135222808075,0.607107587824792,"High","High"
"275",2009,"1566",-0.0319242170303055,-0.047435395070725,0.0422000444364216,0.0741242614667271,0,0.0896354395071466,-0.243955679271323,1.98828965290553,1.57223967468802,137.533333333333,18677.6133333333,6837.80397435898,"1",1999,1,2009.1,2009.9,1.21076556778347,"1160","1179",-0.673068640678355,2.43013698630148,115.133333333333,NA,NA,"0",0,5,5,-0.305310328748139,0.59793891680929,-0.482235448934286,0.0422000444364216,0.0741242614667271,0.0896354395071466,0.250121488477124,-0.735612689658176,-2.60201238506326,-2.41200450698902,-1.16399816001313,-1.6792381137723,1.51135222808075,0.607107587824792,"High","High"
"276",2009,"1566",-0.0319242170303055,-0.047435395070725,0.0422000444364216,0.0741242614667271,0,0.0896354395071466,-0.243955679271323,1.98828965290553,1.57223967468802,137.533333333333,18677.6133333333,6837.80397435898,"1",1999,1,2009.1,2009.9,1.21076556778347,"1160","1179",-0.673068640678355,2.43013698630148,115.133333333333,NA,NA,"0",0,5,5,-0.305310328748139,0.59793891680929,-0.482235448934286,0.0422000444364216,0.0741242614667271,0.0896354395071466,0.250121488477124,-0.735612689658176,-2.60201238506326,-2.41200450698902,-1.16399816001313,-1.6792381137723,1.51135222808075,0.607107587824792,"High","High"
"277",2009,"1604",-0.0146097417059873,0.000297517673779828,0.0498248993752103,0.0644346410811976,0,0.0495273817014305,-0.267986791380302,-0.0246177857288014,0.642878651101877,190.833333333333,16534.7523707279,34968.4026923077,"1",2000,0,2009.1,2009.9,0.866382080418409,"1247","494",-0.458389490051673,10.3456321580957,141.377777777778,22054.98154,22054.98154,"0",2,7.5,1.5,0.775085513101557,-0.814865593605218,-0.482235448934286,0.0498248993752103,0.0644346410811976,0.0495273817014305,0.025591182604225,-0.0964167183065069,-2.74210388550332,-3.00522959666177,-0.381277600844238,0.185816229557452,-0.708913703462864,0.513213277166362,"Medium","Medium"
"278",2009,"1604",-0.0146097417059873,0.000297517673779828,0.0498248993752103,0.0644346410811976,0,0.0495273817014305,-0.267986791380302,-0.0246177857288014,0.642878651101877,190.833333333333,16534.7523707279,34968.4026923077,"1",2000,0,2009.1,2009.9,0.866382080418409,"1247","494",-0.458389490051673,10.3456321580957,141.377777777778,22054.98154,22054.98154,"0",2,7.5,1.5,0.775085513101557,0.59793891680929,-0.482235448934286,0.0498248993752103,0.0644346410811976,0.0495273817014305,0.025591182604225,-0.0964167183065069,-2.74210388550332,-3.00522959666177,-0.381277600844238,0.185816229557452,-0.708913703462864,0.513213277166362,"Medium","Medium"
"279",2009,"1604",-0.0146097417059873,0.000297517673779828,0.0498248993752103,0.0644346410811976,0,0.0495273817014305,-0.267986791380302,-0.0246177857288014,0.642878651101877,190.833333333333,16534.7523707279,34968.4026923077,"1",2000,0,2009.1,2009.9,0.866382080418409,"1247","494",-0.458389490051673,10.3456321580957,141.377777777778,22054.98154,22054.98154,"0",2,7.5,1.5,0.775085513101557,-0.814865593605218,-0.482235448934286,0.0498248993752103,0.0644346410811976,0.0495273817014305,0.025591182604225,-0.0964167183065069,-2.74210388550332,-3.00522959666177,-0.381277600844238,0.185816229557452,-0.708913703462864,0.513213277166362,"Medium","Medium"
"280",2009,"1604",-0.0146097417059873,0.000297517673779828,0.0498248993752103,0.0644346410811976,0,0.0495273817014305,-0.267986791380302,-0.0246177857288014,0.642878651101877,190.833333333333,16534.7523707279,34968.4026923077,"1",2000,0,2009.1,2009.9,0.866382080418409,"1247","494",-0.458389490051673,10.3456321580957,141.377777777778,22054.98154,22054.98154,"0",2,7.5,1.5,0.775085513101557,-0.814865593605218,-0.482235448934286,0.0498248993752103,0.0644346410811976,0.0495273817014305,0.025591182604225,-0.0964167183065069,-2.74210388550332,-3.00522959666177,-0.381277600844238,0.185816229557452,-0.708913703462864,0.513213277166362,"Medium","Medium"
"281",2009,"1604",-0.0146097417059873,0.000297517673779828,0.0498248993752103,0.0644346410811976,0,0.0495273817014305,-0.267986791380302,-0.0246177857288014,0.642878651101877,190.833333333333,16534.7523707279,34968.4026923077,"1",2000,0,2009.1,2009.9,0.866382080418409,"1247","494",-0.458389490051673,10.3456321580957,141.377777777778,22054.98154,22054.98154,"0",2,7.5,1.5,0.775085513101557,-0.814865593605218,-0.482235448934286,0.0498248993752103,0.0644346410811976,0.0495273817014305,0.025591182604225,-0.0964167183065069,-2.74210388550332,-3.00522959666177,-0.381277600844238,0.185816229557452,-0.708913703462864,0.513213277166362,"Medium","Medium"
"282",2009,"1698",-0.0058471414744056,0.0363758505025773,0.0801261094432879,0.0859732509176935,0,0.0437502589407106,0.186907858558825,-1.298974283222,1.77989794094597,170.922222222222,17102.3702080762,21880.6309090909,"1",2001,0,2009.1,2009.9,0.521998593053345,"1552","1504",-1.15723325634548,2.24109589041109,137.533333333333,32604.076035,32604.076035,"0",0,5.5,2.5,-0.288502677194783,0.59793891680929,-0.482235448934286,0.0801261094432879,0.0859732509176935,0.0437502589407106,0.0850665330178938,1.73191196148149,-2.45371906695108,-3.12925774755122,0.0960009547139243,1.65737515665588,0.170746979864428,0.585239748212381,"Medium","Medium"
"283",2009,"1698",-0.0058471414744056,0.0363758505025773,0.0801261094432879,0.0859732509176935,0,0.0437502589407106,0.186907858558825,-1.298974283222,1.77989794094597,170.922222222222,17102.3702080762,21880.6309090909,"1",2001,0,2009.1,2009.9,0.521998593053345,"1552","1504",-1.15723325634548,2.24109589041109,137.533333333333,32604.076035,32604.076035,"0",0,5.5,2.5,-0.288502677194783,2.0107434272238,2.06959380167631,0.0801261094432879,0.0859732509176935,0.0437502589407106,0.0850665330178938,1.73191196148149,-2.45371906695108,-3.12925774755122,0.0960009547139243,1.65737515665588,0.170746979864428,0.585239748212381,"Medium","Medium"
"284",2009,"1698",-0.0058471414744056,0.0363758505025773,0.0801261094432879,0.0859732509176935,0,0.0437502589407106,0.186907858558825,-1.298974283222,1.77989794094597,170.922222222222,17102.3702080762,21880.6309090909,"1",2001,0,2009.1,2009.9,0.521998593053345,"1552","1504",-1.15723325634548,2.24109589041109,137.533333333333,32604.076035,32604.076035,"0",0,5.5,2.5,-0.288502677194783,0.59793891680929,2.06959380167631,0.0801261094432879,0.0859732509176935,0.0437502589407106,0.0850665330178938,1.73191196148149,-2.45371906695108,-3.12925774755122,0.0960009547139243,1.65737515665588,0.170746979864428,0.585239748212381,"Medium","Medium"
"285",2009,"1750",-0.0300334032275646,0.00237947239245072,0.052935775746504,0.0829691789740685,0,0.0505563033540532,0.702784492967916,-1.53902686432282,-0.780507772029064,180.377777777778,15649.8439857189,0,"1",2002,0,2009.1,2009.9,0.177615105688281,"1362","1187",-0.40195534881709,5.70101804027263,107.333333333333,11343.5326645,11343.5326645,"0",1,7.5,-0.5,1.22216904442081,0.59793891680929,2.06959380167631,0.052935775746504,0.0829691789740685,0.0505563033540532,-0.0671300689481801,0.13666044566191,-2.48928607781027,-2.98466764585817,-0.872746936379651,0.284071457937883,1.16774756477484,0.834001462674741,"Low","Low"
"286",2009,"1750",-0.0300334032275646,0.00237947239245072,0.052935775746504,0.0829691789740685,0,0.0505563033540532,0.702784492967916,-1.53902686432282,-0.780507772029064,180.377777777778,15649.8439857189,0,"1",2002,0,2009.1,2009.9,0.177615105688281,"1362","1187",-0.40195534881709,5.70101804027263,107.333333333333,11343.5326645,11343.5326645,"0",1,7.5,-0.5,1.22216904442081,0.59793891680929,-0.482235448934286,0.052935775746504,0.0829691789740685,0.0505563033540532,-0.0671300689481801,0.13666044566191,-2.48928607781027,-2.98466764585817,-0.872746936379651,0.284071457937883,1.16774756477484,0.834001462674741,"Low","Low"
"287",2009,"1750",-0.0300334032275646,0.00237947239245072,0.052935775746504,0.0829691789740685,0,0.0505563033540532,0.702784492967916,-1.53902686432282,-0.780507772029064,180.377777777778,15649.8439857189,0,"1",2002,0,2009.1,2009.9,0.177615105688281,"1362","1187",-0.40195534881709,5.70101804027263,107.333333333333,11343.5326645,11343.5326645,"0",1,7.5,-0.5,1.22216904442081,-0.814865593605218,-0.482235448934286,0.052935775746504,0.0829691789740685,0.0505563033540532,-0.0671300689481801,0.13666044566191,-2.48928607781027,-2.98466764585817,-0.872746936379651,0.284071457937883,1.16774756477484,0.834001462674741,"Low","Low"
"288",2009,"1750",-0.0300334032275646,0.00237947239245072,0.052935775746504,0.0829691789740685,0,0.0505563033540532,0.702784492967916,-1.53902686432282,-0.780507772029064,180.377777777778,15649.8439857189,0,"1",2002,0,2009.1,2009.9,0.177615105688281,"1362","1187",-0.40195534881709,5.70101804027263,107.333333333333,11343.5326645,11343.5326645,"0",1,7.5,-0.5,1.22216904442081,-0.814865593605218,-0.482235448934286,0.052935775746504,0.0829691789740685,0.0505563033540532,-0.0671300689481801,0.13666044566191,-2.48928607781027,-2.98466764585817,-0.872746936379651,0.284071457937883,1.16774756477484,0.834001462674741,"Low","Low"
"289",2009,"1752",0.00459735890823288,0.00781057666715795,0.0540191672601158,0.0494218083518829,0,0.0462085905929579,2.71159179805406,-0.506165561971,-0.203951945122146,176.522222222222,15573.9807725608,6837.80397435898,"1",2002,0,2009.1,2009.9,0.177615105688281,"1200","1553",0.398125750795792,2.8767123287671,115.133333333333,29290.407075,29290.407075,"0",1,4.5,2.5,-0.517086738320419,0.59793891680929,2.06959380167631,0.0540191672601158,0.0494218083518829,0.0462085905929579,-0.0750790636576543,0.214627409311594,-3.00736348759208,-3.07458955460929,0.50343835055231,0.554701413082558,1.69164461862664,1.04601420240185,"Medium","Medium"
"290",2009,"1752",0.00459735890823288,0.00781057666715795,0.0540191672601158,0.0494218083518829,0,0.0462085905929579,2.71159179805406,-0.506165561971,-0.203951945122146,176.522222222222,15573.9807725608,6837.80397435898,"1",2002,0,2009.1,2009.9,0.177615105688281,"1200","1553",0.398125750795792,2.8767123287671,115.133333333333,29290.407075,29290.407075,"0",1,4.5,2.5,-0.517086738320419,0.59793891680929,2.06959380167631,0.0540191672601158,0.0494218083518829,0.0462085905929579,-0.0750790636576543,0.214627409311594,-3.00736348759208,-3.07458955460929,0.50343835055231,0.554701413082558,1.69164461862664,1.04601420240185,"Medium","Medium"
"291",2009,"1752",0.00459735890823288,0.00781057666715795,0.0540191672601158,0.0494218083518829,0,0.0462085905929579,2.71159179805406,-0.506165561971,-0.203951945122146,176.522222222222,15573.9807725608,6837.80397435898,"1",2002,0,2009.1,2009.9,0.177615105688281,"1200","1553",0.398125750795792,2.8767123287671,115.133333333333,29290.407075,29290.407075,"0",1,4.5,2.5,-0.517086738320419,3.4235479376383,2.06959380167631,0.0540191672601158,0.0494218083518829,0.0462085905929579,-0.0750790636576543,0.214627409311594,-3.00736348759208,-3.07458955460929,0.50343835055231,0.554701413082558,1.69164461862664,1.04601420240185,"Medium","Medium"
"292",2009,"1752",0.00459735890823288,0.00781057666715795,0.0540191672601158,0.0494218083518829,0,0.0462085905929579,2.71159179805406,-0.506165561971,-0.203951945122146,176.522222222222,15573.9807725608,6837.80397435898,"1",2002,0,2009.1,2009.9,0.177615105688281,"1200","1553",0.398125750795792,2.8767123287671,115.133333333333,29290.407075,29290.407075,"0",1,4.5,2.5,-0.517086738320419,2.0107434272238,2.06959380167631,0.0540191672601158,0.0494218083518829,0.0462085905929579,-0.0750790636576543,0.214627409311594,-3.00736348759208,-3.07458955460929,0.50343835055231,0.554701413082558,1.69164461862664,1.04601420240185,"Medium","Medium"
"293",2009,"1831",-0.000562617975296983,-0.00194807879147414,0.0452727726598811,0.045835390635178,1,0.0472208514513552,1.07274060414089,1.54923843010449,0.338911559330844,172.311111111111,17001.6362666667,18416.0193059211,"1",2003,1,2009.1,2009.9,-0.166768381676783,"1757","1523",-1.17266809096803,4.17260273972602,170.922222222222,NA,NA,"1",0,3,3,-1.38974000697064,-0.814865593605218,-0.482235448934286,0.0452727726598811,0.045835390635178,0.0472208514513552,0.0745115679169579,-0.465129073191244,-3.08269876496529,-3.05291971590421,0.244484156501388,0.0676255327987201,0.825626509410824,1.48741016390773,"High","High"
"294",2009,"1868",-0.0185679755631298,-0.014849820268322,0.0313587703246358,0.0499267458877657,0,0.0462085905929579,2.71159179805406,-0.655594853603919,-0.390206309698352,172.311111111111,13683.6641068702,18876.280979448,"1",2003,0,2009.1,2009.9,-0.166768381676783,"1384","1553",-0.00373661555629665,3.85205479452065,107.333333333333,15234.23832,15234.23832,"0",1,8.05882352941176,-2.05882352941176,1.46218230860273,-0.814865593605218,-0.482235448934286,0.0313587703246358,0.0499267458877657,0.0462085905929579,-0.273147620857979,-1.87831029849997,-2.99719843008107,-3.07458955460929,-0.912812998631267,-0.781101901267987,1.02952303139784,0.520347927217371,"Medium","Medium"
"295",2009,"1868",-0.0185679755631298,-0.014849820268322,0.0313587703246358,0.0499267458877657,0,0.0462085905929579,2.71159179805406,-0.655594853603919,-0.390206309698352,172.311111111111,13683.6641068702,18876.280979448,"1",2003,0,2009.1,2009.9,-0.166768381676783,"1384","1553",-0.00373661555629665,3.85205479452065,107.333333333333,15234.23832,15234.23832,"0",1,8.05882352941176,-2.05882352941176,1.46218230860273,0.59793891680929,2.06959380167631,0.0313587703246358,0.0499267458877657,0.0462085905929579,-0.273147620857979,-1.87831029849997,-2.99719843008107,-3.07458955460929,-0.912812998631267,-0.781101901267987,1.02952303139784,0.520347927217371,"Medium","Medium"
"296",2009,"1877",-0.0194843956151411,0.000949460600295535,0.0440756118101234,0.0635600074252645,1,0.0431261512098279,0.150162065955198,0.0353302567342167,-1.09869156710495,170.066666666667,14559.5670134424,52540.4536111111,"1",2003,0,2009.1,2009.9,-0.166768381676783,"1893","1524",-1.22514652868458,4.06575342465771,225.344444444444,18021.273185,18021.273185,"1",1,8.05882352941176,-2.05882352941176,1.43125622974456,2.0107434272238,-0.482235448934286,0.0440756118101234,0.0635600074252645,0.0431261512098279,-0.181369968943269,-0.568263341356287,-2.75577082049071,-3.14362570926626,-0.659771245850343,0.224594738509543,0.768690946539634,1.40138118125141,"Medium","Medium"
"297",2009,"1877",-0.0194843956151411,0.000949460600295535,0.0440756118101234,0.0635600074252645,1,0.0431261512098279,0.150162065955198,0.0353302567342167,-1.09869156710495,170.066666666667,14559.5670134424,52540.4536111111,"1",2003,0,2009.1,2009.9,-0.166768381676783,"1893","1524",-1.22514652868458,4.06575342465771,225.344444444444,18021.273185,18021.273185,"1",1,8.05882352941176,-2.05882352941176,1.43125622974456,-0.814865593605218,-0.482235448934286,0.0440756118101234,0.0635600074252645,0.0431261512098279,-0.181369968943269,-0.568263341356287,-2.75577082049071,-3.14362570926626,-0.659771245850343,0.224594738509543,0.768690946539634,1.40138118125141,"Medium","Medium"
"298",2009,"1877",-0.0194843956151411,0.000949460600295535,0.0440756118101234,0.0635600074252645,1,0.0431261512098279,0.150162065955198,0.0353302567342167,-1.09869156710495,170.066666666667,14559.5670134424,52540.4536111111,"1",2003,0,2009.1,2009.9,-0.166768381676783,"1893","1524",-1.22514652868458,4.06575342465771,225.344444444444,18021.273185,18021.273185,"1",1,8.05882352941176,-2.05882352941176,1.43125622974456,-0.814865593605218,-0.482235448934286,0.0440756118101234,0.0635600074252645,0.0431261512098279,-0.181369968943269,-0.568263341356287,-2.75577082049071,-3.14362570926626,-0.659771245850343,0.224594738509543,0.768690946539634,1.40138118125141,"Medium","Medium"
"299",2009,"1897",-0.0317384922471519,-0.00985833612903386,0.0379119824506912,0.0696504746978431,0,0.047770318579725,1.69825803179938,-0.270661181062244,2.12395574199435,170.066666666667,15026.1838993964,19444.8983277962,"1",2003,0,2009.1,2009.9,-0.166768381676783,"927","501",1.59634124031096,9.44109589041091,147.077777777778,25379.691232,25379.691232,"0",1,4,2,-0.900301193736926,-0.814865593605218,-0.482235448934286,0.0379119824506912,0.0696504746978431,0.047770318579725,-0.132477561102993,-1.14798529080475,-2.66426576330441,-3.04135078256912,-1.27878063567184,-0.396618677868292,0.0210478436147596,0.0440354661379388,"Medium","Medium"
"300",2009,"3457",-0.0409162285170281,-0.0501442648671604,0.0461514936173678,0.0870677221343959,0,0.0962957584845282,0.469595056851504,-0.0290657873856421,0.797544267213151,206.255555555556,12090.643,16192.9918854425,"1",2005,1,2009.1,2009.9,-0.855535356406911,"1717","1797",-0.519260091948286,2.37260273972606,122.955555555556,NA,NA,"0",0,2,2,-1.66269626819713,-0.814865593605218,-0.482235448934286,0.0461514936173678,0.0870677221343959,0.0962957584845282,-0.440065364299748,-0.391149116433122,-2.44106904779776,-2.34033100596085,-1.34661276899724,-1.63543252046804,-1.35619492098931,0.578031122917605,"Medium","Medium"
"301",2009,"3457",-0.0409162285170281,-0.0501442648671604,0.0461514936173678,0.0870677221343959,0,0.0962957584845282,0.469595056851504,-0.0290657873856421,0.797544267213151,206.255555555556,12090.643,16192.9918854425,"1",2005,1,2009.1,2009.9,-0.855535356406911,"1717","1797",-0.519260091948286,2.37260273972606,122.955555555556,NA,NA,"0",0,2,2,-1.66269626819713,-0.814865593605218,-0.482235448934286,0.0461514936173678,0.0870677221343959,0.0962957584845282,-0.440065364299748,-0.391149116433122,-2.44106904779776,-2.34033100596085,-1.34661276899724,-1.63543252046804,-1.35619492098931,0.578031122917605,"Medium","Medium"
"302",2009,"3615",0.0293093307313291,0.0352652775171983,0.0722410357484848,0.0429317050171558,3,0.0369757582312865,-0.307864642760101,0.89968790322489,0.689911162194218,169.144444444444,25389.509047619,17286.3799818841,"1",2005,0,2009.1,2009.9,-0.855535356406911,"1857","1606",-1.11195774145283,5.19590538213947,172.311111111111,17075.764885,17075.764885,"1",1,2.5,1.5,-1.51209971027907,-0.814865593605218,-0.482235448934286,0.0722410357484848,0.0429317050171558,0.0369757582312865,0.953398100452572,1.33324176362892,-3.14814468131827,-3.29749276400225,1.60638298217135,1.81614896158973,0.424455004866717,-0.781396740504773,"High","High"
"303",2010,"1533",0.00545361803588099,-0.0107545335081861,0.0552572408376075,0.0498036228017265,1,0.0660117743457937,-1.65787638806222,0.909104860214593,0.116177653980734,107.522222222222,19470.6024912281,17276.4077385798,"1",1999,0,2010.1,2010.9,1.55514905514854,"677","1028",0.404772007452865,4.16712328767107,81.3,16624.43502,16624.43502,"1",0,8,3,1.45142541160858,0.59793891680929,-0.482235448934286,0.0552572408376075,0.0498036228017265,0.0660117743457937,0.333211386180767,0.301834103892623,-2.99966755057485,-2.71792215368826,0.541693108214653,-0.265693417850791,0.168586942917286,-0.674752925474551,"High","High"
"304",2010,"1533",0.00545361803588099,-0.0107545335081861,0.0552572408376075,0.0498036228017265,1,0.0660117743457937,-1.65787638806222,0.909104860214593,0.116177653980734,107.522222222222,19470.6024912281,17276.4077385798,"1",1999,0,2010.1,2010.9,1.55514905514854,"677","1028",0.404772007452865,4.16712328767107,81.3,16624.43502,16624.43502,"1",0,8,3,1.45142541160858,0.59793891680929,-0.482235448934286,0.0552572408376075,0.0498036228017265,0.0660117743457937,0.333211386180767,0.301834103892623,-2.99966755057485,-2.71792215368826,0.541693108214653,-0.265693417850791,0.168586942917286,-0.674752925474551,"High","High"
"305",2010,"1533",0.00545361803588099,-0.0107545335081861,0.0552572408376075,0.0498036228017265,1,0.0660117743457937,-1.65787638806222,0.909104860214593,0.116177653980734,107.522222222222,19470.6024912281,17276.4077385798,"1",1999,0,2010.1,2010.9,1.55514905514854,"677","1028",0.404772007452865,4.16712328767107,81.3,16624.43502,16624.43502,"1",0,8,3,1.45142541160858,-0.814865593605218,-0.482235448934286,0.0552572408376075,0.0498036228017265,0.0660117743457937,0.333211386180767,0.301834103892623,-2.99966755057485,-2.71792215368826,0.541693108214653,-0.265693417850791,0.168586942917286,-0.674752925474551,"High","High"
"306",2010,"1542",-0.0008916885173487,-0.0112876300468504,0.0388974436853738,0.0397891322027225,0,0.0501850737322242,-0.2081793416659,-0.17162270132595,0.320943496439679,110.455555555556,17118.8133333333,21884.2153401361,"1",1999,0,2010.1,2010.9,1.55514905514854,"1022","1199",-0.427680073188086,3.19050827157707,198.633333333333,15405.20166,15405.20166,"0",2,7,4,0.801305449524791,-0.814865593605218,-0.482235448934286,0.0388974436853738,0.0397891322027225,0.0501850737322242,0.0867894539203277,-1.04923007234201,-3.22416146421258,-2.99203763250904,0.218116348606148,-0.454712816891698,0.613319790295967,0.270794420307759,"Medium","Medium"
"307",2010,"1543",0.0149131245658531,0.000452688503166862,0.0491179764387074,0.0342048518728543,1,0.0486652879355406,-0.667902571199061,-0.158979911197254,0.883352744275582,134.066666666667,22159.9004,10644.0812583286,"1",1999,1,2010.1,2010.9,1.55514905514854,"199","609",2.74777990315061,5.73698630137005,126.388888888889,NA,NA,"1",0,5.5,5.5,0.0698364539227575,-0.814865593605218,-0.482235448934286,0.0491179764387074,0.0342048518728543,0.0486652879355406,0.614997695501433,-0.151409556217013,-3.37538777734852,-3.02278927643485,1.20109683855618,0.193847875175766,-0.613549597803251,-1.0981325153817,"Medium","Medium"
"308",2010,"1543",0.0149131245658531,0.000452688503166862,0.0491179764387074,0.0342048518728543,1,0.0486652879355406,-0.667902571199061,-0.158979911197254,0.883352744275582,134.066666666667,22159.9004,10644.0812583286,"1",1999,1,2010.1,2010.9,1.55514905514854,"199","609",2.74777990315061,5.73698630137005,126.388888888889,NA,NA,"1",0,5.5,5.5,0.0698364539227575,-0.814865593605218,-0.482235448934286,0.0491179764387074,0.0342048518728543,0.0486652879355406,0.614997695501433,-0.151409556217013,-3.37538777734852,-3.02278927643485,1.20109683855618,0.193847875175766,-0.613549597803251,-1.0981325153817,"Medium","Medium"
"309",2010,"1604",-0.0146097417059873,0.000297517673779828,0.0498248993752103,0.0644346410811976,0,0.0495273817014305,-0.267986791380302,-0.0246177857288014,0.642878651101877,190.833333333333,16534.7523707279,34968.4026923077,"1",2000,0,2010.1,2010.9,1.21076556778347,"1247","494",-0.458389490051673,10.3456321580957,141.377777777778,24896.5355,24896.5355,"0",1,7.5,2.5,0.775085513101557,-0.814865593605218,-0.482235448934286,0.0498248993752103,0.0644346410811976,0.0495273817014305,0.025591182604225,-0.0964167183065069,-2.74210388550332,-3.00522959666177,-0.381277600844238,0.185816229557452,-0.708913703462864,0.513213277166362,"Medium","Medium"
"310",2010,"1604",-0.0146097417059873,0.000297517673779828,0.0498248993752103,0.0644346410811976,0,0.0495273817014305,-0.267986791380302,-0.0246177857288014,0.642878651101877,190.833333333333,16534.7523707279,34968.4026923077,"1",2000,0,2010.1,2010.9,1.21076556778347,"1247","494",-0.458389490051673,10.3456321580957,141.377777777778,24896.5355,24896.5355,"0",1,7.5,2.5,0.775085513101557,-0.814865593605218,-0.482235448934286,0.0498248993752103,0.0644346410811976,0.0495273817014305,0.025591182604225,-0.0964167183065069,-2.74210388550332,-3.00522959666177,-0.381277600844238,0.185816229557452,-0.708913703462864,0.513213277166362,"Medium","Medium"
"311",2010,"1604",-0.0146097417059873,0.000297517673779828,0.0498248993752103,0.0644346410811976,0,0.0495273817014305,-0.267986791380302,-0.0246177857288014,0.642878651101877,190.833333333333,16534.7523707279,34968.4026923077,"1",2000,0,2010.1,2010.9,1.21076556778347,"1247","494",-0.458389490051673,10.3456321580957,141.377777777778,24896.5355,24896.5355,"0",1,7.5,2.5,0.775085513101557,-0.814865593605218,-0.482235448934286,0.0498248993752103,0.0644346410811976,0.0495273817014305,0.025591182604225,-0.0964167183065069,-2.74210388550332,-3.00522959666177,-0.381277600844238,0.185816229557452,-0.708913703462864,0.513213277166362,"Medium","Medium"
"312",2010,"1604",-0.0146097417059873,0.000297517673779828,0.0498248993752103,0.0644346410811976,0,0.0495273817014305,-0.267986791380302,-0.0246177857288014,0.642878651101877,190.833333333333,16534.7523707279,34968.4026923077,"1",2000,0,2010.1,2010.9,1.21076556778347,"1247","494",-0.458389490051673,10.3456321580957,141.377777777778,24896.5355,24896.5355,"0",1,7.5,2.5,0.775085513101557,-0.814865593605218,-0.482235448934286,0.0498248993752103,0.0644346410811976,0.0495273817014305,0.025591182604225,-0.0964167183065069,-2.74210388550332,-3.00522959666177,-0.381277600844238,0.185816229557452,-0.708913703462864,0.513213277166362,"Medium","Medium"
"313",2010,"1698",-0.0058471414744056,0.0363758505025773,0.0801261094432879,0.0859732509176935,0,0.0437502589407106,0.186907858558825,-1.298974283222,1.77989794094597,170.922222222222,17102.3702080762,21880.6309090909,"1",2001,0,2010.1,2010.9,0.866382080418409,"1552","1504",-1.15723325634548,2.24109589041109,137.533333333333,28835.48319,28835.48319,"0",1,5.5,3.5,-0.288502677194783,0.59793891680929,-0.482235448934286,0.0801261094432879,0.0859732509176935,0.0437502589407106,0.0850665330178938,1.73191196148149,-2.45371906695108,-3.12925774755122,0.0960009547139243,1.65737515665588,0.170746979864428,0.585239748212381,"Medium","Medium"
"314",2010,"1698",-0.0058471414744056,0.0363758505025773,0.0801261094432879,0.0859732509176935,0,0.0437502589407106,0.186907858558825,-1.298974283222,1.77989794094597,170.922222222222,17102.3702080762,21880.6309090909,"1",2001,0,2010.1,2010.9,0.866382080418409,"1552","1504",-1.15723325634548,2.24109589041109,137.533333333333,28835.48319,28835.48319,"0",1,5.5,3.5,-0.288502677194783,2.0107434272238,2.06959380167631,0.0801261094432879,0.0859732509176935,0.0437502589407106,0.0850665330178938,1.73191196148149,-2.45371906695108,-3.12925774755122,0.0960009547139243,1.65737515665588,0.170746979864428,0.585239748212381,"Medium","Medium"
"315",2010,"1698",-0.0058471414744056,0.0363758505025773,0.0801261094432879,0.0859732509176935,0,0.0437502589407106,0.186907858558825,-1.298974283222,1.77989794094597,170.922222222222,17102.3702080762,21880.6309090909,"1",2001,0,2010.1,2010.9,0.866382080418409,"1552","1504",-1.15723325634548,2.24109589041109,137.533333333333,28835.48319,28835.48319,"0",1,5.5,3.5,-0.288502677194783,-0.814865593605218,-0.482235448934286,0.0801261094432879,0.0859732509176935,0.0437502589407106,0.0850665330178938,1.73191196148149,-2.45371906695108,-3.12925774755122,0.0960009547139243,1.65737515665588,0.170746979864428,0.585239748212381,"Medium","Medium"
"316",2010,"1750",-0.0300334032275646,0.00237947239245072,0.052935775746504,0.0829691789740685,0,0.0505563033540532,0.702784492967916,-1.53902686432282,-0.780507772029064,180.377777777778,15649.8439857189,0,"1",2002,0,2010.1,2010.9,0.521998593053345,"1362","1187",-0.40195534881709,5.70101804027263,107.333333333333,12434.81997,12434.81997,"0",0,7.5,0.5,1.22216904442081,0.59793891680929,2.06959380167631,0.052935775746504,0.0829691789740685,0.0505563033540532,-0.0671300689481801,0.13666044566191,-2.48928607781027,-2.98466764585817,-0.872746936379651,0.284071457937883,1.16774756477484,0.834001462674741,"Low","Low"
"317",2010,"1750",-0.0300334032275646,0.00237947239245072,0.052935775746504,0.0829691789740685,0,0.0505563033540532,0.702784492967916,-1.53902686432282,-0.780507772029064,180.377777777778,15649.8439857189,0,"1",2002,0,2010.1,2010.9,0.521998593053345,"1362","1187",-0.40195534881709,5.70101804027263,107.333333333333,12434.81997,12434.81997,"0",0,7.5,0.5,1.22216904442081,0.59793891680929,-0.482235448934286,0.052935775746504,0.0829691789740685,0.0505563033540532,-0.0671300689481801,0.13666044566191,-2.48928607781027,-2.98466764585817,-0.872746936379651,0.284071457937883,1.16774756477484,0.834001462674741,"Low","Low"
"318",2010,"1750",-0.0300334032275646,0.00237947239245072,0.052935775746504,0.0829691789740685,0,0.0505563033540532,0.702784492967916,-1.53902686432282,-0.780507772029064,180.377777777778,15649.8439857189,0,"1",2002,0,2010.1,2010.9,0.521998593053345,"1362","1187",-0.40195534881709,5.70101804027263,107.333333333333,12434.81997,12434.81997,"0",0,7.5,0.5,1.22216904442081,-0.814865593605218,-0.482235448934286,0.052935775746504,0.0829691789740685,0.0505563033540532,-0.0671300689481801,0.13666044566191,-2.48928607781027,-2.98466764585817,-0.872746936379651,0.284071457937883,1.16774756477484,0.834001462674741,"Low","Low"
"319",2010,"1750",-0.0300334032275646,0.00237947239245072,0.052935775746504,0.0829691789740685,0,0.0505563033540532,0.702784492967916,-1.53902686432282,-0.780507772029064,180.377777777778,15649.8439857189,0,"1",2002,0,2010.1,2010.9,0.521998593053345,"1362","1187",-0.40195534881709,5.70101804027263,107.333333333333,12434.81997,12434.81997,"0",0,7.5,0.5,1.22216904442081,-0.814865593605218,-0.482235448934286,0.052935775746504,0.0829691789740685,0.0505563033540532,-0.0671300689481801,0.13666044566191,-2.48928607781027,-2.98466764585817,-0.872746936379651,0.284071457937883,1.16774756477484,0.834001462674741,"Low","Low"
"320",2010,"1752",0.00459735890823288,0.00781057666715795,0.0540191672601158,0.0494218083518829,0,0.0462085905929579,2.71159179805406,-0.506165561971,-0.203951945122146,176.522222222222,15573.9807725608,6837.80397435898,"1",2002,0,2010.1,2010.9,0.521998593053345,"1200","1553",0.398125750795792,2.8767123287671,115.133333333333,53869.95534,53869.95534,"0",0,4.5,3.5,-0.517086738320419,0.59793891680929,2.06959380167631,0.0540191672601158,0.0494218083518829,0.0462085905929579,-0.0750790636576543,0.214627409311594,-3.00736348759208,-3.07458955460929,0.50343835055231,0.554701413082558,1.69164461862664,1.04601420240185,"Medium","Medium"
"321",2010,"1752",0.00459735890823288,0.00781057666715795,0.0540191672601158,0.0494218083518829,0,0.0462085905929579,2.71159179805406,-0.506165561971,-0.203951945122146,176.522222222222,15573.9807725608,6837.80397435898,"1",2002,0,2010.1,2010.9,0.521998593053345,"1200","1553",0.398125750795792,2.8767123287671,115.133333333333,53869.95534,53869.95534,"0",0,4.5,3.5,-0.517086738320419,0.59793891680929,2.06959380167631,0.0540191672601158,0.0494218083518829,0.0462085905929579,-0.0750790636576543,0.214627409311594,-3.00736348759208,-3.07458955460929,0.50343835055231,0.554701413082558,1.69164461862664,1.04601420240185,"Medium","Medium"
"322",2010,"1752",0.00459735890823288,0.00781057666715795,0.0540191672601158,0.0494218083518829,0,0.0462085905929579,2.71159179805406,-0.506165561971,-0.203951945122146,176.522222222222,15573.9807725608,6837.80397435898,"1",2002,0,2010.1,2010.9,0.521998593053345,"1200","1553",0.398125750795792,2.8767123287671,115.133333333333,53869.95534,53869.95534,"0",0,4.5,3.5,-0.517086738320419,2.0107434272238,2.06959380167631,0.0540191672601158,0.0494218083518829,0.0462085905929579,-0.0750790636576543,0.214627409311594,-3.00736348759208,-3.07458955460929,0.50343835055231,0.554701413082558,1.69164461862664,1.04601420240185,"Medium","Medium"
"323",2010,"1868",-0.0185679755631298,-0.014849820268322,0.0313587703246358,0.0499267458877657,0,0.0462085905929579,2.71159179805406,-0.655594853603919,-0.390206309698352,172.311111111111,13683.6641068702,18876.280979448,"1",2003,0,2010.1,2010.9,0.177615105688281,"1384","1553",-0.00373661555629665,3.85205479452065,107.333333333333,20869.10557,20869.10557,"0",1,8.05882352941176,-1.05882352941176,1.46218230860273,-0.814865593605218,-0.482235448934286,0.0313587703246358,0.0499267458877657,0.0462085905929579,-0.273147620857979,-1.87831029849997,-2.99719843008107,-3.07458955460929,-0.912812998631267,-0.781101901267987,1.02952303139784,0.520347927217371,"Medium","Medium"
"324",2010,"1868",-0.0185679755631298,-0.014849820268322,0.0313587703246358,0.0499267458877657,0,0.0462085905929579,2.71159179805406,-0.655594853603919,-0.390206309698352,172.311111111111,13683.6641068702,18876.280979448,"1",2003,0,2010.1,2010.9,0.177615105688281,"1384","1553",-0.00373661555629665,3.85205479452065,107.333333333333,20869.10557,20869.10557,"0",1,8.05882352941176,-1.05882352941176,1.46218230860273,0.59793891680929,2.06959380167631,0.0313587703246358,0.0499267458877657,0.0462085905929579,-0.273147620857979,-1.87831029849997,-2.99719843008107,-3.07458955460929,-0.912812998631267,-0.781101901267987,1.02952303139784,0.520347927217371,"Medium","Medium"
"325",2010,"1877",-0.0194843956151411,0.000949460600295535,0.0440756118101234,0.0635600074252645,1,0.0431261512098279,0.150162065955198,0.0353302567342167,-1.09869156710495,170.066666666667,14559.5670134424,52540.4536111111,"1",2003,0,2010.1,2010.9,0.177615105688281,"1893","1524",-1.22514652868458,4.06575342465771,225.344444444444,13305.06962,13305.06962,"1",2,8.05882352941176,-1.05882352941176,1.43125622974456,2.0107434272238,-0.482235448934286,0.0440756118101234,0.0635600074252645,0.0431261512098279,-0.181369968943269,-0.568263341356287,-2.75577082049071,-3.14362570926626,-0.659771245850343,0.224594738509543,0.768690946539634,1.40138118125141,"Medium","Medium"
"326",2010,"1877",-0.0194843956151411,0.000949460600295535,0.0440756118101234,0.0635600074252645,1,0.0431261512098279,0.150162065955198,0.0353302567342167,-1.09869156710495,170.066666666667,14559.5670134424,52540.4536111111,"1",2003,0,2010.1,2010.9,0.177615105688281,"1893","1524",-1.22514652868458,4.06575342465771,225.344444444444,13305.06962,13305.06962,"1",2,8.05882352941176,-1.05882352941176,1.43125622974456,-0.814865593605218,-0.482235448934286,0.0440756118101234,0.0635600074252645,0.0431261512098279,-0.181369968943269,-0.568263341356287,-2.75577082049071,-3.14362570926626,-0.659771245850343,0.224594738509543,0.768690946539634,1.40138118125141,"Medium","Medium"
"327",2010,"1877",-0.0194843956151411,0.000949460600295535,0.0440756118101234,0.0635600074252645,1,0.0431261512098279,0.150162065955198,0.0353302567342167,-1.09869156710495,170.066666666667,14559.5670134424,52540.4536111111,"1",2003,0,2010.1,2010.9,0.177615105688281,"1893","1524",-1.22514652868458,4.06575342465771,225.344444444444,13305.06962,13305.06962,"1",2,8.05882352941176,-1.05882352941176,1.43125622974456,0.59793891680929,-0.482235448934286,0.0440756118101234,0.0635600074252645,0.0431261512098279,-0.181369968943269,-0.568263341356287,-2.75577082049071,-3.14362570926626,-0.659771245850343,0.224594738509543,0.768690946539634,1.40138118125141,"Medium","Medium"
"328",2010,"1897",-0.0317384922471519,-0.00985833612903386,0.0379119824506912,0.0696504746978431,0,0.047770318579725,1.69825803179938,-0.270661181062244,2.12395574199435,170.066666666667,15026.1838993964,19444.8983277962,"1",2003,0,2010.1,2010.9,0.177615105688281,"927","501",1.59634124031096,9.44109589041091,147.077777777778,NA,NA,"0",0,4,3,-0.900301193736926,-0.814865593605218,-0.482235448934286,0.0379119824506912,0.0696504746978431,0.047770318579725,-0.132477561102993,-1.14798529080475,-2.66426576330441,-3.04135078256912,-1.27878063567184,-0.396618677868292,0.0210478436147596,0.0440354661379388,"Medium","Medium"
"329",2010,"3615",0.0293093307313291,0.0352652775171983,0.0722410357484848,0.0429317050171558,3,0.0369757582312865,-0.307864642760101,0.89968790322489,0.689911162194218,169.144444444444,25389.509047619,17286.3799818841,"1",2005,1,2010.1,2010.9,-0.511151869041847,"1857","1606",-1.11195774145283,5.19590538213947,172.311111111111,NA,NA,"1",0,2.5,2.5,-1.51209971027907,-0.814865593605218,-0.482235448934286,0.0722410357484848,0.0429317050171558,0.0369757582312865,0.953398100452572,1.33324176362892,-3.14814468131827,-3.29749276400225,1.60638298217135,1.81614896158973,0.424455004866717,-0.781396740504773,"High","High"
"330",2010,"5269",-0.00240853561142049,0.00194106500644632,0.0529756131901223,0.0553841488015428,0,0.051034548183676,0.377311098644021,-3.03021611845232,0.538278218349623,93.6888888888889,3579.72333333333,12162.3832440476,"1",2008,0,2010.1,2010.9,-1.54430233113704,"3451","1801",-0.690553018914777,5.52200763530209,206.255555555556,12532.65405,12532.65405,"0",1,1.5,0.5,-1.95111556885272,-0.814865593605218,-0.482235448934286,0.0529756131901223,0.0553841488015428,0.051034548183676,-1.33184482613329,0.139555521982591,-2.89346184888565,-2.97525246023384,0.162396634047727,0.262793445383455,-1.38871047265632,-1.49772587850725,"Low","Low"
"331",2010,"5290",0.0144444625949552,0.0148699879550614,0.0535886473274833,0.0391441847325281,0,0.0387186593724219,-0.330367024730584,-1.37204595072209,-0.87175049464858,163.188888888889,23562.017,13152.3706116643,"1",2008,0,2010.1,2010.9,-1.54430233113704,"5079","1867",-1.04487665691853,5.1786061830976,172.588888888889,24957.17595,24957.17595,"0",1,3.5,-1.5,-1.03677932435017,-0.814865593605218,-0.482235448934286,0.0535886473274833,0.0391441847325281,0.0387186593724219,0.761912345850328,0.18383363178561,-3.24050340570009,-3.2514336408193,1.07897365501245,0.969415628071744,-1.08486897182909,-1.6446287479848,"Low","Low"
"332",2011,"1533",0.00545361803588099,-0.0107545335081861,0.0552572408376075,0.0498036228017265,1,0.0660117743457937,-1.65787638806222,0.909104860214593,0.116177653980734,107.522222222222,19470.6024912281,17276.4077385798,"1",1999,0,2011.1,2011.9,1.8995325425136,"677","1028",0.404772007452865,4.16712328767107,81.3,4089.407035,4089.407035,"1",1,8,4,1.45142541160858,0.59793891680929,-0.482235448934286,0.0552572408376075,0.0498036228017265,0.0660117743457937,0.333211386180767,0.301834103892623,-2.99966755057485,-2.71792215368826,0.541693108214653,-0.265693417850791,0.168586942917286,-0.674752925474551,"High","High"
"333",2011,"1533",0.00545361803588099,-0.0107545335081861,0.0552572408376075,0.0498036228017265,1,0.0660117743457937,-1.65787638806222,0.909104860214593,0.116177653980734,107.522222222222,19470.6024912281,17276.4077385798,"1",1999,0,2011.1,2011.9,1.8995325425136,"677","1028",0.404772007452865,4.16712328767107,81.3,4089.407035,4089.407035,"1",1,8,4,1.45142541160858,-0.814865593605218,-0.482235448934286,0.0552572408376075,0.0498036228017265,0.0660117743457937,0.333211386180767,0.301834103892623,-2.99966755057485,-2.71792215368826,0.541693108214653,-0.265693417850791,0.168586942917286,-0.674752925474551,"High","High"
"334",2011,"1542",-0.0008916885173487,-0.0112876300468504,0.0388974436853738,0.0397891322027225,0,0.0501850737322242,-0.2081793416659,-0.17162270132595,0.320943496439679,110.455555555556,17118.8133333333,21884.2153401361,"1",1999,0,2011.1,2011.9,1.8995325425136,"1022","1199",-0.427680073188086,3.19050827157707,198.633333333333,77611.45903,77611.45903,"0",0,7,5,0.801305449524791,-0.814865593605218,-0.482235448934286,0.0388974436853738,0.0397891322027225,0.0501850737322242,0.0867894539203277,-1.04923007234201,-3.22416146421258,-2.99203763250904,0.218116348606148,-0.454712816891698,0.613319790295967,0.270794420307759,"Medium","Medium"
"335",2011,"1604",-0.0146097417059873,0.000297517673779828,0.0498248993752103,0.0644346410811976,0,0.0495273817014305,-0.267986791380302,-0.0246177857288014,0.642878651101877,190.833333333333,16534.7523707279,34968.4026923077,"1",2000,0,2011.1,2011.9,1.55514905514854,"1247","494",-0.458389490051673,10.3456321580957,141.377777777778,43888.0765,43888.0765,"0",1,7.5,3.5,0.775085513101557,-0.814865593605218,-0.482235448934286,0.0498248993752103,0.0644346410811976,0.0495273817014305,0.025591182604225,-0.0964167183065069,-2.74210388550332,-3.00522959666177,-0.381277600844238,0.185816229557452,-0.708913703462864,0.513213277166362,"Medium","Medium"
"336",2011,"1698",-0.0058471414744056,0.0363758505025773,0.0801261094432879,0.0859732509176935,0,0.0437502589407106,0.186907858558825,-1.298974283222,1.77989794094597,170.922222222222,17102.3702080762,21880.6309090909,"1",2001,1,2011.1,2011.9,1.21076556778347,"1552","1504",-1.15723325634548,2.24109589041109,137.533333333333,NA,NA,"0",0,5.5,4.5,-0.288502677194783,-0.814865593605218,-0.482235448934286,0.0801261094432879,0.0859732509176935,0.0437502589407106,0.0850665330178938,1.73191196148149,-2.45371906695108,-3.12925774755122,0.0960009547139243,1.65737515665588,0.170746979864428,0.585239748212381,"Medium","Medium"
"337",2011,"1750",-0.0300334032275646,0.00237947239245072,0.052935775746504,0.0829691789740685,0,0.0505563033540532,0.702784492967916,-1.53902686432282,-0.780507772029064,180.377777777778,15649.8439857189,0,"1",2002,0,2011.1,2011.9,0.866382080418409,"1362","1187",-0.40195534881709,5.70101804027263,107.333333333333,52447.26801,52447.26801,"0",1,7.5,1.5,1.22216904442081,0.59793891680929,2.06959380167631,0.052935775746504,0.0829691789740685,0.0505563033540532,-0.0671300689481801,0.13666044566191,-2.48928607781027,-2.98466764585817,-0.872746936379651,0.284071457937883,1.16774756477484,0.834001462674741,"Low","Low"
"338",2011,"1750",-0.0300334032275646,0.00237947239245072,0.052935775746504,0.0829691789740685,0,0.0505563033540532,0.702784492967916,-1.53902686432282,-0.780507772029064,180.377777777778,15649.8439857189,0,"1",2002,0,2011.1,2011.9,0.866382080418409,"1362","1187",-0.40195534881709,5.70101804027263,107.333333333333,52447.26801,52447.26801,"0",1,7.5,1.5,1.22216904442081,-0.814865593605218,-0.482235448934286,0.052935775746504,0.0829691789740685,0.0505563033540532,-0.0671300689481801,0.13666044566191,-2.48928607781027,-2.98466764585817,-0.872746936379651,0.284071457937883,1.16774756477484,0.834001462674741,"Low","Low"
"339",2011,"1750",-0.0300334032275646,0.00237947239245072,0.052935775746504,0.0829691789740685,0,0.0505563033540532,0.702784492967916,-1.53902686432282,-0.780507772029064,180.377777777778,15649.8439857189,0,"1",2002,0,2011.1,2011.9,0.866382080418409,"1362","1187",-0.40195534881709,5.70101804027263,107.333333333333,52447.26801,52447.26801,"0",1,7.5,1.5,1.22216904442081,-0.814865593605218,-0.482235448934286,0.052935775746504,0.0829691789740685,0.0505563033540532,-0.0671300689481801,0.13666044566191,-2.48928607781027,-2.98466764585817,-0.872746936379651,0.284071457937883,1.16774756477484,0.834001462674741,"Low","Low"
"340",2011,"1752",0.00459735890823288,0.00781057666715795,0.0540191672601158,0.0494218083518829,0,0.0462085905929579,2.71159179805406,-0.506165561971,-0.203951945122146,176.522222222222,15573.9807725608,6837.80397435898,"1",2002,1,2011.1,2011.9,0.866382080418409,"1200","1553",0.398125750795792,2.8767123287671,115.133333333333,NA,NA,"0",0,4.5,4.5,-0.517086738320419,0.59793891680929,2.06959380167631,0.0540191672601158,0.0494218083518829,0.0462085905929579,-0.0750790636576543,0.214627409311594,-3.00736348759208,-3.07458955460929,0.50343835055231,0.554701413082558,1.69164461862664,1.04601420240185,"Medium","Medium"
"341",2011,"1752",0.00459735890823288,0.00781057666715795,0.0540191672601158,0.0494218083518829,0,0.0462085905929579,2.71159179805406,-0.506165561971,-0.203951945122146,176.522222222222,15573.9807725608,6837.80397435898,"1",2002,1,2011.1,2011.9,0.866382080418409,"1200","1553",0.398125750795792,2.8767123287671,115.133333333333,NA,NA,"0",0,4.5,4.5,-0.517086738320419,0.59793891680929,2.06959380167631,0.0540191672601158,0.0494218083518829,0.0462085905929579,-0.0750790636576543,0.214627409311594,-3.00736348759208,-3.07458955460929,0.50343835055231,0.554701413082558,1.69164461862664,1.04601420240185,"Medium","Medium"
"342",2011,"1868",-0.0185679755631298,-0.014849820268322,0.0313587703246358,0.0499267458877657,0,0.0462085905929579,2.71159179805406,-0.655594853603919,-0.390206309698352,172.311111111111,13683.6641068702,18876.280979448,"1",2003,0,2011.1,2011.9,0.521998593053345,"1384","1553",-0.00373661555629665,3.85205479452065,107.333333333333,50775.51759,50775.51759,"0",1,8.05882352941176,-0.0588235294117645,1.46218230860273,-0.814865593605218,-0.482235448934286,0.0313587703246358,0.0499267458877657,0.0462085905929579,-0.273147620857979,-1.87831029849997,-2.99719843008107,-3.07458955460929,-0.912812998631267,-0.781101901267987,1.02952303139784,0.520347927217371,"Medium","Medium"
"343",2011,"1877",-0.0194843956151411,0.000949460600295535,0.0440756118101234,0.0635600074252645,1,0.0431261512098279,0.150162065955198,0.0353302567342167,-1.09869156710495,170.066666666667,14559.5670134424,52540.4536111111,"1",2003,0,2011.1,2011.9,0.521998593053345,"1893","1524",-1.22514652868458,4.06575342465771,225.344444444444,35837.17875,35837.17875,"1",0,8.05882352941176,-0.0588235294117645,1.43125622974456,2.0107434272238,-0.482235448934286,0.0440756118101234,0.0635600074252645,0.0431261512098279,-0.181369968943269,-0.568263341356287,-2.75577082049071,-3.14362570926626,-0.659771245850343,0.224594738509543,0.768690946539634,1.40138118125141,"Medium","Medium"
"344",2011,"1877",-0.0194843956151411,0.000949460600295535,0.0440756118101234,0.0635600074252645,1,0.0431261512098279,0.150162065955198,0.0353302567342167,-1.09869156710495,170.066666666667,14559.5670134424,52540.4536111111,"1",2003,0,2011.1,2011.9,0.521998593053345,"1893","1524",-1.22514652868458,4.06575342465771,225.344444444444,35837.17875,35837.17875,"1",0,8.05882352941176,-0.0588235294117645,1.43125622974456,-0.814865593605218,-0.482235448934286,0.0440756118101234,0.0635600074252645,0.0431261512098279,-0.181369968943269,-0.568263341356287,-2.75577082049071,-3.14362570926626,-0.659771245850343,0.224594738509543,0.768690946539634,1.40138118125141,"Medium","Medium"
"345",2011,"1877",-0.0194843956151411,0.000949460600295535,0.0440756118101234,0.0635600074252645,1,0.0431261512098279,0.150162065955198,0.0353302567342167,-1.09869156710495,170.066666666667,14559.5670134424,52540.4536111111,"1",2003,0,2011.1,2011.9,0.521998593053345,"1893","1524",-1.22514652868458,4.06575342465771,225.344444444444,35837.17875,35837.17875,"1",0,8.05882352941176,-0.0588235294117645,1.43125622974456,0.59793891680929,-0.482235448934286,0.0440756118101234,0.0635600074252645,0.0431261512098279,-0.181369968943269,-0.568263341356287,-2.75577082049071,-3.14362570926626,-0.659771245850343,0.224594738509543,0.768690946539634,1.40138118125141,"Medium","Medium"
"346",2011,"1897",-0.0317384922471519,-0.00985833612903386,0.0379119824506912,0.0696504746978431,0,0.047770318579725,1.69825803179938,-0.270661181062244,2.12395574199435,170.066666666667,15026.1838993964,19444.8983277962,"1",2003,1,2011.1,2011.9,0.521998593053345,"927","501",1.59634124031096,9.44109589041091,147.077777777778,NA,NA,"0",0,4,4,-0.900301193736926,-0.814865593605218,-0.482235448934286,0.0379119824506912,0.0696504746978431,0.047770318579725,-0.132477561102993,-1.14798529080475,-2.66426576330441,-3.04135078256912,-1.27878063567184,-0.396618677868292,0.0210478436147596,0.0440354661379388,"Medium","Medium"
"347",2011,"4890",-0.00416476172219489,-0.0546111661519622,0.0477968005058601,0.051961562228055,0,0.102407966657822,0.655971361318308,0.952843696215149,1.05943980269119,176.566666666667,10205.6344949698,19265.1351801501,"1",2006,0,2011.1,2011.9,-0.511151869041847,"1510","2966",0.797845795839562,2.4634328916834,90.4,42700.41813,42700.41813,"0",0,4.5,0.5,-0.256231986212341,-0.814865593605218,-0.482235448934286,0.0477968005058601,0.051961562228055,0.102407966657822,-0.637577729121052,-0.256341751057075,-2.95725102165683,-2.27879077001015,0.0624841962552443,-1.70054904445996,-0.581254936930099,0.173752305120934,"High","High"
"348",2011,"4933",-0.0133703637355483,-0.00434021632012925,0.0400230034431163,0.0533933671786646,1,0.0443632197632455,-0.27522036393085,-0.326441703432534,0.557859023849455,205.444444444444,0,12323.0009046283,"1",2006,0,2011.1,2011.9,-0.511151869041847,"3453","1699",-1.17494536165005,4.64657534246589,209.433333333333,27629.34673,27629.34673,"1",2,4.5,0.5,-0.273039637765696,2.0107434272238,2.06959380167631,0.0400230034431163,0.0533933671786646,0.0443632197632455,-1.70693046584574,-0.939450972134512,-2.93006875086807,-3.11534453655403,-0.460769295516328,-0.0817780589736155,0.228984751880669,-0.393545230163185,"Medium","Medium"
"349",2011,"5237",-0.00578911889913634,-0.00149849700406218,0.0475391691522493,0.0533282880513856,0,0.0490376661563115,1.07783020728087,-1.56976225668454,-1.22027839998771,93.6888888888889,16703.6131428571,10176.2735597927,"1",2008,0,2011.1,2011.9,-1.19991884377197,"4896","2990",-1.21322600067011,4.21038251366122,176.566666666667,31376.00397,31376.00397,"0",1,3,0,-1.08384074869957,-0.814865593605218,-0.482235448934286,0.0475391691522493,0.0533282880513856,0.0490376661563115,0.0432845194458299,-0.277141312727443,-2.93128835592771,-3.0151665791002,-0.0177022587015319,0.094877405033614,-1.07582108385222,-1.90871745332596,"Low","Low"
"350",2011,"5269",-0.00240853561142049,0.00194106500644632,0.0529756131901223,0.0553841488015428,0,0.051034548183676,0.377311098644021,-3.03021611845232,0.538278218349623,93.6888888888889,3579.72333333333,12162.3832440476,"1",2008,1,2011.1,2011.9,-1.19991884377197,"3451","1801",-0.690553018914777,5.52200763530209,206.255555555556,NA,NA,"0",0,1.5,1.5,-1.95111556885272,-0.814865593605218,-0.482235448934286,0.0529756131901223,0.0553841488015428,0.051034548183676,-1.33184482613329,0.139555521982591,-2.89346184888565,-2.97525246023384,0.162396634047727,0.262793445383455,-1.38871047265632,-1.49772587850725,"Low","Low"
"351",2011,"5290",0.0144444625949552,0.0148699879550614,0.0535886473274833,0.0391441847325281,0,0.0387186593724219,-0.330367024730584,-1.37204595072209,-0.87175049464858,163.188888888889,23562.017,13152.3706116643,"1",2008,0,2011.1,2011.9,-1.19991884377197,"5079","1867",-1.04487665691853,5.1786061830976,172.588888888889,12068.65142,12068.65142,"0",1,3.5,-0.5,-1.03677932435017,-0.814865593605218,-0.482235448934286,0.0535886473274833,0.0391441847325281,0.0387186593724219,0.761912345850328,0.18383363178561,-3.24050340570009,-3.2514336408193,1.07897365501245,0.969415628071744,-1.08486897182909,-1.6446287479848,"Low","Low"
"352",2011,"5333",-0.000951791400807825,-0.018731669241048,0.041979913616348,0.0429317050171558,1,0.060711582857396,0.422670057967921,0.89968790322489,-0.499802740238605,166.166666666667,7485.56837701613,17286.3799818841,"1",2009,0,2011.1,2011.9,-1.54430233113704,"1857","3618",0.26791647379993,4.49009656411408,172.311111111111,102680.0184,102680.0184,"1",2,3,-1,-1.07375615776756,0.59793891680929,-0.482235448934286,0.041979913616348,0.0429317050171558,0.060711582857396,-0.922587950557016,-0.755739934736756,-3.14814468131827,-2.80162077774686,0.218745061652114,-0.735100576929692,-0.956135533016298,-0.975886938072132,"High","High"
"353",2011,"5333",-0.000951791400807825,-0.018731669241048,0.041979913616348,0.0429317050171558,1,0.060711582857396,0.422670057967921,0.89968790322489,-0.499802740238605,166.166666666667,7485.56837701613,17286.3799818841,"1",2009,0,2011.1,2011.9,-1.54430233113704,"1857","3618",0.26791647379993,4.49009656411408,172.311111111111,102680.0184,102680.0184,"1",2,3,-1,-1.07375615776756,0.59793891680929,-0.482235448934286,0.041979913616348,0.0429317050171558,0.060711582857396,-0.922587950557016,-0.755739934736756,-3.14814468131827,-2.80162077774686,0.218745061652114,-0.735100576929692,-0.956135533016298,-0.975886938072132,"High","High"
"354",2011,"5508",-0.0051604778681747,-0.000869855973100547,0.0481678101832109,0.0533282880513856,1,0.0490376661563115,1.07783020728087,-1.56976225668454,-3.1239153249857,157.888888888889,8269.9975,10176.2735597927,"1",2009,0,2011.1,2011.9,-1.54430233113704,"4896","2990",-0.666405515349583,5.66631484392542,176.566666666667,20777.7387,20777.7387,"1",1,3,-1,-1.29763407645825,0.59793891680929,2.06959380167631,0.0481678101832109,0.0533282880513856,0.0490376661563115,-0.840394978641081,-0.226584864167193,-2.93128835592771,-3.0151665791002,0.0158806325243066,0.127144715855391,-1.0675127952545,-1.52319872614248,"Low","Low"
"355",2011,"5522",0.0114477374078598,0.00409756562931304,0.0572831280430378,0.045835390635178,0,0.0531855624137248,-0.676124233115212,1.54923843010449,-2.51669282781684,157.888888888889,7860.17349206349,18416.0193059211,"1",2009,0,2011.1,2011.9,-1.54430233113704,"1757","1616",1.17239778267934,8.9887267011004,170.922222222222,13626.1809,13626.1809,"0",1,4.5,-2.5,-0.570871223291157,-0.814865593605218,-0.482235448934286,0.0572831280430378,0.045835390635178,0.0531855624137248,-0.883336593361694,0.4404027722711,-3.08269876496529,-2.93396830266628,0.845997481383257,0.353404155599327,-0.260410866038826,-0.475345674339664,"High","High"
"356",2012,"1533",0.00545361803588099,-0.0107545335081861,0.0552572408376075,0.0498036228017265,1,0.0660117743457937,-1.65787638806222,0.909104860214593,0.116177653980734,107.522222222222,19470.6024912281,17276.4077385798,"1",1999,0,2012.1,2012.9,2.24391602987866,"677","1028",0.404772007452865,4.16712328767107,81.3,2411.283585,2411.283585,"1",0,8,5,1.45142541160858,0.59793891680929,-0.482235448934286,0.0552572408376075,0.0498036228017265,0.0660117743457937,0.333211386180767,0.301834103892623,-2.99966755057485,-2.71792215368826,0.541693108214653,-0.265693417850791,0.168586942917286,-0.674752925474551,"High","High"
"357",2012,"1533",0.00545361803588099,-0.0107545335081861,0.0552572408376075,0.0498036228017265,1,0.0660117743457937,-1.65787638806222,0.909104860214593,0.116177653980734,107.522222222222,19470.6024912281,17276.4077385798,"1",1999,0,2012.1,2012.9,2.24391602987866,"677","1028",0.404772007452865,4.16712328767107,81.3,2411.283585,2411.283585,"1",0,8,5,1.45142541160858,-0.814865593605218,-0.482235448934286,0.0552572408376075,0.0498036228017265,0.0660117743457937,0.333211386180767,0.301834103892623,-2.99966755057485,-2.71792215368826,0.541693108214653,-0.265693417850791,0.168586942917286,-0.674752925474551,"High","High"
"358",2012,"1542",-0.0008916885173487,-0.0112876300468504,0.0388974436853738,0.0397891322027225,0,0.0501850737322242,-0.2081793416659,-0.17162270132595,0.320943496439679,110.455555555556,17118.8133333333,21884.2153401361,"1",1999,0,2012.1,2012.9,2.24391602987866,"1022","1199",-0.427680073188086,3.19050827157707,198.633333333333,NA,NA,"0",0,7,6,0.801305449524791,-0.814865593605218,-0.482235448934286,0.0388974436853738,0.0397891322027225,0.0501850737322242,0.0867894539203277,-1.04923007234201,-3.22416146421258,-2.99203763250904,0.218116348606148,-0.454712816891698,0.613319790295967,0.270794420307759,"Medium","Medium"
"359",2012,"1604",-0.0146097417059873,0.000297517673779828,0.0498248993752103,0.0644346410811976,0,0.0495273817014305,-0.267986791380302,-0.0246177857288014,0.642878651101877,190.833333333333,16534.7523707279,34968.4026923077,"1",2000,0,2012.1,2012.9,1.8995325425136,"1247","494",-0.458389490051673,10.3456321580957,141.377777777778,9797.918884,9797.918884,"0",0,7.5,4.5,0.775085513101557,-0.814865593605218,-0.482235448934286,0.0498248993752103,0.0644346410811976,0.0495273817014305,0.025591182604225,-0.0964167183065069,-2.74210388550332,-3.00522959666177,-0.381277600844238,0.185816229557452,-0.708913703462864,0.513213277166362,"Medium","Medium"
"360",2012,"1750",-0.0300334032275646,0.00237947239245072,0.052935775746504,0.0829691789740685,0,0.0505563033540532,0.702784492967916,-1.53902686432282,-0.780507772029064,180.377777777778,15649.8439857189,0,"1",2002,0,2012.1,2012.9,1.21076556778347,"1362","1187",-0.40195534881709,5.70101804027263,107.333333333333,11839.62578,11839.62578,"0",1,7.5,2.5,1.22216904442081,0.59793891680929,2.06959380167631,0.052935775746504,0.0829691789740685,0.0505563033540532,-0.0671300689481801,0.13666044566191,-2.48928607781027,-2.98466764585817,-0.872746936379651,0.284071457937883,1.16774756477484,0.834001462674741,"Low","Low"
"361",2012,"1750",-0.0300334032275646,0.00237947239245072,0.052935775746504,0.0829691789740685,0,0.0505563033540532,0.702784492967916,-1.53902686432282,-0.780507772029064,180.377777777778,15649.8439857189,0,"1",2002,0,2012.1,2012.9,1.21076556778347,"1362","1187",-0.40195534881709,5.70101804027263,107.333333333333,11839.62578,11839.62578,"0",1,7.5,2.5,1.22216904442081,-0.814865593605218,-0.482235448934286,0.052935775746504,0.0829691789740685,0.0505563033540532,-0.0671300689481801,0.13666044566191,-2.48928607781027,-2.98466764585817,-0.872746936379651,0.284071457937883,1.16774756477484,0.834001462674741,"Low","Low"
"362",2012,"1750",-0.0300334032275646,0.00237947239245072,0.052935775746504,0.0829691789740685,0,0.0505563033540532,0.702784492967916,-1.53902686432282,-0.780507772029064,180.377777777778,15649.8439857189,0,"1",2002,0,2012.1,2012.9,1.21076556778347,"1362","1187",-0.40195534881709,5.70101804027263,107.333333333333,11839.62578,11839.62578,"0",1,7.5,2.5,1.22216904442081,-0.814865593605218,-0.482235448934286,0.052935775746504,0.0829691789740685,0.0505563033540532,-0.0671300689481801,0.13666044566191,-2.48928607781027,-2.98466764585817,-0.872746936379651,0.284071457937883,1.16774756477484,0.834001462674741,"Low","Low"
"363",2012,"1750",-0.0300334032275646,0.00237947239245072,0.052935775746504,0.0829691789740685,0,0.0505563033540532,0.702784492967916,-1.53902686432282,-0.780507772029064,180.377777777778,15649.8439857189,0,"1",2002,0,2012.1,2012.9,1.21076556778347,"1362","1187",-0.40195534881709,5.70101804027263,107.333333333333,11839.62578,11839.62578,"0",1,7.5,2.5,1.22216904442081,0.59793891680929,-0.482235448934286,0.052935775746504,0.0829691789740685,0.0505563033540532,-0.0671300689481801,0.13666044566191,-2.48928607781027,-2.98466764585817,-0.872746936379651,0.284071457937883,1.16774756477484,0.834001462674741,"Low","Low"
"364",2012,"1829",-0.0366164422686946,-0.00422270181828482,0.0532538276811535,0.0898702699498481,0,0.0574765294994384,-0.231054573729911,-0.516804753067817,-0.783032072292821,172.311111111111,0,6837.80397435898,"1",2003,0,2012.1,2012.9,0.866382080418409,"1190","1489",0.776785259198914,4.05205479452047,115.133333333333,18608.55023,18608.55023,"0",1,5.5,3.5,0.0920225539731866,-0.814865593605218,-0.482235448934286,0.0532538276811535,0.0898702699498481,0.0574765294994384,-1.70693046584574,0.159713503493722,-2.40938809353481,-2.8563785971265,-1.06168193817338,-0.0163213226688303,0.807460655477375,0.780091341047704,"Medium","Medium"
"365",2012,"1868",-0.0185679755631298,-0.014849820268322,0.0313587703246358,0.0499267458877657,0,0.0462085905929579,2.71159179805406,-0.655594853603919,-0.390206309698352,172.311111111111,13683.6641068702,18876.280979448,"1",2003,0,2012.1,2012.9,0.866382080418409,"1384","1553",-0.00373661555629665,3.85205479452065,107.333333333333,18560.02152,18560.02152,"0",0,8.05882352941176,0.941176470588236,1.46218230860273,-0.814865593605218,-0.482235448934286,0.0313587703246358,0.0499267458877657,0.0462085905929579,-0.273147620857979,-1.87831029849997,-2.99719843008107,-3.07458955460929,-0.912812998631267,-0.781101901267987,1.02952303139784,0.520347927217371,"Medium","Medium"
"366",2012,"1877",-0.0194843956151411,0.000949460600295535,0.0440756118101234,0.0635600074252645,1,0.0431261512098279,0.150162065955198,0.0353302567342167,-1.09869156710495,170.066666666667,14559.5670134424,52540.4536111111,"1",2003,0,2012.1,2012.9,0.866382080418409,"1893","1524",-1.22514652868458,4.06575342465771,225.344444444444,10046.47996,10046.47996,"1",1,8.05882352941176,0.941176470588236,1.43125622974456,2.0107434272238,-0.482235448934286,0.0440756118101234,0.0635600074252645,0.0431261512098279,-0.181369968943269,-0.568263341356287,-2.75577082049071,-3.14362570926626,-0.659771245850343,0.224594738509543,0.768690946539634,1.40138118125141,"Medium","Medium"
"367",2012,"1877",-0.0194843956151411,0.000949460600295535,0.0440756118101234,0.0635600074252645,1,0.0431261512098279,0.150162065955198,0.0353302567342167,-1.09869156710495,170.066666666667,14559.5670134424,52540.4536111111,"1",2003,0,2012.1,2012.9,0.866382080418409,"1893","1524",-1.22514652868458,4.06575342465771,225.344444444444,10046.47996,10046.47996,"1",1,8.05882352941176,0.941176470588236,1.43125622974456,-0.814865593605218,-0.482235448934286,0.0440756118101234,0.0635600074252645,0.0431261512098279,-0.181369968943269,-0.568263341356287,-2.75577082049071,-3.14362570926626,-0.659771245850343,0.224594738509543,0.768690946539634,1.40138118125141,"Medium","Medium"
"368",2012,"1877",-0.0194843956151411,0.000949460600295535,0.0440756118101234,0.0635600074252645,1,0.0431261512098279,0.150162065955198,0.0353302567342167,-1.09869156710495,170.066666666667,14559.5670134424,52540.4536111111,"1",2003,0,2012.1,2012.9,0.866382080418409,"1893","1524",-1.22514652868458,4.06575342465771,225.344444444444,10046.47996,10046.47996,"1",1,8.05882352941176,0.941176470588236,1.43125622974456,0.59793891680929,-0.482235448934286,0.0440756118101234,0.0635600074252645,0.0431261512098279,-0.181369968943269,-0.568263341356287,-2.75577082049071,-3.14362570926626,-0.659771245850343,0.224594738509543,0.768690946539634,1.40138118125141,"Medium","Medium"
"369",2012,"1877",-0.0194843956151411,0.000949460600295535,0.0440756118101234,0.0635600074252645,1,0.0431261512098279,0.150162065955198,0.0353302567342167,-1.09869156710495,170.066666666667,14559.5670134424,52540.4536111111,"1",2003,0,2012.1,2012.9,0.866382080418409,"1893","1524",-1.22514652868458,4.06575342465771,225.344444444444,10046.47996,10046.47996,"1",1,8.05882352941176,0.941176470588236,1.43125622974456,-0.814865593605218,-0.482235448934286,0.0440756118101234,0.0635600074252645,0.0431261512098279,-0.181369968943269,-0.568263341356287,-2.75577082049071,-3.14362570926626,-0.659771245850343,0.224594738509543,0.768690946539634,1.40138118125141,"Medium","Medium"
"370",2012,"4890",-0.00416476172219489,-0.0546111661519622,0.0477968005058601,0.051961562228055,0,0.102407966657822,0.655971361318308,0.952843696215149,1.05943980269119,176.566666666667,10205.6344949698,19265.1351801501,"1",2006,0,2012.1,2012.9,-0.166768381676783,"1510","2966",0.797845795839562,2.4634328916834,90.4,9061.506484,9061.506484,"0",0,4.5,1.5,-0.256231986212341,-0.814865593605218,-0.482235448934286,0.0477968005058601,0.051961562228055,0.102407966657822,-0.637577729121052,-0.256341751057075,-2.95725102165683,-2.27879077001015,0.0624841962552443,-1.70054904445996,-0.581254936930099,0.173752305120934,"High","High"
"371",2012,"4933",-0.0133703637355483,-0.00434021632012925,0.0400230034431163,0.0533933671786646,1,0.0443632197632455,-0.27522036393085,-0.326441703432534,0.557859023849455,205.444444444444,0,12323.0009046283,"1",2006,0,2012.1,2012.9,-0.166768381676783,"3453","1699",-1.17494536165005,4.64657534246589,209.433333333333,8239.75028,8239.75028,"1",0,4.5,1.5,-0.273039637765696,2.0107434272238,2.06959380167631,0.0400230034431163,0.0533933671786646,0.0443632197632455,-1.70693046584574,-0.939450972134512,-2.93006875086807,-3.11534453655403,-0.460769295516328,-0.0817780589736155,0.228984751880669,-0.393545230163185,"Medium","Medium"
"372",2012,"4972",-0.0384867951253919,-0.0762047896010739,0.0327250959712075,0.0712118910965994,0,0.108929885572281,-1.60336360090196,1.87652825482069,0.180389378154232,203.866666666667,10326.2106073446,22953.4536752137,"1",2006,0,2012.1,2012.9,-0.166768381676783,"1155","1808",1.98171448005813,3.22191780821913,115.133333333333,13686.84034,13686.84034,"0",0,5,1,-0.445822295734191,-0.814865593605218,-0.482235448934286,0.0327250959712075,0.0712118910965994,0.108929885572281,-0.624943688992027,-1.71418235295197,-2.64209546472509,-2.21705085535854,-1.71156101828978,-2.78265279988107,-0.713980295641935,0.300552853495553,"High","High"
"373",2012,"5237",-0.00578911889913634,-0.00149849700406218,0.0475391691522493,0.0533282880513856,0,0.0490376661563115,1.07783020728087,-1.56976225668454,-1.22027839998771,93.6888888888889,16703.6131428571,10176.2735597927,"1",2008,0,2012.1,2012.9,-0.855535356406911,"4896","2990",-1.21322600067011,4.21038251366122,176.566666666667,6670.282722,6670.282722,"0",0,3,1,-1.08384074869957,-0.814865593605218,-0.482235448934286,0.0475391691522493,0.0533282880513856,0.0490376661563115,0.0432845194458299,-0.277141312727443,-2.93128835592771,-3.0151665791002,-0.0177022587015319,0.094877405033614,-1.07582108385222,-1.90871745332596,"Low","Low"
"374",2012,"5290",0.0144444625949552,0.0148699879550614,0.0535886473274833,0.0391441847325281,0,0.0387186593724219,-0.330367024730584,-1.37204595072209,-0.87175049464858,163.188888888889,23562.017,13152.3706116643,"1",2008,0,2012.1,2012.9,-0.855535356406911,"5079","1867",-1.04487665691853,5.1786061830976,172.588888888889,13499.73118,13499.73118,"0",1,3.5,0.5,-1.03677932435017,-0.814865593605218,-0.482235448934286,0.0535886473274833,0.0391441847325281,0.0387186593724219,0.761912345850328,0.18383363178561,-3.24050340570009,-3.2514336408193,1.07897365501245,0.969415628071744,-1.08486897182909,-1.6446287479848,"Low","Low"
"375",2012,"5291",0.0110189617571309,-0.0184278251087349,0.0569334651992124,0.0459145034420814,0,0.0753612903079472,0.76346818515714,-1.41668639863491,0.170257153238825,163.188888888889,10910.3914513788,24266.2541121751,"1",2008,0,2012.1,2012.9,-0.855535356406911,"1043","3696",3.09680396678948,3.87978142076508,125.733333333333,10252.69402,10252.69402,"0",1,6,-2,0.183456178423441,-0.814865593605218,-0.482235448934286,0.0569334651992124,0.0459145034420814,0.0753612903079472,-0.563732856425172,0.416839649923493,-3.08097423269622,-2.58546152693986,0.825936785804809,-0.517644462731364,-1.09119471069354,-0.121998185887685,"Low","Low"
"376",2012,"5333",-0.000951791400807825,-0.018731669241048,0.041979913616348,0.0429317050171558,1,0.060711582857396,0.422670057967921,0.89968790322489,-0.499802740238605,166.166666666667,7485.56837701613,17286.3799818841,"1",2009,0,2012.1,2012.9,-1.19991884377197,"1857","3618",0.26791647379993,4.49009656411408,172.311111111111,16621.20862,16621.20862,"1",2,3,0,-1.07375615776756,0.59793891680929,-0.482235448934286,0.041979913616348,0.0429317050171558,0.060711582857396,-0.922587950557016,-0.755739934736756,-3.14814468131827,-2.80162077774686,0.218745061652114,-0.735100576929692,-0.956135533016298,-0.975886938072132,"High","High"
"377",2012,"5333",-0.000951791400807825,-0.018731669241048,0.041979913616348,0.0429317050171558,1,0.060711582857396,0.422670057967921,0.89968790322489,-0.499802740238605,166.166666666667,7485.56837701613,17286.3799818841,"1",2009,0,2012.1,2012.9,-1.19991884377197,"1857","3618",0.26791647379993,4.49009656411408,172.311111111111,16621.20862,16621.20862,"1",2,3,0,-1.07375615776756,0.59793891680929,-0.482235448934286,0.041979913616348,0.0429317050171558,0.060711582857396,-0.922587950557016,-0.755739934736756,-3.14814468131827,-2.80162077774686,0.218745061652114,-0.735100576929692,-0.956135533016298,-0.975886938072132,"High","High"
"378",2012,"5333",-0.000951791400807825,-0.018731669241048,0.041979913616348,0.0429317050171558,1,0.060711582857396,0.422670057967921,0.89968790322489,-0.499802740238605,166.166666666667,7485.56837701613,17286.3799818841,"1",2009,0,2012.1,2012.9,-1.19991884377197,"1857","3618",0.26791647379993,4.49009656411408,172.311111111111,16621.20862,16621.20862,"1",2,3,0,-1.07375615776756,-0.814865593605218,-0.482235448934286,0.041979913616348,0.0429317050171558,0.060711582857396,-0.922587950557016,-0.755739934736756,-3.14814468131827,-2.80162077774686,0.218745061652114,-0.735100576929692,-0.956135533016298,-0.975886938072132,"High","High"
"379",2012,"5333",-0.000951791400807825,-0.018731669241048,0.041979913616348,0.0429317050171558,1,0.060711582857396,0.422670057967921,0.89968790322489,-0.499802740238605,166.166666666667,7485.56837701613,17286.3799818841,"1",2009,0,2012.1,2012.9,-1.19991884377197,"1857","3618",0.26791647379993,4.49009656411408,172.311111111111,16621.20862,16621.20862,"1",2,3,0,-1.07375615776756,-0.814865593605218,-0.482235448934286,0.041979913616348,0.0429317050171558,0.060711582857396,-0.922587950557016,-0.755739934736756,-3.14814468131827,-2.80162077774686,0.218745061652114,-0.735100576929692,-0.956135533016298,-0.975886938072132,"High","High"
"380",2012,"5447",0.00487099122263446,-0.00428054416127331,0.0519926690978016,0.0471216778751671,0,0.0562732132590749,0.702299755297216,1.17772895634246,-0.0614520228097052,166.166666666667,9597.86333333333,17903.6276896552,"1",2009,0,2012.1,2012.9,-1.19991884377197,"2989","1731",0.0540723224233294,6.79999999999995,126.322222222222,10566.76084,10566.76084,"0",1,3,0,-1.06770540320835,-0.814865593605218,-0.482235448934286,0.0519926690978016,0.0471216778751671,0.0562732132590749,-0.701260369854329,0.0674788676268373,-3.0550221317166,-2.87753664286531,0.527525541489979,-0.0232206207434143,-0.882440933648143,-0.921195753369078,"High","High"
"381",2012,"5508",-0.0051604778681747,-0.000869855973100547,0.0481678101832109,0.0533282880513856,1,0.0490376661563115,1.07783020728087,-1.56976225668454,-3.1239153249857,157.888888888889,8269.9975,10176.2735597927,"1",2009,0,2012.1,2012.9,-1.19991884377197,"4896","2990",-0.666405515349583,5.66631484392542,176.566666666667,8646.228971,8646.228971,"1",1,3,0,-1.29763407645825,0.59793891680929,2.06959380167631,0.0481678101832109,0.0533282880513856,0.0490376661563115,-0.840394978641081,-0.226584864167193,-2.93128835592771,-3.0151665791002,0.0158806325243066,0.127144715855391,-1.0675127952545,-1.52319872614248,"Low","Low"
"382",2012,"5522",0.0114477374078598,0.00409756562931304,0.0572831280430378,0.045835390635178,0,0.0531855624137248,-0.676124233115212,1.54923843010449,-2.51669282781684,157.888888888889,7860.17349206349,18416.0193059211,"1",2009,0,2012.1,2012.9,-1.19991884377197,"1757","1616",1.17239778267934,8.9887267011004,170.922222222222,11375.01752,11375.01752,"0",2,4.5,-1.5,-0.570871223291157,-0.814865593605218,-0.482235448934286,0.0572831280430378,0.045835390635178,0.0531855624137248,-0.883336593361694,0.4404027722711,-3.08269876496529,-2.93396830266628,0.845997481383257,0.353404155599327,-0.260410866038826,-0.475345674339664,"High","High"
"383",2012,"5522",0.0114477374078598,0.00409756562931304,0.0572831280430378,0.045835390635178,0,0.0531855624137248,-0.676124233115212,1.54923843010449,-2.51669282781684,157.888888888889,7860.17349206349,18416.0193059211,"1",2009,0,2012.1,2012.9,-1.19991884377197,"1757","1616",1.17239778267934,8.9887267011004,170.922222222222,11375.01752,11375.01752,"0",2,4.5,-1.5,-0.570871223291157,0.59793891680929,2.06959380167631,0.0572831280430378,0.045835390635178,0.0531855624137248,-0.883336593361694,0.4404027722711,-3.08269876496529,-2.93396830266628,0.845997481383257,0.353404155599327,-0.260410866038826,-0.475345674339664,"High","High"
"384",2013,"1533",0.00545361803588099,-0.0107545335081861,0.0552572408376075,0.0498036228017265,1,0.0660117743457937,-1.65787638806222,0.909104860214593,0.116177653980734,107.522222222222,19470.6024912281,17276.4077385798,"1",1999,0,2013.1,2013.9,2.58829951724373,"677","1028",0.404772007452865,4.16712328767107,81.3,14682.32883,14682.32883,"1",0,8,6,1.45142541160858,0.59793891680929,-0.482235448934286,0.0552572408376075,0.0498036228017265,0.0660117743457937,0.333211386180767,0.301834103892623,-2.99966755057485,-2.71792215368826,0.541693108214653,-0.265693417850791,0.168586942917286,-0.674752925474551,"High","High"
"385",2013,"1533",0.00545361803588099,-0.0107545335081861,0.0552572408376075,0.0498036228017265,1,0.0660117743457937,-1.65787638806222,0.909104860214593,0.116177653980734,107.522222222222,19470.6024912281,17276.4077385798,"1",1999,0,2013.1,2013.9,2.58829951724373,"677","1028",0.404772007452865,4.16712328767107,81.3,14682.32883,14682.32883,"1",0,8,6,1.45142541160858,-0.814865593605218,-0.482235448934286,0.0552572408376075,0.0498036228017265,0.0660117743457937,0.333211386180767,0.301834103892623,-2.99966755057485,-2.71792215368826,0.541693108214653,-0.265693417850791,0.168586942917286,-0.674752925474551,"High","High"
"386",2013,"1542",-0.0008916885173487,-0.0112876300468504,0.0388974436853738,0.0397891322027225,0,0.0501850737322242,-0.2081793416659,-0.17162270132595,0.320943496439679,110.455555555556,17118.8133333333,21884.2153401361,"1",1999,1,2013.1,2013.9,2.58829951724373,"1022","1199",-0.427680073188086,3.19050827157707,198.633333333333,6825.765963,6825.765963,"0",0,7,7,0.801305449524791,-0.814865593605218,-0.482235448934286,0.0388974436853738,0.0397891322027225,0.0501850737322242,0.0867894539203277,-1.04923007234201,-3.22416146421258,-2.99203763250904,0.218116348606148,-0.454712816891698,0.613319790295967,0.270794420307759,"Medium","Medium"
"387",2013,"1604",-0.0146097417059873,0.000297517673779828,0.0498248993752103,0.0644346410811976,0,0.0495273817014305,-0.267986791380302,-0.0246177857288014,0.642878651101877,190.833333333333,16534.7523707279,34968.4026923077,"1",2000,0,2013.1,2013.9,2.24391602987866,"1247","494",-0.458389490051673,10.3456321580957,141.377777777778,32949.722,32949.722,"0",0,7.5,5.5,0.775085513101557,-0.814865593605218,-0.482235448934286,0.0498248993752103,0.0644346410811976,0.0495273817014305,0.025591182604225,-0.0964167183065069,-2.74210388550332,-3.00522959666177,-0.381277600844238,0.185816229557452,-0.708913703462864,0.513213277166362,"Medium","Medium"
"388",2013,"1750",-0.0300334032275646,0.00237947239245072,0.052935775746504,0.0829691789740685,0,0.0505563033540532,0.702784492967916,-1.53902686432282,-0.780507772029064,180.377777777778,15649.8439857189,0,"1",2002,0,2013.1,2013.9,1.55514905514854,"1362","1187",-0.40195534881709,5.70101804027263,107.333333333333,10746.80924,10746.80924,"0",0,7.5,3.5,1.22216904442081,0.59793891680929,2.06959380167631,0.052935775746504,0.0829691789740685,0.0505563033540532,-0.0671300689481801,0.13666044566191,-2.48928607781027,-2.98466764585817,-0.872746936379651,0.284071457937883,1.16774756477484,0.834001462674741,"Low","Low"
"389",2013,"1750",-0.0300334032275646,0.00237947239245072,0.052935775746504,0.0829691789740685,0,0.0505563033540532,0.702784492967916,-1.53902686432282,-0.780507772029064,180.377777777778,15649.8439857189,0,"1",2002,0,2013.1,2013.9,1.55514905514854,"1362","1187",-0.40195534881709,5.70101804027263,107.333333333333,10746.80924,10746.80924,"0",0,7.5,3.5,1.22216904442081,-0.814865593605218,-0.482235448934286,0.052935775746504,0.0829691789740685,0.0505563033540532,-0.0671300689481801,0.13666044566191,-2.48928607781027,-2.98466764585817,-0.872746936379651,0.284071457937883,1.16774756477484,0.834001462674741,"Low","Low"
"390",2013,"1750",-0.0300334032275646,0.00237947239245072,0.052935775746504,0.0829691789740685,0,0.0505563033540532,0.702784492967916,-1.53902686432282,-0.780507772029064,180.377777777778,15649.8439857189,0,"1",2002,0,2013.1,2013.9,1.55514905514854,"1362","1187",-0.40195534881709,5.70101804027263,107.333333333333,10746.80924,10746.80924,"0",0,7.5,3.5,1.22216904442081,-0.814865593605218,-0.482235448934286,0.052935775746504,0.0829691789740685,0.0505563033540532,-0.0671300689481801,0.13666044566191,-2.48928607781027,-2.98466764585817,-0.872746936379651,0.284071457937883,1.16774756477484,0.834001462674741,"Low","Low"
"391",2013,"1750",-0.0300334032275646,0.00237947239245072,0.052935775746504,0.0829691789740685,0,0.0505563033540532,0.702784492967916,-1.53902686432282,-0.780507772029064,180.377777777778,15649.8439857189,0,"1",2002,0,2013.1,2013.9,1.55514905514854,"1362","1187",-0.40195534881709,5.70101804027263,107.333333333333,10746.80924,10746.80924,"0",0,7.5,3.5,1.22216904442081,0.59793891680929,-0.482235448934286,0.052935775746504,0.0829691789740685,0.0505563033540532,-0.0671300689481801,0.13666044566191,-2.48928607781027,-2.98466764585817,-0.872746936379651,0.284071457937883,1.16774756477484,0.834001462674741,"Low","Low"
"392",2013,"1829",-0.0366164422686946,-0.00422270181828482,0.0532538276811535,0.0898702699498481,0,0.0574765294994384,-0.231054573729911,-0.516804753067817,-0.783032072292821,172.311111111111,0,6837.80397435898,"1",2003,0,2013.1,2013.9,1.21076556778347,"1190","1489",0.776785259198914,4.05205479452047,115.133333333333,18254.05616,18254.05616,"0",1,5.5,4.5,0.0920225539731866,-0.814865593605218,-0.482235448934286,0.0532538276811535,0.0898702699498481,0.0574765294994384,-1.70693046584574,0.159713503493722,-2.40938809353481,-2.8563785971265,-1.06168193817338,-0.0163213226688303,0.807460655477375,0.780091341047704,"Medium","Medium"
"393",2013,"1868",-0.0185679755631298,-0.014849820268322,0.0313587703246358,0.0499267458877657,0,0.0462085905929579,2.71159179805406,-0.655594853603919,-0.390206309698352,172.311111111111,13683.6641068702,18876.280979448,"1",2003,0,2013.1,2013.9,1.21076556778347,"1384","1553",-0.00373661555629665,3.85205479452065,107.333333333333,42665.17229,42665.17229,"0",0,8.05882352941176,1.94117647058824,1.46218230860273,-0.814865593605218,-0.482235448934286,0.0313587703246358,0.0499267458877657,0.0462085905929579,-0.273147620857979,-1.87831029849997,-2.99719843008107,-3.07458955460929,-0.912812998631267,-0.781101901267987,1.02952303139784,0.520347927217371,"Medium","Medium"
"394",2013,"1877",-0.0194843956151411,0.000949460600295535,0.0440756118101234,0.0635600074252645,1,0.0431261512098279,0.150162065955198,0.0353302567342167,-1.09869156710495,170.066666666667,14559.5670134424,52540.4536111111,"1",2003,0,2013.1,2013.9,1.21076556778347,"1893","1524",-1.22514652868458,4.06575342465771,225.344444444444,28662.1367315,28662.1367315,"1",0,8.05882352941176,1.94117647058824,1.43125622974456,0.59793891680929,-0.482235448934286,0.0440756118101234,0.0635600074252645,0.0431261512098279,-0.181369968943269,-0.568263341356287,-2.75577082049071,-3.14362570926626,-0.659771245850343,0.224594738509543,0.768690946539634,1.40138118125141,"Medium","Medium"
"395",2013,"1877",-0.0194843956151411,0.000949460600295535,0.0440756118101234,0.0635600074252645,1,0.0431261512098279,0.150162065955198,0.0353302567342167,-1.09869156710495,170.066666666667,14559.5670134424,52540.4536111111,"1",2003,0,2013.1,2013.9,1.21076556778347,"1893","1524",-1.22514652868458,4.06575342465771,225.344444444444,28662.1367315,28662.1367315,"1",0,8.05882352941176,1.94117647058824,1.43125622974456,-0.814865593605218,-0.482235448934286,0.0440756118101234,0.0635600074252645,0.0431261512098279,-0.181369968943269,-0.568263341356287,-2.75577082049071,-3.14362570926626,-0.659771245850343,0.224594738509543,0.768690946539634,1.40138118125141,"Medium","Medium"
"396",2013,"4890",-0.00416476172219489,-0.0546111661519622,0.0477968005058601,0.051961562228055,0,0.102407966657822,0.655971361318308,0.952843696215149,1.05943980269119,176.566666666667,10205.6344949698,19265.1351801501,"1",2006,0,2013.1,2013.9,0.177615105688281,"1510","2966",0.797845795839562,2.4634328916834,90.4,13685.949415,13685.949415,"0",1,4.5,2.5,-0.256231986212341,-0.814865593605218,-0.482235448934286,0.0477968005058601,0.051961562228055,0.102407966657822,-0.637577729121052,-0.256341751057075,-2.95725102165683,-2.27879077001015,0.0624841962552443,-1.70054904445996,-0.581254936930099,0.173752305120934,"High","High"
"397",2013,"4890",-0.00416476172219489,-0.0546111661519622,0.0477968005058601,0.051961562228055,0,0.102407966657822,0.655971361318308,0.952843696215149,1.05943980269119,176.566666666667,10205.6344949698,19265.1351801501,"1",2006,0,2013.1,2013.9,0.177615105688281,"1510","2966",0.797845795839562,2.4634328916834,90.4,13685.949415,13685.949415,"0",1,4.5,2.5,-0.256231986212341,-0.814865593605218,-0.482235448934286,0.0477968005058601,0.051961562228055,0.102407966657822,-0.637577729121052,-0.256341751057075,-2.95725102165683,-2.27879077001015,0.0624841962552443,-1.70054904445996,-0.581254936930099,0.173752305120934,"High","High"
"398",2013,"4933",-0.0133703637355483,-0.00434021632012925,0.0400230034431163,0.0533933671786646,1,0.0443632197632455,-0.27522036393085,-0.326441703432534,0.557859023849455,205.444444444444,0,12323.0009046283,"1",2006,0,2013.1,2013.9,0.177615105688281,"3453","1699",-1.17494536165005,4.64657534246589,209.433333333333,18756.21866,18756.21866,"1",1,4.5,2.5,-0.273039637765696,2.0107434272238,2.06959380167631,0.0400230034431163,0.0533933671786646,0.0443632197632455,-1.70693046584574,-0.939450972134512,-2.93006875086807,-3.11534453655403,-0.460769295516328,-0.0817780589736155,0.228984751880669,-0.393545230163185,"Medium","Medium"
"399",2013,"4933",-0.0133703637355483,-0.00434021632012925,0.0400230034431163,0.0533933671786646,1,0.0443632197632455,-0.27522036393085,-0.326441703432534,0.557859023849455,205.444444444444,0,12323.0009046283,"1",2006,0,2013.1,2013.9,0.177615105688281,"3453","1699",-1.17494536165005,4.64657534246589,209.433333333333,18756.21866,18756.21866,"1",1,4.5,2.5,-0.273039637765696,2.0107434272238,2.06959380167631,0.0400230034431163,0.0533933671786646,0.0443632197632455,-1.70693046584574,-0.939450972134512,-2.93006875086807,-3.11534453655403,-0.460769295516328,-0.0817780589736155,0.228984751880669,-0.393545230163185,"Medium","Medium"
"400",2013,"4972",-0.0384867951253919,-0.0762047896010739,0.0327250959712075,0.0712118910965994,0,0.108929885572281,-1.60336360090196,1.87652825482069,0.180389378154232,203.866666666667,10326.2106073446,22953.4536752137,"1",2006,0,2013.1,2013.9,0.177615105688281,"1155","1808",1.98171448005813,3.22191780821913,115.133333333333,41054.221435,41054.221435,"0",0,5,2,-0.445822295734191,-0.814865593605218,-0.482235448934286,0.0327250959712075,0.0712118910965994,0.108929885572281,-0.624943688992027,-1.71418235295197,-2.64209546472509,-2.21705085535854,-1.71156101828978,-2.78265279988107,-0.713980295641935,0.300552853495553,"High","High"
"401",2013,"5237",-0.00578911889913634,-0.00149849700406218,0.0475391691522493,0.0533282880513856,0,0.0490376661563115,1.07783020728087,-1.56976225668454,-1.22027839998771,93.6888888888889,16703.6131428571,10176.2735597927,"1",2008,1,2013.1,2013.9,-0.511151869041847,"4896","2990",-1.21322600067011,4.21038251366122,176.566666666667,21217.04712,21217.04712,"0",0,3,2,-1.08384074869957,-0.814865593605218,-0.482235448934286,0.0475391691522493,0.0533282880513856,0.0490376661563115,0.0432845194458299,-0.277141312727443,-2.93128835592771,-3.0151665791002,-0.0177022587015319,0.094877405033614,-1.07582108385222,-1.90871745332596,"Low","Low"
"402",2013,"5291",0.0110189617571309,-0.0184278251087349,0.0569334651992124,0.0459145034420814,0,0.0753612903079472,0.76346818515714,-1.41668639863491,0.170257153238825,163.188888888889,10910.3914513788,24266.2541121751,"1",2008,0,2013.1,2013.9,-0.511151869041847,"1043","3696",3.09680396678948,3.87978142076508,125.733333333333,32236.10009,32236.10009,"0",1,6,-1,0.183456178423441,-0.814865593605218,-0.482235448934286,0.0569334651992124,0.0459145034420814,0.0753612903079472,-0.563732856425172,0.416839649923493,-3.08097423269622,-2.58546152693986,0.825936785804809,-0.517644462731364,-1.09119471069354,-0.121998185887685,"Low","Low"
"403",2013,"5333",-0.000951791400807825,-0.018731669241048,0.041979913616348,0.0429317050171558,1,0.060711582857396,0.422670057967921,0.89968790322489,-0.499802740238605,166.166666666667,7485.56837701613,17286.3799818841,"1",2009,0,2013.1,2013.9,-0.855535356406911,"1857","3618",0.26791647379993,4.49009656411408,172.311111111111,40603.000335,40603.000335,"1",0,3,1,-1.07375615776756,0.59793891680929,-0.482235448934286,0.041979913616348,0.0429317050171558,0.060711582857396,-0.922587950557016,-0.755739934736756,-3.14814468131827,-2.80162077774686,0.218745061652114,-0.735100576929692,-0.956135533016298,-0.975886938072132,"High","High"
"404",2013,"5333",-0.000951791400807825,-0.018731669241048,0.041979913616348,0.0429317050171558,1,0.060711582857396,0.422670057967921,0.89968790322489,-0.499802740238605,166.166666666667,7485.56837701613,17286.3799818841,"1",2009,0,2013.1,2013.9,-0.855535356406911,"1857","3618",0.26791647379993,4.49009656411408,172.311111111111,40603.000335,40603.000335,"1",0,3,1,-1.07375615776756,0.59793891680929,-0.482235448934286,0.041979913616348,0.0429317050171558,0.060711582857396,-0.922587950557016,-0.755739934736756,-3.14814468131827,-2.80162077774686,0.218745061652114,-0.735100576929692,-0.956135533016298,-0.975886938072132,"High","High"
"405",2013,"5333",-0.000951791400807825,-0.018731669241048,0.041979913616348,0.0429317050171558,1,0.060711582857396,0.422670057967921,0.89968790322489,-0.499802740238605,166.166666666667,7485.56837701613,17286.3799818841,"1",2009,0,2013.1,2013.9,-0.855535356406911,"1857","3618",0.26791647379993,4.49009656411408,172.311111111111,40603.000335,40603.000335,"1",0,3,1,-1.07375615776756,-0.814865593605218,-0.482235448934286,0.041979913616348,0.0429317050171558,0.060711582857396,-0.922587950557016,-0.755739934736756,-3.14814468131827,-2.80162077774686,0.218745061652114,-0.735100576929692,-0.956135533016298,-0.975886938072132,"High","High"
"406",2013,"5333",-0.000951791400807825,-0.018731669241048,0.041979913616348,0.0429317050171558,1,0.060711582857396,0.422670057967921,0.89968790322489,-0.499802740238605,166.166666666667,7485.56837701613,17286.3799818841,"1",2009,0,2013.1,2013.9,-0.855535356406911,"1857","3618",0.26791647379993,4.49009656411408,172.311111111111,40603.000335,40603.000335,"1",0,3,1,-1.07375615776756,-0.814865593605218,-0.482235448934286,0.041979913616348,0.0429317050171558,0.060711582857396,-0.922587950557016,-0.755739934736756,-3.14814468131827,-2.80162077774686,0.218745061652114,-0.735100576929692,-0.956135533016298,-0.975886938072132,"High","High"
"407",2013,"5447",0.00487099122263446,-0.00428054416127331,0.0519926690978016,0.0471216778751671,0,0.0562732132590749,0.702299755297216,1.17772895634246,-0.0614520228097052,166.166666666667,9597.86333333333,17903.6276896552,"1",2009,0,2013.1,2013.9,-0.855535356406911,"2989","1731",0.0540723224233294,6.79999999999995,126.322222222222,38359.594795,38359.594795,"0",0,3,1,-1.06770540320835,-0.814865593605218,-0.482235448934286,0.0519926690978016,0.0471216778751671,0.0562732132590749,-0.701260369854329,0.0674788676268373,-3.0550221317166,-2.87753664286531,0.527525541489979,-0.0232206207434143,-0.882440933648143,-0.921195753369078,"High","High"
"408",2013,"5456",0.018448362424389,-0.00767391172178594,0.0500270772272489,0.0315787148028598,0,0.0577009889490348,0.186050270794597,-1.20969338739636,0.334090852999172,154.388888888889,7030.92655462185,12608.5513549832,"1",2009,0,2013.1,2013.9,-0.855535356406911,"4958","4888",-0.85985544261843,2.98904109589034,211.455555555556,13116.70128,13116.70128,"0",1,5,-1,-0.012857191719752,0.59793891680929,-0.482235448934286,0.0500270772272489,0.0315787148028598,0.0577009889490348,-0.970225603781463,-0.0808323679270125,-3.45527196753566,-2.85248096611696,1.45219189515772,-0.179421538254493,-1.37304419803886,-1.32205486391359,"Medium","Medium"
"409",2013,"5508",-0.0051604778681747,-0.000869855973100547,0.0481678101832109,0.0533282880513856,1,0.0490376661563115,1.07783020728087,-1.56976225668454,-3.1239153249857,157.888888888889,8269.9975,10176.2735597927,"1",2009,0,2013.1,2013.9,-0.855535356406911,"4896","2990",-0.666405515349583,5.66631484392542,176.566666666667,33210.870165,33210.870165,"1",0,3,1,-1.29763407645825,0.59793891680929,2.06959380167631,0.0481678101832109,0.0533282880513856,0.0490376661563115,-0.840394978641081,-0.226584864167193,-2.93128835592771,-3.0151665791002,0.0158806325243066,0.127144715855391,-1.0675127952545,-1.52319872614248,"Low","Low"
"410",2013,"5522",0.0114477374078598,0.00409756562931304,0.0572831280430378,0.045835390635178,0,0.0531855624137248,-0.676124233115212,1.54923843010449,-2.51669282781684,157.888888888889,7860.17349206349,18416.0193059211,"1",2009,0,2013.1,2013.9,-0.855535356406911,"1757","1616",1.17239778267934,8.9887267011004,170.922222222222,24682.784895,24682.784895,"0",1,4.5,-0.5,-0.570871223291157,0.59793891680929,2.06959380167631,0.0572831280430378,0.045835390635178,0.0531855624137248,-0.883336593361694,0.4404027722711,-3.08269876496529,-2.93396830266628,0.845997481383257,0.353404155599327,-0.260410866038826,-0.475345674339664,"High","High"
"411",2013,"5595",-0.00231676683266594,0.00367953365538857,0.0535044330305989,0.0558211998632648,2,0.0498248993752103,0.541576525944464,-0.762206969600828,-1.13471533861544,131.488888888889,7520.86666666667,18949.6778276334,"1",2011,0,2013.1,2013.9,-1.54430233113704,"1707","1604",1.56650056004078,10.3173815405344,225.344444444444,27701.59443,27701.59443,"1",1,4,-2,-0.394054728949856,-0.814865593605218,-0.482235448934286,0.0535044330305989,0.0558211998632648,0.0498248993752103,-0.918889373789632,0.177781119155644,-2.88560155588347,-2.99924043244959,0.167694797732871,0.346110431769739,-0.53290862038065,-0.744188641379309,"Medium","Medium"
"412",2013,"5837",0.0327024783473635,-0.0372295069538998,0.0768553364911098,0.0441528581437464,0,0.11408484344501,1.68841442722135,-0.257257008871794,1.15683549644396,156.522222222222,5021.495,11454.1666666667,"1",2011,0,2013.1,2013.9,-1.54430233113704,"5284","5539",-0.762250496609262,1.8849315068494,151.8,36061.169395,36061.169395,"0",2,4,-2,-0.809539875348806,0.59793891680929,2.06959380167631,0.0768553364911098,0.0441528581437464,0.11408484344501,-1.18077509320859,1.57152238989721,-3.12009761690983,-2.17081286665175,1.69296600719241,-0.799144718025589,-2.23733127430297,-1.87519824060369,"Medium","Medium"
"413",2014,"1533",0.00545361803588099,-0.0107545335081861,0.0552572408376075,0.0498036228017265,1,0.0660117743457937,-1.65787638806222,0.909104860214593,0.116177653980734,107.522222222222,19470.6024912281,17276.4077385798,"1",1999,0,2014.1,2014.9,2.93268300460879,"677","1028",0.404772007452865,4.16712328767107,81.3,9986.093545,9986.093545,"1",2,8,7,1.45142541160858,0.59793891680929,-0.482235448934286,0.0552572408376075,0.0498036228017265,0.0660117743457937,0.333211386180767,0.301834103892623,-2.99966755057485,-2.71792215368826,0.541693108214653,-0.265693417850791,0.168586942917286,-0.674752925474551,"High","High"
"414",2014,"1533",0.00545361803588099,-0.0107545335081861,0.0552572408376075,0.0498036228017265,1,0.0660117743457937,-1.65787638806222,0.909104860214593,0.116177653980734,107.522222222222,19470.6024912281,17276.4077385798,"1",1999,0,2014.1,2014.9,2.93268300460879,"677","1028",0.404772007452865,4.16712328767107,81.3,9986.093545,9986.093545,"1",2,8,7,1.45142541160858,-0.814865593605218,-0.482235448934286,0.0552572408376075,0.0498036228017265,0.0660117743457937,0.333211386180767,0.301834103892623,-2.99966755057485,-2.71792215368826,0.541693108214653,-0.265693417850791,0.168586942917286,-0.674752925474551,"High","High"
"415",2014,"1533",0.00545361803588099,-0.0107545335081861,0.0552572408376075,0.0498036228017265,1,0.0660117743457937,-1.65787638806222,0.909104860214593,0.116177653980734,107.522222222222,19470.6024912281,17276.4077385798,"1",1999,0,2014.1,2014.9,2.93268300460879,"677","1028",0.404772007452865,4.16712328767107,81.3,9986.093545,9986.093545,"1",2,8,7,1.45142541160858,-0.814865593605218,-0.482235448934286,0.0552572408376075,0.0498036228017265,0.0660117743457937,0.333211386180767,0.301834103892623,-2.99966755057485,-2.71792215368826,0.541693108214653,-0.265693417850791,0.168586942917286,-0.674752925474551,"High","High"
"416",2014,"1604",-0.0146097417059873,0.000297517673779828,0.0498248993752103,0.0644346410811976,0,0.0495273817014305,-0.267986791380302,-0.0246177857288014,0.642878651101877,190.833333333333,16534.7523707279,34968.4026923077,"1",2000,1,2014.1,2014.9,2.58829951724373,"1247","494",-0.458389490051673,10.3456321580957,141.377777777778,23026.34977,23026.34977,"0",0,7.5,6.5,0.775085513101557,-0.814865593605218,-0.482235448934286,0.0498248993752103,0.0644346410811976,0.0495273817014305,0.025591182604225,-0.0964167183065069,-2.74210388550332,-3.00522959666177,-0.381277600844238,0.185816229557452,-0.708913703462864,0.513213277166362,"Medium","Medium"
"417",2014,"1750",-0.0300334032275646,0.00237947239245072,0.052935775746504,0.0829691789740685,0,0.0505563033540532,0.702784492967916,-1.53902686432282,-0.780507772029064,180.377777777778,15649.8439857189,0,"1",2002,0,2014.1,2014.9,1.8995325425136,"1362","1187",-0.40195534881709,5.70101804027263,107.333333333333,21998.27305,21998.27305,"0",3,7.5,4.5,1.22216904442081,0.59793891680929,2.06959380167631,0.052935775746504,0.0829691789740685,0.0505563033540532,-0.0671300689481801,0.13666044566191,-2.48928607781027,-2.98466764585817,-0.872746936379651,0.284071457937883,1.16774756477484,0.834001462674741,"Low","Low"
"418",2014,"1750",-0.0300334032275646,0.00237947239245072,0.052935775746504,0.0829691789740685,0,0.0505563033540532,0.702784492967916,-1.53902686432282,-0.780507772029064,180.377777777778,15649.8439857189,0,"1",2002,0,2014.1,2014.9,1.8995325425136,"1362","1187",-0.40195534881709,5.70101804027263,107.333333333333,21998.27305,21998.27305,"0",3,7.5,4.5,1.22216904442081,-0.814865593605218,-0.482235448934286,0.052935775746504,0.0829691789740685,0.0505563033540532,-0.0671300689481801,0.13666044566191,-2.48928607781027,-2.98466764585817,-0.872746936379651,0.284071457937883,1.16774756477484,0.834001462674741,"Low","Low"
"419",2014,"1750",-0.0300334032275646,0.00237947239245072,0.052935775746504,0.0829691789740685,0,0.0505563033540532,0.702784492967916,-1.53902686432282,-0.780507772029064,180.377777777778,15649.8439857189,0,"1",2002,0,2014.1,2014.9,1.8995325425136,"1362","1187",-0.40195534881709,5.70101804027263,107.333333333333,21998.27305,21998.27305,"0",3,7.5,4.5,1.22216904442081,-0.814865593605218,-0.482235448934286,0.052935775746504,0.0829691789740685,0.0505563033540532,-0.0671300689481801,0.13666044566191,-2.48928607781027,-2.98466764585817,-0.872746936379651,0.284071457937883,1.16774756477484,0.834001462674741,"Low","Low"
"420",2014,"1750",-0.0300334032275646,0.00237947239245072,0.052935775746504,0.0829691789740685,0,0.0505563033540532,0.702784492967916,-1.53902686432282,-0.780507772029064,180.377777777778,15649.8439857189,0,"1",2002,0,2014.1,2014.9,1.8995325425136,"1362","1187",-0.40195534881709,5.70101804027263,107.333333333333,21998.27305,21998.27305,"0",3,7.5,4.5,1.22216904442081,0.59793891680929,-0.482235448934286,0.052935775746504,0.0829691789740685,0.0505563033540532,-0.0671300689481801,0.13666044566191,-2.48928607781027,-2.98466764585817,-0.872746936379651,0.284071457937883,1.16774756477484,0.834001462674741,"Low","Low"
"421",2014,"1750",-0.0300334032275646,0.00237947239245072,0.052935775746504,0.0829691789740685,0,0.0505563033540532,0.702784492967916,-1.53902686432282,-0.780507772029064,180.377777777778,15649.8439857189,0,"1",2002,0,2014.1,2014.9,1.8995325425136,"1362","1187",-0.40195534881709,5.70101804027263,107.333333333333,21998.27305,21998.27305,"0",3,7.5,4.5,1.22216904442081,-0.814865593605218,-0.482235448934286,0.052935775746504,0.0829691789740685,0.0505563033540532,-0.0671300689481801,0.13666044566191,-2.48928607781027,-2.98466764585817,-0.872746936379651,0.284071457937883,1.16774756477484,0.834001462674741,"Low","Low"
"422",2014,"1750",-0.0300334032275646,0.00237947239245072,0.052935775746504,0.0829691789740685,0,0.0505563033540532,0.702784492967916,-1.53902686432282,-0.780507772029064,180.377777777778,15649.8439857189,0,"1",2002,0,2014.1,2014.9,1.8995325425136,"1362","1187",-0.40195534881709,5.70101804027263,107.333333333333,21998.27305,21998.27305,"0",3,7.5,4.5,1.22216904442081,0.59793891680929,2.06959380167631,0.052935775746504,0.0829691789740685,0.0505563033540532,-0.0671300689481801,0.13666044566191,-2.48928607781027,-2.98466764585817,-0.872746936379651,0.284071457937883,1.16774756477484,0.834001462674741,"Low","Low"
"423",2014,"1829",-0.0366164422686946,-0.00422270181828482,0.0532538276811535,0.0898702699498481,0,0.0574765294994384,-0.231054573729911,-0.516804753067817,-0.783032072292821,172.311111111111,0,6837.80397435898,"1",2003,1,2014.1,2014.9,1.55514905514854,"1190","1489",0.776785259198914,4.05205479452047,115.133333333333,20540.05903,20540.05903,"0",0,5.5,5.5,0.0920225539731866,-0.814865593605218,-0.482235448934286,0.0532538276811535,0.0898702699498481,0.0574765294994384,-1.70693046584574,0.159713503493722,-2.40938809353481,-2.8563785971265,-1.06168193817338,-0.0163213226688303,0.807460655477375,0.780091341047704,"Medium","Medium"
"424",2014,"1877",-0.0194843956151411,0.000949460600295535,0.0440756118101234,0.0635600074252645,1,0.0431261512098279,0.150162065955198,0.0353302567342167,-1.09869156710495,170.066666666667,14559.5670134424,52540.4536111111,"1",2003,0,2014.1,2014.9,1.55514905514854,"1893","1524",-1.22514652868458,4.06575342465771,225.344444444444,49383.916275,49383.916275,"1",0,8.05882352941176,2.94117647058824,1.43125622974456,-0.814865593605218,-0.482235448934286,0.0440756118101234,0.0635600074252645,0.0431261512098279,-0.181369968943269,-0.568263341356287,-2.75577082049071,-3.14362570926626,-0.659771245850343,0.224594738509543,0.768690946539634,1.40138118125141,"Medium","Medium"
"425",2014,"4890",-0.00416476172219489,-0.0546111661519622,0.0477968005058601,0.051961562228055,0,0.102407966657822,0.655971361318308,0.952843696215149,1.05943980269119,176.566666666667,10205.6344949698,19265.1351801501,"1",2006,0,2014.1,2014.9,0.521998593053345,"1510","2966",0.797845795839562,2.4634328916834,90.4,16329.61394,16329.61394,"0",3,4.5,3.5,-0.256231986212341,-0.814865593605218,-0.482235448934286,0.0477968005058601,0.051961562228055,0.102407966657822,-0.637577729121052,-0.256341751057075,-2.95725102165683,-2.27879077001015,0.0624841962552443,-1.70054904445996,-0.581254936930099,0.173752305120934,"High","High"
"426",2014,"4890",-0.00416476172219489,-0.0546111661519622,0.0477968005058601,0.051961562228055,0,0.102407966657822,0.655971361318308,0.952843696215149,1.05943980269119,176.566666666667,10205.6344949698,19265.1351801501,"1",2006,0,2014.1,2014.9,0.521998593053345,"1510","2966",0.797845795839562,2.4634328916834,90.4,16329.61394,16329.61394,"0",3,4.5,3.5,-0.256231986212341,0.59793891680929,2.06959380167631,0.0477968005058601,0.051961562228055,0.102407966657822,-0.637577729121052,-0.256341751057075,-2.95725102165683,-2.27879077001015,0.0624841962552443,-1.70054904445996,-0.581254936930099,0.173752305120934,"High","High"
"427",2014,"4890",-0.00416476172219489,-0.0546111661519622,0.0477968005058601,0.051961562228055,0,0.102407966657822,0.655971361318308,0.952843696215149,1.05943980269119,176.566666666667,10205.6344949698,19265.1351801501,"1",2006,0,2014.1,2014.9,0.521998593053345,"1510","2966",0.797845795839562,2.4634328916834,90.4,16329.61394,16329.61394,"0",3,4.5,3.5,-0.256231986212341,0.59793891680929,2.06959380167631,0.0477968005058601,0.051961562228055,0.102407966657822,-0.637577729121052,-0.256341751057075,-2.95725102165683,-2.27879077001015,0.0624841962552443,-1.70054904445996,-0.581254936930099,0.173752305120934,"High","High"
"428",2014,"4933",-0.0133703637355483,-0.00434021632012925,0.0400230034431163,0.0533933671786646,1,0.0443632197632455,-0.27522036393085,-0.326441703432534,0.557859023849455,205.444444444444,0,12323.0009046283,"1",2006,0,2014.1,2014.9,0.521998593053345,"3453","1699",-1.17494536165005,4.64657534246589,209.433333333333,36120.85961,36120.85961,"1",0,4.5,3.5,-0.273039637765696,2.0107434272238,2.06959380167631,0.0400230034431163,0.0533933671786646,0.0443632197632455,-1.70693046584574,-0.939450972134512,-2.93006875086807,-3.11534453655403,-0.460769295516328,-0.0817780589736155,0.228984751880669,-0.393545230163185,"Medium","Medium"
"429",2014,"4972",-0.0384867951253919,-0.0762047896010739,0.0327250959712075,0.0712118910965994,0,0.108929885572281,-1.60336360090196,1.87652825482069,0.180389378154232,203.866666666667,10326.2106073446,22953.4536752137,"1",2006,0,2014.1,2014.9,0.521998593053345,"1155","1808",1.98171448005813,3.22191780821913,115.133333333333,NA,NA,"0",0,5,3,-0.445822295734191,-0.814865593605218,-0.482235448934286,0.0327250959712075,0.0712118910965994,0.108929885572281,-0.624943688992027,-1.71418235295197,-2.64209546472509,-2.21705085535854,-1.71156101828978,-2.78265279988107,-0.713980295641935,0.300552853495553,"High","High"
"430",2014,"5237",-0.00578911889913634,-0.00149849700406218,0.0475391691522493,0.0533282880513856,0,0.0490376661563115,1.07783020728087,-1.56976225668454,-1.22027839998771,93.6888888888889,16703.6131428571,10176.2735597927,"1",2008,1,2014.1,2014.9,-0.166768381676783,"4896","2990",-1.21322600067011,4.21038251366122,176.566666666667,11919.642,11919.642,"0",0,3,3,-1.08384074869957,-0.814865593605218,-0.482235448934286,0.0475391691522493,0.0533282880513856,0.0490376661563115,0.0432845194458299,-0.277141312727443,-2.93128835592771,-3.0151665791002,-0.0177022587015319,0.094877405033614,-1.07582108385222,-1.90871745332596,"Low","Low"
"431",2014,"5283",-0.0376084560159576,-0.00579797471916928,0.0494592661184383,0.0870677221343959,0,0.0552572408376075,-0.0185777455563462,-0.0290657873856421,-0.385385603366679,176.777777777778,8613.29025470653,16192.9918854425,"1",2009,0,2014.1,2014.9,-0.511151869041847,"1717","1533",0.903831660247573,9.41095890410975,122.955555555556,23462.679937,23462.679937,"0",1,3.5,1.5,-0.620621871889089,-0.814865593605218,-0.482235448934286,0.0494592661184383,0.0870677221343959,0.0552572408376075,-0.804424550058309,-0.12476187503737,-2.44106904779776,-2.89575589128705,-1.16966098526814,-0.101166474331699,-0.193589148012274,-0.298556658687631,"Medium","Medium"
"432",2014,"5291",0.0110189617571309,-0.0184278251087349,0.0569334651992124,0.0459145034420814,0,0.0753612903079472,0.76346818515714,-1.41668639863491,0.170257153238825,163.188888888889,10910.3914513788,24266.2541121751,"1",2008,0,2014.1,2014.9,-0.166768381676783,"1043","3696",3.09680396678948,3.87978142076508,125.733333333333,23115.116279,23115.116279,"0",2,6,0,0.183456178423441,-0.814865593605218,-0.482235448934286,0.0569334651992124,0.0459145034420814,0.0753612903079472,-0.563732856425172,0.416839649923493,-3.08097423269622,-2.58546152693986,0.825936785804809,-0.517644462731364,-1.09119471069354,-0.121998185887685,"Low","Low"
"433",2014,"5291",0.0110189617571309,-0.0184278251087349,0.0569334651992124,0.0459145034420814,0,0.0753612903079472,0.76346818515714,-1.41668639863491,0.170257153238825,163.188888888889,10910.3914513788,24266.2541121751,"1",2008,0,2014.1,2014.9,-0.166768381676783,"1043","3696",3.09680396678948,3.87978142076508,125.733333333333,23115.116279,23115.116279,"0",2,6,0,0.183456178423441,-0.814865593605218,-0.482235448934286,0.0569334651992124,0.0459145034420814,0.0753612903079472,-0.563732856425172,0.416839649923493,-3.08097423269622,-2.58546152693986,0.825936785804809,-0.517644462731364,-1.09119471069354,-0.121998185887685,"Low","Low"
"434",2014,"5291",0.0110189617571309,-0.0184278251087349,0.0569334651992124,0.0459145034420814,0,0.0753612903079472,0.76346818515714,-1.41668639863491,0.170257153238825,163.188888888889,10910.3914513788,24266.2541121751,"1",2008,0,2014.1,2014.9,-0.166768381676783,"1043","3696",3.09680396678948,3.87978142076508,125.733333333333,23115.116279,23115.116279,"0",2,6,0,0.183456178423441,3.4235479376383,2.06959380167631,0.0569334651992124,0.0459145034420814,0.0753612903079472,-0.563732856425172,0.416839649923493,-3.08097423269622,-2.58546152693986,0.825936785804809,-0.517644462731364,-1.09119471069354,-0.121998185887685,"Low","Low"
"435",2014,"5333",-0.000951791400807825,-0.018731669241048,0.041979913616348,0.0429317050171558,1,0.060711582857396,0.422670057967921,0.89968790322489,-0.499802740238605,166.166666666667,7485.56837701613,17286.3799818841,"1",2009,0,2014.1,2014.9,-0.511151869041847,"1857","3618",0.26791647379993,4.49009656411408,172.311111111111,10586.7301125,10586.7301125,"1",3,3,2,-1.07375615776756,-0.814865593605218,-0.482235448934286,0.041979913616348,0.0429317050171558,0.060711582857396,-0.922587950557016,-0.755739934736756,-3.14814468131827,-2.80162077774686,0.218745061652114,-0.735100576929692,-0.956135533016298,-0.975886938072132,"High","High"
"436",2014,"5333",-0.000951791400807825,-0.018731669241048,0.041979913616348,0.0429317050171558,1,0.060711582857396,0.422670057967921,0.89968790322489,-0.499802740238605,166.166666666667,7485.56837701613,17286.3799818841,"1",2009,0,2014.1,2014.9,-0.511151869041847,"1857","3618",0.26791647379993,4.49009656411408,172.311111111111,10586.7301125,10586.7301125,"1",3,3,2,-1.07375615776756,-0.814865593605218,-0.482235448934286,0.041979913616348,0.0429317050171558,0.060711582857396,-0.922587950557016,-0.755739934736756,-3.14814468131827,-2.80162077774686,0.218745061652114,-0.735100576929692,-0.956135533016298,-0.975886938072132,"High","High"
"437",2014,"5333",-0.000951791400807825,-0.018731669241048,0.041979913616348,0.0429317050171558,1,0.060711582857396,0.422670057967921,0.89968790322489,-0.499802740238605,166.166666666667,7485.56837701613,17286.3799818841,"1",2009,0,2014.1,2014.9,-0.511151869041847,"1857","3618",0.26791647379993,4.49009656411408,172.311111111111,10586.7301125,10586.7301125,"1",3,3,2,-1.07375615776756,-0.814865593605218,-0.482235448934286,0.041979913616348,0.0429317050171558,0.060711582857396,-0.922587950557016,-0.755739934736756,-3.14814468131827,-2.80162077774686,0.218745061652114,-0.735100576929692,-0.956135533016298,-0.975886938072132,"High","High"
"438",2014,"5333",-0.000951791400807825,-0.018731669241048,0.041979913616348,0.0429317050171558,1,0.060711582857396,0.422670057967921,0.89968790322489,-0.499802740238605,166.166666666667,7485.56837701613,17286.3799818841,"1",2009,0,2014.1,2014.9,-0.511151869041847,"1857","3618",0.26791647379993,4.49009656411408,172.311111111111,10586.7301125,10586.7301125,"1",3,3,2,-1.07375615776756,0.59793891680929,2.06959380167631,0.041979913616348,0.0429317050171558,0.060711582857396,-0.922587950557016,-0.755739934736756,-3.14814468131827,-2.80162077774686,0.218745061652114,-0.735100576929692,-0.956135533016298,-0.975886938072132,"High","High"
"439",2014,"5447",0.00487099122263446,-0.00428054416127331,0.0519926690978016,0.0471216778751671,0,0.0562732132590749,0.702299755297216,1.17772895634246,-0.0614520228097052,166.166666666667,9597.86333333333,17903.6276896552,"1",2009,0,2014.1,2014.9,-0.511151869041847,"2989","1731",0.0540723224233294,6.79999999999995,126.322222222222,33891.719165,33891.719165,"0",0,3,2,-1.06770540320835,-0.814865593605218,-0.482235448934286,0.0519926690978016,0.0471216778751671,0.0562732132590749,-0.701260369854329,0.0674788676268373,-3.0550221317166,-2.87753664286531,0.527525541489979,-0.0232206207434143,-0.882440933648143,-0.921195753369078,"High","High"
"440",2014,"5456",0.018448362424389,-0.00767391172178594,0.0500270772272489,0.0315787148028598,0,0.0577009889490348,0.186050270794597,-1.20969338739636,0.334090852999172,154.388888888889,7030.92655462185,12608.5513549832,"1",2009,0,2014.1,2014.9,-0.511151869041847,"4958","4888",-0.85985544261843,2.98904109589034,211.455555555556,10977.7323985,10977.7323985,"0",2,5,0,-0.012857191719752,0.59793891680929,-0.482235448934286,0.0500270772272489,0.0315787148028598,0.0577009889490348,-0.970225603781463,-0.0808323679270125,-3.45527196753566,-2.85248096611696,1.45219189515772,-0.179421538254493,-1.37304419803886,-1.32205486391359,"Medium","Medium"
"441",2014,"5508",-0.0051604778681747,-0.000869855973100547,0.0481678101832109,0.0533282880513856,1,0.0490376661563115,1.07783020728087,-1.56976225668454,-3.1239153249857,157.888888888889,8269.9975,10176.2735597927,"1",2009,1,2014.1,2014.9,-0.511151869041847,"4896","2990",-0.666405515349583,5.66631484392542,176.566666666667,12254.08852,12254.08852,"1",1,3,2,-1.29763407645825,0.59793891680929,2.06959380167631,0.0481678101832109,0.0533282880513856,0.0490376661563115,-0.840394978641081,-0.226584864167193,-2.93128835592771,-3.0151665791002,0.0158806325243066,0.127144715855391,-1.0675127952545,-1.52319872614248,"Low","Low"
"442",2014,"5508",-0.0051604778681747,-0.000869855973100547,0.0481678101832109,0.0533282880513856,1,0.0490376661563115,1.07783020728087,-1.56976225668454,-3.1239153249857,157.888888888889,8269.9975,10176.2735597927,"1",2009,1,2014.1,2014.9,-0.511151869041847,"4896","2990",-0.666405515349583,5.66631484392542,176.566666666667,12254.08852,12254.08852,"1",1,3,2,-1.29763407645825,0.59793891680929,-0.482235448934286,0.0481678101832109,0.0533282880513856,0.0490376661563115,-0.840394978641081,-0.226584864167193,-2.93128835592771,-3.0151665791002,0.0158806325243066,0.127144715855391,-1.0675127952545,-1.52319872614248,"Low","Low"
"443",2014,"5522",0.0114477374078598,0.00409756562931304,0.0572831280430378,0.045835390635178,0,0.0531855624137248,-0.676124233115212,1.54923843010449,-2.51669282781684,157.888888888889,7860.17349206349,18416.0193059211,"1",2009,0,2014.1,2014.9,-0.511151869041847,"1757","1616",1.17239778267934,8.9887267011004,170.922222222222,26470.371415,26470.371415,"0",3,4.5,0.5,-0.570871223291157,0.59793891680929,2.06959380167631,0.0572831280430378,0.045835390635178,0.0531855624137248,-0.883336593361694,0.4404027722711,-3.08269876496529,-2.93396830266628,0.845997481383257,0.353404155599327,-0.260410866038826,-0.475345674339664,"High","High"
"444",2014,"5522",0.0114477374078598,0.00409756562931304,0.0572831280430378,0.045835390635178,0,0.0531855624137248,-0.676124233115212,1.54923843010449,-2.51669282781684,157.888888888889,7860.17349206349,18416.0193059211,"1",2009,0,2014.1,2014.9,-0.511151869041847,"1757","1616",1.17239778267934,8.9887267011004,170.922222222222,26470.371415,26470.371415,"0",3,4.5,0.5,-0.570871223291157,-0.814865593605218,-0.482235448934286,0.0572831280430378,0.045835390635178,0.0531855624137248,-0.883336593361694,0.4404027722711,-3.08269876496529,-2.93396830266628,0.845997481383257,0.353404155599327,-0.260410866038826,-0.475345674339664,"High","High"
"445",2014,"5522",0.0114477374078598,0.00409756562931304,0.0572831280430378,0.045835390635178,0,0.0531855624137248,-0.676124233115212,1.54923843010449,-2.51669282781684,157.888888888889,7860.17349206349,18416.0193059211,"1",2009,0,2014.1,2014.9,-0.511151869041847,"1757","1616",1.17239778267934,8.9887267011004,170.922222222222,26470.371415,26470.371415,"0",3,4.5,0.5,-0.570871223291157,0.59793891680929,2.06959380167631,0.0572831280430378,0.045835390635178,0.0531855624137248,-0.883336593361694,0.4404027722711,-3.08269876496529,-2.93396830266628,0.845997481383257,0.353404155599327,-0.260410866038826,-0.475345674339664,"High","High"
"446",2014,"5522",0.0114477374078598,0.00409756562931304,0.0572831280430378,0.045835390635178,0,0.0531855624137248,-0.676124233115212,1.54923843010449,-2.51669282781684,157.888888888889,7860.17349206349,18416.0193059211,"1",2009,0,2014.1,2014.9,-0.511151869041847,"1757","1616",1.17239778267934,8.9887267011004,170.922222222222,26470.371415,26470.371415,"0",3,4.5,0.5,-0.570871223291157,0.59793891680929,-0.482235448934286,0.0572831280430378,0.045835390635178,0.0531855624137248,-0.883336593361694,0.4404027722711,-3.08269876496529,-2.93396830266628,0.845997481383257,0.353404155599327,-0.260410866038826,-0.475345674339664,"High","High"
"447",2014,"5547",-0.00650213002098782,0.00399223055295028,0.0493001179597367,0.0558022479807245,1,0.0453078874067864,-1.10521667197151,0.978610111380915,-2.49301880230867,118.622222222222,8012.67936758893,11197.3000396825,"1",2010,0,2014.1,2014.9,-0.855535356406911,"5217","1869",-1.05392669929564,7.01917808219173,110.788888888889,16840.848475,16840.848475,"1",2,4.5,-0.5,-0.260265822585146,-0.814865593605218,-0.482235448934286,0.0493001179597367,0.0558022479807245,0.0453078874067864,-0.867356932769292,-0.137165105686162,-2.88594112401343,-3.0942741467093,-0.0406449707758525,0.378521929334807,-1.25972045128431,-1.72405719579244,"High","High"
"448",2014,"5595",-0.00231676683266594,0.00367953365538857,0.0535044330305989,0.0558211998632648,2,0.0498248993752103,0.541576525944464,-0.762206969600828,-1.13471533861544,131.488888888889,7520.86666666667,18949.6778276334,"1",2011,0,2014.1,2014.9,-1.19991884377197,"1707","1604",1.56650056004078,10.3173815405344,225.344444444444,23858.0118,23858.0118,"1",1,4,-1,-0.394054728949856,-0.814865593605218,-0.482235448934286,0.0535044330305989,0.0558211998632648,0.0498248993752103,-0.918889373789632,0.177781119155644,-2.88560155588347,-2.99924043244959,0.167694797732871,0.346110431769739,-0.53290862038065,-0.744188641379309,"Medium","Medium"
"449",2014,"5650",0.0576499648848713,0.0212418344753301,0.0918139559613266,0.0341639910764554,0,0.0705721214859965,-0.0866628009754844,-0.016182590734303,1.2641355209163,150.666666666667,0,12644.5325030525,"1",2011,1,2014.1,2014.9,-1.19991884377197,"5132","2974",-0.150882038957593,7.52905157571695,227.788888888889,15800.29366,15800.29366,"0",1,1.5,1.5,-1.72992687441056,-0.814865593605218,-0.482235448934286,0.0918139559613266,0.0341639910764554,0.0705721214859965,-1.70693046584574,2.25592112244299,-3.37658308209557,-2.65112009227025,2.80325855381236,0.817408767392816,-1.41296553591853,-1.84402771070296,"Medium","Medium"
"450",2014,"5822",0.0575778933560554,0.077752603044809,0.112589224047871,0.0550113306918154,1,0.0348366210030618,0.330404754471032,0.342163182949193,-0.417991076709189,105.355555555556,5473.49333333333,12225.5026785714,"1",2012,0,2014.1,2014.9,-1.54430233113704,"5604","1729",-1.32530145556845,10.6675799086756,143.511111111111,15910.056174,15910.056174,"1",3,3.5,-1.5,-0.681801723543303,0.59793891680929,2.06959380167631,0.112589224047871,0.0550113306918154,0.0348366210030618,-1.13341442641387,3.0409260912288,-2.90021610238888,-3.35708611783615,2.10694257132843,3.05244135501419,-0.892518886321633,-2.16142539084253,"High","High"
"451",2014,"5822",0.0575778933560554,0.077752603044809,0.112589224047871,0.0550113306918154,1,0.0348366210030618,0.330404754471032,0.342163182949193,-0.417991076709189,105.355555555556,5473.49333333333,12225.5026785714,"1",2012,0,2014.1,2014.9,-1.54430233113704,"5604","1729",-1.32530145556845,10.6675799086756,143.511111111111,15910.056174,15910.056174,"1",3,3.5,-1.5,-0.681801723543303,0.59793891680929,-0.482235448934286,0.112589224047871,0.0550113306918154,0.0348366210030618,-1.13341442641387,3.0409260912288,-2.90021610238888,-3.35708611783615,2.10694257132843,3.05244135501419,-0.892518886321633,-2.16142539084253,"High","High"
"452",2014,"5837",0.0327024783473635,-0.0372295069538998,0.0768553364911098,0.0441528581437464,0,0.11408484344501,1.68841442722135,-0.257257008871794,1.15683549644396,156.522222222222,5021.495,11454.1666666667,"1",2011,0,2014.1,2014.9,-1.19991884377197,"5284","5539",-0.762250496609262,1.8849315068494,151.8,18525.24284,18525.24284,"0",1,4,-1,-0.809539875348806,0.59793891680929,2.06959380167631,0.0768553364911098,0.0441528581437464,0.11408484344501,-1.18077509320859,1.57152238989721,-3.12009761690983,-2.17081286665175,1.69296600719241,-0.799144718025589,-2.23733127430297,-1.87519824060369,"Medium","Medium"
"453",2015,"1533",0.00545361803588099,-0.0107545335081861,0.0552572408376075,0.0498036228017265,1,0.0660117743457937,-1.65787638806222,0.909104860214593,0.116177653980734,107.522222222222,19470.6024912281,17276.4077385798,"1",1999,1,2015.1,2015.9,3.27706649197386,"677","1028",0.404772007452865,4.16712328767107,81.3,11565.41502,11565.41502,"1",0,8,8,1.45142541160858,0.59793891680929,-0.482235448934286,0.0552572408376075,0.0498036228017265,0.0660117743457937,0.333211386180767,0.301834103892623,-2.99966755057485,-2.71792215368826,0.541693108214653,-0.265693417850791,0.168586942917286,-0.674752925474551,"High","High"
"454",2015,"1533",0.00545361803588099,-0.0107545335081861,0.0552572408376075,0.0498036228017265,1,0.0660117743457937,-1.65787638806222,0.909104860214593,0.116177653980734,107.522222222222,19470.6024912281,17276.4077385798,"1",1999,1,2015.1,2015.9,3.27706649197386,"677","1028",0.404772007452865,4.16712328767107,81.3,11565.41502,11565.41502,"1",0,8,8,1.45142541160858,-0.814865593605218,-0.482235448934286,0.0552572408376075,0.0498036228017265,0.0660117743457937,0.333211386180767,0.301834103892623,-2.99966755057485,-2.71792215368826,0.541693108214653,-0.265693417850791,0.168586942917286,-0.674752925474551,"High","High"
"455",2015,"1533",0.00545361803588099,-0.0107545335081861,0.0552572408376075,0.0498036228017265,1,0.0660117743457937,-1.65787638806222,0.909104860214593,0.116177653980734,107.522222222222,19470.6024912281,17276.4077385798,"1",1999,1,2015.1,2015.9,3.27706649197386,"677","1028",0.404772007452865,4.16712328767107,81.3,11565.41502,11565.41502,"1",0,8,8,1.45142541160858,-0.814865593605218,-0.482235448934286,0.0552572408376075,0.0498036228017265,0.0660117743457937,0.333211386180767,0.301834103892623,-2.99966755057485,-2.71792215368826,0.541693108214653,-0.265693417850791,0.168586942917286,-0.674752925474551,"High","High"
"456",2015,"1750",-0.0300334032275646,0.00237947239245072,0.052935775746504,0.0829691789740685,0,0.0505563033540532,0.702784492967916,-1.53902686432282,-0.780507772029064,180.377777777778,15649.8439857189,0,"1",2002,0,2015.1,2015.9,2.24391602987866,"1362","1187",-0.40195534881709,5.70101804027263,107.333333333333,8288.543695,8288.543695,"0",0,7.5,5.5,1.22216904442081,-0.814865593605218,-0.482235448934286,0.052935775746504,0.0829691789740685,0.0505563033540532,-0.0671300689481801,0.13666044566191,-2.48928607781027,-2.98466764585817,-0.872746936379651,0.284071457937883,1.16774756477484,0.834001462674741,"Low","Low"
"457",2015,"1750",-0.0300334032275646,0.00237947239245072,0.052935775746504,0.0829691789740685,0,0.0505563033540532,0.702784492967916,-1.53902686432282,-0.780507772029064,180.377777777778,15649.8439857189,0,"1",2002,0,2015.1,2015.9,2.24391602987866,"1362","1187",-0.40195534881709,5.70101804027263,107.333333333333,8288.543695,8288.543695,"0",0,7.5,5.5,1.22216904442081,-0.814865593605218,-0.482235448934286,0.052935775746504,0.0829691789740685,0.0505563033540532,-0.0671300689481801,0.13666044566191,-2.48928607781027,-2.98466764585817,-0.872746936379651,0.284071457937883,1.16774756477484,0.834001462674741,"Low","Low"
"458",2015,"1750",-0.0300334032275646,0.00237947239245072,0.052935775746504,0.0829691789740685,0,0.0505563033540532,0.702784492967916,-1.53902686432282,-0.780507772029064,180.377777777778,15649.8439857189,0,"1",2002,0,2015.1,2015.9,2.24391602987866,"1362","1187",-0.40195534881709,5.70101804027263,107.333333333333,8288.543695,8288.543695,"0",0,7.5,5.5,1.22216904442081,0.59793891680929,-0.482235448934286,0.052935775746504,0.0829691789740685,0.0505563033540532,-0.0671300689481801,0.13666044566191,-2.48928607781027,-2.98466764585817,-0.872746936379651,0.284071457937883,1.16774756477484,0.834001462674741,"Low","Low"
"459",2015,"1750",-0.0300334032275646,0.00237947239245072,0.052935775746504,0.0829691789740685,0,0.0505563033540532,0.702784492967916,-1.53902686432282,-0.780507772029064,180.377777777778,15649.8439857189,0,"1",2002,0,2015.1,2015.9,2.24391602987866,"1362","1187",-0.40195534881709,5.70101804027263,107.333333333333,8288.543695,8288.543695,"0",0,7.5,5.5,1.22216904442081,-0.814865593605218,-0.482235448934286,0.052935775746504,0.0829691789740685,0.0505563033540532,-0.0671300689481801,0.13666044566191,-2.48928607781027,-2.98466764585817,-0.872746936379651,0.284071457937883,1.16774756477484,0.834001462674741,"Low","Low"
"460",2015,"1750",-0.0300334032275646,0.00237947239245072,0.052935775746504,0.0829691789740685,0,0.0505563033540532,0.702784492967916,-1.53902686432282,-0.780507772029064,180.377777777778,15649.8439857189,0,"1",2002,0,2015.1,2015.9,2.24391602987866,"1362","1187",-0.40195534881709,5.70101804027263,107.333333333333,8288.543695,8288.543695,"0",0,7.5,5.5,1.22216904442081,0.59793891680929,2.06959380167631,0.052935775746504,0.0829691789740685,0.0505563033540532,-0.0671300689481801,0.13666044566191,-2.48928607781027,-2.98466764585817,-0.872746936379651,0.284071457937883,1.16774756477484,0.834001462674741,"Low","Low"
"461",2015,"1877",-0.0194843956151411,0.000949460600295535,0.0440756118101234,0.0635600074252645,1,0.0431261512098279,0.150162065955198,0.0353302567342167,-1.09869156710495,170.066666666667,14559.5670134424,52540.4536111111,"1",2003,0,2015.1,2015.9,1.8995325425136,"1893","1524",-1.22514652868458,4.06575342465771,225.344444444444,18527.438805,18527.438805,"1",0,8.05882352941176,3.94117647058824,1.43125622974456,-0.814865593605218,-0.482235448934286,0.0440756118101234,0.0635600074252645,0.0431261512098279,-0.181369968943269,-0.568263341356287,-2.75577082049071,-3.14362570926626,-0.659771245850343,0.224594738509543,0.768690946539634,1.40138118125141,"Medium","Medium"
"462",2015,"4890",-0.00416476172219489,-0.0546111661519622,0.0477968005058601,0.051961562228055,0,0.102407966657822,0.655971361318308,0.952843696215149,1.05943980269119,176.566666666667,10205.6344949698,19265.1351801501,"1",2006,1,2015.1,2015.9,0.866382080418409,"1510","2966",0.797845795839562,2.4634328916834,90.4,7875.2043615,7875.2043615,"0",0,4.5,4.5,-0.256231986212341,-0.814865593605218,-0.482235448934286,0.0477968005058601,0.051961562228055,0.102407966657822,-0.637577729121052,-0.256341751057075,-2.95725102165683,-2.27879077001015,0.0624841962552443,-1.70054904445996,-0.581254936930099,0.173752305120934,"High","High"
"463",2015,"4890",-0.00416476172219489,-0.0546111661519622,0.0477968005058601,0.051961562228055,0,0.102407966657822,0.655971361318308,0.952843696215149,1.05943980269119,176.566666666667,10205.6344949698,19265.1351801501,"1",2006,1,2015.1,2015.9,0.866382080418409,"1510","2966",0.797845795839562,2.4634328916834,90.4,7875.2043615,7875.2043615,"0",0,4.5,4.5,-0.256231986212341,0.59793891680929,2.06959380167631,0.0477968005058601,0.051961562228055,0.102407966657822,-0.637577729121052,-0.256341751057075,-2.95725102165683,-2.27879077001015,0.0624841962552443,-1.70054904445996,-0.581254936930099,0.173752305120934,"High","High"
"464",2015,"4890",-0.00416476172219489,-0.0546111661519622,0.0477968005058601,0.051961562228055,0,0.102407966657822,0.655971361318308,0.952843696215149,1.05943980269119,176.566666666667,10205.6344949698,19265.1351801501,"1",2006,1,2015.1,2015.9,0.866382080418409,"1510","2966",0.797845795839562,2.4634328916834,90.4,7875.2043615,7875.2043615,"0",0,4.5,4.5,-0.256231986212341,0.59793891680929,2.06959380167631,0.0477968005058601,0.051961562228055,0.102407966657822,-0.637577729121052,-0.256341751057075,-2.95725102165683,-2.27879077001015,0.0624841962552443,-1.70054904445996,-0.581254936930099,0.173752305120934,"High","High"
"465",2015,"4933",-0.0133703637355483,-0.00434021632012925,0.0400230034431163,0.0533933671786646,1,0.0443632197632455,-0.27522036393085,-0.326441703432534,0.557859023849455,205.444444444444,0,12323.0009046283,"1",2006,1,2015.1,2015.9,0.866382080418409,"3453","1699",-1.17494536165005,4.64657534246589,209.433333333333,28809.382465,28809.382465,"1",0,4.5,4.5,-0.273039637765696,2.0107434272238,2.06959380167631,0.0400230034431163,0.0533933671786646,0.0443632197632455,-1.70693046584574,-0.939450972134512,-2.93006875086807,-3.11534453655403,-0.460769295516328,-0.0817780589736155,0.228984751880669,-0.393545230163185,"Medium","Medium"
"466",2015,"5283",-0.0376084560159576,-0.00579797471916928,0.0494592661184383,0.0870677221343959,0,0.0552572408376075,-0.0185777455563462,-0.0290657873856421,-0.385385603366679,176.777777777778,8613.29025470653,16192.9918854425,"1",2009,0,2015.1,2015.9,-0.166768381676783,"1717","1533",0.903831660247573,9.41095890410975,122.955555555556,10117.375183,10117.375183,"0",0,3.5,2.5,-0.620621871889089,-0.814865593605218,-0.482235448934286,0.0494592661184383,0.0870677221343959,0.0552572408376075,-0.804424550058309,-0.12476187503737,-2.44106904779776,-2.89575589128705,-1.16966098526814,-0.101166474331699,-0.193589148012274,-0.298556658687631,"Medium","Medium"
"467",2015,"5283",-0.0376084560159576,-0.00579797471916928,0.0494592661184383,0.0870677221343959,0,0.0552572408376075,-0.0185777455563462,-0.0290657873856421,-0.385385603366679,176.777777777778,8613.29025470653,16192.9918854425,"1",2009,0,2015.1,2015.9,-0.166768381676783,"1717","1533",0.903831660247573,9.41095890410975,122.955555555556,10117.375183,10117.375183,"0",0,3.5,2.5,-0.620621871889089,-0.814865593605218,-0.482235448934286,0.0494592661184383,0.0870677221343959,0.0552572408376075,-0.804424550058309,-0.12476187503737,-2.44106904779776,-2.89575589128705,-1.16966098526814,-0.101166474331699,-0.193589148012274,-0.298556658687631,"Medium","Medium"
"468",2015,"5291",0.0110189617571309,-0.0184278251087349,0.0569334651992124,0.0459145034420814,0,0.0753612903079472,0.76346818515714,-1.41668639863491,0.170257153238825,163.188888888889,10910.3914513788,24266.2541121751,"1",2008,0,2015.1,2015.9,0.177615105688281,"1043","3696",3.09680396678948,3.87978142076508,125.733333333333,30520.707715,30520.707715,"0",1,6,1,0.183456178423441,-0.814865593605218,-0.482235448934286,0.0569334651992124,0.0459145034420814,0.0753612903079472,-0.563732856425172,0.416839649923493,-3.08097423269622,-2.58546152693986,0.825936785804809,-0.517644462731364,-1.09119471069354,-0.121998185887685,"Low","Low"
"469",2015,"5291",0.0110189617571309,-0.0184278251087349,0.0569334651992124,0.0459145034420814,0,0.0753612903079472,0.76346818515714,-1.41668639863491,0.170257153238825,163.188888888889,10910.3914513788,24266.2541121751,"1",2008,0,2015.1,2015.9,0.177615105688281,"1043","3696",3.09680396678948,3.87978142076508,125.733333333333,30520.707715,30520.707715,"0",1,6,1,0.183456178423441,-0.814865593605218,-0.482235448934286,0.0569334651992124,0.0459145034420814,0.0753612903079472,-0.563732856425172,0.416839649923493,-3.08097423269622,-2.58546152693986,0.825936785804809,-0.517644462731364,-1.09119471069354,-0.121998185887685,"Low","Low"
"470",2015,"5291",0.0110189617571309,-0.0184278251087349,0.0569334651992124,0.0459145034420814,0,0.0753612903079472,0.76346818515714,-1.41668639863491,0.170257153238825,163.188888888889,10910.3914513788,24266.2541121751,"1",2008,0,2015.1,2015.9,0.177615105688281,"1043","3696",3.09680396678948,3.87978142076508,125.733333333333,30520.707715,30520.707715,"0",1,6,1,0.183456178423441,3.4235479376383,2.06959380167631,0.0569334651992124,0.0459145034420814,0.0753612903079472,-0.563732856425172,0.416839649923493,-3.08097423269622,-2.58546152693986,0.825936785804809,-0.517644462731364,-1.09119471069354,-0.121998185887685,"Low","Low"
"471",2015,"5333",-0.000951791400807825,-0.018731669241048,0.041979913616348,0.0429317050171558,1,0.060711582857396,0.422670057967921,0.89968790322489,-0.499802740238605,166.166666666667,7485.56837701613,17286.3799818841,"1",2009,1,2015.1,2015.9,-0.166768381676783,"1857","3618",0.26791647379993,4.49009656411408,172.311111111111,8311.50966,8311.50966,"1",0,3,3,-1.07375615776756,-0.814865593605218,-0.482235448934286,0.041979913616348,0.0429317050171558,0.060711582857396,-0.922587950557016,-0.755739934736756,-3.14814468131827,-2.80162077774686,0.218745061652114,-0.735100576929692,-0.956135533016298,-0.975886938072132,"High","High"
"472",2015,"5333",-0.000951791400807825,-0.018731669241048,0.041979913616348,0.0429317050171558,1,0.060711582857396,0.422670057967921,0.89968790322489,-0.499802740238605,166.166666666667,7485.56837701613,17286.3799818841,"1",2009,1,2015.1,2015.9,-0.166768381676783,"1857","3618",0.26791647379993,4.49009656411408,172.311111111111,8311.50966,8311.50966,"1",0,3,3,-1.07375615776756,-0.814865593605218,-0.482235448934286,0.041979913616348,0.0429317050171558,0.060711582857396,-0.922587950557016,-0.755739934736756,-3.14814468131827,-2.80162077774686,0.218745061652114,-0.735100576929692,-0.956135533016298,-0.975886938072132,"High","High"
"473",2015,"5333",-0.000951791400807825,-0.018731669241048,0.041979913616348,0.0429317050171558,1,0.060711582857396,0.422670057967921,0.89968790322489,-0.499802740238605,166.166666666667,7485.56837701613,17286.3799818841,"1",2009,1,2015.1,2015.9,-0.166768381676783,"1857","3618",0.26791647379993,4.49009656411408,172.311111111111,8311.50966,8311.50966,"1",0,3,3,-1.07375615776756,-0.814865593605218,-0.482235448934286,0.041979913616348,0.0429317050171558,0.060711582857396,-0.922587950557016,-0.755739934736756,-3.14814468131827,-2.80162077774686,0.218745061652114,-0.735100576929692,-0.956135533016298,-0.975886938072132,"High","High"
"474",2015,"5333",-0.000951791400807825,-0.018731669241048,0.041979913616348,0.0429317050171558,1,0.060711582857396,0.422670057967921,0.89968790322489,-0.499802740238605,166.166666666667,7485.56837701613,17286.3799818841,"1",2009,1,2015.1,2015.9,-0.166768381676783,"1857","3618",0.26791647379993,4.49009656411408,172.311111111111,8311.50966,8311.50966,"1",0,3,3,-1.07375615776756,0.59793891680929,2.06959380167631,0.041979913616348,0.0429317050171558,0.060711582857396,-0.922587950557016,-0.755739934736756,-3.14814468131827,-2.80162077774686,0.218745061652114,-0.735100576929692,-0.956135533016298,-0.975886938072132,"High","High"
"475",2015,"5447",0.00487099122263446,-0.00428054416127331,0.0519926690978016,0.0471216778751671,0,0.0562732132590749,0.702299755297216,1.17772895634246,-0.0614520228097052,166.166666666667,9597.86333333333,17903.6276896552,"1",2009,1,2015.1,2015.9,-0.166768381676783,"2989","1731",0.0540723224233294,6.79999999999995,126.322222222222,5841.416233,5841.416233,"0",0,3,3,-1.06770540320835,-0.814865593605218,-0.482235448934286,0.0519926690978016,0.0471216778751671,0.0562732132590749,-0.701260369854329,0.0674788676268373,-3.0550221317166,-2.87753664286531,0.527525541489979,-0.0232206207434143,-0.882440933648143,-0.921195753369078,"High","High"
"476",2015,"5456",0.018448362424389,-0.00767391172178594,0.0500270772272489,0.0315787148028598,0,0.0577009889490348,0.186050270794597,-1.20969338739636,0.334090852999172,154.388888888889,7030.92655462185,12608.5513549832,"1",2009,0,2015.1,2015.9,-0.166768381676783,"4958","4888",-0.85985544261843,2.98904109589034,211.455555555556,4400.75683,4400.75683,"0",0,5,1,-0.012857191719752,0.59793891680929,-0.482235448934286,0.0500270772272489,0.0315787148028598,0.0577009889490348,-0.970225603781463,-0.0808323679270125,-3.45527196753566,-2.85248096611696,1.45219189515772,-0.179421538254493,-1.37304419803886,-1.32205486391359,"Medium","Medium"
"477",2015,"5456",0.018448362424389,-0.00767391172178594,0.0500270772272489,0.0315787148028598,0,0.0577009889490348,0.186050270794597,-1.20969338739636,0.334090852999172,154.388888888889,7030.92655462185,12608.5513549832,"1",2009,0,2015.1,2015.9,-0.166768381676783,"4958","4888",-0.85985544261843,2.98904109589034,211.455555555556,4400.75683,4400.75683,"0",0,5,1,-0.012857191719752,0.59793891680929,-0.482235448934286,0.0500270772272489,0.0315787148028598,0.0577009889490348,-0.970225603781463,-0.0808323679270125,-3.45527196753566,-2.85248096611696,1.45219189515772,-0.179421538254493,-1.37304419803886,-1.32205486391359,"Medium","Medium"
"478",2015,"5522",0.0114477374078598,0.00409756562931304,0.0572831280430378,0.045835390635178,0,0.0531855624137248,-0.676124233115212,1.54923843010449,-2.51669282781684,157.888888888889,7860.17349206349,18416.0193059211,"1",2009,0,2015.1,2015.9,-0.166768381676783,"1757","1616",1.17239778267934,8.9887267011004,170.922222222222,39917.00078,39917.00078,"0",4,4.5,1.5,-0.570871223291157,0.59793891680929,2.06959380167631,0.0572831280430378,0.045835390635178,0.0531855624137248,-0.883336593361694,0.4404027722711,-3.08269876496529,-2.93396830266628,0.845997481383257,0.353404155599327,-0.260410866038826,-0.475345674339664,"High","High"
"479",2015,"5522",0.0114477374078598,0.00409756562931304,0.0572831280430378,0.045835390635178,0,0.0531855624137248,-0.676124233115212,1.54923843010449,-2.51669282781684,157.888888888889,7860.17349206349,18416.0193059211,"1",2009,0,2015.1,2015.9,-0.166768381676783,"1757","1616",1.17239778267934,8.9887267011004,170.922222222222,39917.00078,39917.00078,"0",4,4.5,1.5,-0.570871223291157,-0.814865593605218,-0.482235448934286,0.0572831280430378,0.045835390635178,0.0531855624137248,-0.883336593361694,0.4404027722711,-3.08269876496529,-2.93396830266628,0.845997481383257,0.353404155599327,-0.260410866038826,-0.475345674339664,"High","High"
"480",2015,"5522",0.0114477374078598,0.00409756562931304,0.0572831280430378,0.045835390635178,0,0.0531855624137248,-0.676124233115212,1.54923843010449,-2.51669282781684,157.888888888889,7860.17349206349,18416.0193059211,"1",2009,0,2015.1,2015.9,-0.166768381676783,"1757","1616",1.17239778267934,8.9887267011004,170.922222222222,39917.00078,39917.00078,"0",4,4.5,1.5,-0.570871223291157,0.59793891680929,2.06959380167631,0.0572831280430378,0.045835390635178,0.0531855624137248,-0.883336593361694,0.4404027722711,-3.08269876496529,-2.93396830266628,0.845997481383257,0.353404155599327,-0.260410866038826,-0.475345674339664,"High","High"
"481",2015,"5522",0.0114477374078598,0.00409756562931304,0.0572831280430378,0.045835390635178,0,0.0531855624137248,-0.676124233115212,1.54923843010449,-2.51669282781684,157.888888888889,7860.17349206349,18416.0193059211,"1",2009,0,2015.1,2015.9,-0.166768381676783,"1757","1616",1.17239778267934,8.9887267011004,170.922222222222,39917.00078,39917.00078,"0",4,4.5,1.5,-0.570871223291157,0.59793891680929,-0.482235448934286,0.0572831280430378,0.045835390635178,0.0531855624137248,-0.883336593361694,0.4404027722711,-3.08269876496529,-2.93396830266628,0.845997481383257,0.353404155599327,-0.260410866038826,-0.475345674339664,"High","High"
"482",2015,"5522",0.0114477374078598,0.00409756562931304,0.0572831280430378,0.045835390635178,0,0.0531855624137248,-0.676124233115212,1.54923843010449,-2.51669282781684,157.888888888889,7860.17349206349,18416.0193059211,"1",2009,0,2015.1,2015.9,-0.166768381676783,"1757","1616",1.17239778267934,8.9887267011004,170.922222222222,39917.00078,39917.00078,"0",4,4.5,1.5,-0.570871223291157,0.59793891680929,-0.482235448934286,0.0572831280430378,0.045835390635178,0.0531855624137248,-0.883336593361694,0.4404027722711,-3.08269876496529,-2.93396830266628,0.845997481383257,0.353404155599327,-0.260410866038826,-0.475345674339664,"High","High"
"483",2015,"5522",0.0114477374078598,0.00409756562931304,0.0572831280430378,0.045835390635178,0,0.0531855624137248,-0.676124233115212,1.54923843010449,-2.51669282781684,157.888888888889,7860.17349206349,18416.0193059211,"1",2009,0,2015.1,2015.9,-0.166768381676783,"1757","1616",1.17239778267934,8.9887267011004,170.922222222222,39917.00078,39917.00078,"0",4,4.5,1.5,-0.570871223291157,2.0107434272238,2.06959380167631,0.0572831280430378,0.045835390635178,0.0531855624137248,-0.883336593361694,0.4404027722711,-3.08269876496529,-2.93396830266628,0.845997481383257,0.353404155599327,-0.260410866038826,-0.475345674339664,"High","High"
"484",2015,"5547",-0.00650213002098782,0.00399223055295028,0.0493001179597367,0.0558022479807245,1,0.0453078874067864,-1.10521667197151,0.978610111380915,-2.49301880230867,118.622222222222,8012.67936758893,11197.3000396825,"1",2010,0,2015.1,2015.9,-0.511151869041847,"5217","1869",-1.05392669929564,7.01917808219173,110.788888888889,17941.117185,17941.117185,"1",2,4.5,0.5,-0.260265822585146,-0.814865593605218,-0.482235448934286,0.0493001179597367,0.0558022479807245,0.0453078874067864,-0.867356932769292,-0.137165105686162,-2.88594112401343,-3.0942741467093,-0.0406449707758525,0.378521929334807,-1.25972045128431,-1.72405719579244,"High","High"
"485",2015,"5822",0.0575778933560554,0.077752603044809,0.112589224047871,0.0550113306918154,1,0.0348366210030618,0.330404754471032,0.342163182949193,-0.417991076709189,105.355555555556,5473.49333333333,12225.5026785714,"1",2012,0,2015.1,2015.9,-1.19991884377197,"5604","1729",-1.32530145556845,10.6675799086756,143.511111111111,8801.2418275,8801.2418275,"1",2,3.5,-0.5,-0.681801723543303,0.59793891680929,2.06959380167631,0.112589224047871,0.0550113306918154,0.0348366210030618,-1.13341442641387,3.0409260912288,-2.90021610238888,-3.35708611783615,2.10694257132843,3.05244135501419,-0.892518886321633,-2.16142539084253,"High","High"
"486",2015,"5822",0.0575778933560554,0.077752603044809,0.112589224047871,0.0550113306918154,1,0.0348366210030618,0.330404754471032,0.342163182949193,-0.417991076709189,105.355555555556,5473.49333333333,12225.5026785714,"1",2012,0,2015.1,2015.9,-1.19991884377197,"5604","1729",-1.32530145556845,10.6675799086756,143.511111111111,8801.2418275,8801.2418275,"1",2,3.5,-0.5,-0.681801723543303,0.59793891680929,-0.482235448934286,0.112589224047871,0.0550113306918154,0.0348366210030618,-1.13341442641387,3.0409260912288,-2.90021610238888,-3.35708611783615,2.10694257132843,3.05244135501419,-0.892518886321633,-2.16142539084253,"High","High"
"487",2015,"5822",0.0575778933560554,0.077752603044809,0.112589224047871,0.0550113306918154,1,0.0348366210030618,0.330404754471032,0.342163182949193,-0.417991076709189,105.355555555556,5473.49333333333,12225.5026785714,"1",2012,0,2015.1,2015.9,-1.19991884377197,"5604","1729",-1.32530145556845,10.6675799086756,143.511111111111,8801.2418275,8801.2418275,"1",2,3.5,-0.5,-0.681801723543303,-0.814865593605218,-0.482235448934286,0.112589224047871,0.0550113306918154,0.0348366210030618,-1.13341442641387,3.0409260912288,-2.90021610238888,-3.35708611783615,2.10694257132843,3.05244135501419,-0.892518886321633,-2.16142539084253,"High","High"
"488",2015,"5837",0.0327024783473635,-0.0372295069538998,0.0768553364911098,0.0441528581437464,0,0.11408484344501,1.68841442722135,-0.257257008871794,1.15683549644396,156.522222222222,5021.495,11454.1666666667,"1",2011,0,2015.1,2015.9,-0.855535356406911,"5284","5539",-0.762250496609262,1.8849315068494,151.8,16603.075675,16603.075675,"0",0,4,0,-0.809539875348806,0.59793891680929,2.06959380167631,0.0768553364911098,0.0441528581437464,0.11408484344501,-1.18077509320859,1.57152238989721,-3.12009761690983,-2.17081286665175,1.69296600719241,-0.799144718025589,-2.23733127430297,-1.87519824060369,"Medium","Medium"
"489",2016,"5283",-0.0376084560159576,-0.00579797471916928,0.0494592661184383,0.0870677221343959,0,0.0552572408376075,-0.0185777455563462,-0.0290657873856421,-0.385385603366679,176.777777777778,8613.29025470653,16192.9918854425,"1",2009,1,2016.1,2016.9,0.177615105688281,"1717","1533",0.903831660247573,9.41095890410975,122.955555555556,10146.19427,10146.19427,"0",0,3.5,3.5,-0.620621871889089,-0.814865593605218,-0.482235448934286,0.0494592661184383,0.0870677221343959,0.0552572408376075,-0.804424550058309,-0.12476187503737,-2.44106904779776,-2.89575589128705,-1.16966098526814,-0.101166474331699,-0.193589148012274,-0.298556658687631,"Medium","Medium"
"490",2016,"5283",-0.0376084560159576,-0.00579797471916928,0.0494592661184383,0.0870677221343959,0,0.0552572408376075,-0.0185777455563462,-0.0290657873856421,-0.385385603366679,176.777777777778,8613.29025470653,16192.9918854425,"1",2009,1,2016.1,2016.9,0.177615105688281,"1717","1533",0.903831660247573,9.41095890410975,122.955555555556,10146.19427,10146.19427,"0",0,3.5,3.5,-0.620621871889089,-0.814865593605218,-0.482235448934286,0.0494592661184383,0.0870677221343959,0.0552572408376075,-0.804424550058309,-0.12476187503737,-2.44106904779776,-2.89575589128705,-1.16966098526814,-0.101166474331699,-0.193589148012274,-0.298556658687631,"Medium","Medium"
"491",2016,"5291",0.0110189617571309,-0.0184278251087349,0.0569334651992124,0.0459145034420814,0,0.0753612903079472,0.76346818515714,-1.41668639863491,0.170257153238825,163.188888888889,10910.3914513788,24266.2541121751,"1",2008,0,2016.1,2016.9,0.521998593053345,"1043","3696",3.09680396678948,3.87978142076508,125.733333333333,23397.62513,23397.62513,"0",2,6,2,0.183456178423441,-0.814865593605218,-0.482235448934286,0.0569334651992124,0.0459145034420814,0.0753612903079472,-0.563732856425172,0.416839649923493,-3.08097423269622,-2.58546152693986,0.825936785804809,-0.517644462731364,-1.09119471069354,-0.121998185887685,"Low","Low"
"492",2016,"5291",0.0110189617571309,-0.0184278251087349,0.0569334651992124,0.0459145034420814,0,0.0753612903079472,0.76346818515714,-1.41668639863491,0.170257153238825,163.188888888889,10910.3914513788,24266.2541121751,"1",2008,0,2016.1,2016.9,0.521998593053345,"1043","3696",3.09680396678948,3.87978142076508,125.733333333333,23397.62513,23397.62513,"0",2,6,2,0.183456178423441,-0.814865593605218,-0.482235448934286,0.0569334651992124,0.0459145034420814,0.0753612903079472,-0.563732856425172,0.416839649923493,-3.08097423269622,-2.58546152693986,0.825936785804809,-0.517644462731364,-1.09119471069354,-0.121998185887685,"Low","Low"
"493",2016,"5456",0.018448362424389,-0.00767391172178594,0.0500270772272489,0.0315787148028598,0,0.0577009889490348,0.186050270794597,-1.20969338739636,0.334090852999172,154.388888888889,7030.92655462185,12608.5513549832,"1",2009,0,2016.1,2016.9,0.177615105688281,"4958","4888",-0.85985544261843,2.98904109589034,211.455555555556,23430.723505,23430.723505,"0",0,5,2,-0.012857191719752,0.59793891680929,-0.482235448934286,0.0500270772272489,0.0315787148028598,0.0577009889490348,-0.970225603781463,-0.0808323679270125,-3.45527196753566,-2.85248096611696,1.45219189515772,-0.179421538254493,-1.37304419803886,-1.32205486391359,"Medium","Medium"
"494",2016,"5522",0.0114477374078598,0.00409756562931304,0.0572831280430378,0.045835390635178,0,0.0531855624137248,-0.676124233115212,1.54923843010449,-2.51669282781684,157.888888888889,7860.17349206349,18416.0193059211,"1",2009,1,2016.1,2016.9,0.177615105688281,"1757","1616",1.17239778267934,8.9887267011004,170.922222222222,8697.822424,8697.822424,"0",0,4.5,2.5,-0.570871223291157,0.59793891680929,2.06959380167631,0.0572831280430378,0.045835390635178,0.0531855624137248,-0.883336593361694,0.4404027722711,-3.08269876496529,-2.93396830266628,0.845997481383257,0.353404155599327,-0.260410866038826,-0.475345674339664,"High","High"
"495",2016,"5522",0.0114477374078598,0.00409756562931304,0.0572831280430378,0.045835390635178,0,0.0531855624137248,-0.676124233115212,1.54923843010449,-2.51669282781684,157.888888888889,7860.17349206349,18416.0193059211,"1",2009,1,2016.1,2016.9,0.177615105688281,"1757","1616",1.17239778267934,8.9887267011004,170.922222222222,8697.822424,8697.822424,"0",0,4.5,2.5,-0.570871223291157,-0.814865593605218,-0.482235448934286,0.0572831280430378,0.045835390635178,0.0531855624137248,-0.883336593361694,0.4404027722711,-3.08269876496529,-2.93396830266628,0.845997481383257,0.353404155599327,-0.260410866038826,-0.475345674339664,"High","High"
"496",2016,"5522",0.0114477374078598,0.00409756562931304,0.0572831280430378,0.045835390635178,0,0.0531855624137248,-0.676124233115212,1.54923843010449,-2.51669282781684,157.888888888889,7860.17349206349,18416.0193059211,"1",2009,1,2016.1,2016.9,0.177615105688281,"1757","1616",1.17239778267934,8.9887267011004,170.922222222222,8697.822424,8697.822424,"0",0,4.5,2.5,-0.570871223291157,0.59793891680929,2.06959380167631,0.0572831280430378,0.045835390635178,0.0531855624137248,-0.883336593361694,0.4404027722711,-3.08269876496529,-2.93396830266628,0.845997481383257,0.353404155599327,-0.260410866038826,-0.475345674339664,"High","High"
"497",2016,"5522",0.0114477374078598,0.00409756562931304,0.0572831280430378,0.045835390635178,0,0.0531855624137248,-0.676124233115212,1.54923843010449,-2.51669282781684,157.888888888889,7860.17349206349,18416.0193059211,"1",2009,1,2016.1,2016.9,0.177615105688281,"1757","1616",1.17239778267934,8.9887267011004,170.922222222222,8697.822424,8697.822424,"0",0,4.5,2.5,-0.570871223291157,0.59793891680929,-0.482235448934286,0.0572831280430378,0.045835390635178,0.0531855624137248,-0.883336593361694,0.4404027722711,-3.08269876496529,-2.93396830266628,0.845997481383257,0.353404155599327,-0.260410866038826,-0.475345674339664,"High","High"
"498",2016,"5522",0.0114477374078598,0.00409756562931304,0.0572831280430378,0.045835390635178,0,0.0531855624137248,-0.676124233115212,1.54923843010449,-2.51669282781684,157.888888888889,7860.17349206349,18416.0193059211,"1",2009,1,2016.1,2016.9,0.177615105688281,"1757","1616",1.17239778267934,8.9887267011004,170.922222222222,8697.822424,8697.822424,"0",0,4.5,2.5,-0.570871223291157,0.59793891680929,-0.482235448934286,0.0572831280430378,0.045835390635178,0.0531855624137248,-0.883336593361694,0.4404027722711,-3.08269876496529,-2.93396830266628,0.845997481383257,0.353404155599327,-0.260410866038826,-0.475345674339664,"High","High"
"499",2016,"5522",0.0114477374078598,0.00409756562931304,0.0572831280430378,0.045835390635178,0,0.0531855624137248,-0.676124233115212,1.54923843010449,-2.51669282781684,157.888888888889,7860.17349206349,18416.0193059211,"1",2009,1,2016.1,2016.9,0.177615105688281,"1757","1616",1.17239778267934,8.9887267011004,170.922222222222,8697.822424,8697.822424,"0",0,4.5,2.5,-0.570871223291157,2.0107434272238,2.06959380167631,0.0572831280430378,0.045835390635178,0.0531855624137248,-0.883336593361694,0.4404027722711,-3.08269876496529,-2.93396830266628,0.845997481383257,0.353404155599327,-0.260410866038826,-0.475345674339664,"High","High"
"500",2016,"5588",-0.0028506056839442,0.00688926285050625,0.0507414721664425,0.0535920778503867,1,0.0438522093159362,-0.0413970541749668,-0.06877735500707,0.196972592632571,135.322222222222,10709.0169444444,10733.008625,"1",2010,0,2016.1,2016.9,-0.166768381676783,"4964","911",-0.374172646496627,16.4438356164383,203.866666666667,25186.597265,25186.597265,"1",2,4,2,-0.805506038976,2.0107434272238,2.06959380167631,0.0507414721664425,0.0535920778503867,0.0438522093159362,-0.584833002643717,-0.0262651468709866,-2.92635402312782,-3.12693017794544,0.136332105053601,0.529513502188804,-0.520398794185253,-1.7987235862354,"Medium","Medium"
"501",2016,"5822",0.0575778933560554,0.077752603044809,0.112589224047871,0.0550113306918154,1,0.0348366210030618,0.330404754471032,0.342163182949193,-0.417991076709189,105.355555555556,5473.49333333333,12225.5026785714,"1",2012,0,2016.1,2016.9,-0.855535356406911,"5604","1729",-1.32530145556845,10.6675799086756,143.511111111111,6571.153478,6571.153478,"1",0,3.5,0.5,-0.681801723543303,-0.814865593605218,-0.482235448934286,0.112589224047871,0.0550113306918154,0.0348366210030618,-1.13341442641387,3.0409260912288,-2.90021610238888,-3.35708611783615,2.10694257132843,3.05244135501419,-0.892518886321633,-2.16142539084253,"High","High"
"502",2016,"5822",0.0575778933560554,0.077752603044809,0.112589224047871,0.0550113306918154,1,0.0348366210030618,0.330404754471032,0.342163182949193,-0.417991076709189,105.355555555556,5473.49333333333,12225.5026785714,"1",2012,0,2016.1,2016.9,-0.855535356406911,"5604","1729",-1.32530145556845,10.6675799086756,143.511111111111,6571.153478,6571.153478,"1",0,3.5,0.5,-0.681801723543303,-0.814865593605218,-0.482235448934286,0.112589224047871,0.0550113306918154,0.0348366210030618,-1.13341442641387,3.0409260912288,-2.90021610238888,-3.35708611783615,2.10694257132843,3.05244135501419,-0.892518886321633,-2.16142539084253,"High","High"
"503",2017,"5522",0.0114477374078598,0.00409756562931304,0.0572831280430378,0.045835390635178,0,0.0531855624137248,-0.676124233115212,1.54923843010449,-2.51669282781684,157.888888888889,7860.17349206349,18416.0193059211,"1",2009,1,2017.1,2017.9,0.521998593053345,"1757","1616",1.17239778267934,8.9887267011004,170.922222222222,27286.44437,27286.44437,"0",0,4.5,3.5,-0.570871223291157,0.59793891680929,2.06959380167631,0.0572831280430378,0.045835390635178,0.0531855624137248,-0.883336593361694,0.4404027722711,-3.08269876496529,-2.93396830266628,0.845997481383257,0.353404155599327,-0.260410866038826,-0.475345674339664,"High","High"
"504",2017,"5522",0.0114477374078598,0.00409756562931304,0.0572831280430378,0.045835390635178,0,0.0531855624137248,-0.676124233115212,1.54923843010449,-2.51669282781684,157.888888888889,7860.17349206349,18416.0193059211,"1",2009,1,2017.1,2017.9,0.521998593053345,"1757","1616",1.17239778267934,8.9887267011004,170.922222222222,27286.44437,27286.44437,"0",0,4.5,3.5,-0.570871223291157,0.59793891680929,2.06959380167631,0.0572831280430378,0.045835390635178,0.0531855624137248,-0.883336593361694,0.4404027722711,-3.08269876496529,-2.93396830266628,0.845997481383257,0.353404155599327,-0.260410866038826,-0.475345674339664,"High","High"
"505",2017,"5522",0.0114477374078598,0.00409756562931304,0.0572831280430378,0.045835390635178,0,0.0531855624137248,-0.676124233115212,1.54923843010449,-2.51669282781684,157.888888888889,7860.17349206349,18416.0193059211,"1",2009,1,2017.1,2017.9,0.521998593053345,"1757","1616",1.17239778267934,8.9887267011004,170.922222222222,27286.44437,27286.44437,"0",0,4.5,3.5,-0.570871223291157,0.59793891680929,-0.482235448934286,0.0572831280430378,0.045835390635178,0.0531855624137248,-0.883336593361694,0.4404027722711,-3.08269876496529,-2.93396830266628,0.845997481383257,0.353404155599327,-0.260410866038826,-0.475345674339664,"High","High"
"506",2017,"5588",-0.0028506056839442,0.00688926285050625,0.0507414721664425,0.0535920778503867,1,0.0438522093159362,-0.0413970541749668,-0.06877735500707,0.196972592632571,135.322222222222,10709.0169444444,10733.008625,"1",2010,1,2017.1,2017.9,0.177615105688281,"4964","911",-0.374172646496627,16.4438356164383,203.866666666667,110496.7649,110496.7649,"1",0,4,3,-0.805506038976,2.0107434272238,2.06959380167631,0.0507414721664425,0.0535920778503867,0.0438522093159362,-0.584833002643717,-0.0262651468709866,-2.92635402312782,-3.12693017794544,0.136332105053601,0.529513502188804,-0.520398794185253,-1.7987235862354,"Medium","Medium"
"507",2017,"5822",0.0575778933560554,0.077752603044809,0.112589224047871,0.0550113306918154,1,0.0348366210030618,0.330404754471032,0.342163182949193,-0.417991076709189,105.355555555556,5473.49333333333,12225.5026785714,"1",2012,0,2017.1,2017.9,-0.511151869041847,"5604","1729",-1.32530145556845,10.6675799086756,143.511111111111,74000.12913,74000.12913,"1",1,3.5,1.5,-0.681801723543303,-0.814865593605218,-0.482235448934286,0.112589224047871,0.0550113306918154,0.0348366210030618,-1.13341442641387,3.0409260912288,-2.90021610238888,-3.35708611783615,2.10694257132843,3.05244135501419,-0.892518886321633,-2.16142539084253,"High","High"
"508",2017,"5822",0.0575778933560554,0.077752603044809,0.112589224047871,0.0550113306918154,1,0.0348366210030618,0.330404754471032,0.342163182949193,-0.417991076709189,105.355555555556,5473.49333333333,12225.5026785714,"1",2012,0,2017.1,2017.9,-0.511151869041847,"5604","1729",-1.32530145556845,10.6675799086756,143.511111111111,74000.12913,74000.12913,"1",1,3.5,1.5,-0.681801723543303,-0.814865593605218,-0.482235448934286,0.112589224047871,0.0550113306918154,0.0348366210030618,-1.13341442641387,3.0409260912288,-2.90021610238888,-3.35708611783615,2.10694257132843,3.05244135501419,-0.892518886321633,-2.16142539084253,"High","High"
