BirdID,GroupSize,HelpersF,PeriodYear
1222,3,0,2003
1222,3,0,2004
454,4,1,1996
454,4,1,1995
823,4,1,1998
823,4,1,1997
823,4,1,1995
823,4,1,1996
169,2,0,1998
169,2,0,1996
169,2,0,1997
169,2,0,1995
561,2,0,1996
561,2,0,1999
561,2,0,2007
561,2,0,1998
561,2,0,1995
561,2,0,1997
561,2,0,2010
561,2,0,2009
561,2,0,2008
561,2,0,2000
561,2,0,2006
561,2,0,2001
561,2,0,2005
561,2,0,2003
561,2,0,2002
561,2,0,2004
443,4,0,1999
443,4,0,1997
443,4,0,1995
443,4,0,1998
443,4,0,1996
469,3,1,1998
469,3,1,1995
469,3,1,1996
469,3,1,1997
172,2,0,1995
172,2,0,1996
502,3,0,1997
502,3,0,1999
502,3,0,2000
502,3,0,1998
502,3,0,1996
502,3,0,1995
171,4,0,1996
171,4,0,1997
171,4,0,1995
441,4,0,1996
441,4,0,1995
441,4,0,1997
442,4,1,1995
442,4,1,1996
199,4,1,2000
199,4,1,1998
199,4,1,1995
199,4,1,1999
199,4,1,1996
199,4,1,1997
217,2,0,1996
217,2,0,1995
457,3,0,2000
457,3,0,2001
457,3,0,1996
457,3,0,1997
457,3,0,1998
457,3,0,2002
457,3,0,1995
457,3,0,1999
832,2,0,1996
832,2,0,1995
853,3,0,1999
853,3,0,2000
853,3,0,1995
853,3,0,1998
853,3,0,1997
853,3,0,1996
853,3,0,2005
853,3,0,2007
853,3,0,2001
853,3,0,2003
853,3,0,2004
853,3,0,2006
853,3,0,2002
441,4,0,2000
441,4,0,1996
441,4,0,1995
441,4,0,1998
441,4,0,1999
441,4,0,2001
441,4,0,1997
441,4,0,2002
840,4,1,1995
840,4,1,1996
511,3,0,1996
511,3,0,1995
454,4,1,1997
454,4,1,1999
454,4,1,2006
454,4,1,2005
454,4,1,1996
454,4,1,2004
454,4,1,1998
454,4,1,2002
454,4,1,2001
454,4,1,1995
454,4,1,2007
454,4,1,2003
454,4,1,2000
308,4,0,1996
308,4,0,1995
608,5,1,1998
608,5,1,1996
608,5,1,1997
459,5,0,1996
459,5,0,1995
543,3,0,1998
543,3,0,1995
543,3,0,1996
543,3,0,1997
543,3,0,2000
543,3,0,1999
217,3,1,2001
217,3,1,2000
217,3,1,1999
217,3,1,2005
217,3,1,1997
217,3,1,2003
217,3,1,2002
217,3,1,2009
217,3,1,2004
217,3,1,1998
217,3,1,1996
217,3,1,2007
217,3,1,2008
217,3,1,2010
217,3,1,2006
459,5,1,1997
459,5,1,1996
168,4,1,1996
168,4,1,2005
168,4,1,1998
168,4,1,2010
168,4,1,1997
168,4,1,2007
168,4,1,2009
168,4,1,2004
168,4,1,1999
168,4,1,2001
168,4,1,2006
168,4,1,2003
168,4,1,2002
168,4,1,2008
168,4,1,2000
827,4,0,2000
827,4,0,1999
827,4,0,1998
827,4,0,2001
827,4,0,1996
827,4,0,1997
297,3,1,1996
297,3,1,1997
542,3,0,1997
542,3,0,1995
542,3,0,1998
542,3,0,1996
1043,2,0,1998
1043,2,0,2001
1043,2,0,2003
1043,2,0,2009
1043,2,0,2007
1043,2,0,2004
1043,2,0,2005
1043,2,0,1997
1043,2,0,1996
1043,2,0,2006
1043,2,0,2010
1043,2,0,2015
1043,2,0,2012
1043,2,0,1999
1043,2,0,2016
1043,2,0,2014
1043,2,0,2008
1043,2,0,2000
1043,2,0,2011
1043,2,0,2002
1043,2,0,2013
503,2,0,2002
503,2,0,2003
503,2,0,1998
503,2,0,2000
503,2,0,2001
503,2,0,1996
503,2,0,1999
503,2,0,1997
500,3,1,2003
500,3,1,2002
500,3,1,1999
500,3,1,1996
500,3,1,2001
500,3,1,2000
500,3,1,1997
500,3,1,1998
858,2,0,1998
858,2,0,1996
858,2,0,1997
872,3,1,1997
872,3,1,1998
872,3,1,2000
872,3,1,2001
872,3,1,2004
872,3,1,1999
872,3,1,2003
872,3,1,2002
872,3,1,1996
675,2,0,1997
675,2,0,1996
675,2,0,1998
595,2,0,1998
595,2,0,1997
595,2,0,1996
835,2,0,1998
835,2,0,1997
835,2,0,1999
835,2,0,1996
528,3,1,1999
528,3,1,1996
528,3,1,1998
528,3,1,1997
528,3,1,2000
163,5,1,1998
163,5,1,1997
163,5,1,2000
163,5,1,1996
163,5,1,1999
542,3,0,1997
542,3,0,1996
542,3,0,1998
542,3,0,1999
199,4,1,2001
199,4,1,1999
199,4,1,2000
199,4,1,2002
199,4,1,1998
199,4,1,1997
508,2,0,1999
508,2,0,1998
508,2,0,1996
508,2,0,1997
855,2,0,1996
855,2,0,2000
855,2,0,1999
855,2,0,1998
855,2,0,1997
454,4,1,1999
454,4,1,2001
454,4,1,1996
454,4,1,1998
454,4,1,2000
454,4,1,1997
454,4,1,1997
454,4,1,1998
454,4,1,1996
297,3,1,1997
297,3,1,1996
297,3,1,1999
297,3,1,1998
450,5,0,1998
450,5,0,1999
450,5,0,1996
450,5,0,1997
308,4,1,1997
308,4,1,2001
308,4,1,1999
308,4,1,1996
308,4,1,2000
308,4,1,1998
500,3,1,1998
500,3,1,1996
500,3,1,1997
912,2,0,1996
912,2,0,1997
502,3,0,1997
502,3,0,1998
502,3,0,1996
502,3,0,1999
502,3,0,2000
924,2,0,2003
924,2,0,2005
924,2,0,1998
924,2,0,1996
924,2,0,2001
924,2,0,1999
924,2,0,2000
924,2,0,2004
924,2,0,1997
924,2,0,2002
450,5,0,1999
450,5,0,1997
450,5,0,2000
450,5,0,1996
450,5,0,1998
938,3,0,1998
938,3,0,2000
938,3,0,1997
938,3,0,1996
938,3,0,2001
938,3,0,1999
558,2,0,1996
558,2,0,1997
915,2,0,2005
915,2,0,2004
915,2,0,2002
915,2,0,2008
915,2,0,2003
915,2,0,2006
915,2,0,1998
915,2,0,2007
915,2,0,2001
915,2,0,1997
915,2,0,1999
915,2,0,2000
542,3,0,2002
542,3,0,2010
542,3,0,2003
542,3,0,1998
542,3,0,2006
542,3,0,1997
542,3,0,2004
542,3,0,1996
542,3,0,2008
542,3,0,2005
542,3,0,2009
542,3,0,2001
542,3,0,2007
542,3,0,1999
542,3,0,2000
543,3,0,2003
543,3,0,2002
543,3,0,2000
543,3,0,1998
543,3,0,2004
543,3,0,2007
543,3,0,1999
543,3,0,1997
543,3,0,2009
543,3,0,2005
543,3,0,1996
543,3,0,2001
543,3,0,2008
543,3,0,2006
543,3,0,2010
677,3,0,2001
677,3,0,2000
677,3,0,1999
677,3,0,1998
677,3,0,1997
677,3,0,1996
531,3,0,1996
531,3,0,1997
641,3,1,1996
641,3,1,1997
641,3,1,1998
774,2,0,1997
774,2,0,1996
774,2,0,1998
297,3,1,1998
297,3,1,2000
297,3,1,1999
297,3,1,1997
938,3,0,1996
938,3,0,1997
938,3,0,1998
1182,2,0,1998
1182,2,0,1997
774,2,0,1997
774,2,0,1996
862,3,0,2001
862,3,0,1999
862,3,0,2000
862,3,0,1998
862,3,0,1997
862,3,0,1996
604,2,0,1996
604,2,0,1998
604,2,0,1999
604,2,0,2002
604,2,0,1997
604,2,0,2001
604,2,0,2000
596,3,0,2003
596,3,0,1996
596,3,0,2010
596,3,0,2002
596,3,0,2000
596,3,0,2004
596,3,0,1997
596,3,0,2001
596,3,0,2006
596,3,0,2009
596,3,0,2007
596,3,0,2005
596,3,0,1999
596,3,0,1998
596,3,0,2008
942,2,0,1996
942,2,0,2000
942,2,0,2001
942,2,0,2003
942,2,0,1997
942,2,0,2002
942,2,0,2004
942,2,0,1999
942,2,0,1998
522,3,0,2007
522,3,0,2006
522,3,0,2005
522,3,0,1999
522,3,0,1996
522,3,0,1998
522,3,0,2008
522,3,0,2004
522,3,0,2001
522,3,0,2002
522,3,0,2000
522,3,0,2009
522,3,0,1997
522,3,0,2003
675,2,0,1998
675,2,0,1996
675,2,0,1997
862,3,0,2001
862,3,0,1996
862,3,0,2005
862,3,0,1999
862,3,0,1998
862,3,0,2003
862,3,0,2000
862,3,0,2008
862,3,0,1997
862,3,0,2006
862,3,0,2002
862,3,0,2007
862,3,0,2004
878,3,0,2000
878,3,0,2003
878,3,0,2001
878,3,0,1999
878,3,0,2006
878,3,0,2004
878,3,0,2002
878,3,0,1998
878,3,0,2005
878,3,0,1996
878,3,0,1997
543,3,0,1998
543,3,0,1997
543,3,0,1996
469,4,0,1996
469,4,0,1998
469,4,0,1997
466,4,0,1998
466,4,0,1997
466,4,0,1996
466,4,0,1999
455,3,1,2003
455,3,1,1997
455,3,1,1998
455,3,1,2005
455,3,1,2002
455,3,1,2000
455,3,1,2001
455,3,1,1999
455,3,1,2004
503,2,0,2004
503,2,0,2001
503,2,0,2000
503,2,0,2003
503,2,0,1997
503,2,0,1999
503,2,0,2002
503,2,0,1998
503,2,0,2006
503,2,0,2005
1043,3,1,1999
1043,3,1,1998
1043,3,1,1997
308,3,1,1998
308,3,1,1997
458,3,1,1996
458,3,1,1997
458,3,1,1998
1246,2,0,2004
1246,2,0,2000
1246,2,0,1998
1246,2,0,1997
1246,2,0,2002
1246,2,0,2001
1246,2,0,2003
1246,2,0,1999
1043,3,1,1997
1043,3,1,1998
838,2,0,1998
838,2,0,1997
635,2,0,1997
635,2,0,1996
635,2,0,1998
880,2,0,1998
880,2,0,1999
880,2,0,1997
500,2,0,1998
500,2,0,1997
469,4,0,1998
469,4,0,1997
915,2,0,1997
915,2,0,1998
168,3,1,2001
168,3,1,1997
168,3,1,1999
168,3,1,1998
168,3,1,2000
774,2,0,1998
774,2,0,1996
774,2,0,1997
862,3,0,1997
862,3,0,1999
862,3,0,2000
862,3,0,1998
862,3,0,1996
774,2,0,1997
774,2,0,1998
912,2,0,1998
912,2,0,1997
474,3,1,1997
474,3,1,1998
474,3,1,1999
931,2,0,2001
931,2,0,2002
931,2,0,2003
931,2,0,1999
931,2,0,1998
931,2,0,2000
1271,3,0,1998
1271,3,0,1997
855,3,1,2004
855,3,1,2000
855,3,1,2003
855,3,1,2005
855,3,1,2001
855,3,1,1997
855,3,1,2002
855,3,1,1999
855,3,1,1998
855,3,1,2001
855,3,1,1999
855,3,1,1998
855,3,1,2006
855,3,1,2003
855,3,1,1997
855,3,1,2004
855,3,1,2005
855,3,1,2000
855,3,1,2002
608,4,0,1999
608,4,0,1998
608,4,0,1997
608,4,0,2004
608,4,0,2001
608,4,0,2003
608,4,0,2005
608,4,0,2000
608,4,0,2002
1182,2,0,2007
1182,2,0,2006
1182,2,0,2004
1182,2,0,2003
1182,2,0,2000
1182,2,0,2005
1182,2,0,2002
1182,2,0,1998
1182,2,0,1997
1182,2,0,2001
1182,2,0,1999
949,2,0,1997
949,2,0,1998
171,2,0,1998
171,2,0,1997
171,2,0,1999
522,2,0,1999
522,2,0,1997
522,2,0,2000
522,2,0,1998
1218,3,0,1998
1218,3,0,1997
825,2,0,1997
825,2,0,2000
825,2,0,1998
825,2,0,1999
825,2,0,2001
441,2,0,2002
441,2,0,1997
441,2,0,1999
441,2,0,2001
441,2,0,2005
441,2,0,2004
441,2,0,2000
441,2,0,2003
441,2,0,1998
862,3,0,1998
862,3,0,2000
862,3,0,1997
862,3,0,1999
528,3,1,1998
528,3,1,1997
1206,2,0,1998
1206,2,0,1997
670,2,0,1997
670,2,0,1998
1299,2,0,1998
1299,2,0,1997
530,5,1,1998
530,5,1,1997
641,4,0,1997
641,4,0,1998
677,5,1,2000
677,5,1,1998
677,5,1,1997
677,5,1,1999
1177,2,0,2005
1177,2,0,2003
1177,2,0,2006
1177,2,0,1998
1177,2,0,1997
1177,2,0,1999
1177,2,0,2002
1177,2,0,2001
1177,2,0,2000
1177,2,0,2004
1177,2,0,2007
1177,2,0,2008
1177,2,0,2009
561,2,0,1999
561,2,0,1997
561,2,0,1998
455,3,1,2000
455,3,1,1999
455,3,1,1998
455,3,1,1997
930,4,1,2003
930,4,1,1999
930,4,1,1998
930,4,1,2000
930,4,1,2002
930,4,1,2001
168,3,1,2002
168,3,1,2003
168,3,1,2000
168,3,1,2001
168,3,1,1998
168,3,1,1997
168,3,1,1999
832,2,0,1997
832,2,0,1998
832,2,0,2009
832,2,0,2005
832,2,0,2001
832,2,0,2008
832,2,0,2006
832,2,0,2003
832,2,0,1999
832,2,0,2000
832,2,0,2002
832,2,0,2007
832,2,0,2004
853,3,0,1999
853,3,0,2000
853,3,0,1997
853,3,0,1998
853,3,0,2001
630,3,0,2002
630,3,0,2000
630,3,0,1997
630,3,0,2001
630,3,0,1999
630,3,0,1998
628,3,0,1998
628,3,0,2009
628,3,0,2010
628,3,0,2000
628,3,0,2008
628,3,0,2001
628,3,0,2004
628,3,0,1999
628,3,0,2002
628,3,0,2007
628,3,0,2005
628,3,0,2003
628,3,0,2006
199,4,1,2003
199,4,1,2004
199,4,1,1999
199,4,1,2000
199,4,1,2002
199,4,1,2001
199,4,1,1998
1173,2,0,1998
1173,2,0,1999
1158,5,1,1999
1158,5,1,1998
1158,5,1,2001
1158,5,1,2000
912,2,0,2001
912,2,0,1998
912,2,0,2000
912,2,0,1999
459,4,0,2000
459,4,0,2003
459,4,0,2005
459,4,0,2001
459,4,0,2004
459,4,0,2002
459,4,0,1998
459,4,0,1999
459,4,0,1997
308,3,1,2001
308,3,1,1997
308,3,1,1999
308,3,1,2000
308,3,1,2003
308,3,1,1998
308,3,1,2004
308,3,1,2002
454,4,1,1997
454,4,1,1999
454,4,1,2000
454,4,1,1998
561,2,0,2000
561,2,0,1999
561,2,0,1997
561,2,0,2003
561,2,0,2001
561,2,0,2002
561,2,0,1998
679,2,0,1998
679,2,0,1999
679,2,0,2001
679,2,0,2002
679,2,0,2000
679,2,0,1997
1246,3,1,2006
1246,3,1,2004
1246,3,1,2008
1246,3,1,2005
1246,3,1,2003
1246,3,1,1998
1246,3,1,2002
1246,3,1,2009
1246,3,1,1999
1246,3,1,2001
1246,3,1,2007
1246,3,1,2000
604,3,1,1998
604,3,1,2000
604,3,1,1999
455,3,1,1997
455,3,1,1999
455,3,1,2001
455,3,1,2000
455,3,1,1998
308,4,1,1998
308,4,1,2002
308,4,1,1999
308,4,1,2000
308,4,1,2001
1386,3,1,1999
1386,3,1,2005
1386,3,1,2004
1386,3,1,1998
1386,3,1,2001
1386,3,1,2002
1386,3,1,2003
1386,3,1,2000
596,2,0,1999
596,2,0,1998
596,2,0,1997
832,2,0,2003
832,2,0,2006
832,2,0,2002
832,2,0,2005
832,2,0,2001
832,2,0,2007
832,2,0,2000
832,2,0,2004
832,2,0,1999
832,2,0,2009
832,2,0,1998
832,2,0,2010
832,2,0,2008
601,2,0,2005
601,2,0,2004
601,2,0,1998
601,2,0,2008
601,2,0,1999
601,2,0,2009
601,2,0,2006
601,2,0,2002
601,2,0,2001
601,2,0,2007
601,2,0,1997
601,2,0,2000
601,2,0,2010
601,2,0,2003
1186,2,0,1998
1186,2,0,1999
531,2,0,2006
531,2,0,2003
531,2,0,2000
531,2,0,2005
531,2,0,2002
531,2,0,1997
531,2,0,2004
531,2,0,1998
531,2,0,2001
531,2,0,1999
454,4,1,1997
454,4,1,1998
454,4,1,2001
454,4,1,2000
454,4,1,1999
859,2,0,1999
859,2,0,1998
1017,2,0,1998
1017,2,0,1999
502,3,0,1998
502,3,0,1999
457,2,0,2007
457,2,0,2009
457,2,0,2006
457,2,0,2002
457,2,0,2008
457,2,0,2005
457,2,0,2010
457,2,0,1999
457,2,0,1998
457,2,0,2004
457,2,0,2003
457,2,0,2001
457,2,0,2000
441,3,0,2001
441,3,0,2000
441,3,0,2010
441,3,0,1999
441,3,0,2012
441,3,0,2008
441,3,0,2013
441,3,0,2005
441,3,0,2011
441,3,0,1998
441,3,0,2009
441,3,0,2006
441,3,0,2004
441,3,0,2007
441,3,0,2003
441,3,0,2002
1271,4,1,2000
1271,4,1,1999
1271,4,1,1998
912,3,0,2000
912,3,0,1999
912,3,0,2002
912,3,0,2005
912,3,0,2001
912,3,0,2004
912,3,0,2000
912,3,0,2008
912,3,0,2006
912,3,0,2003
912,3,0,2007
912,3,0,1999
1345,2,0,2000
1345,2,0,1999
1403,2,0,1999
1403,2,0,2002
1403,2,0,2001
1403,2,0,2000
524,3,0,2000
524,3,0,2001
524,3,0,1999
915,2,0,2001
915,2,0,1999
915,2,0,2003
915,2,0,2000
915,2,0,2005
915,2,0,2002
915,2,0,2006
915,2,0,2004
1172,2,0,2002
1172,2,0,2000
1172,2,0,2001
1172,2,0,1999
1172,2,0,1998
561,2,0,2000
561,2,0,2001
561,2,0,2002
561,2,0,1999
504,3,0,1999
504,3,0,1998
524,4,1,2000
524,4,1,2001
524,4,1,1999
524,4,1,2002
1017,2,0,2000
1017,2,0,2008
1017,2,0,1999
1017,2,0,2005
1017,2,0,1998
1017,2,0,2003
1017,2,0,2002
1017,2,0,2004
1017,2,0,2001
1017,2,0,2007
1017,2,0,2006
1155,2,0,2007
1155,2,0,2004
1155,2,0,2008
1155,2,0,2015
1155,2,0,2005
1155,2,0,2006
1155,2,0,2009
1155,2,0,2001
1155,2,0,2000
1155,2,0,2014
1155,2,0,1999
1155,2,0,2003
1155,2,0,2002
1155,2,0,2013
1155,2,0,2012
1155,2,0,2010
1155,2,0,2011
1177,2,0,1999
1177,2,0,2001
1177,2,0,2000
915,2,0,2000
915,2,0,2001
915,2,0,1999
915,2,0,2003
915,2,0,2002
823,3,0,2002
823,3,0,2001
823,3,0,2003
823,3,0,2004
823,3,0,1998
823,3,0,2005
823,3,0,2000
823,3,0,1999
823,3,0,2006
1042,3,1,2008
1042,3,1,2012
1042,3,1,2014
1042,3,1,2015
1042,3,1,2011
1042,3,1,2006
1042,3,1,2013
1042,3,1,2003
1042,3,1,2009
1042,3,1,2007
1042,3,1,2004
1042,3,1,2002
1042,3,1,1999
1042,3,1,2010
1042,3,1,2005
1042,3,1,2001
1042,3,1,2000
542,5,0,2001
542,5,0,2000
542,5,0,2003
542,5,0,2002
542,5,0,2004
542,5,0,1999
835,2,0,2000
835,2,0,2002
835,2,0,2001
835,2,0,1999
845,2,0,2000
845,2,0,1999
845,2,0,2001
845,2,0,2012
845,2,0,2010
845,2,0,2004
845,2,0,2009
845,2,0,2007
845,2,0,2002
845,2,0,2013
845,2,0,2011
845,2,0,2015
845,2,0,2008
845,2,0,2003
845,2,0,2006
845,2,0,2014
845,2,0,2005
1160,2,0,2000
1160,2,0,1999
666,2,0,2000
666,2,0,1999
670,2,0,2005
670,2,0,2006
670,2,0,2002
670,2,0,2009
670,2,0,2003
670,2,0,2001
670,2,0,2010
670,2,0,2004
670,2,0,2000
670,2,0,2008
670,2,0,2007
670,2,0,2012
670,2,0,1999
670,2,0,2013
670,2,0,2011
826,3,0,2004
826,3,0,2003
826,3,0,2006
826,3,0,2005
826,3,0,2001
826,3,0,2000
826,3,0,2008
826,3,0,2007
826,3,0,2009
826,3,0,2002
826,3,0,1999
1517,2,0,2000
1517,2,0,2001
1517,2,0,1999
1186,2,0,1999
1186,2,0,2000
1186,2,0,2002
1186,2,0,2004
1186,2,0,2003
1186,2,0,2001
1186,2,0,2008
1186,2,0,2006
1186,2,0,2007
1186,2,0,2005
1404,4,0,2007
1404,4,0,2003
1404,4,0,2004
1404,4,0,2005
1404,4,0,2006
1404,4,0,2008
1404,4,0,2009
1404,4,0,2002
1404,4,0,2001
1404,4,0,2000
1404,4,0,1999
1404,4,0,2010
1200,2,0,2001
1200,2,0,2006
1200,2,0,2007
1200,2,0,2005
1200,2,0,2004
1200,2,0,2000
1200,2,0,2002
1200,2,0,1999
1200,2,0,2003
925,2,0,1999
925,2,0,2010
925,2,0,2000
925,2,0,2006
925,2,0,2009
925,2,0,2002
925,2,0,2004
925,2,0,2003
925,2,0,2007
925,2,0,2008
925,2,0,2005
925,2,0,2001
1247,2,0,2009
1247,2,0,2004
1247,2,0,2002
1247,2,0,2008
1247,2,0,2006
1247,2,0,2003
1247,2,0,2001
1247,2,0,2007
1247,2,0,2000
1247,2,0,1999
1247,2,0,2005
840,3,0,2000
840,3,0,2002
840,3,0,2001
840,3,0,1999
951,2,0,2006
951,2,0,2003
951,2,0,2000
951,2,0,2005
951,2,0,2007
951,2,0,1999
951,2,0,2004
951,2,0,2002
951,2,0,2001
951,2,0,2008
1244,2,0,2000
1244,2,0,1999
1244,2,0,2001
1059,2,0,1999
1059,2,0,2000
444,2,0,2000
444,2,0,1999
444,2,0,2001
639,2,0,1999
639,2,0,1998
639,2,0,2000
639,2,0,2002
639,2,0,2001
826,4,1,2000
826,4,1,1999
826,4,1,2001
949,2,0,2013
949,2,0,2010
949,2,0,2012
949,2,0,2011
949,2,0,2000
949,2,0,2005
949,2,0,2009
949,2,0,1999
949,2,0,2006
949,2,0,2008
949,2,0,2007
949,2,0,2001
949,2,0,2004
949,2,0,2002
949,2,0,2003
938,3,1,1999
938,3,1,2002
938,3,1,2003
938,3,1,2001
938,3,1,2007
938,3,1,2000
938,3,1,2006
938,3,1,2005
938,3,1,2004
1403,3,1,2001
1403,3,1,1999
1403,3,1,2000
949,2,0,2000
949,2,0,1999
949,2,0,2002
949,2,0,2001
596,2,0,2008
596,2,0,2005
596,2,0,2003
596,2,0,2004
596,2,0,2007
596,2,0,2006
596,2,0,2009
596,2,0,2001
596,2,0,2000
596,2,0,2010
596,2,0,2002
596,2,0,1999
677,3,1,2009
677,3,1,2008
677,3,1,2003
677,3,1,2002
677,3,1,2010
677,3,1,2004
677,3,1,2012
677,3,1,2005
677,3,1,2011
677,3,1,2006
677,3,1,2001
677,3,1,2014
677,3,1,2007
677,3,1,2013
677,3,1,1999
677,3,1,2015
677,3,1,2000
853,4,0,1998
853,4,0,2001
853,4,0,2000
853,4,0,1999
168,2,0,1999
168,2,0,2000
1017,2,0,2003
1017,2,0,2000
1017,2,0,2002
1017,2,0,2008
1017,2,0,2004
1017,2,0,2001
1017,2,0,2006
1017,2,0,2007
1017,2,0,2005
1017,2,0,1999
459,2,0,2000
459,2,0,2001
459,2,0,2007
459,2,0,2003
459,2,0,2006
459,2,0,2008
459,2,0,2004
459,2,0,1999
459,2,0,2005
459,2,0,2002
459,2,0,2007
459,2,0,2004
459,2,0,2008
459,2,0,2000
459,2,0,2006
459,2,0,2002
459,2,0,2001
459,2,0,2005
459,2,0,1999
459,2,0,2003
869,3,0,2003
869,3,0,2000
869,3,0,1999
869,3,0,2001
869,3,0,2002
459,2,0,2004
459,2,0,2001
459,2,0,1999
459,2,0,2005
459,2,0,2002
459,2,0,2000
459,2,0,2003
1022,2,0,2002
1022,2,0,2001
1022,2,0,2000
1022,2,0,2003
1022,2,0,2008
1022,2,0,2009
1022,2,0,2012
1022,2,0,2010
1022,2,0,2004
1022,2,0,1999
1022,2,0,2007
1022,2,0,2011
1022,2,0,2006
1022,2,0,2005
199,5,0,2005
199,5,0,2000
199,5,0,2001
199,5,0,2008
199,5,0,2007
199,5,0,2004
199,5,0,2009
199,5,0,2003
199,5,0,2006
199,5,0,1999
199,5,0,2002
1432,3,1,1999
1432,3,1,2000
1024,3,0,1999
1024,3,0,2000
1042,3,1,1999
1042,3,1,2000
1042,3,1,2001
1042,3,1,2002
869,3,0,1999
869,3,0,2003
869,3,0,2001
869,3,0,2002
869,3,0,2000
1369,2,0,1999
1369,2,0,2002
1369,2,0,2000
1369,2,0,2001
604,3,1,2000
604,3,1,1999
604,3,1,2008
604,3,1,2006
604,3,1,2010
604,3,1,2009
604,3,1,2005
604,3,1,2007
604,3,1,2004
604,3,1,2002
604,3,1,2003
604,3,1,2001
199,6,1,1999
199,6,1,2001
199,6,1,2000
604,3,1,2002
604,3,1,1999
604,3,1,2003
604,3,1,2000
604,3,1,2001
466,2,0,2006
466,2,0,2003
466,2,0,2004
466,2,0,2005
466,2,0,2008
466,2,0,2000
466,2,0,2007
466,2,0,2001
466,2,0,1999
466,2,0,2002
466,2,0,2009
458,3,0,2009
458,3,0,2008
458,3,0,2006
458,3,0,2005
458,3,0,2003
458,3,0,2001
458,3,0,2007
458,3,0,2000
458,3,0,1999
458,3,0,2004
458,3,0,2002
823,2,0,1999
823,2,0,2001
823,2,0,2002
823,2,0,2000
450,2,0,2000
450,2,0,2001
450,2,0,1999
450,2,0,2006
450,2,0,2003
450,2,0,2002
450,2,0,2004
450,2,0,2005
450,2,0,2007
450,2,0,2008
450,2,0,2009
297,5,1,2001
297,5,1,1999
297,5,1,2000
1160,2,0,2006
1160,2,0,2007
1160,2,0,2008
1160,2,0,1999
1160,2,0,2005
1160,2,0,2004
1160,2,0,2001
1160,2,0,2000
1160,2,0,2002
1160,2,0,2003
627,3,0,2001
627,3,0,2004
627,3,0,2002
627,3,0,2003
627,3,0,1999
627,3,0,2000
1369,2,0,2001
1369,2,0,2000
1369,2,0,2002
1369,2,0,2004
1369,2,0,2003
1186,2,0,2001
1186,2,0,2000
859,2,0,2005
859,2,0,2003
859,2,0,2000
859,2,0,2001
859,2,0,2004
859,2,0,2007
859,2,0,2009
859,2,0,2006
859,2,0,2010
859,2,0,2002
859,2,0,2008
308,4,0,2007
308,4,0,2009
308,4,0,2013
308,4,0,2006
308,4,0,2010
308,4,0,2008
308,4,0,2002
308,4,0,2003
308,4,0,2005
308,4,0,2012
308,4,0,2000
308,4,0,2004
308,4,0,2011
308,4,0,2001
862,2,0,2002
862,2,0,2001
862,2,0,2000
1170,2,0,2006
1170,2,0,2005
1170,2,0,2007
1170,2,0,2000
1170,2,0,2003
1170,2,0,2002
1170,2,0,2001
1170,2,0,2004
1170,2,0,2008
1403,3,0,2004
1403,3,0,2005
1403,3,0,2000
1403,3,0,2007
1403,3,0,2008
1403,3,0,2006
1403,3,0,2001
1403,3,0,2002
1403,3,0,2003
1403,3,0,2014
1403,3,0,2009
1403,3,0,2013
1403,3,0,2015
1403,3,0,2012
1403,3,0,2011
1403,3,0,2010
1161,2,0,2008
1161,2,0,2007
1161,2,0,2004
1161,2,0,2005
1161,2,0,2006
1161,2,0,2003
1161,2,0,2009
1161,2,0,2002
1161,2,0,2001
1161,2,0,2000
951,3,0,2000
951,3,0,2001
951,3,0,2002
848,4,1,2000
848,4,1,1999
595,2,0,2002
595,2,0,2001
595,2,0,2000
503,2,0,2000
503,2,0,2001
1382,2,0,2002
1382,2,0,2000
1382,2,0,2001
1382,2,0,2004
1382,2,0,2003
1382,2,0,2003
1382,2,0,2002
1382,2,0,2008
1382,2,0,2000
1382,2,0,2005
1382,2,0,2006
1382,2,0,2007
1382,2,0,2004
1382,2,0,2001
826,2,0,2005
826,2,0,2003
826,2,0,2004
826,2,0,2002
826,2,0,2001
826,2,0,2000
1059,3,0,2004
1059,3,0,2000
1059,3,0,2002
1059,3,0,2005
1059,3,0,2001
1059,3,0,2003
853,2,0,2000
853,2,0,2001
1017,3,0,2001
1017,3,0,2003
1017,3,0,2000
1017,3,0,2004
1017,3,0,2002
1017,3,0,2008
1017,3,0,2007
1017,3,0,2006
1017,3,0,2005
1415,3,0,2000
1415,3,0,2001
1271,3,0,2005
1271,3,0,2001
1271,3,0,2002
1271,3,0,2006
1271,3,0,2004
1271,3,0,2000
1271,3,0,2003
1271,3,0,2007
774,2,0,2002
774,2,0,2004
774,2,0,2003
774,2,0,2001
774,2,0,2000
1195,2,0,2002
1195,2,0,2000
1195,2,0,2007
1195,2,0,2006
1195,2,0,2001
1195,2,0,2003
1195,2,0,2005
1195,2,0,2004
1501,2,0,2000
1501,2,0,2001
524,3,0,2001
524,3,0,2002
524,3,0,2000
925,2,0,2000
925,2,0,2001
1247,2,0,2000
1247,2,0,2001
1247,2,0,2008
1247,2,0,2003
1247,2,0,2002
1247,2,0,2013
1247,2,0,2006
1247,2,0,2005
1247,2,0,2004
1247,2,0,2007
1247,2,0,2009
1247,2,0,2011
1247,2,0,2012
1247,2,0,2010
1222,2,0,2009
1222,2,0,2000
1222,2,0,2001
1222,2,0,2002
1222,2,0,2012
1222,2,0,2008
1222,2,0,2005
1222,2,0,2003
1222,2,0,2007
1222,2,0,2015
1222,2,0,2013
1222,2,0,2011
1222,2,0,2010
1222,2,0,2014
1222,2,0,2004
1222,2,0,2006
595,2,0,2006
595,2,0,2005
595,2,0,2003
595,2,0,2004
595,2,0,2001
595,2,0,2002
595,2,0,2000
1222,3,0,2006
1222,3,0,2007
1222,3,0,2001
1222,3,0,2002
1222,3,0,2005
1222,3,0,2004
1222,3,0,2003
1222,3,0,2015
1222,3,0,2011
1222,3,0,2012
1222,3,0,2013
1222,3,0,2009
1222,3,0,2014
1222,3,0,2008
1222,3,0,2010
1247,2,0,2004
1247,2,0,2000
1247,2,0,2005
1247,2,0,2003
1247,2,0,2001
1247,2,0,2002
1247,2,0,2007
1247,2,0,2006
1177,2,0,2002
1177,2,0,2003
1177,2,0,2001
1170,2,0,2002
1170,2,0,2003
1170,2,0,2005
1170,2,0,2006
1170,2,0,2007
1170,2,0,2000
1170,2,0,2004
1170,2,0,2001
639,3,0,2006
639,3,0,2012
639,3,0,2004
639,3,0,2011
639,3,0,2010
639,3,0,2005
639,3,0,2007
639,3,0,2002
639,3,0,2003
639,3,0,2001
639,3,0,2008
639,3,0,2009
639,3,0,2000
949,4,0,2002
949,4,0,2001
949,4,0,2003
949,4,0,2004
949,4,0,2000
912,3,1,2008
912,3,1,2005
912,3,1,2006
912,3,1,2004
912,3,1,2001
912,3,1,2002
912,3,1,2007
912,3,1,2003
1130,2,0,2000
1130,2,0,2001
858,2,0,2009
858,2,0,2006
858,2,0,2002
858,2,0,2008
858,2,0,2001
858,2,0,2011
858,2,0,2003
858,2,0,2005
858,2,0,2000
858,2,0,2007
858,2,0,2010
858,2,0,2004
1436,NA,0,2001
1436,NA,0,2002
840,2,0,2002
840,2,0,2001
840,2,0,2005
840,2,0,2004
840,2,0,2003
1605,2,0,2009
1605,2,0,2008
1605,2,0,2016
1605,2,0,2005
1605,2,0,2006
1605,2,0,2014
1605,2,0,2007
1605,2,0,2015
1605,2,0,2012
1605,2,0,2013
1605,2,0,2002
1605,2,0,2004
1605,2,0,2010
1605,2,0,2011
1605,2,0,2003
1490,2,0,2002
1490,2,0,2001
1490,2,0,2008
1490,2,0,2003
1490,2,0,2009
1490,2,0,2004
1490,2,0,2007
1490,2,0,2006
1490,2,0,2001
1490,2,0,2005
1490,2,0,2002
1059,2,0,2004
1059,2,0,2001
1059,2,0,2003
1059,2,0,2005
1059,2,0,2002
826,2,0,2002
826,2,0,2003
1503,3,0,2013
1503,3,0,2012
1503,3,0,2011
1503,3,0,2007
1503,3,0,2004
1503,3,0,2010
1503,3,0,2008
1503,3,0,2005
1503,3,0,2009
1503,3,0,2003
1503,3,0,2014
1503,3,0,2006
1503,3,0,2015
1503,3,0,2002
1503,3,0,2001
1589,2,0,2003
1589,2,0,2002
1588,2,0,2004
1588,2,0,2002
1588,2,0,2003
1588,2,0,2001
1588,2,0,2005
1588,3,0,2003
1588,3,0,2005
1588,3,0,2013
1588,3,0,2012
1588,3,0,2002
1588,3,0,2004
1588,3,0,2009
1588,3,0,2011
1588,3,0,2010
1588,3,0,2007
1588,3,0,2006
1588,3,0,2008
845,2,0,2001
845,2,0,2002
1384,3,0,2004
1384,3,0,2007
1384,3,0,2005
1384,3,0,2006
1384,3,0,2002
1384,3,0,2003
1552,2,0,2002
1552,2,0,2001
1552,2,0,2009
1552,2,0,2010
1552,2,0,2004
1552,2,0,2003
1552,2,0,2008
1552,2,0,2007
1552,2,0,2005
1552,2,0,2006
1552,2,0,2002
1552,2,0,2005
1552,2,0,2003
1552,2,0,2004
1552,2,0,2006
595,3,0,2002
595,3,0,2001
1771,2,0,2010
1771,2,0,2008
1771,2,0,2005
1771,2,0,2007
1771,2,0,2004
1771,2,0,2006
1771,2,0,2009
1771,2,0,2002
1771,2,0,2003
1244,3,0,2003
1244,3,0,2002
912,2,0,2005
912,2,0,2002
912,2,0,2003
912,2,0,2004
1186,2,0,2002
1186,2,0,2001
1049,2,0,2001
1049,2,0,2005
1049,2,0,2003
1049,2,0,2002
1049,2,0,2006
1049,2,0,2004
524,3,0,2003
524,3,0,2002
524,3,0,2012
524,3,0,2004
524,3,0,2010
524,3,0,2015
524,3,0,2006
524,3,0,2011
524,3,0,2014
524,3,0,2007
524,3,0,2005
524,3,0,2013
524,3,0,2009
524,3,0,2016
524,3,0,2008
1158,2,0,2002
1158,2,0,2001
1158,2,0,2006
1158,2,0,2003
1158,2,0,2005
1158,2,0,2004
1043,3,0,2002
1043,3,0,2001
1043,3,1,2002
1043,3,1,2003
1043,3,1,2013
1043,3,1,2004
1043,3,1,2012
1043,3,1,2014
1043,3,1,2015
1043,3,1,2011
1043,3,1,2010
1043,3,1,2008
1043,3,1,2007
1043,3,1,2009
1043,3,1,2006
1043,3,1,2005
858,2,0,2003
858,2,0,2004
858,2,0,2001
858,2,0,2002
858,2,0,2005
1247,3,0,2004
1247,3,0,2003
1247,3,0,2005
1247,3,0,2001
1247,3,0,2002
1532,2,0,2004
1532,2,0,2002
1532,2,0,2003
1532,2,0,2001
1532,2,0,2006
1532,2,0,2005
1401,3,0,2009
1401,3,0,2010
1401,3,0,2008
1401,3,0,2012
1401,3,0,2011
1401,3,0,2007
1401,3,0,2005
1401,3,0,2003
1401,3,0,2006
1401,3,0,2002
1401,3,0,2004
1401,3,0,2001
1550,2,0,2003
1550,2,0,2004
1550,2,0,2002
444,2,0,2003
444,2,0,2004
444,2,0,2002
444,2,0,2001
1506,2,0,2002
1506,2,0,2004
1506,2,0,2003
1506,2,0,2005
639,2,0,2004
639,2,0,2005
639,2,0,2003
639,2,0,2002
604,2,0,2011
604,2,0,2008
604,2,0,2013
604,2,0,2007
604,2,0,2004
604,2,0,2009
604,2,0,2006
604,2,0,2002
604,2,0,2005
604,2,0,2012
604,2,0,2003
604,2,0,2015
604,2,0,2010
604,2,0,2001
604,2,0,2014
1701,3,0,2002
1701,3,0,2008
1701,3,0,2010
1701,3,0,2007
1701,3,0,2011
1701,3,0,2009
1701,3,0,2004
1701,3,0,2013
1701,3,0,2006
1701,3,0,2012
1701,3,0,2005
1701,3,0,2003
1190,3,0,2001
1190,3,0,2004
1190,3,0,2003
1190,3,0,2002
1218,4,1,2002
1218,4,1,2004
1218,4,1,2003
932,2,0,2002
932,2,0,2006
932,2,0,2003
932,2,0,2007
932,2,0,2005
932,2,0,2004
932,2,0,2008
930,NA,0,2004
930,NA,0,2008
930,NA,0,2009
930,NA,0,2007
930,NA,0,2006
930,NA,0,2003
930,NA,0,2005
930,NA,0,2002
930,NA,0,2001
1510,2,0,2002
1510,2,0,2008
1510,2,0,2003
1510,2,0,2006
1510,2,0,2007
1510,2,0,2004
1510,2,0,2005
1415,2,0,2007
1415,2,0,2002
1415,2,0,2004
1415,2,0,2008
1415,2,0,2005
1415,2,0,2009
1415,2,0,2006
1415,2,0,2003
1369,3,0,2002
1369,3,0,2004
1369,3,0,2003
949,2,0,2002
949,2,0,2003
826,2,0,2003
826,2,0,2002
826,2,0,2004
1674,2,0,2003
1674,2,0,2002
1362,2,0,2011
1362,2,0,2008
1362,2,0,2009
1362,2,0,2013
1362,2,0,2010
1362,2,0,2007
1362,2,0,2006
1362,2,0,2015
1362,2,0,2004
1362,2,0,2014
1362,2,0,2005
1362,2,0,2002
1362,2,0,2003
1362,2,0,2012
845,2,0,2001
845,2,0,2003
845,2,0,2002
1200,NA,0,2006
1200,NA,0,2004
1200,NA,0,2010
1200,NA,0,2005
1200,NA,0,2008
1200,NA,0,2003
1200,NA,0,2002
1200,NA,0,2009
1200,NA,0,2007
1244,3,0,2005
1244,3,0,2008
1244,3,0,2004
1244,3,0,2007
1244,3,0,2011
1244,3,0,2006
1244,3,0,2003
1244,3,0,2009
1244,3,0,2010
1244,3,0,2002
1355,2,0,2008
1355,2,0,2002
1355,2,0,2006
1355,2,0,2007
1355,2,0,2001
1355,2,0,2004
1355,2,0,2003
1355,2,0,2005
1244,2,0,2002
1244,2,0,2001
1244,2,0,2003
1244,2,0,2004
1244,2,0,2005
522,2,0,2006
522,2,0,2004
522,2,0,2003
522,2,0,2005
522,2,0,2001
522,2,0,2002
1380,2,0,2002
1380,2,0,2005
1380,2,0,2004
1380,2,0,2003
1380,2,0,2006
1380,2,0,2001
1186,4,0,2003
1186,4,0,2002
1152,2,0,2005
1152,2,0,2003
1152,2,0,2004
1152,2,0,2007
1152,2,0,2008
1152,2,0,2002
1152,2,0,2012
1152,2,0,2006
1152,2,0,2009
1152,2,0,2013
1152,2,0,2011
1152,2,0,2010
1222,3,0,2004
1222,3,0,2005
1222,3,0,2003
1415,3,1,2009
1415,3,1,2007
1415,3,1,2003
1415,3,1,2008
1415,3,1,2004
1415,3,1,2006
1415,3,1,2005
930,3,0,2007
930,3,0,2005
930,3,0,2002
930,3,0,2003
930,3,0,2004
930,3,0,2006
1361,3,0,2004
1361,3,0,2003
1024,3,0,2009
1024,3,0,2004
1024,3,0,2008
1024,3,0,2007
1024,3,0,2003
1024,3,0,2005
1024,3,0,2006
1024,3,0,2004
1024,3,0,2003
925,3,0,2003
925,3,0,2001
925,3,0,2002
1186,4,0,2004
1186,4,0,2005
1186,4,0,2003
1186,4,0,2002
1501,2,0,2005
1501,2,0,2002
1501,2,0,2003
1501,2,0,2008
1501,2,0,2006
1501,2,0,2007
1501,2,0,2004
458,2,0,2004
458,2,0,2002
458,2,0,2007
458,2,0,2005
458,2,0,2006
458,2,0,2003
1510,2,0,2005
1510,2,0,2007
1510,2,0,2002
1510,2,0,2006
1510,2,0,2003
1510,2,0,2004
1510,2,0,2008
1017,3,0,2009
1017,3,0,2008
1017,3,0,2007
1017,3,0,2004
1017,3,0,2006
1017,3,0,2005
1017,3,0,2003
951,2,0,2007
951,2,0,2004
951,2,0,2006
951,2,0,2003
951,2,0,2005
951,2,0,2002
1387,2,0,2002
1387,2,0,2008
1387,2,0,2006
1387,2,0,2007
1387,2,0,2004
1387,2,0,2003
1387,2,0,2005
1305,3,0,2008
1305,3,0,2006
1305,3,0,2010
1305,3,0,2004
1305,3,0,2007
1305,3,0,2009
1305,3,0,2005
1305,3,0,2003
1155,2,0,2002
1155,2,0,2004
1155,2,0,2003
1155,2,0,2005
1538,3,0,2002
1538,3,0,2003
503,3,0,2007
503,3,0,2008
503,3,0,2006
503,3,0,2005
503,3,0,2004
503,3,0,2002
503,3,0,2003
1401,4,1,2004
1401,4,1,2002
1401,4,1,2007
1401,4,1,2003
1401,4,1,2005
1401,4,1,2006
1403,3,0,2007
1403,3,0,2005
1403,3,0,2006
1403,3,0,2008
1403,3,0,2004
1403,3,0,2003
1403,3,0,2002
1275,2,0,2002
1275,2,0,2003
1275,2,0,2004
1382,2,0,2003
1382,2,0,2002
1382,2,0,2004
1437,2,0,2006
1437,2,0,2005
1437,2,0,2007
1437,2,0,2003
1437,2,0,2004
1437,2,0,2002
1588,3,0,2003
1588,3,0,2004
1588,3,0,2006
1588,3,0,2008
1588,3,0,2005
1588,3,0,2007
1588,3,0,2009
1588,3,0,2010
845,3,0,2012
845,3,0,2011
845,3,0,2002
845,3,0,2010
845,3,0,2007
845,3,0,2013
845,3,0,2009
845,3,0,2003
845,3,0,2005
845,3,0,2006
845,3,0,2008
845,3,0,2004
1532,2,0,2003
1532,2,0,2007
1532,2,0,2005
1532,2,0,2008
1532,2,0,2006
1532,2,0,2004
1193,2,0,2010
1193,2,0,2008
1193,2,0,2009
1193,2,0,2007
1193,2,0,2004
1193,2,0,2006
1193,2,0,2003
1193,2,0,2005
1597,3,1,2004
1597,3,1,2003
1271,3,0,2003
1271,3,0,2002
1403,3,0,2008
1403,3,0,2006
1403,3,0,2007
1403,3,0,2003
1403,3,0,2005
1403,3,0,2004
1355,2,0,2012
1355,2,0,2003
1355,2,0,2009
1355,2,0,2005
1355,2,0,2004
1355,2,0,2011
1355,2,0,2008
1355,2,0,2007
1355,2,0,2010
1355,2,0,2006
1172,2,0,2004
1172,2,0,2003
1172,2,0,2013
1172,2,0,2005
1172,2,0,2002
1172,2,0,2006
1172,2,0,2012
1172,2,0,2015
1172,2,0,2007
1172,2,0,2016
1172,2,0,2011
1172,2,0,2014
1172,2,0,2010
1172,2,0,2008
1172,2,0,2009
1172,2,0,2003
1172,2,0,2004
1172,2,0,2007
1172,2,0,2002
1172,2,0,2006
1172,2,0,2005
1172,2,0,2008
1419,2,0,2011
1419,2,0,2010
1419,2,0,2005
1419,2,0,2009
1419,2,0,2013
1419,2,0,2007
1419,2,0,2012
1419,2,0,2004
1419,2,0,2003
1419,2,0,2008
1419,2,0,2015
1419,2,0,2014
1419,2,0,2006
1563,2,0,2007
1563,2,0,2006
1563,2,0,2005
1563,2,0,2008
1563,2,0,2003
1563,2,0,2010
1563,2,0,2009
1563,2,0,2013
1563,2,0,2004
1563,2,0,2002
1563,2,0,2012
1563,2,0,2011
1508,2,0,2006
1508,2,0,2005
1508,2,0,2004
1508,2,0,2003
1190,2,0,2009
1190,2,0,2007
1190,2,0,2005
1190,2,0,2008
1190,2,0,2003
1190,2,0,2004
1190,2,0,2012
1190,2,0,2006
1190,2,0,2011
1190,2,0,2013
1190,2,0,2010
1271,4,1,2003
1271,4,1,2004
1271,4,1,2005
1757,3,1,2008
1757,3,1,2007
1757,3,1,2006
1757,3,1,2005
1757,3,1,2004
1757,3,1,2003
1059,2,0,2003
1059,2,0,2008
1059,2,0,2007
1059,2,0,2005
1059,2,0,2006
1059,2,0,2004
1059,2,0,2010
1059,2,0,2009
1771,3,0,2008
1771,3,0,2003
1771,3,0,2007
1771,3,0,2009
1771,3,0,2005
1771,3,0,2004
1771,3,0,2006
1753,2,0,2007
1753,2,0,2004
1753,2,0,2006
1753,2,0,2003
1753,2,0,2010
1753,2,0,2008
1753,2,0,2005
1753,2,0,2014
1753,2,0,2009
1753,2,0,2012
1753,2,0,2013
1753,2,0,2011
1503,2,0,2009
1503,2,0,2003
1503,2,0,2008
1503,2,0,2013
1503,2,0,2011
1503,2,0,2004
1503,2,0,2010
1503,2,0,2007
1503,2,0,2012
1503,2,0,2006
1503,2,0,2005
458,2,0,2007
458,2,0,2003
458,2,0,2006
458,2,0,2005
458,2,0,2004
1674,3,0,2004
1674,3,0,2007
1674,3,0,2008
1674,3,0,2006
1674,3,0,2005
1674,3,0,2003
832,2,0,2014
832,2,0,2011
832,2,0,2013
832,2,0,2009
832,2,0,2010
832,2,0,2012
832,2,0,2003
832,2,0,2007
832,2,0,2005
832,2,0,2008
832,2,0,2015
832,2,0,2004
832,2,0,2006
1892,2,0,2003
1892,2,0,2004
1401,3,0,2009
1401,3,0,2004
1401,3,0,2008
1401,3,0,2003
1401,3,0,2007
1401,3,0,2005
1401,3,0,2006
862,2,0,2003
862,2,0,2002
862,2,0,2004
862,2,0,2005
862,2,0,2001
862,2,0,2006
1501,3,0,2004
1501,3,0,2003
1155,3,0,2007
1155,3,0,2008
1155,3,0,2005
1155,3,0,2013
1155,3,0,2010
1155,3,0,2006
1155,3,0,2004
1155,3,0,2012
1155,3,0,2014
1155,3,0,2009
1155,3,0,2003
1155,3,0,2011
1155,3,0,2015
1024,3,0,2004
1024,3,0,2003
1517,2,0,2009
1517,2,0,2008
1517,2,0,2007
1517,2,0,2006
1517,2,0,2005
1517,2,0,2010
1517,2,0,2003
1517,2,0,2004
1517,2,0,2002
1170,3,1,2004
1170,3,1,2003
1735,2,0,2007
1735,2,0,2006
1735,2,0,2003
1735,2,0,2004
1735,2,0,2008
1735,2,0,2005
832,2,0,2004
832,2,0,2003
832,2,0,2002
832,2,0,2001
832,2,0,2005
1403,3,0,2005
1403,3,0,2006
1403,3,0,2004
1403,3,0,2003
1403,3,0,2001
1403,3,0,2002
503,3,0,2003
503,3,0,2002
912,3,1,2009
912,3,1,2004
912,3,1,2008
912,3,1,2005
912,3,1,2003
912,3,1,2006
912,3,1,2007
912,3,1,2010
927,2,0,2007
927,2,0,2006
927,2,0,2004
927,2,0,2008
927,2,0,2005
927,2,0,2003
927,2,0,2009
927,2,0,2010
919,4,0,2009
919,4,0,2010
919,4,0,2004
919,4,0,2008
919,4,0,2005
919,4,0,2007
919,4,0,2006
919,4,0,2003
1369,3,0,2016
1369,3,0,2011
1369,3,0,2015
1369,3,0,2014
1369,3,0,2005
1369,3,0,2003
1369,3,0,2009
1369,3,0,2006
1369,3,0,2004
1369,3,0,2010
1369,3,0,2007
1369,3,0,2008
1369,3,0,2013
1369,3,0,2012
1763,3,0,2004
1763,3,0,2007
1763,3,0,2005
1763,3,0,2006
1672,3,0,2010
1672,3,0,2008
1672,3,0,2009
1672,3,0,2004
1672,3,0,2007
1672,3,0,2006
1672,3,0,2005
1559,2,0,2006
1559,2,0,2002
1559,2,0,2003
1559,2,0,2007
1559,2,0,2005
1559,2,0,2004
1559,2,0,2008
459,4,1,2013
459,4,1,2011
459,4,1,2012
459,4,1,2004
459,4,1,2005
459,4,1,2010
459,4,1,2008
459,4,1,2006
459,4,1,2009
459,4,1,2003
459,4,1,2007
1042,2,0,2003
1042,2,0,2004
1024,4,0,2011
1024,4,0,2009
1024,4,0,2010
1024,4,0,2006
1024,4,0,2013
1024,4,0,2008
1024,4,0,2004
1024,4,0,2012
1024,4,0,2005
1024,4,0,2016
1024,4,0,2015
1024,4,0,2014
1024,4,0,2007
1024,4,0,2017
1532,2,0,2006
1532,2,0,2005
1532,2,0,2004
1717,2,0,2004
1717,2,0,2006
1717,2,0,2005
1892,2,0,2006
1892,2,0,2003
1892,2,0,2010
1892,2,0,2007
1892,2,0,2004
1892,2,0,2011
1892,2,0,2008
1892,2,0,2009
1892,2,0,2005
1892,2,0,2013
1892,2,0,2012
1758,2,0,2008
1758,2,0,2004
1758,2,0,2007
1758,2,0,2005
1758,2,0,2006
1888,4,0,2006
1888,4,0,2004
1888,4,0,2003
1888,4,0,2007
1888,4,0,2005
1491,2,0,2008
1491,2,0,2003
1491,2,0,2007
1491,2,0,2006
1491,2,0,2005
1491,2,0,2004
1672,3,0,2003
1672,3,0,2004
1672,3,0,2008
1672,3,0,2007
1672,3,0,2005
1672,3,0,2006
1589,3,0,2006
1589,3,0,2005
1589,3,0,2009
1589,3,0,2004
1589,3,0,2008
1589,3,0,2007
1589,3,0,2003
1765,3,0,2003
1765,3,0,2006
1765,3,0,2011
1765,3,0,2009
1765,3,0,2008
1765,3,0,2007
1765,3,0,2005
1765,3,0,2004
1765,3,0,2010
869,2,0,2012
869,2,0,2011
869,2,0,2010
869,2,0,2013
869,2,0,2009
869,2,0,2007
869,2,0,2014
869,2,0,2008
869,2,0,2006
869,2,0,2004
869,2,0,2015
869,2,0,2005
308,2,0,2005
308,2,0,2002
308,2,0,2003
308,2,0,2004
930,3,0,2008
930,3,0,2007
930,3,0,2004
930,3,0,2006
930,3,0,2005
930,3,0,2009
930,3,0,2010
1042,2,0,2007
1042,2,0,2006
1042,2,0,2005
1042,2,0,2004
1042,2,0,2008
1042,2,0,2010
1042,2,0,2009
832,2,0,2009
832,2,0,2011
832,2,0,2008
832,2,0,2015
832,2,0,2010
832,2,0,2016
832,2,0,2007
832,2,0,2006
832,2,0,2013
832,2,0,2014
832,2,0,2004
832,2,0,2017
832,2,0,2005
832,2,0,2012
832,2,0,2003
1735,3,0,2007
1735,3,0,2005
1735,3,0,2006
1735,3,0,2004
1725,2,0,2004
1725,2,0,2005
1782,2,0,2013
1782,2,0,2003
1782,2,0,2006
1782,2,0,2012
1782,2,0,2005
1782,2,0,2008
1782,2,0,2011
1782,2,0,2010
1782,2,0,2007
1782,2,0,2004
1782,2,0,2009
1247,3,0,2004
1247,3,0,2005
1247,3,0,2007
1247,3,0,2006
1437,2,0,2004
1437,2,0,2005
1437,2,0,2007
1437,2,0,2008
1437,2,0,2006
1437,2,0,2009
1705,4,1,2004
1705,4,1,2005
1705,4,1,2006
1740,3,1,2005
1740,3,1,2004
1401,3,0,2004
1401,3,0,2005
1401,3,0,2006
1510,2,0,2004
1510,2,0,2005
1415,3,0,2006
1415,3,0,2004
1415,3,0,2005
1415,3,0,2007
1854,2,0,2004
1854,2,0,2005
1042,2,0,2006
1042,2,0,2004
1042,2,0,2005
1042,2,0,2007
1042,2,0,2008
1772,3,1,2006
1772,3,1,2004
1772,3,1,2005
1772,3,1,2007
1558,2,0,2005
1558,2,0,2008
1558,2,0,2007
1558,2,0,2004
1558,2,0,2006
1791,2,0,2005
1791,2,0,2004
1791,2,0,2007
1791,2,0,2006
1763,2,0,2017
1763,2,0,2015
1763,2,0,2016
1763,2,0,2014
1763,2,0,2012
1763,2,0,2004
1763,2,0,2006
1763,2,0,2013
1763,2,0,2011
1763,2,0,2005
1763,2,0,2007
1763,2,0,2010
1763,2,0,2008
1763,2,0,2009
1429,2,0,2004
1429,2,0,2005
1362,2,0,2005
1362,2,0,2004
1362,2,0,2007
1362,2,0,2008
1362,2,0,2006
1665,2,0,2007
1665,2,0,2006
1665,2,0,2005
1665,2,0,2004
1892,2,0,2006
1892,2,0,2007
1892,2,0,2004
1892,2,0,2005
1764,2,0,2005
1764,2,0,2007
1764,2,0,2010
1764,2,0,2006
1764,2,0,2009
1764,2,0,2008
1605,3,0,2007
1605,3,0,2008
1605,3,0,2006
1605,3,0,2005
1501,5,1,2006
1501,5,1,2005
1614,2,0,2005
1614,2,0,2009
1614,2,0,2008
1614,2,0,2006
1614,2,0,2007
1506,2,0,2007
1506,2,0,2006
1506,2,0,2005
2987,2,0,2007
2987,2,0,2008
2987,2,0,2011
2987,2,0,2006
2987,2,0,2013
2987,2,0,2016
2987,2,0,2009
2987,2,0,2010
2987,2,0,2014
2987,2,0,2015
2987,2,0,2005
2987,2,0,2012
2987,2,0,2017
1361,2,0,2006
1361,2,0,2007
1361,2,0,2005
1563,2,0,2011
1563,2,0,2009
1563,2,0,2008
1563,2,0,2010
1563,2,0,2005
1563,2,0,2012
1563,2,0,2007
1563,2,0,2006
1563,2,0,2013
1563,2,0,2004
2978,3,0,2010
2978,3,0,2008
2978,3,0,2007
2978,3,0,2011
2978,3,0,2009
2978,3,0,2005
2978,3,0,2004
2978,3,0,2006
1697,2,0,2006
1697,2,0,2005
1697,2,0,2007
1717,2,0,2005
1717,2,0,2007
1717,2,0,2008
1717,2,0,2006
1725,2,0,2008
1725,2,0,2006
1725,2,0,2007
1725,2,0,2005
1403,2,0,2006
1403,2,0,2007
1403,2,0,2005
1778,2,0,2005
1778,2,0,2006
1778,2,0,2007
1778,2,0,2004
1778,2,0,2006
1778,2,0,2004
1778,2,0,2005
1778,2,0,2007
1778,2,0,2008
1043,4,0,2008
1043,4,0,2006
1043,4,0,2004
1043,4,0,2007
1043,4,0,2003
1043,4,0,2005
1503,2,0,2005
1503,2,0,2006
1503,2,0,2007
1501,5,0,2017
1501,5,0,2007
1501,5,0,2005
1501,5,0,2013
1501,5,0,2006
1501,5,0,2012
1501,5,0,2008
1501,5,0,2009
1501,5,0,2016
1501,5,0,2010
1501,5,0,2011
1501,5,0,2015
1501,5,0,2014
1605,3,0,2006
1605,3,0,2010
1605,3,0,2014
1605,3,0,2011
1605,3,0,2005
1605,3,0,2013
1605,3,0,2007
1605,3,0,2008
1605,3,0,2009
1605,3,0,2012
1532,4,0,2006
1532,4,0,2005
2985,3,1,2006
2985,3,1,2007
2985,3,1,2005
1716,2,0,2005
1716,2,0,2006
2987,2,0,2008
2987,2,0,2007
2987,2,0,2005
2987,2,0,2009
2987,2,0,2006
1437,2,0,2007
1437,2,0,2005
1437,2,0,2008
1437,2,0,2006
930,3,1,2006
930,3,1,2005
1580,3,1,2005
1580,3,1,2006
1580,3,1,2007
1580,3,1,2008
1580,3,1,2009
1597,3,0,2004
1597,3,0,2005
1042,4,0,2005
1042,4,0,2006
1821,2,0,2006
1821,2,0,2005
1369,2,0,2010
1369,2,0,2009
1369,2,0,2007
1369,2,0,2008
1369,2,0,2006
1369,2,0,2005
1790,2,0,2005
1790,2,0,2006
1790,2,0,2009
1790,2,0,2010
1790,2,0,2007
1790,2,0,2008
1828,2,0,2012
1828,2,0,2005
1828,2,0,2011
1828,2,0,2010
1828,2,0,2009
1828,2,0,2007
1828,2,0,2008
1828,2,0,2006
1388,2,0,2005
1388,2,0,2006
1685,2,0,2005
1685,2,0,2007
1685,2,0,2006
1491,3,0,2006
1491,3,0,2005
1491,3,0,2007
1757,2,0,2013
1757,2,0,2014
1757,2,0,2004
1757,2,0,2005
1757,2,0,2007
1757,2,0,2010
1757,2,0,2011
1757,2,0,2006
1757,2,0,2012
1757,2,0,2009
1757,2,0,2008
1779,2,0,2007
1779,2,0,2005
1779,2,0,2006
1506,2,0,2005
1506,2,0,2006
1506,2,0,2007
1506,2,0,2008
2975,2,0,2006
2975,2,0,2005
3090,2,0,2011
3090,2,0,2010
3090,2,0,2012
3090,2,0,2009
3090,2,0,2007
3090,2,0,2013
3090,2,0,2014
3090,2,0,2006
3090,2,0,2015
3090,2,0,2008
3090,2,0,2005
3090,2,0,2016
1824,3,1,2005
1824,3,1,2006
1864,2,0,2009
1864,2,0,2008
1864,2,0,2010
1864,2,0,2006
1864,2,0,2007
1864,2,0,2005
1685,2,0,2005
1685,2,0,2006
1685,2,0,2008
1685,2,0,2007
1854,3,1,2005
1854,3,1,2008
1854,3,1,2006
1854,3,1,2007
1200,2,0,2005
1200,2,0,2006
2963,3,1,2008
2963,3,1,2006
2963,3,1,2009
2963,3,1,2010
2963,3,1,2005
2963,3,1,2007
1740,2,0,2015
1740,2,0,2016
1740,2,0,2007
1740,2,0,2014
1740,2,0,2005
1740,2,0,2006
1740,2,0,2010
1740,2,0,2013
1740,2,0,2012
1740,2,0,2008
1740,2,0,2011
1740,2,0,2009
1760,2,0,2005
1760,2,0,2007
1760,2,0,2006
1760,2,0,2008
1559,2,0,2006
1559,2,0,2005
1725,2,0,2008
1725,2,0,2009
1725,2,0,2007
1725,2,0,2006
1725,2,0,2010
1725,2,0,2011
1725,2,0,2012
1725,2,0,2005
3003,2,0,2012
3003,2,0,2011
3003,2,0,2013
3003,2,0,2010
3003,2,0,2009
3003,2,0,2005
3003,2,0,2008
3003,2,0,2007
3003,2,0,2006
2984,3,0,2006
2984,3,0,2005
1705,3,1,2005
1705,3,1,2008
1705,3,1,2007
1705,3,1,2010
1705,3,1,2011
1705,3,1,2006
1705,3,1,2014
1705,3,1,2013
1705,3,1,2012
1705,3,1,2009
3009,3,0,2008
3009,3,0,2010
3009,3,0,2006
3009,3,0,2009
3009,3,0,2007
3009,3,0,2005
1757,3,0,2005
1757,3,0,2006
1857,5,1,2005
1857,5,1,2007
1857,5,1,2009
1857,5,1,2006
1857,5,1,2008
1763,5,0,2007
1763,5,0,2005
1763,5,0,2006
1763,5,0,2008
1763,5,0,2010
1763,5,0,2009
1827,2,0,2006
1827,2,0,2008
1827,2,0,2005
1827,2,0,2007
1369,2,0,2009
1369,2,0,2010
1369,2,0,2008
1369,2,0,2006
1369,2,0,2007
1369,2,0,2004
1369,2,0,2005
1429,3,0,2005
1429,3,0,2006
919,3,1,2005
919,3,1,2006
919,3,1,2009
919,3,1,2007
919,3,1,2008
1891,3,0,2005
1891,3,0,2006
1891,3,0,2007
1665,3,0,2014
1665,3,0,2017
1665,3,0,2013
1665,3,0,2015
1665,3,0,2016
1665,3,0,2012
1665,3,0,2009
1665,3,0,2005
1665,3,0,2011
1665,3,0,2010
1665,3,0,2007
1665,3,0,2006
1665,3,0,2008
1580,3,1,2009
1580,3,1,2008
1580,3,1,2007
1580,3,1,2010
1580,3,1,2006
1580,3,1,2005
1576,2,0,2005
1576,2,0,2006
1576,2,0,2013
1576,2,0,2009
1576,2,0,2012
1576,2,0,2007
1576,2,0,2008
1576,2,0,2011
1576,2,0,2010
1790,2,0,2007
1790,2,0,2005
1790,2,0,2008
1790,2,0,2006
1851,2,0,2005
1851,2,0,2006
1781,2,0,2008
1781,2,0,2005
1781,2,0,2006
1781,2,0,2007
1678,3,0,2006
1678,3,0,2007
1678,3,0,2005
1791,3,0,2008
1791,3,0,2006
1791,3,0,2007
1791,3,0,2005
1043,2,0,2006
1043,2,0,2007
1043,2,0,2008
1043,2,0,2005
1672,2,0,2005
1672,2,0,2006
1437,2,0,2009
1437,2,0,2008
1437,2,0,2005
1437,2,0,2007
1437,2,0,2006
3003,3,0,2009
3003,3,0,2006
3003,3,0,2010
3003,3,0,2008
3003,3,0,2013
3003,3,0,2007
3003,3,0,2011
3003,3,0,2005
3003,3,0,2004
3003,3,0,2015
3003,3,0,2012
3003,3,0,2017
3003,3,0,2016
3003,3,0,2014
2968,4,1,2016
2968,4,1,2015
2968,4,1,2017
2968,4,1,2014
2968,4,1,2006
2968,4,1,2009
2968,4,1,2013
2968,4,1,2005
2968,4,1,2011
2968,4,1,2007
2968,4,1,2012
2968,4,1,2008
2968,4,1,2010
1678,3,0,2010
1678,3,0,2008
1678,3,0,2009
1678,3,0,2007
1678,3,0,2006
1678,3,0,2005
1716,3,0,2005
1716,3,0,2006
1043,2,0,1999
1043,2,0,1998
1155,2,0,2006
1155,2,0,2005
1042,5,0,2011
1042,5,0,2009
1042,5,0,2012
1042,5,0,2013
1042,5,0,2008
1042,5,0,2006
1042,5,0,2010
1042,5,0,2007
1042,5,0,2005
3487,4,0,2006
3487,4,0,2005
3487,4,0,2007
3487,4,0,2009
3487,4,0,2008
3487,4,0,2005
3487,4,0,2006
912,3,0,2006
912,3,0,2010
912,3,0,2007
912,3,0,2009
912,3,0,2008
1740,3,1,2006
1740,3,1,2009
1740,3,1,2012
1740,3,1,2007
1740,3,1,2008
1740,3,1,2010
1740,3,1,2011
1740,3,1,2013
1605,3,1,2007
1605,3,1,2006
1717,3,0,2007
1717,3,0,2006
1717,3,0,2005
1429,3,0,2006
1429,3,0,2008
1429,3,0,2009
1429,3,0,2007
1429,3,0,2010
3002,2,0,2012
3002,2,0,2010
3002,2,0,2013
3002,2,0,2009
3002,2,0,2011
3002,2,0,2007
3002,2,0,2008
3002,2,0,2005
3002,2,0,2006
1798,2,0,2006
1798,2,0,2007
1559,3,0,2008
1559,3,0,2006
1559,3,0,2010
1559,3,0,2007
1559,3,0,2009
1536,3,1,2007
1536,3,1,2006
1536,3,1,2008
1805,3,0,2007
1805,3,0,2008
1805,3,0,2006
1805,3,0,2010
1805,3,0,2009
3698,2,0,2016
3698,2,0,2017
3698,2,0,2015
3698,2,0,2007
3698,2,0,2006
3698,2,0,2014
3698,2,0,2010
3698,2,0,2008
3698,2,0,2009
3698,2,0,2013
3698,2,0,2011
3698,2,0,2012
1510,2,0,2005
1510,2,0,2006
1510,2,0,2007
1510,2,0,2008
1763,4,1,2007
1763,4,1,2006
1857,3,1,2006
1857,3,1,2009
1857,3,1,2008
1857,3,1,2007
1415,3,1,2008
1415,3,1,2006
1415,3,1,2007
1503,3,1,2006
1503,3,1,2007
1503,3,1,2008
3003,3,0,2006
3003,3,0,2008
3003,3,0,2007
1042,5,1,2007
1042,5,1,2006
1707,3,0,2009
1707,3,0,2005
1707,3,0,2008
1707,3,0,2007
1707,3,0,2006
3086,4,1,2007
3086,4,1,2006
3086,4,1,2008
1697,2,0,2010
1697,2,0,2007
1697,2,0,2013
1697,2,0,2008
1697,2,0,2006
1697,2,0,2009
1697,2,0,2012
1697,2,0,2011
1697,2,0,2007
1697,2,0,2006
2963,4,1,2007
2963,4,1,2006
1895,2,0,2010
1895,2,0,2006
1895,2,0,2009
1895,2,0,2007
1895,2,0,2008
1895,2,0,2011
1740,3,1,2007
1740,3,1,2006
1510,2,0,2010
1510,2,0,2011
1510,2,0,2009
1510,2,0,2008
1510,2,0,2013
1510,2,0,2007
1510,2,0,2006
1510,2,0,2012
1510,2,0,2015
1510,2,0,2014
3505,3,0,2013
3505,3,0,2012
3505,3,0,2009
3505,3,0,2011
3505,3,0,2010
3505,3,0,2008
3505,3,0,2007
3505,3,0,2006
845,2,0,2006
845,2,0,2007
1244,4,0,2007
1244,4,0,2006
1244,4,0,2008
1419,4,1,2007
1419,4,1,2006
1779,3,0,2011
1779,3,0,2012
1779,3,0,2010
1779,3,0,2009
1779,3,0,2013
1779,3,0,2014
1779,3,0,2015
1779,3,0,2008
1779,3,0,2006
1779,3,0,2007
1824,4,1,2007
1824,4,1,2009
1824,4,1,2010
1824,4,1,2008
1824,4,1,2006
869,3,0,2006
869,3,0,2008
869,3,0,2007
1782,2,0,2007
1782,2,0,2006
1024,2,0,2006
1024,2,0,2007
1506,4,1,2006
1506,4,1,2007
1854,3,0,2014
1854,3,0,2013
1854,3,0,2015
1854,3,0,2006
1854,3,0,2012
1854,3,0,2011
1854,3,0,2009
1854,3,0,2010
1854,3,0,2007
1854,3,0,2008
1821,3,1,2006
1821,3,1,2007
3507,2,0,2006
3507,2,0,2007
3507,2,0,2008
1170,3,0,2006
1170,3,0,2007
3517,3,0,2009
3517,3,0,2008
3517,3,0,2007
3517,3,0,2006
2963,4,1,2007
2963,4,1,2006
2963,4,1,2008
2963,4,1,2007
2963,4,1,2006
1826,2,0,2013
1826,2,0,2012
1826,2,0,2009
1826,2,0,2008
1826,2,0,2007
1826,2,0,2014
1826,2,0,2006
1826,2,0,2016
1826,2,0,2017
1826,2,0,2010
1826,2,0,2011
1826,2,0,2015
1043,3,0,2008
1043,3,0,2012
1043,3,0,2010
1043,3,0,2011
1043,3,0,2006
1043,3,0,2009
1043,3,0,2007
3453,3,1,2014
3453,3,1,2015
3453,3,1,2013
3453,3,1,2008
3453,3,1,2012
3453,3,1,2007
3453,3,1,2010
3453,3,1,2006
3453,3,1,2009
3453,3,1,2011
3453,3,1,2009
3453,3,1,2011
3453,3,1,2012
3453,3,1,2007
3453,3,1,2010
3453,3,1,2006
3453,3,1,2008
1672,3,0,2007
1672,3,0,2006
1672,3,0,2008
1672,3,0,2010
1672,3,0,2009
1827,3,0,2011
1827,3,0,2010
1827,3,0,2008
1827,3,0,2007
1827,3,0,2009
1827,3,0,2006
1827,3,0,2007
1827,3,0,2006
1827,3,0,2008
1791,3,0,2006
1791,3,0,2007
1791,3,0,2009
1791,3,0,2008
1532,4,0,2007
1532,4,0,2008
1532,4,0,2006
1532,4,0,2010
1532,4,0,2009
1501,3,1,2006
1501,3,1,2008
1501,3,1,2007
1415,3,1,2012
1415,3,1,2007
1415,3,1,2006
1415,3,1,2009
1415,3,1,2013
1415,3,1,2014
1415,3,1,2010
1415,3,1,2008
1415,3,1,2011
1753,2,0,2009
1753,2,0,2008
1753,2,0,2007
1753,2,0,2006
3490,3,0,2006
3490,3,0,2007
1872,2,0,2007
1872,2,0,2006
1872,2,0,2009
1872,2,0,2008
1803,4,1,2007
1803,4,1,2006
1437,4,1,2011
1437,4,1,2009
1437,4,1,2012
1437,4,1,2010
1437,4,1,2014
1437,4,1,2013
1437,4,1,2008
1437,4,1,2007
1437,4,1,2006
1491,4,1,2006
1491,4,1,2008
1491,4,1,2007
1491,4,1,2008
1491,4,1,2007
1491,4,1,2006
3567,2,0,2007
3567,2,0,2006
1437,4,1,2008
1437,4,1,2006
1437,4,1,2007
1789,2,0,2009
1789,2,0,2008
1789,2,0,2006
1789,2,0,2007
1789,2,0,2010
1672,3,0,2009
1672,3,0,2008
1672,3,0,2010
1672,3,0,2011
1672,3,0,2006
1672,3,0,2007
1672,3,0,2014
1672,3,0,2015
1672,3,0,2012
1672,3,0,2013
1672,3,0,2016
1598,2,0,2006
1598,2,0,2007
1685,3,0,2010
1685,3,0,2011
1685,3,0,2009
1685,3,0,2008
1685,3,0,2007
1685,3,0,2006
2982,2,0,2008
2982,2,0,2006
2982,2,0,2009
2982,2,0,2007
2982,2,0,2011
2982,2,0,2012
2982,2,0,2014
2982,2,0,2010
2982,2,0,2013
2982,2,0,2015
1893,3,0,2008
1893,3,0,2007
1893,3,0,2006
2968,5,1,2008
2968,5,1,2009
2968,5,1,2007
2968,5,1,2006
2968,5,1,2010
1361,3,0,2007
1361,3,0,2008
1361,3,0,2009
1361,3,0,2010
1361,3,0,2006
1760,2,0,2007
1760,2,0,2006
2968,5,1,2007
2968,5,1,2006
2959,2,0,2008
2959,2,0,2007
2959,2,0,2010
2959,2,0,2006
2959,2,0,2009
1559,3,0,2006
1559,3,0,2007
1501,3,0,2010
1501,3,0,2008
1501,3,0,2007
1501,3,0,2009
1501,3,0,2006
1503,3,0,2007
1503,3,0,2006
3500,2,0,2009
3500,2,0,2006
3500,2,0,2008
3500,2,0,2007
3487,2,0,2007
3487,2,0,2006
3487,2,0,2008
3487,2,0,2009
3487,2,0,2010
1669,2,0,2011
1669,2,0,2010
1669,2,0,2012
1669,2,0,2007
1669,2,0,2008
1669,2,0,2009
1669,2,0,2006
1669,2,0,2013
1155,2,0,2008
1155,2,0,2007
1155,2,0,2010
1155,2,0,2006
1155,2,0,2014
1155,2,0,2011
1155,2,0,2009
1155,2,0,2013
1155,2,0,2012
2968,5,0,2006
2968,5,0,2008
2968,5,0,2009
2968,5,0,2015
2968,5,0,2014
2968,5,0,2011
2968,5,0,2007
2968,5,0,2013
2968,5,0,2010
2968,5,0,2012
2968,5,0,2006
2968,5,0,2007
1757,2,0,2010
1757,2,0,2011
1757,2,0,2008
1757,2,0,2014
1757,2,0,2009
1757,2,0,2013
1757,2,0,2012
1757,2,0,2007
1757,2,0,2015
3002,3,0,2013
3002,3,0,2014
3002,3,0,2012
3002,3,0,2011
3002,3,0,2007
3002,3,0,2010
3002,3,0,2006
3002,3,0,2015
3002,3,0,2009
3002,3,0,2008
1803,3,0,2009
1803,3,0,2008
1803,3,0,2007
1532,4,0,2008
1532,4,0,2009
1532,4,0,2007
1532,4,0,2010
2985,3,1,2010
2985,3,1,2011
2985,3,1,2008
2985,3,1,2012
2985,3,1,2013
2985,3,1,2014
2985,3,1,2009
2985,3,1,2015
2985,3,1,2007
3446,2,0,2008
3446,2,0,2006
3446,2,0,2007
1765,3,1,2008
1765,3,1,2007
1800,4,0,2008
1800,4,0,2010
1800,4,0,2009
1800,4,0,2007
1614,2,0,2006
1614,2,0,2007
1614,2,0,2008
1716,3,0,2006
1716,3,0,2007
1716,3,0,2009
1716,3,0,2008
2963,6,1,2010
2963,6,1,2009
2963,6,1,2008
2963,6,1,2007
1753,2,0,2008
1753,2,0,2009
1753,2,0,2007
1753,2,0,2006
3002,3,1,2009
3002,3,1,2008
3002,3,1,2007
1717,2,0,2008
1717,2,0,2007
1717,2,0,2009
1717,2,0,2006
1717,2,0,2011
1717,2,0,2014
1717,2,0,2015
1717,2,0,2013
1717,2,0,2010
1717,2,0,2012
1580,2,0,2008
1580,2,0,2009
1580,2,0,2010
1580,2,0,2007
1580,2,0,2011
3569,3,1,2008
3569,3,1,2007
3698,3,0,2011
3698,3,0,2008
3698,3,0,2007
3698,3,0,2009
3698,3,0,2010
1043,3,1,2008
1043,3,1,2007
1042,2,0,2009
1042,2,0,2007
1042,2,0,2011
1042,2,0,2012
1042,2,0,2008
1042,2,0,2010
2985,3,1,2013
2985,3,1,2012
2985,3,1,2011
2985,3,1,2009
2985,3,1,2010
2985,3,1,2008
2985,3,1,2007
2985,3,1,2014
1826,3,0,2008
1826,3,0,2007
3698,2,0,2016
3698,2,0,2007
3698,2,0,2015
3698,2,0,2010
3698,2,0,2014
3698,2,0,2008
3698,2,0,2009
3698,2,0,2013
3698,2,0,2011
3698,2,0,2012
3085,2,0,2008
3085,2,0,2007
1776,4,0,2007
1776,4,0,2008
3446,3,0,2008
3446,3,0,2007
1854,4,1,2009
1854,4,1,2008
1854,4,1,2007
3487,3,0,2007
3487,3,0,2008
3487,3,0,2009
1716,3,0,2008
1716,3,0,2007
1716,3,0,2009
1716,3,0,2010
3567,2,0,2007
3567,2,0,2008
3497,2,0,2008
3497,2,0,2007
3497,2,0,2010
3497,2,0,2009
1757,2,0,2008
1757,2,0,2007
1361,4,1,2007
1361,4,1,2009
1361,4,1,2008
1361,4,1,2010
1763,5,1,2009
1763,5,1,2008
1763,5,1,2007
1790,4,1,2009
1790,4,1,2008
1790,4,1,2012
1790,4,1,2007
1790,4,1,2011
1790,4,1,2010
1872,3,0,2007
1872,3,0,2009
1872,3,0,2008
1536,2,0,2009
1536,2,0,2008
1536,2,0,2013
1536,2,0,2010
1536,2,0,2011
1536,2,0,2012
1536,2,0,2007
1401,4,0,2012
1401,4,0,2011
1401,4,0,2009
1401,4,0,2010
1401,4,0,2008
1401,4,0,2007
1589,3,1,2008
1589,3,1,2009
1589,3,1,2007
930,3,0,2007
930,3,0,2008
3500,3,0,2009
3500,3,0,2010
3500,3,0,2008
3500,3,0,2007
3094,3,0,2007
3094,3,0,2008
3094,3,0,2009
3094,3,0,2010
2981,2,0,2010
2981,2,0,2011
2981,2,0,2008
2981,2,0,2009
2981,2,0,2012
2981,2,0,2013
2981,2,0,2007
1678,3,0,2007
1678,3,0,2008
3022,2,0,2009
3022,2,0,2010
3022,2,0,2008
3022,2,0,2007
845,3,0,2010
845,3,0,2014
845,3,0,2011
845,3,0,2009
845,3,0,2017
845,3,0,2015
845,3,0,2008
845,3,0,2013
845,3,0,2016
845,3,0,2012
845,3,0,2007
1419,3,0,2009
1419,3,0,2010
1419,3,0,2008
1419,3,0,2007
1740,2,0,2010
1740,2,0,2011
1740,2,0,2012
1740,2,0,2014
1740,2,0,2015
1740,2,0,2009
1740,2,0,2008
1740,2,0,2013
3085,3,0,2008
3085,3,0,2009
3085,3,0,2010
1763,4,0,2010
1763,4,0,2009
1763,4,0,2008
3569,3,0,2009
3569,3,0,2010
3569,3,0,2008
1895,2,0,2008
1895,2,0,2011
1895,2,0,2012
1895,2,0,2010
1895,2,0,2016
1895,2,0,2013
1895,2,0,2009
1895,2,0,2017
1895,2,0,2015
1895,2,0,2014
1491,2,0,2008
1491,2,0,2009
1491,2,0,2010
1491,2,0,2007
3595,2,0,2012
3595,2,0,2011
3595,2,0,2013
3595,2,0,2008
3595,2,0,2010
3595,2,0,2009
3595,2,0,2007
3596,3,0,2009
3596,3,0,2010
3596,3,0,2011
3596,3,0,2013
3596,3,0,2014
3596,3,0,2015
3596,3,0,2008
3596,3,0,2012
3517,3,0,2008
3517,3,0,2009
3517,3,0,2011
3517,3,0,2010
4878,2,0,2010
4878,2,0,2011
4878,2,0,2012
4878,2,0,2009
4878,2,0,2013
4878,2,0,2008
3574,2,0,2009
3574,2,0,2010
3574,2,0,2008
3574,2,0,2014
3574,2,0,2011
3574,2,0,2015
3574,2,0,2013
3574,2,0,2012
1669,3,1,2011
1669,3,1,2012
1669,3,1,2013
1669,3,1,2015
1669,3,1,2016
1669,3,1,2017
1669,3,1,2010
1669,3,1,2008
1669,3,1,2014
1669,3,1,2009
2985,5,1,2008
2985,5,1,2009
4896,2,0,2011
4896,2,0,2012
4896,2,0,2010
4896,2,0,2009
4896,2,0,2008
3698,2,0,2008
3698,2,0,2011
3698,2,0,2012
3698,2,0,2010
3698,2,0,2009
3608,3,0,2009
3608,3,0,2008
5162,3,0,2008
5162,3,0,2007
1782,3,0,2009
1782,3,0,2010
1782,3,0,2011
1782,3,0,2013
1782,3,0,2014
1782,3,0,2015
1782,3,0,2012
1782,3,0,2008
1782,3,0,2007
1678,3,0,2012
1678,3,0,2010
1678,3,0,2011
1678,3,0,2009
1678,3,0,2013
1678,3,0,2008
1195,3,0,2008
1195,3,0,2009
1195,3,0,2007
3491,4,0,2008
3491,4,0,2009
3641,4,1,2008
3641,4,1,2009
1821,2,0,2009
1821,2,0,2008
1821,2,0,2010
1790,5,1,2010
1790,5,1,2009
1790,5,1,2008
1170,2,0,2009
1170,2,0,2007
1170,2,0,2008
3518,2,0,2007
3518,2,0,2008
3518,2,0,2011
3518,2,0,2012
3518,2,0,2010
3518,2,0,2013
3518,2,0,2014
3518,2,0,2009
3518,2,0,2015
1438,2,0,2010
1438,2,0,2008
1438,2,0,2009
1438,2,0,2007
3451,2,0,2008
3451,2,0,2009
3451,2,0,2010
1803,4,0,2009
1803,4,0,2010
1803,4,0,2008
1803,4,0,2011
1803,4,0,2013
1803,4,0,2012
2963,4,0,2008
2963,4,0,2009
4965,3,0,2009
4965,3,0,2010
4965,3,0,2011
4965,3,0,2013
4965,3,0,2014
4965,3,0,2015
4965,3,0,2008
4965,3,0,2012
1361,3,1,2009
1361,3,1,2008
930,4,0,2013
930,4,0,2008
930,4,0,2009
930,4,0,2011
930,4,0,2014
930,4,0,2015
930,4,0,2012
930,4,0,2010
1717,2,0,2015
1717,2,0,2016
1717,2,0,2013
1717,2,0,2014
1717,2,0,2010
1717,2,0,2012
1717,2,0,2009
1717,2,0,2011
3094,3,0,2008
3094,3,0,2011
3094,3,0,2012
3094,3,0,2010
3094,3,0,2013
3094,3,0,2009
3094,3,0,2015
3094,3,0,2014
3606,4,0,2008
3606,4,0,2012
3606,4,0,2009
3606,4,0,2010
3606,4,0,2015
3606,4,0,2011
3606,4,0,2013
3606,4,0,2014
1491,2,0,2009
1491,2,0,2010
3606,3,0,2009
3606,3,0,2010
5079,2,0,2013
5079,2,0,2012
5079,2,0,2011
5079,2,0,2014
5079,2,0,2010
5079,2,0,2008
5079,2,0,2009
3022,2,0,2008
3022,2,0,2009
1821,2,0,2010
1821,2,0,2009
4973,3,1,2009
4973,3,1,2010
5263,6,1,2013
5263,6,1,2008
5263,6,1,2012
5263,6,1,2011
5263,6,1,2010
5263,6,1,2009
3453,2,0,2008
3453,2,0,2009
3002,2,0,2010
3002,2,0,2011
3002,2,0,2009
3002,2,0,2012
3002,2,0,2013
3002,2,0,2010
3002,2,0,2012
3002,2,0,2011
3002,2,0,2013
3002,2,0,2009
5075,2,0,2010
5075,2,0,2009
4935,3,1,2009
4935,3,1,2010
3086,4,1,2010
3086,4,1,2009
1857,3,1,2014
1857,3,1,2015
1857,3,1,2013
1857,3,1,2012
1857,3,1,2010
1857,3,1,2011
1857,3,1,2009
1042,3,1,2009
1042,3,1,2010
4936,4,1,2010
4936,4,1,2011
4936,4,1,2009
4936,4,1,2014
4936,4,1,2015
4936,4,1,2013
4936,4,1,2017
4936,4,1,2012
4936,4,1,2016
1798,2,0,2012
1798,2,0,2011
1798,2,0,2009
1798,2,0,2010
1798,2,0,2013
1826,2,0,2009
1826,2,0,2010
1826,2,0,2012
1826,2,0,2011
1854,3,0,2008
1854,3,0,2009
1854,3,0,2013
1854,3,0,2010
1854,3,0,2012
1854,3,0,2011
3086,4,1,2009
3086,4,1,2010
2989,2,0,2010
2989,2,0,2011
2989,2,0,2009
2989,2,0,2014
2989,2,0,2013
2989,2,0,2012
1753,3,1,2010
1753,3,1,2009
3490,2,0,2015
3490,2,0,2010
3490,2,0,2014
3490,2,0,2013
3490,2,0,2011
3490,2,0,2012
3490,2,0,2009
1763,4,1,2015
1763,4,1,2009
1763,4,1,2012
1763,4,1,2013
1763,4,1,2011
1763,4,1,2010
1763,4,1,2014
1765,4,1,2009
1765,4,1,2010
3574,2,0,2010
3574,2,0,2009
3606,3,1,2010
3606,3,1,2009
1438,3,1,2009
1438,3,1,2010
1532,3,1,2011
1532,3,1,2012
1532,3,1,2010
1532,3,1,2009
1532,3,1,2013
1532,3,1,2015
1532,3,1,2014
4868,2,0,2009
4868,2,0,2010
4868,2,0,2015
4868,2,0,2014
4868,2,0,2011
4868,2,0,2013
4868,2,0,2012
3451,2,0,2010
3451,2,0,2011
3451,2,0,2009
3094,2,0,2009
3094,2,0,2010
4896,4,1,2014
4896,4,1,2013
4896,4,1,2012
4896,4,1,2009
4896,4,1,2011
4896,4,1,2010
5123,3,1,2011
5123,3,1,2012
5123,3,1,2010
5123,3,1,2013
3490,2,0,2010
3490,2,0,2011
3490,2,0,2009
4863,2,0,2016
4863,2,0,2017
4863,2,0,2015
4863,2,0,2010
4863,2,0,2011
4863,2,0,2014
4863,2,0,2013
4863,2,0,2012
5267,2,0,2016
5267,2,0,2011
5267,2,0,2012
5267,2,0,2010
5267,2,0,2014
5267,2,0,2009
5267,2,0,2015
5267,2,0,2013
3590,2,0,2013
3590,2,0,2012
3590,2,0,2014
3590,2,0,2009
3590,2,0,2011
3590,2,0,2010
3590,2,0,2015
5147,2,0,2010
5147,2,0,2009
1757,2,0,2016
1757,2,0,2009
1757,2,0,2015
1757,2,0,2014
1757,2,0,2011
1757,2,0,2013
1757,2,0,2012
1757,2,0,2010
3608,2,0,2010
3608,2,0,2011
3608,2,0,2012
3608,2,0,2014
3608,2,0,2015
3608,2,0,2016
3608,2,0,2009
3608,2,0,2017
3608,2,0,2013
5163,2,0,2009
5163,2,0,2012
5163,2,0,2014
5163,2,0,2011
5163,2,0,2013
5163,2,0,2010
4960,2,0,2014
4960,2,0,2015
4960,2,0,2011
4960,2,0,2012
4960,2,0,2010
4960,2,0,2013
4960,2,0,2009
1361,2,0,2011
1361,2,0,2010
2963,3,1,2013
2963,3,1,2012
2963,3,1,2014
2963,3,1,2015
2963,3,1,2010
2963,3,1,2011
2968,2,0,2010
2968,2,0,2009
1763,5,0,2012
1763,5,0,2013
1763,5,0,2010
1763,5,0,2014
1763,5,0,2011
3567,2,0,2010
3567,2,0,2009
1854,2,0,2010
1854,2,0,2009
3569,2,0,2013
3569,2,0,2010
3569,2,0,2012
3569,2,0,2011
3462,2,0,2011
3462,2,0,2012
3462,2,0,2010
1605,3,1,2010
1605,3,1,2011
1605,3,1,2012
5224,2,0,2013
5224,2,0,2014
5224,2,0,2011
5224,2,0,2012
5224,2,0,2010
1491,2,0,2011
1491,2,0,2010
3516,3,1,2012
3516,3,1,2011
3516,3,1,2013
3516,3,1,2014
3516,3,1,2010
3516,3,1,2015
3086,3,1,2012
3086,3,1,2013
3086,3,1,2011
3086,3,1,2015
3086,3,1,2010
3086,3,1,2014
5164,2,0,2011
5164,2,0,2013
5164,2,0,2012
1803,3,1,2011
1803,3,1,2012
1803,3,1,2013
1803,3,1,2010
1803,3,1,2014
3518,2,0,2011
3518,2,0,2012
3518,2,0,2010
4964,4,1,2016
4964,4,1,2011
4964,4,1,2010
4964,4,1,2015
4964,4,1,2014
4964,4,1,2013
4964,4,1,2012
3085,2,0,2010
3085,2,0,2011
3085,2,0,2014
3085,2,0,2015
3085,2,0,2013
3085,2,0,2017
3085,2,0,2012
3085,2,0,2016
1605,4,1,2011
1605,4,1,2012
1605,4,1,2010
5217,3,1,2012
5217,3,1,2010
5217,3,1,2011
3606,4,0,2011
3606,4,0,2012
1826,3,0,2011
1826,3,0,2012
1826,3,0,2015
1826,3,0,2016
1826,3,0,2013
1826,3,0,2010
1826,3,0,2014
2985,4,1,2012
2985,4,1,2011
5284,2,0,2012
5284,2,0,2013
5284,2,0,2014
5284,2,0,2010
5284,2,0,2011
3002,2,0,2010
3002,2,0,2011
3002,2,0,2013
3002,2,0,2012
5324,3,0,2014
5324,3,0,2016
5324,3,0,2012
5324,3,0,2013
5324,3,0,2011
5324,3,0,2015
5324,3,0,2010
1580,2,0,2010
1580,2,0,2011
1580,2,0,2014
1580,2,0,2013
1580,2,0,2012
4958,2,0,2010
4958,2,0,2011
4958,2,0,2014
4958,2,0,2013
4958,2,0,2012
3518,2,0,2012
3518,2,0,2013
3518,2,0,2014
3518,2,0,2015
3518,2,0,2011
3518,2,0,2010
3518,2,0,2016
3094,3,0,2010
3094,3,0,2011
3094,3,0,2012
3094,3,0,2013
3490,2,0,2012
3490,2,0,2011
3596,3,0,2012
3596,3,0,2011
3596,3,0,2010
3596,3,0,2013
1438,2,0,2011
1438,2,0,2012
1438,2,0,2013
5531,2,0,2011
5531,2,0,2012
5531,2,0,2010
5531,2,0,2013
5531,2,0,2014
5531,2,0,2015
5163,2,0,2013
5163,2,0,2011
5163,2,0,2012
5163,2,0,2010
3022,2,0,2010
3022,2,0,2011
3022,2,0,2014
3022,2,0,2015
3022,2,0,2013
3022,2,0,2017
3022,2,0,2012
3022,2,0,2016
5336,2,0,2010
5336,2,0,2011
5336,2,0,2012
5324,3,1,2012
5324,3,1,2011
1617,2,0,2011
1617,2,0,2012
1617,2,0,2015
1617,2,0,2016
1617,2,0,2014
1617,2,0,2013
3517,3,0,2011
3517,3,0,2017
3517,3,0,2014
3517,3,0,2016
3517,3,0,2013
3517,3,0,2015
3517,3,0,2012
1852,2,0,2011
1852,2,0,2012
1852,2,0,2010
1852,2,0,2015
1852,2,0,2014
1852,2,0,2013
5277,2,0,2010
5277,2,0,2017
5277,2,0,2012
5277,2,0,2011
5277,2,0,2016
5277,2,0,2015
5277,2,0,2014
5277,2,0,2013
5277,4,1,2011
5277,4,1,2012
5277,4,1,2013
5132,2,0,2012
5132,2,0,2013
5132,2,0,2011
5132,2,0,2014
5075,2,0,2013
5075,2,0,2014
5075,2,0,2016
5075,2,0,2012
5075,2,0,2015
5075,2,0,2011
3462,3,0,2011
3462,3,0,2012
3462,3,0,2013
5119,2,0,2013
5119,2,0,2012
5119,2,0,2011
4999,2,0,2011
4999,2,0,2015
4999,2,0,2013
4999,2,0,2014
4999,2,0,2012
4958,2,0,2011
4958,2,0,2012
4958,2,0,2013
4958,2,0,2014
5320,2,0,2011
5320,2,0,2012
5320,2,0,2013
5284,2,0,2012
5284,2,0,2013
5284,2,0,2011
5217,5,1,2012
5217,5,1,2011
5217,5,1,2013
5457,2,0,2012
5457,2,0,2011
3608,2,0,2012
3608,2,0,2013
3608,2,0,2014
3608,2,0,2011
3608,2,0,2015
1826,4,1,2012
1826,4,1,2013
1826,4,1,2011
1826,4,1,2014
1826,4,1,2015
5452,3,1,2014
5452,3,1,2012
5452,3,1,2013
5452,3,1,2011
5452,3,1,2015
5319,2,0,2011
5319,2,0,2012
5319,2,0,2013
5337,3,1,2012
5337,3,1,2013
5337,3,1,2011
5337,3,1,2014
5337,3,1,2015
5524,2,0,2012
5524,2,0,2011
4917,3,1,2011
4917,3,1,2012
5450,2,0,2011
5450,2,0,2012
5450,2,0,2014
5450,2,0,2013
5450,2,0,2015
4999,2,0,2012
4999,2,0,2011
1415,2,0,2013
1415,2,0,2012
1415,2,0,2011
5511,2,0,2013
5511,2,0,2012
5511,2,0,2011
1763,4,1,2012
1763,4,1,2013
1763,4,1,2014
1763,4,1,2011
1763,4,1,2015
1716,3,0,2011
1716,3,0,2012
1716,3,0,2015
1716,3,0,2013
1716,3,0,2014
3517,3,0,2012
3517,3,0,2011
3517,3,0,2013
3517,3,0,2013
3517,3,0,2011
3517,3,0,2012
3490,2,0,2013
3490,2,0,2011
3490,2,0,2012
3490,2,0,2015
3490,2,0,2014
5162,2,0,2011
5162,2,0,2013
5162,2,0,2012
4965,4,1,2013
4965,4,1,2012
4965,4,1,2011
5341,2,0,2012
5341,2,0,2011
3453,2,0,2012
3453,2,0,2011
1763,4,1,2011
1763,4,1,2012
5616,3,0,2011
5616,3,0,2012
4904,2,0,2012
4904,2,0,2013
4904,2,0,2014
4904,2,0,2017
4904,2,0,2016
4904,2,0,2015
5573,3,1,2012
5573,3,1,2013
5517,3,0,2015
5517,3,0,2016
5517,3,0,2014
5517,3,0,2013
5517,3,0,2012
3002,2,0,2011
3002,2,0,2013
3002,2,0,2012
5195,2,0,2012
5195,2,0,2011
5267,3,0,2015
5267,3,0,2014
5267,3,0,2013
5267,3,0,2012
5164,2,0,2012
5164,2,0,2011
5164,2,0,2013
5164,2,0,2014
5164,2,0,2015
1824,3,0,2013
1824,3,0,2017
1824,3,0,2014
1824,3,0,2012
1824,3,0,2015
1824,3,0,2016
3595,2,0,2015
3595,2,0,2014
3595,2,0,2012
3595,2,0,2013
5598,3,1,2014
5598,3,1,2012
5598,3,1,2013
5598,3,1,2015
5598,3,1,2011
5549,3,1,2017
5549,3,1,2014
5549,3,1,2015
5549,3,1,2012
5549,3,1,2013
5549,3,1,2016
5212,2,0,2013
5212,2,0,2012
1716,3,0,2015
1716,3,0,2013
1716,3,0,2014
1716,3,0,2012
5465,2,0,2012
5465,2,0,2013
5465,2,0,2014
4885,2,0,2012
4885,2,0,2013
5589,2,0,2013
5589,2,0,2012
5589,2,0,2014
5634,2,0,2012
5634,2,0,2015
5634,2,0,2016
5634,2,0,2013
5634,2,0,2014
3094,2,0,2013
3094,2,0,2012
3094,2,0,2014
5845,3,0,2014
5845,3,0,2015
5845,3,0,2012
5845,3,0,2013
5845,3,0,2016
5324,3,0,2013
5324,3,0,2012
4803,2,0,2015
4803,2,0,2014
4803,2,0,2012
4803,2,0,2013
5685,2,0,2013
5685,2,0,2012
5683,3,0,2015
5683,3,0,2012
5683,3,0,2013
5683,3,0,2014
5549,3,1,2014
5549,3,1,2012
5549,3,1,2013
5549,3,1,2015
3085,3,0,2012
3085,3,0,2013
5514,3,0,2013
5514,3,0,2012
5613,3,0,2013
5613,3,0,2012
1864,2,0,2013
1864,2,0,2015
1864,2,0,2012
1864,2,0,2014
5525,3,1,2013
5525,3,1,2012
5525,3,1,2014
1824,3,0,2014
1824,3,0,2012
1824,3,0,2013
1824,3,0,2016
1824,3,0,2015
5212,2,0,2012
5212,2,0,2013
5212,2,0,2016
5212,2,0,2014
5212,2,0,2015
5596,3,0,2012
5596,3,0,2013
5902,3,0,2013
5902,3,0,2014
5902,3,0,2012
5902,3,0,2015
3595,3,0,2014
3595,3,0,2013
1580,2,0,2013
1580,2,0,2014
1580,2,0,2015
5635,2,0,2014
5635,2,0,2013
1605,3,1,2014
1605,3,1,2015
1605,3,1,2013
5625,2,0,2015
5625,2,0,2014
5625,2,0,2013
3595,3,0,2016
3595,3,0,2013
3595,3,0,2015
3595,3,0,2014
5277,4,1,2015
5277,4,1,2014
5277,4,1,2013
3002,3,0,2014
3002,3,0,2013
3002,3,0,2015
4965,2,0,2014
4965,2,0,2013
4965,2,0,2015
3462,2,0,2013
3462,2,0,2014
3699,2,0,2014
3699,2,0,2013
3699,2,0,2015
5766,2,0,2015
5766,2,0,2016
5766,2,0,2013
5766,2,0,2014
3518,3,0,2013
3518,3,0,2014
3085,2,0,2015
3085,2,0,2014
5635,3,1,2014
5635,3,1,2015
5625,3,1,2015
5625,3,1,2014
1826,2,0,2014
1826,2,0,2015
5604,4,0,2015
5604,4,0,2014
1707,3,1,2014
1707,3,1,2015
5575,2,0,2014
5575,2,0,2015
1852,3,1,2015
1852,3,1,2014
6028,2,0,2015
6028,2,0,2014
4958,2,0,2015
4958,2,0,2014
5611,3,0,2014
5611,3,0,2015
5514,3,0,2015
5514,3,0,2014
5657,2,0,2014
5657,2,0,2016
5657,2,0,2015
5598,2,0,2014
5598,2,0,2015
5598,2,0,2013
6066,2,0,2015
6066,2,0,2014
4904,2,0,2014
4904,2,0,2015
4904,2,0,2016
4965,2,0,2015
4965,2,0,2014
5524,2,0,2014
5524,2,0,2015
1857,3,1,2015
1857,3,1,2014
5845,3,0,2015
5845,3,0,2013
5845,3,0,2014
1717,2,0,2015
1717,2,0,2014
3574,2,0,2015
3574,2,0,2016
3574,2,0,2014
3497,2,0,2015
3497,2,0,2016
3497,2,0,2013
3497,2,0,2014
5842,2,0,2014
5842,2,0,2015
5536,3,1,2015
5536,3,1,2014
5537,2,0,2014
5537,2,0,2015
5537,2,0,2016
5537,2,0,2013
5537,2,0,2017
4958,4,1,2014
4958,4,1,2015
5613,2,0,2014
5613,2,0,2016
5613,2,0,2015
3491,2,0,2015
3491,2,0,2014
3491,2,0,2016
3085,3,0,2014
3085,3,0,2015
6061,2,0,2015
6061,2,0,2014
5630,2,0,2014
5630,2,0,2015
5564,2,0,2014
5564,2,0,2013
5641,3,1,2014
5641,3,1,2017
5641,3,1,2015
5641,3,1,2016
5514,3,1,2015
5514,3,1,2014
5514,3,1,2017
5514,3,1,2016
5851,2,0,2014
5851,2,0,2015
5128,3,1,2015
5128,3,1,2014
3595,2,0,2014
3595,2,0,2015
5597,3,1,2014
5597,3,1,2015
5173,2,0,2014
5173,2,0,2015
5277,3,0,2016
5277,3,0,2014
5277,3,0,2015
1716,2,0,2014
1716,2,0,2015
5543,3,1,2014
5543,3,1,2015
5277,5,1,2015
5277,5,1,2014
5766,3,1,2014
5766,3,1,2015
5625,4,1,2015
5625,4,1,2014
5635,4,1,2014
5635,4,1,2015
5630,2,0,2015
5630,2,0,2014
5769,3,1,2014
5769,3,1,2015
4896,2,0,2014
4896,2,0,2015
5575,3,1,2014
5575,3,1,2015
5842,3,1,2014
5842,3,1,2015
5842,3,1,2016
5634,3,0,2016
5634,3,0,2014
5634,3,0,2015
5277,6,1,2014
5277,6,1,2015
5337,3,1,2014
5337,3,1,2015
5337,3,1,2016
5337,3,1,2017
5319,5,0,2014
5319,5,0,2015
5128,3,1,2014
5128,3,1,2015
5128,3,1,2016
5833,2,0,2016
5833,2,0,2017
5833,2,0,2014
5833,2,0,2015
5530,3,0,2014
5530,3,0,2015
5613,3,0,2015
5613,3,0,2016
5613,3,0,2017
5524,2,0,2017
5524,2,0,2016
5524,2,0,2015
6044,2,0,2015
6044,2,0,2016
6044,2,0,2017
3698,2,0,2015
3698,2,0,2014
3094,2,0,2015
3094,2,0,2016
5845,3,1,2016
5845,3,1,2015
5845,3,1,2016
5845,3,1,2015
5517,2,0,2016
5517,2,0,2015
3085,2,0,2015
3085,2,0,2016
5613,4,1,2016
5613,4,1,2015
6182,2,0,2015
6182,2,0,2016
5630,2,0,2015
5630,2,0,2016
5634,4,0,2015
5634,4,0,2016
5212,2,0,2017
5212,2,0,2015
5212,2,0,2016
5537,2,0,2016
5537,2,0,2015
5132,3,0,2016
5132,3,0,2015
5173,2,0,2015
5173,2,0,2016
5657,3,1,2016
5657,3,1,2015
6034,3,0,2015
6034,3,0,2016
5845,2,0,2017
5845,2,0,2016
5854,2,0,2016
5854,2,0,2017
5511,2,0,2016
5511,2,0,2015
5543,4,1,2017
5543,4,1,2016
5851,2,0,2017
5851,2,0,2016
3094,3,0,2016
3094,3,0,2017
6229,3,1,2016
6229,3,1,2017
6036,4,1,2016
6036,4,1,2017
1287,3,0,2003
1287,3,0,2004
221,4,1,1996
221,4,1,1995
562,4,1,1998
562,4,1,1997
562,4,1,1995
562,4,1,1996
507,2,0,1998
507,2,0,1996
507,2,0,1997
507,2,0,1995
467,2,0,1996
467,2,0,1999
467,2,0,2007
467,2,0,1998
467,2,0,1995
467,2,0,1997
467,2,0,2010
467,2,0,2009
467,2,0,2008
467,2,0,2000
467,2,0,2006
467,2,0,2001
467,2,0,2005
467,2,0,2003
467,2,0,2002
467,2,0,2004
200,4,0,1999
200,4,0,1997
200,4,0,1995
200,4,0,1998
200,4,0,1996
467,3,1,1998
467,3,1,1995
467,3,1,1996
467,3,1,1997
1861,2,0,1995
1861,2,0,1996
215,3,0,1997
215,3,0,1999
215,3,0,2000
215,3,0,1998
215,3,0,1996
215,3,0,1995
877,4,0,1996
877,4,0,1997
877,4,0,1995
860,4,0,1996
860,4,0,1995
860,4,0,1997
609,4,1,1995
609,4,1,1996
609,4,1,2000
609,4,1,1998
609,4,1,1995
609,4,1,1999
609,4,1,1996
609,4,1,1997
293,2,0,1996
293,2,0,1995
507,3,0,2000
507,3,0,2001
507,3,0,1996
507,3,0,1997
507,3,0,1998
507,3,0,2002
507,3,0,1995
507,3,0,1999
830,2,0,1996
830,2,0,1995
1862,3,0,1999
1862,3,0,2000
1862,3,0,1995
1862,3,0,1998
1862,3,0,1997
1862,3,0,1996
1862,3,0,2005
1862,3,0,2007
1862,3,0,2001
1862,3,0,2003
1862,3,0,2004
1862,3,0,2006
1862,3,0,2002
436,4,0,2000
436,4,0,1996
436,4,0,1995
436,4,0,1998
436,4,0,1999
436,4,0,2001
436,4,0,1997
436,4,0,2002
75,4,1,1995
75,4,1,1996
51,3,0,1996
51,3,0,1995
507,4,1,1997
507,4,1,1999
507,4,1,2006
507,4,1,2005
507,4,1,1996
507,4,1,2004
507,4,1,1998
507,4,1,2002
507,4,1,2001
507,4,1,1995
507,4,1,2007
507,4,1,2003
507,4,1,2000
216,4,0,1996
216,4,0,1995
510,5,1,1998
510,5,1,1996
510,5,1,1997
176,5,0,1996
176,5,0,1995
545,3,0,1998
545,3,0,1995
545,3,0,1996
545,3,0,1997
545,3,0,2000
545,3,0,1999
836,3,1,2001
836,3,1,2000
836,3,1,1999
836,3,1,2005
836,3,1,1997
836,3,1,2003
836,3,1,2002
836,3,1,2009
836,3,1,2004
836,3,1,1998
836,3,1,1996
836,3,1,2007
836,3,1,2008
836,3,1,2010
836,3,1,2006
947,5,1,1997
947,5,1,1996
605,4,1,1996
605,4,1,2005
605,4,1,1998
605,4,1,2010
605,4,1,1997
605,4,1,2007
605,4,1,2009
605,4,1,2004
605,4,1,1999
605,4,1,2001
605,4,1,2006
605,4,1,2003
605,4,1,2002
605,4,1,2008
605,4,1,2000
606,4,0,2000
606,4,0,1999
606,4,0,1998
606,4,0,2001
606,4,0,1996
606,4,0,1997
1862,3,1,1996
1862,3,1,1997
673,3,0,1997
673,3,0,1995
673,3,0,1998
673,3,0,1996
559,2,0,1998
559,2,0,2001
559,2,0,2003
559,2,0,2009
559,2,0,2007
559,2,0,2004
559,2,0,2005
559,2,0,1997
559,2,0,1996
559,2,0,2006
559,2,0,2010
559,2,0,2015
559,2,0,2012
559,2,0,1999
559,2,0,2016
559,2,0,2014
559,2,0,2008
559,2,0,2000
559,2,0,2011
559,2,0,2002
559,2,0,2013
470,2,0,2002
470,2,0,2003
470,2,0,1998
470,2,0,2000
470,2,0,2001
470,2,0,1996
470,2,0,1999
470,2,0,1997
494,3,1,2003
494,3,1,2002
494,3,1,1999
494,3,1,1996
494,3,1,2001
494,3,1,2000
494,3,1,1997
494,3,1,1998
857,2,0,1998
857,2,0,1996
857,2,0,1997
602,3,1,1997
602,3,1,1998
602,3,1,2000
602,3,1,2001
602,3,1,2004
602,3,1,1999
602,3,1,2003
602,3,1,2002
602,3,1,1996
549,2,0,1997
549,2,0,1996
549,2,0,1998
215,2,0,1998
215,2,0,1997
215,2,0,1996
860,2,0,1998
860,2,0,1997
860,2,0,1999
860,2,0,1996
178,3,1,1999
178,3,1,1996
178,3,1,1998
178,3,1,1997
178,3,1,2000
510,5,1,1998
510,5,1,1997
510,5,1,2000
510,5,1,1996
510,5,1,1999
547,3,0,1997
547,3,0,1996
547,3,0,1998
547,3,0,1999
609,4,1,2001
609,4,1,1999
609,4,1,2000
609,4,1,2002
609,4,1,1998
609,4,1,1997
467,2,0,1999
467,2,0,1998
467,2,0,1996
467,2,0,1997
877,2,0,1996
877,2,0,2000
877,2,0,1999
877,2,0,1998
877,2,0,1997
216,4,1,1999
216,4,1,2001
216,4,1,1996
216,4,1,1998
216,4,1,2000
216,4,1,1997
221,4,1,1997
221,4,1,1998
221,4,1,1996
634,3,1,1997
634,3,1,1996
634,3,1,1999
634,3,1,1998
629,5,0,1998
629,5,0,1999
629,5,0,1996
629,5,0,1997
216,4,1,1997
216,4,1,2001
216,4,1,1999
216,4,1,1996
216,4,1,2000
216,4,1,1998
494,3,1,1998
494,3,1,1996
494,3,1,1997
922,2,0,1996
922,2,0,1997
293,3,0,1997
293,3,0,1998
293,3,0,1996
293,3,0,1999
293,3,0,2000
220,2,0,2003
220,2,0,2005
220,2,0,1998
220,2,0,1996
220,2,0,2001
220,2,0,1999
220,2,0,2000
220,2,0,2004
220,2,0,1997
220,2,0,2002
629,5,0,1999
629,5,0,1997
629,5,0,2000
629,5,0,1996
629,5,0,1998
550,3,0,1998
550,3,0,2000
550,3,0,1997
550,3,0,1996
550,3,0,2001
550,3,0,1999
557,2,0,1996
557,2,0,1997
941,2,0,2005
941,2,0,2004
941,2,0,2002
941,2,0,2008
941,2,0,2003
941,2,0,2006
941,2,0,1998
941,2,0,2007
941,2,0,2001
941,2,0,1997
941,2,0,1999
941,2,0,2000
547,3,0,2002
547,3,0,2010
547,3,0,2003
547,3,0,1998
547,3,0,2006
547,3,0,1997
547,3,0,2004
547,3,0,1996
547,3,0,2008
547,3,0,2005
547,3,0,2009
547,3,0,2001
547,3,0,2007
547,3,0,1999
547,3,0,2000
540,3,0,2003
540,3,0,2002
540,3,0,2000
540,3,0,1998
540,3,0,2004
540,3,0,2007
540,3,0,1999
540,3,0,1997
540,3,0,2009
540,3,0,2005
540,3,0,1996
540,3,0,2001
540,3,0,2008
540,3,0,2006
540,3,0,2010
673,3,0,2001
673,3,0,2000
673,3,0,1999
673,3,0,1998
673,3,0,1997
673,3,0,1996
776,3,0,1996
776,3,0,1997
637,3,1,1996
637,3,1,1997
637,3,1,1998
633,2,0,1997
633,2,0,1996
633,2,0,1998
836,3,1,1998
836,3,1,2000
836,3,1,1999
836,3,1,1997
547,3,0,1996
547,3,0,1997
547,3,0,1998
851,2,0,1998
851,2,0,1997
864,2,0,1997
864,2,0,1996
854,3,0,2001
854,3,0,1999
854,3,0,2000
854,3,0,1998
854,3,0,1997
854,3,0,1996
603,2,0,1996
603,2,0,1998
603,2,0,1999
603,2,0,2002
603,2,0,1997
603,2,0,2001
603,2,0,2000
497,3,0,2003
497,3,0,1996
497,3,0,2010
497,3,0,2002
497,3,0,2000
497,3,0,2004
497,3,0,1997
497,3,0,2001
497,3,0,2006
497,3,0,2009
497,3,0,2007
497,3,0,2005
497,3,0,1999
497,3,0,1998
497,3,0,2008
331,2,0,1996
331,2,0,2000
331,2,0,2001
331,2,0,2003
331,2,0,1997
331,2,0,2002
331,2,0,2004
331,2,0,1999
331,2,0,1998
1015,3,0,2007
1015,3,0,2006
1015,3,0,2005
1015,3,0,1999
1015,3,0,1996
1015,3,0,1998
1015,3,0,2008
1015,3,0,2004
1015,3,0,2001
1015,3,0,2002
1015,3,0,2000
1015,3,0,2009
1015,3,0,1997
1015,3,0,2003
846,2,0,1998
846,2,0,1996
846,2,0,1997
854,3,0,2001
854,3,0,1996
854,3,0,2005
854,3,0,1999
854,3,0,1998
854,3,0,2003
854,3,0,2000
854,3,0,2008
854,3,0,1997
854,3,0,2006
854,3,0,2002
854,3,0,2007
854,3,0,2004
453,3,0,2000
453,3,0,2003
453,3,0,2001
453,3,0,1999
453,3,0,2006
453,3,0,2004
453,3,0,2002
453,3,0,1998
453,3,0,2005
453,3,0,1996
453,3,0,1997
540,3,0,1998
540,3,0,1997
540,3,0,1996
467,4,0,1996
467,4,0,1998
467,4,0,1997
51,4,0,1998
51,4,0,1997
51,4,0,1996
51,4,0,1999
1212,3,1,2003
1212,3,1,1997
1212,3,1,1998
1212,3,1,2005
1212,3,1,2002
1212,3,1,2000
1212,3,1,2001
1212,3,1,1999
1212,3,1,2004
470,2,0,2004
470,2,0,2001
470,2,0,2000
470,2,0,2003
470,2,0,1997
470,2,0,1999
470,2,0,2002
470,2,0,1998
470,2,0,2006
470,2,0,2005
559,3,1,1999
559,3,1,1998
559,3,1,1997
216,3,1,1998
216,3,1,1997
1039,3,1,1996
1039,3,1,1997
1039,3,1,1998
868,2,0,2004
868,2,0,2000
868,2,0,1998
868,2,0,1997
868,2,0,2002
868,2,0,2001
868,2,0,2003
868,2,0,1999
1276,3,1,1997
1276,3,1,1998
215,2,0,1998
215,2,0,1997
636,2,0,1997
636,2,0,1996
636,2,0,1998
436,2,0,1998
436,2,0,1999
436,2,0,1997
494,2,0,1998
494,2,0,1997
467,4,0,1998
467,4,0,1997
941,2,0,1997
941,2,0,1998
854,3,1,2001
854,3,1,1997
854,3,1,1999
854,3,1,1998
854,3,1,2000
633,2,0,1998
633,2,0,1996
633,2,0,1997
857,3,0,1997
857,3,0,1999
857,3,0,2000
857,3,0,1998
857,3,0,1996
857,2,0,1997
857,2,0,1998
922,2,0,1998
922,2,0,1997
884,3,1,1997
884,3,1,1998
884,3,1,1999
1040,2,0,2001
1040,2,0,2002
1040,2,0,2003
1040,2,0,1999
1040,2,0,1998
1040,2,0,2000
1395,3,0,1998
1395,3,0,1997
854,3,1,2004
854,3,1,2000
854,3,1,2003
854,3,1,2005
854,3,1,2001
854,3,1,1997
854,3,1,2002
854,3,1,1999
854,3,1,1998
854,3,1,2001
854,3,1,1999
854,3,1,1998
854,3,1,2006
854,3,1,2003
854,3,1,1997
854,3,1,2004
854,3,1,2005
854,3,1,2000
854,3,1,2002
510,4,0,1999
510,4,0,1998
510,4,0,1997
510,4,0,2004
510,4,0,2001
510,4,0,2003
510,4,0,2005
510,4,0,2000
510,4,0,2002
851,2,0,2007
851,2,0,2006
851,2,0,2004
851,2,0,2003
851,2,0,2000
851,2,0,2005
851,2,0,2002
851,2,0,1998
851,2,0,1997
851,2,0,2001
851,2,0,1999
557,2,0,1997
557,2,0,1998
602,2,0,1998
602,2,0,1997
602,2,0,1999
1174,2,0,1999
1174,2,0,1997
1174,2,0,2000
1174,2,0,1998
544,3,0,1998
544,3,0,1997
672,2,0,1997
672,2,0,2000
672,2,0,1998
672,2,0,1999
672,2,0,2001
1165,2,0,2002
1165,2,0,1997
1165,2,0,1999
1165,2,0,2001
1165,2,0,2005
1165,2,0,2004
1165,2,0,2000
1165,2,0,2003
1165,2,0,1998
1198,3,0,1998
1198,3,0,2000
1198,3,0,1997
1198,3,0,1999
178,3,1,1998
178,3,1,1997
1176,2,0,1998
1176,2,0,1997
1211,2,0,1997
1211,2,0,1998
1028,2,0,1998
1028,2,0,1997
637,5,1,1998
637,5,1,1997
637,4,0,1997
637,4,0,1998
1168,5,1,2000
1168,5,1,1998
1168,5,1,1997
1168,5,1,1999
854,2,0,2005
854,2,0,2003
854,2,0,2006
854,2,0,1998
854,2,0,1997
854,2,0,1999
854,2,0,2002
854,2,0,2001
854,2,0,2000
854,2,0,2004
854,2,0,2007
854,2,0,2008
854,2,0,2009
1178,2,0,1999
1178,2,0,1997
1178,2,0,1998
507,3,1,2000
507,3,1,1999
507,3,1,1998
507,3,1,1997
495,4,1,2003
495,4,1,1999
495,4,1,1998
495,4,1,2000
495,4,1,2002
495,4,1,2001
884,3,1,2002
884,3,1,2003
884,3,1,2000
884,3,1,2001
884,3,1,1998
884,3,1,1997
884,3,1,1999
1041,2,0,1997
1041,2,0,1998
1041,2,0,2009
1041,2,0,2005
1041,2,0,2001
1041,2,0,2008
1041,2,0,2006
1041,2,0,2003
1041,2,0,1999
1041,2,0,2000
1041,2,0,2002
1041,2,0,2007
1041,2,0,2004
865,3,0,1999
865,3,0,2000
865,3,0,1997
865,3,0,1998
865,3,0,2001
1041,3,0,2002
1041,3,0,2000
1041,3,0,1997
1041,3,0,2001
1041,3,0,1999
1041,3,0,1998
1041,3,0,1998
1041,3,0,2009
1041,3,0,2010
1041,3,0,2000
1041,3,0,2008
1041,3,0,2001
1041,3,0,2004
1041,3,0,1999
1041,3,0,2002
1041,3,0,2007
1041,3,0,2005
1041,3,0,2003
1041,3,0,2006
609,4,1,2003
609,4,1,2004
609,4,1,1999
609,4,1,2000
609,4,1,2002
609,4,1,2001
609,4,1,1998
1159,2,0,1998
1159,2,0,1999
1041,5,1,1999
1041,5,1,1998
1041,5,1,2001
1041,5,1,2000
922,2,0,2001
922,2,0,1998
922,2,0,2000
922,2,0,1999
947,4,0,2000
947,4,0,2003
947,4,0,2005
947,4,0,2001
947,4,0,2004
947,4,0,2002
947,4,0,1998
947,4,0,1999
947,4,0,1997
216,3,1,2001
216,3,1,1997
216,3,1,1999
216,3,1,2000
216,3,1,2003
216,3,1,1998
216,3,1,2004
216,3,1,2002
216,4,1,1997
216,4,1,1999
216,4,1,2000
216,4,1,1998
467,2,0,2000
467,2,0,1999
467,2,0,1997
467,2,0,2003
467,2,0,2001
467,2,0,2002
467,2,0,1998
477,2,0,1998
477,2,0,1999
477,2,0,2001
477,2,0,2002
477,2,0,2000
477,2,0,1997
609,3,1,2006
609,3,1,2004
609,3,1,2008
609,3,1,2005
609,3,1,2003
609,3,1,1998
609,3,1,2002
609,3,1,2009
609,3,1,1999
609,3,1,2001
609,3,1,2007
609,3,1,2000
216,3,1,1998
216,3,1,2000
216,3,1,1999
176,3,1,1997
176,3,1,1999
176,3,1,2001
176,3,1,2000
176,3,1,1998
1274,4,1,1998
1274,4,1,2002
1274,4,1,1999
1274,4,1,2000
1274,4,1,2001
1274,3,1,1999
1274,3,1,2005
1274,3,1,2004
1274,3,1,1998
1274,3,1,2001
1274,3,1,2002
1274,3,1,2003
1274,3,1,2000
200,2,0,1999
200,2,0,1998
200,2,0,1997
1041,2,0,2003
1041,2,0,2006
1041,2,0,2002
1041,2,0,2005
1041,2,0,2001
1041,2,0,2007
1041,2,0,2000
1041,2,0,2004
1041,2,0,1999
1041,2,0,2009
1041,2,0,1998
1041,2,0,2010
1041,2,0,2008
1018,2,0,2005
1018,2,0,2004
1018,2,0,1998
1018,2,0,2008
1018,2,0,1999
1018,2,0,2009
1018,2,0,2006
1018,2,0,2002
1018,2,0,2001
1018,2,0,2007
1018,2,0,1997
1018,2,0,2000
1018,2,0,2010
1018,2,0,2003
890,2,0,1998
890,2,0,1999
776,2,0,2006
776,2,0,2003
776,2,0,2000
776,2,0,2005
776,2,0,2002
776,2,0,1997
776,2,0,2004
776,2,0,1998
776,2,0,2001
776,2,0,1999
221,4,1,1997
221,4,1,1998
221,4,1,2001
221,4,1,2000
221,4,1,1999
929,2,0,1999
929,2,0,1998
1018,2,0,1998
1018,2,0,1999
215,3,0,1998
215,3,0,1999
868,2,0,2007
868,2,0,2009
868,2,0,2006
868,2,0,2002
868,2,0,2008
868,2,0,2005
868,2,0,2010
868,2,0,1999
868,2,0,1998
868,2,0,2004
868,2,0,2003
868,2,0,2001
868,2,0,2000
1165,3,0,2001
1165,3,0,2000
1165,3,0,2010
1165,3,0,1999
1165,3,0,2012
1165,3,0,2008
1165,3,0,2013
1165,3,0,2005
1165,3,0,2011
1165,3,0,1998
1165,3,0,2009
1165,3,0,2006
1165,3,0,2004
1165,3,0,2007
1165,3,0,2003
1165,3,0,2002
605,4,1,2000
605,4,1,1999
605,4,1,1998
922,3,0,2000
922,3,0,1999
922,3,0,2002
922,3,0,2005
922,3,0,2001
922,3,0,2004
922,3,0,2000
922,3,0,2008
922,3,0,2006
922,3,0,2003
922,3,0,2007
922,3,0,1999
215,2,0,2000
215,2,0,1999
849,2,0,1999
849,2,0,2002
849,2,0,2001
849,2,0,2000
865,3,0,2000
865,3,0,2001
865,3,0,1999
847,2,0,2001
847,2,0,1999
847,2,0,2003
847,2,0,2000
847,2,0,2005
847,2,0,2002
847,2,0,2006
847,2,0,2004
1171,2,0,2002
1171,2,0,2000
1171,2,0,2001
1171,2,0,1999
1171,2,0,1998
467,2,0,2000
467,2,0,2001
467,2,0,2002
467,2,0,1999
44,3,0,1999
44,3,0,1998
865,4,1,2000
865,4,1,2001
865,4,1,1999
865,4,1,2002
1018,2,0,2000
1018,2,0,2008
1018,2,0,1999
1018,2,0,2005
1018,2,0,1998
1018,2,0,2003
1018,2,0,2002
1018,2,0,2004
1018,2,0,2001
1018,2,0,2007
1018,2,0,2006
1154,2,0,2007
1154,2,0,2004
1154,2,0,2008
1154,2,0,2015
1154,2,0,2005
1154,2,0,2006
1154,2,0,2009
1154,2,0,2001
1154,2,0,2000
1154,2,0,2014
1154,2,0,1999
1154,2,0,2003
1154,2,0,2002
1154,2,0,2013
1154,2,0,2012
1154,2,0,2010
1154,2,0,2011
1243,2,0,1999
1243,2,0,2001
1243,2,0,2000
1412,2,0,2000
1412,2,0,2001
1412,2,0,1999
1412,2,0,2003
1412,2,0,2002
562,3,0,2002
562,3,0,2001
562,3,0,2003
562,3,0,2004
562,3,0,1998
562,3,0,2005
562,3,0,2000
562,3,0,1999
562,3,0,2006
453,3,1,2008
453,3,1,2012
453,3,1,2014
453,3,1,2015
453,3,1,2011
453,3,1,2006
453,3,1,2013
453,3,1,2003
453,3,1,2009
453,3,1,2007
453,3,1,2004
453,3,1,2002
453,3,1,1999
453,3,1,2010
453,3,1,2005
453,3,1,2001
453,3,1,2000
544,5,0,2001
544,5,0,2000
544,5,0,2003
544,5,0,2002
544,5,0,2004
544,5,0,1999
1031,2,0,2000
1031,2,0,2002
1031,2,0,2001
1031,2,0,1999
1276,2,0,2000
1276,2,0,1999
1276,2,0,2001
1276,2,0,2012
1276,2,0,2010
1276,2,0,2004
1276,2,0,2009
1276,2,0,2007
1276,2,0,2002
1276,2,0,2013
1276,2,0,2011
1276,2,0,2015
1276,2,0,2008
1276,2,0,2003
1276,2,0,2006
1276,2,0,2014
1276,2,0,2005
1047,2,0,2000
1047,2,0,1999
1028,2,0,2000
1028,2,0,1999
1381,2,0,2005
1381,2,0,2006
1381,2,0,2002
1381,2,0,2009
1381,2,0,2003
1381,2,0,2001
1381,2,0,2010
1381,2,0,2004
1381,2,0,2000
1381,2,0,2008
1381,2,0,2007
1381,2,0,2012
1381,2,0,1999
1381,2,0,2013
1381,2,0,2011
216,3,0,2004
216,3,0,2003
216,3,0,2006
216,3,0,2005
216,3,0,2001
216,3,0,2000
216,3,0,2008
216,3,0,2007
216,3,0,2009
216,3,0,2002
216,3,0,1999
1062,2,0,2000
1062,2,0,2001
1062,2,0,1999
1184,2,0,1999
1184,2,0,2000
1184,2,0,2002
1184,2,0,2004
1184,2,0,2003
1184,2,0,2001
1184,2,0,2008
1184,2,0,2006
1184,2,0,2007
1184,2,0,2005
507,4,0,2007
507,4,0,2003
507,4,0,2004
507,4,0,2005
507,4,0,2006
507,4,0,2008
507,4,0,2009
507,4,0,2002
507,4,0,2001
507,4,0,2000
507,4,0,1999
507,4,0,2010
1156,2,0,2001
1156,2,0,2006
1156,2,0,2007
1156,2,0,2005
1156,2,0,2004
1156,2,0,2000
1156,2,0,2002
1156,2,0,1999
1156,2,0,2003
1287,2,0,1999
1287,2,0,2010
1287,2,0,2000
1287,2,0,2006
1287,2,0,2009
1287,2,0,2002
1287,2,0,2004
1287,2,0,2003
1287,2,0,2007
1287,2,0,2008
1287,2,0,2005
1287,2,0,2001
1020,2,0,2009
1020,2,0,2004
1020,2,0,2002
1020,2,0,2008
1020,2,0,2006
1020,2,0,2003
1020,2,0,2001
1020,2,0,2007
1020,2,0,2000
1020,2,0,1999
1020,2,0,2005
597,3,0,2000
597,3,0,2002
597,3,0,2001
597,3,0,1999
1196,2,0,2006
1196,2,0,2003
1196,2,0,2000
1196,2,0,2005
1196,2,0,2007
1196,2,0,1999
1196,2,0,2004
1196,2,0,2002
1196,2,0,2001
1196,2,0,2008
467,2,0,2000
467,2,0,1999
467,2,0,2001
494,2,0,1999
494,2,0,2000
1166,2,0,2000
1166,2,0,1999
1166,2,0,2001
208,2,0,1999
208,2,0,1998
208,2,0,2000
208,2,0,2002
208,2,0,2001
1213,4,1,2000
1213,4,1,1999
1213,4,1,2001
557,2,0,2013
557,2,0,2010
557,2,0,2012
557,2,0,2011
557,2,0,2000
557,2,0,2005
557,2,0,2009
557,2,0,1999
557,2,0,2006
557,2,0,2008
557,2,0,2007
557,2,0,2001
557,2,0,2004
557,2,0,2002
557,2,0,2003
1028,3,1,1999
1028,3,1,2002
1028,3,1,2003
1028,3,1,2001
1028,3,1,2007
1028,3,1,2000
1028,3,1,2006
1028,3,1,2005
1028,3,1,2004
849,3,1,2001
849,3,1,1999
849,3,1,2000
557,2,0,2000
557,2,0,1999
557,2,0,2002
557,2,0,2001
911,2,0,2008
911,2,0,2005
911,2,0,2003
911,2,0,2004
911,2,0,2007
911,2,0,2006
911,2,0,2009
911,2,0,2001
911,2,0,2000
911,2,0,2010
911,2,0,2002
911,2,0,1999
1028,3,1,2009
1028,3,1,2008
1028,3,1,2003
1028,3,1,2002
1028,3,1,2010
1028,3,1,2004
1028,3,1,2012
1028,3,1,2005
1028,3,1,2011
1028,3,1,2006
1028,3,1,2001
1028,3,1,2014
1028,3,1,2007
1028,3,1,2013
1028,3,1,1999
1028,3,1,2015
1028,3,1,2000
865,4,0,1998
865,4,0,2001
865,4,0,2000
865,4,0,1999
1018,2,0,1999
1018,2,0,2000
1018,2,0,2003
1018,2,0,2000
1018,2,0,2002
1018,2,0,2008
1018,2,0,2004
1018,2,0,2001
1018,2,0,2006
1018,2,0,2007
1018,2,0,2005
1018,2,0,1999
607,2,0,2000
607,2,0,2001
607,2,0,2007
607,2,0,2003
607,2,0,2006
607,2,0,2008
607,2,0,2004
607,2,0,1999
607,2,0,2005
607,2,0,2002
176,2,0,2007
176,2,0,2004
176,2,0,2008
176,2,0,2000
176,2,0,2006
176,2,0,2002
176,2,0,2001
176,2,0,2005
176,2,0,1999
176,2,0,2003
1178,3,0,2003
1178,3,0,2000
1178,3,0,1999
1178,3,0,2001
1178,3,0,2002
1290,2,0,2004
1290,2,0,2001
1290,2,0,1999
1290,2,0,2005
1290,2,0,2002
1290,2,0,2000
1290,2,0,2003
1199,2,0,2002
1199,2,0,2001
1199,2,0,2000
1199,2,0,2003
1199,2,0,2008
1199,2,0,2009
1199,2,0,2012
1199,2,0,2010
1199,2,0,2004
1199,2,0,1999
1199,2,0,2007
1199,2,0,2011
1199,2,0,2006
1199,2,0,2005
609,5,0,2005
609,5,0,2000
609,5,0,2001
609,5,0,2008
609,5,0,2007
609,5,0,2004
609,5,0,2009
609,5,0,2003
609,5,0,2006
609,5,0,1999
609,5,0,2002
1187,3,1,1999
1187,3,1,2000
676,3,0,1999
676,3,0,2000
176,3,1,1999
176,3,1,2000
176,3,1,2001
176,3,1,2002
1178,3,0,1999
1178,3,0,2003
1178,3,0,2001
1178,3,0,2002
1178,3,0,2000
1032,2,0,1999
1032,2,0,2002
1032,2,0,2000
1032,2,0,2001
1274,3,1,2000
1274,3,1,1999
1274,3,1,2008
1274,3,1,2006
1274,3,1,2010
1274,3,1,2009
1274,3,1,2005
1274,3,1,2007
1274,3,1,2004
1274,3,1,2002
1274,3,1,2003
1274,3,1,2001
609,6,1,1999
609,6,1,2001
609,6,1,2000
921,3,1,2002
921,3,1,1999
921,3,1,2003
921,3,1,2000
921,3,1,2001
51,2,0,2006
51,2,0,2003
51,2,0,2004
51,2,0,2005
51,2,0,2008
51,2,0,2000
51,2,0,2007
51,2,0,2001
51,2,0,1999
51,2,0,2002
51,2,0,2009
499,3,0,2009
499,3,0,2008
499,3,0,2006
499,3,0,2005
499,3,0,2003
499,3,0,2001
499,3,0,2007
499,3,0,2000
499,3,0,1999
499,3,0,2004
499,3,0,2002
499,2,0,1999
499,2,0,2001
499,2,0,2002
499,2,0,2000
634,2,0,2000
634,2,0,2001
634,2,0,1999
634,2,0,2006
634,2,0,2003
634,2,0,2002
634,2,0,2004
634,2,0,2005
634,2,0,2007
634,2,0,2008
634,2,0,2009
634,5,1,2001
634,5,1,1999
634,5,1,2000
1179,2,0,2006
1179,2,0,2007
1179,2,0,2008
1179,2,0,1999
1179,2,0,2005
1179,2,0,2004
1179,2,0,2001
1179,2,0,2000
1179,2,0,2002
1179,2,0,2003
467,3,0,2001
467,3,0,2004
467,3,0,2002
467,3,0,2003
467,3,0,1999
467,3,0,2000
1032,2,0,2001
1032,2,0,2000
1032,2,0,2002
1032,2,0,2004
1032,2,0,2003
1188,2,0,2001
1188,2,0,2000
929,2,0,2005
929,2,0,2003
929,2,0,2000
929,2,0,2001
929,2,0,2004
929,2,0,2007
929,2,0,2009
929,2,0,2006
929,2,0,2010
929,2,0,2002
929,2,0,2008
1274,4,0,2007
1274,4,0,2009
1274,4,0,2013
1274,4,0,2006
1274,4,0,2010
1274,4,0,2008
1274,4,0,2002
1274,4,0,2003
1274,4,0,2005
1274,4,0,2012
1274,4,0,2000
1274,4,0,2004
1274,4,0,2011
1274,4,0,2001
917,2,0,2002
917,2,0,2001
917,2,0,2000
1063,2,0,2006
1063,2,0,2005
1063,2,0,2007
1063,2,0,2000
1063,2,0,2003
1063,2,0,2002
1063,2,0,2001
1063,2,0,2004
1063,2,0,2008
525,3,0,2004
525,3,0,2005
525,3,0,2000
525,3,0,2007
525,3,0,2008
525,3,0,2006
525,3,0,2001
525,3,0,2002
525,3,0,2003
525,3,0,2014
525,3,0,2009
525,3,0,2013
525,3,0,2015
525,3,0,2012
525,3,0,2011
525,3,0,2010
525,2,0,2008
525,2,0,2007
525,2,0,2004
525,2,0,2005
525,2,0,2006
525,2,0,2003
525,2,0,2009
525,2,0,2002
525,2,0,2001
525,2,0,2000
1196,3,0,2000
1196,3,0,2001
1196,3,0,2002
1370,4,1,2000
1370,4,1,1999
495,2,0,2002
495,2,0,2001
495,2,0,2000
1214,2,0,2000
1214,2,0,2001
847,2,0,2002
847,2,0,2000
847,2,0,2001
847,2,0,2004
847,2,0,2003
847,2,0,2003
847,2,0,2002
847,2,0,2008
847,2,0,2000
847,2,0,2005
847,2,0,2006
847,2,0,2007
847,2,0,2004
847,2,0,2001
1274,2,0,2005
1274,2,0,2003
1274,2,0,2004
1274,2,0,2002
1274,2,0,2001
1274,2,0,2000
1020,3,0,2004
1020,3,0,2000
1020,3,0,2002
1020,3,0,2005
1020,3,0,2001
1020,3,0,2003
629,2,0,2000
629,2,0,2001
1018,3,0,2001
1018,3,0,2003
1018,3,0,2000
1018,3,0,2004
1018,3,0,2002
1018,3,0,2008
1018,3,0,2007
1018,3,0,2006
1018,3,0,2005
1165,3,0,2000
1165,3,0,2001
1395,3,0,2005
1395,3,0,2001
1395,3,0,2002
1395,3,0,2006
1395,3,0,2004
1395,3,0,2000
1395,3,0,2003
1395,3,0,2007
1198,2,0,2002
1198,2,0,2004
1198,2,0,2003
1198,2,0,2001
1198,2,0,2000
1279,2,0,2002
1279,2,0,2000
1279,2,0,2007
1279,2,0,2006
1279,2,0,2001
1279,2,0,2003
1279,2,0,2005
1279,2,0,2004
890,2,0,2000
890,2,0,2001
865,3,0,2001
865,3,0,2002
865,3,0,2000
1287,2,0,2000
1287,2,0,2001
494,2,0,2000
494,2,0,2001
494,2,0,2008
494,2,0,2003
494,2,0,2002
494,2,0,2013
494,2,0,2006
494,2,0,2005
494,2,0,2004
494,2,0,2007
494,2,0,2009
494,2,0,2011
494,2,0,2012
494,2,0,2010
494,2,0,2009
494,2,0,2000
494,2,0,2001
494,2,0,2002
494,2,0,2012
494,2,0,2008
494,2,0,2005
494,2,0,2003
494,2,0,2007
494,2,0,2015
494,2,0,2013
494,2,0,2011
494,2,0,2010
494,2,0,2014
494,2,0,2004
494,2,0,2006
495,2,0,2006
495,2,0,2005
495,2,0,2003
495,2,0,2004
495,2,0,2001
495,2,0,2002
495,2,0,2000
494,3,0,2006
494,3,0,2007
494,3,0,2001
494,3,0,2002
494,3,0,2005
494,3,0,2004
494,3,0,2003
494,3,0,2015
494,3,0,2011
494,3,0,2012
494,3,0,2013
494,3,0,2009
494,3,0,2014
494,3,0,2008
494,3,0,2010
494,2,0,2004
494,2,0,2000
494,2,0,2005
494,2,0,2003
494,2,0,2001
494,2,0,2002
494,2,0,2007
494,2,0,2006
1395,2,0,2002
1395,2,0,2003
1395,2,0,2001
917,2,0,2002
917,2,0,2003
917,2,0,2005
917,2,0,2006
917,2,0,2007
917,2,0,2000
917,2,0,2004
917,2,0,2001
1028,3,0,2006
1028,3,0,2012
1028,3,0,2004
1028,3,0,2011
1028,3,0,2010
1028,3,0,2005
1028,3,0,2007
1028,3,0,2002
1028,3,0,2003
1028,3,0,2001
1028,3,0,2008
1028,3,0,2009
1028,3,0,2000
557,4,0,2002
557,4,0,2001
557,4,0,2003
557,4,0,2004
557,4,0,2000
1348,3,1,2008
1348,3,1,2005
1348,3,1,2006
1348,3,1,2004
1348,3,1,2001
1348,3,1,2002
1348,3,1,2007
1348,3,1,2003
1356,2,0,2000
1356,2,0,2001
1063,2,0,2009
1063,2,0,2006
1063,2,0,2002
1063,2,0,2008
1063,2,0,2001
1063,2,0,2011
1063,2,0,2003
1063,2,0,2005
1063,2,0,2000
1063,2,0,2007
1063,2,0,2010
1063,2,0,2004
1381,NA,0,2001
1381,NA,0,2002
497,2,0,2002
497,2,0,2001
497,2,0,2005
497,2,0,2004
497,2,0,2003
497,2,0,2009
497,2,0,2008
497,2,0,2016
497,2,0,2005
497,2,0,2006
497,2,0,2014
497,2,0,2007
497,2,0,2015
497,2,0,2012
497,2,0,2013
497,2,0,2002
497,2,0,2004
497,2,0,2010
497,2,0,2011
497,2,0,2003
1031,2,0,2002
1031,2,0,2001
1031,2,0,2008
1031,2,0,2003
1031,2,0,2009
1031,2,0,2004
1031,2,0,2007
1031,2,0,2006
1031,2,0,2001
1031,2,0,2005
1031,2,0,2002
494,2,0,2004
494,2,0,2001
494,2,0,2003
494,2,0,2005
494,2,0,2002
1213,2,0,2002
1213,2,0,2003
1209,3,0,2013
1209,3,0,2012
1209,3,0,2011
1209,3,0,2007
1209,3,0,2004
1209,3,0,2010
1209,3,0,2008
1209,3,0,2005
1209,3,0,2009
1209,3,0,2003
1209,3,0,2014
1209,3,0,2006
1209,3,0,2015
1209,3,0,2002
1209,3,0,2001
929,2,0,2003
929,2,0,2002
1587,2,0,2004
1587,2,0,2002
1587,2,0,2003
1587,2,0,2001
1587,2,0,2005
1581,3,0,2003
1581,3,0,2005
1581,3,0,2013
1581,3,0,2012
1581,3,0,2002
1581,3,0,2004
1581,3,0,2009
1581,3,0,2011
1581,3,0,2010
1581,3,0,2007
1581,3,0,2006
1581,3,0,2008
1276,2,0,2001
1276,2,0,2002
1370,3,0,2004
1370,3,0,2007
1370,3,0,2005
1370,3,0,2006
1370,3,0,2002
1370,3,0,2003
1504,2,0,2002
1504,2,0,2001
1504,2,0,2009
1504,2,0,2010
1504,2,0,2004
1504,2,0,2003
1504,2,0,2008
1504,2,0,2007
1504,2,0,2005
1504,2,0,2006
1504,2,0,2002
1504,2,0,2005
1504,2,0,2003
1504,2,0,2004
1504,2,0,2006
497,3,0,2002
497,3,0,2001
911,2,0,2010
911,2,0,2008
911,2,0,2005
911,2,0,2007
911,2,0,2004
911,2,0,2006
911,2,0,2009
911,2,0,2002
911,2,0,2003
1213,3,0,2003
1213,3,0,2002
1348,2,0,2005
1348,2,0,2002
1348,2,0,2003
1348,2,0,2004
1221,2,0,2002
1221,2,0,2001
1608,2,0,2001
1608,2,0,2005
1608,2,0,2003
1608,2,0,2002
1608,2,0,2006
1608,2,0,2004
1566,3,0,2003
1566,3,0,2002
1566,3,0,2012
1566,3,0,2004
1566,3,0,2010
1566,3,0,2015
1566,3,0,2006
1566,3,0,2011
1566,3,0,2014
1566,3,0,2007
1566,3,0,2005
1566,3,0,2013
1566,3,0,2009
1566,3,0,2016
1566,3,0,2008
1396,2,0,2002
1396,2,0,2001
1396,2,0,2006
1396,2,0,2003
1396,2,0,2005
1396,2,0,2004
676,3,0,2002
676,3,0,2001
1412,3,1,2002
1412,3,1,2003
1412,3,1,2013
1412,3,1,2004
1412,3,1,2012
1412,3,1,2014
1412,3,1,2015
1412,3,1,2011
1412,3,1,2010
1412,3,1,2008
1412,3,1,2007
1412,3,1,2009
1412,3,1,2006
1412,3,1,2005
1533,2,0,2003
1533,2,0,2004
1533,2,0,2001
1533,2,0,2002
1533,2,0,2005
494,3,0,2004
494,3,0,2003
494,3,0,2005
494,3,0,2001
494,3,0,2002
911,2,0,2004
911,2,0,2002
911,2,0,2003
911,2,0,2001
911,2,0,2006
911,2,0,2005
1185,3,0,2009
1185,3,0,2010
1185,3,0,2008
1185,3,0,2012
1185,3,0,2011
1185,3,0,2007
1185,3,0,2005
1185,3,0,2003
1185,3,0,2006
1185,3,0,2002
1185,3,0,2004
1185,3,0,2001
1040,2,0,2003
1040,2,0,2004
1040,2,0,2002
1165,2,0,2003
1165,2,0,2004
1165,2,0,2002
1165,2,0,2001
1359,2,0,2002
1359,2,0,2004
1359,2,0,2003
1359,2,0,2005
1610,2,0,2004
1610,2,0,2005
1610,2,0,2003
1610,2,0,2002
1221,2,0,2011
1221,2,0,2008
1221,2,0,2013
1221,2,0,2007
1221,2,0,2004
1221,2,0,2009
1221,2,0,2006
1221,2,0,2002
1221,2,0,2005
1221,2,0,2012
1221,2,0,2003
1221,2,0,2015
1221,2,0,2010
1221,2,0,2001
1221,2,0,2014
1566,3,0,2002
1566,3,0,2008
1566,3,0,2010
1566,3,0,2007
1566,3,0,2011
1566,3,0,2009
1566,3,0,2004
1566,3,0,2013
1566,3,0,2006
1566,3,0,2012
1566,3,0,2005
1566,3,0,2003
917,3,0,2001
917,3,0,2004
917,3,0,2003
917,3,0,2002
1542,4,1,2002
1542,4,1,2004
1542,4,1,2003
1557,2,0,2002
1557,2,0,2006
1557,2,0,2003
1557,2,0,2007
1557,2,0,2005
1557,2,0,2004
1557,2,0,2008
1485,NA,0,2004
1485,NA,0,2008
1485,NA,0,2009
1485,NA,0,2007
1485,NA,0,2006
1485,NA,0,2003
1485,NA,0,2005
1485,NA,0,2002
1485,NA,0,2001
1542,2,0,2002
1542,2,0,2008
1542,2,0,2003
1542,2,0,2006
1542,2,0,2007
1542,2,0,2004
1542,2,0,2005
1666,2,0,2007
1666,2,0,2002
1666,2,0,2004
1666,2,0,2008
1666,2,0,2005
1666,2,0,2009
1666,2,0,2006
1666,2,0,2003
1504,3,0,2002
1504,3,0,2004
1504,3,0,2003
1540,2,0,2002
1540,2,0,2003
1590,2,0,2003
1590,2,0,2002
1590,2,0,2004
1029,2,0,2003
1029,2,0,2002
1187,2,0,2011
1187,2,0,2008
1187,2,0,2009
1187,2,0,2013
1187,2,0,2010
1187,2,0,2007
1187,2,0,2006
1187,2,0,2015
1187,2,0,2004
1187,2,0,2014
1187,2,0,2005
1187,2,0,2002
1187,2,0,2003
1187,2,0,2012
1276,2,0,2001
1276,2,0,2003
1276,2,0,2002
1553,NA,0,2006
1553,NA,0,2004
1553,NA,0,2010
1553,NA,0,2005
1553,NA,0,2008
1553,NA,0,2003
1553,NA,0,2002
1553,NA,0,2009
1553,NA,0,2007
1188,3,0,2005
1188,3,0,2008
1188,3,0,2004
1188,3,0,2007
1188,3,0,2011
1188,3,0,2006
1188,3,0,2003
1188,3,0,2009
1188,3,0,2010
1188,3,0,2002
1234,2,0,2008
1234,2,0,2002
1234,2,0,2006
1234,2,0,2007
1234,2,0,2001
1234,2,0,2004
1234,2,0,2003
1234,2,0,2005
1178,2,0,2002
1178,2,0,2001
1178,2,0,2003
1178,2,0,2004
1178,2,0,2005
1360,2,0,2006
1360,2,0,2004
1360,2,0,2003
1360,2,0,2005
1360,2,0,2001
1360,2,0,2002
602,2,0,2002
602,2,0,2005
602,2,0,2004
602,2,0,2003
602,2,0,2006
602,2,0,2001
921,4,0,2003
921,4,0,2002
1349,2,0,2005
1349,2,0,2003
1349,2,0,2004
1349,2,0,2007
1349,2,0,2008
1349,2,0,2002
1349,2,0,2012
1349,2,0,2006
1349,2,0,2009
1349,2,0,2013
1349,2,0,2011
1349,2,0,2010
1684,3,0,2004
1684,3,0,2005
1684,3,0,2003
1666,3,1,2009
1666,3,1,2007
1666,3,1,2003
1666,3,1,2008
1666,3,1,2004
1666,3,1,2006
1666,3,1,2005
1485,3,0,2007
1485,3,0,2005
1485,3,0,2002
1485,3,0,2003
1485,3,0,2004
1485,3,0,2006
1590,3,0,2004
1590,3,0,2003
1412,3,0,2009
1412,3,0,2004
1412,3,0,2008
1412,3,0,2007
1412,3,0,2003
1412,3,0,2005
1412,3,0,2006
1412,3,0,2004
1412,3,0,2003
1020,3,0,2003
1020,3,0,2001
1020,3,0,2002
1184,4,0,2004
1184,4,0,2005
1184,4,0,2003
1184,4,0,2002
507,2,0,2005
507,2,0,2002
507,2,0,2003
507,2,0,2008
507,2,0,2006
507,2,0,2007
507,2,0,2004
499,2,0,2004
499,2,0,2002
499,2,0,2007
499,2,0,2005
499,2,0,2006
499,2,0,2003
1542,2,0,2005
1542,2,0,2007
1542,2,0,2002
1542,2,0,2006
1542,2,0,2003
1542,2,0,2004
1542,2,0,2008
1018,3,0,2009
1018,3,0,2008
1018,3,0,2007
1018,3,0,2004
1018,3,0,2006
1018,3,0,2005
1018,3,0,2003
1196,2,0,2007
1196,2,0,2004
1196,2,0,2006
1196,2,0,2003
1196,2,0,2005
1196,2,0,2002
1670,2,0,2002
1670,2,0,2008
1670,2,0,2006
1670,2,0,2007
1670,2,0,2004
1670,2,0,2003
1670,2,0,2005
1595,3,0,2008
1595,3,0,2006
1595,3,0,2010
1595,3,0,2004
1595,3,0,2007
1595,3,0,2009
1595,3,0,2005
1595,3,0,2003
453,2,0,2002
453,2,0,2004
453,2,0,2003
453,2,0,2005
1539,3,0,2002
1539,3,0,2003
1184,3,0,2007
1184,3,0,2008
1184,3,0,2006
1184,3,0,2005
1184,3,0,2004
1184,3,0,2002
1184,3,0,2003
1551,4,1,2004
1551,4,1,2002
1551,4,1,2007
1551,4,1,2003
1551,4,1,2005
1551,4,1,2006
1533,3,0,2007
1533,3,0,2005
1533,3,0,2006
1533,3,0,2008
1533,3,0,2004
1533,3,0,2003
1533,3,0,2002
1610,2,0,2002
1610,2,0,2003
1610,2,0,2004
1677,2,0,2003
1677,2,0,2002
1677,2,0,2004
1196,2,0,2006
1196,2,0,2005
1196,2,0,2007
1196,2,0,2003
1196,2,0,2004
1196,2,0,2002
1581,3,0,2003
1581,3,0,2004
1581,3,0,2006
1581,3,0,2008
1581,3,0,2005
1581,3,0,2007
1581,3,0,2009
1581,3,0,2010
1276,3,0,2012
1276,3,0,2011
1276,3,0,2002
1276,3,0,2010
1276,3,0,2007
1276,3,0,2013
1276,3,0,2009
1276,3,0,2003
1276,3,0,2005
1276,3,0,2006
1276,3,0,2008
1276,3,0,2004
911,2,0,2003
911,2,0,2007
911,2,0,2005
911,2,0,2008
911,2,0,2006
911,2,0,2004
1590,2,0,2010
1590,2,0,2008
1590,2,0,2009
1590,2,0,2007
1590,2,0,2004
1590,2,0,2006
1590,2,0,2003
1590,2,0,2005
1587,3,1,2004
1587,3,1,2003
1593,3,0,2003
1593,3,0,2002
849,3,0,2008
849,3,0,2006
849,3,0,2007
849,3,0,2003
849,3,0,2005
849,3,0,2004
1802,2,0,2012
1802,2,0,2003
1802,2,0,2009
1802,2,0,2005
1802,2,0,2004
1802,2,0,2011
1802,2,0,2008
1802,2,0,2007
1802,2,0,2010
1802,2,0,2006
1171,2,0,2004
1171,2,0,2003
1171,2,0,2013
1171,2,0,2005
1171,2,0,2002
1171,2,0,2006
1171,2,0,2012
1171,2,0,2015
1171,2,0,2007
1171,2,0,2016
1171,2,0,2011
1171,2,0,2014
1171,2,0,2010
1171,2,0,2008
1171,2,0,2009
1171,2,0,2003
1171,2,0,2004
1171,2,0,2007
1171,2,0,2002
1171,2,0,2006
1171,2,0,2005
1171,2,0,2008
1287,2,0,2011
1287,2,0,2010
1287,2,0,2005
1287,2,0,2009
1287,2,0,2013
1287,2,0,2007
1287,2,0,2012
1287,2,0,2004
1287,2,0,2003
1287,2,0,2008
1287,2,0,2015
1287,2,0,2014
1287,2,0,2006
1572,2,0,2007
1572,2,0,2006
1572,2,0,2005
1572,2,0,2008
1572,2,0,2003
1572,2,0,2010
1572,2,0,2009
1572,2,0,2013
1572,2,0,2004
1572,2,0,2002
1572,2,0,2012
1572,2,0,2011
1754,2,0,2006
1754,2,0,2005
1754,2,0,2004
1754,2,0,2003
1489,2,0,2009
1489,2,0,2007
1489,2,0,2005
1489,2,0,2008
1489,2,0,2003
1489,2,0,2004
1489,2,0,2012
1489,2,0,2006
1489,2,0,2011
1489,2,0,2013
1489,2,0,2010
1395,4,1,2003
1395,4,1,2004
1395,4,1,2005
1523,3,1,2008
1523,3,1,2007
1523,3,1,2006
1523,3,1,2005
1523,3,1,2004
1523,3,1,2003
1666,2,0,2003
1666,2,0,2008
1666,2,0,2007
1666,2,0,2005
1666,2,0,2006
1666,2,0,2004
1666,2,0,2010
1666,2,0,2009
1187,3,0,2008
1187,3,0,2003
1187,3,0,2007
1187,3,0,2009
1187,3,0,2005
1187,3,0,2004
1187,3,0,2006
1349,2,0,2007
1349,2,0,2004
1349,2,0,2006
1349,2,0,2003
1349,2,0,2010
1349,2,0,2008
1349,2,0,2005
1349,2,0,2014
1349,2,0,2009
1349,2,0,2012
1349,2,0,2013
1349,2,0,2011
1209,2,0,2009
1209,2,0,2003
1209,2,0,2008
1209,2,0,2013
1209,2,0,2011
1209,2,0,2004
1209,2,0,2010
1209,2,0,2007
1209,2,0,2012
1209,2,0,2006
1209,2,0,2005
1268,2,0,2007
1268,2,0,2003
1268,2,0,2006
1268,2,0,2005
1268,2,0,2004
1029,3,0,2004
1029,3,0,2007
1029,3,0,2008
1029,3,0,2006
1029,3,0,2005
1029,3,0,2003
1604,2,0,2014
1604,2,0,2011
1604,2,0,2013
1604,2,0,2009
1604,2,0,2010
1604,2,0,2012
1604,2,0,2003
1604,2,0,2007
1604,2,0,2005
1604,2,0,2008
1604,2,0,2015
1604,2,0,2004
1604,2,0,2006
1754,2,0,2003
1754,2,0,2004
1524,3,0,2009
1524,3,0,2004
1524,3,0,2008
1524,3,0,2003
1524,3,0,2007
1524,3,0,2005
1524,3,0,2006
1524,2,0,2003
1524,2,0,2002
1524,2,0,2004
1524,2,0,2005
1524,2,0,2001
1524,2,0,2006
1606,3,0,2004
1606,3,0,2003
453,3,0,2007
453,3,0,2008
453,3,0,2005
453,3,0,2013
453,3,0,2010
453,3,0,2006
453,3,0,2004
453,3,0,2012
453,3,0,2014
453,3,0,2009
453,3,0,2003
453,3,0,2011
453,3,0,2015
1412,3,0,2004
1412,3,0,2003
544,2,0,2009
544,2,0,2008
544,2,0,2007
544,2,0,2006
544,2,0,2005
544,2,0,2010
544,2,0,2003
544,2,0,2004
544,2,0,2002
1609,3,1,2004
1609,3,1,2003
1381,2,0,2007
1381,2,0,2006
1381,2,0,2003
1381,2,0,2004
1381,2,0,2008
1381,2,0,2005
1534,2,0,2004
1534,2,0,2003
1534,2,0,2002
1534,2,0,2001
1534,2,0,2005
849,3,0,2005
849,3,0,2006
849,3,0,2004
849,3,0,2003
849,3,0,2001
849,3,0,2002
1214,3,0,2003
1214,3,0,2002
1348,3,1,2009
1348,3,1,2004
1348,3,1,2008
1348,3,1,2005
1348,3,1,2003
1348,3,1,2006
1348,3,1,2007
1348,3,1,2010
501,2,0,2007
501,2,0,2006
501,2,0,2004
501,2,0,2008
501,2,0,2005
501,2,0,2003
501,2,0,2009
501,2,0,2010
510,4,0,2009
510,4,0,2010
510,4,0,2004
510,4,0,2008
510,4,0,2005
510,4,0,2007
510,4,0,2006
510,4,0,2003
1744,3,0,2016
1744,3,0,2011
1744,3,0,2015
1744,3,0,2014
1744,3,0,2005
1744,3,0,2003
1744,3,0,2009
1744,3,0,2006
1744,3,0,2004
1744,3,0,2010
1744,3,0,2007
1744,3,0,2008
1744,3,0,2013
1744,3,0,2012
1287,3,0,2004
1287,3,0,2007
1287,3,0,2005
1287,3,0,2006
1533,3,0,2010
1533,3,0,2008
1533,3,0,2009
1533,3,0,2004
1533,3,0,2007
1533,3,0,2006
1533,3,0,2005
1435,2,0,2006
1435,2,0,2002
1435,2,0,2003
1435,2,0,2007
1435,2,0,2005
1435,2,0,2004
1435,2,0,2008
176,4,1,2013
176,4,1,2011
176,4,1,2012
176,4,1,2004
176,4,1,2005
176,4,1,2010
176,4,1,2008
176,4,1,2006
176,4,1,2009
176,4,1,2003
176,4,1,2007
176,2,0,2003
176,2,0,2004
1412,4,0,2011
1412,4,0,2009
1412,4,0,2010
1412,4,0,2006
1412,4,0,2013
1412,4,0,2008
1412,4,0,2004
1412,4,0,2012
1412,4,0,2005
1412,4,0,2016
1412,4,0,2015
1412,4,0,2014
1412,4,0,2007
1412,4,0,2017
911,2,0,2006
911,2,0,2005
911,2,0,2004
1196,2,0,2004
1196,2,0,2006
1196,2,0,2005
1356,2,0,2006
1356,2,0,2003
1356,2,0,2010
1356,2,0,2007
1356,2,0,2004
1356,2,0,2011
1356,2,0,2008
1356,2,0,2009
1356,2,0,2005
1356,2,0,2013
1356,2,0,2012
1695,2,0,2008
1695,2,0,2004
1695,2,0,2007
1695,2,0,2005
1695,2,0,2006
1695,4,0,2006
1695,4,0,2004
1695,4,0,2003
1695,4,0,2007
1695,4,0,2005
1604,2,0,2008
1604,2,0,2003
1604,2,0,2007
1604,2,0,2006
1604,2,0,2005
1604,2,0,2004
1533,3,0,2003
1533,3,0,2004
1533,3,0,2008
1533,3,0,2007
1533,3,0,2005
1533,3,0,2006
929,3,0,2006
929,3,0,2005
929,3,0,2009
929,3,0,2004
929,3,0,2008
929,3,0,2007
929,3,0,2003
921,3,0,2003
921,3,0,2006
921,3,0,2011
921,3,0,2009
921,3,0,2008
921,3,0,2007
921,3,0,2005
921,3,0,2004
921,3,0,2010
453,2,0,2012
453,2,0,2011
453,2,0,2010
453,2,0,2013
453,2,0,2009
453,2,0,2007
453,2,0,2014
453,2,0,2008
453,2,0,2006
453,2,0,2004
453,2,0,2015
453,2,0,2005
1368,2,0,2005
1368,2,0,2002
1368,2,0,2003
1368,2,0,2004
1485,3,0,2008
1485,3,0,2007
1485,3,0,2004
1485,3,0,2006
1485,3,0,2005
1485,3,0,2009
1485,3,0,2010
453,2,0,2007
453,2,0,2006
453,2,0,2005
453,2,0,2004
453,2,0,2008
453,2,0,2010
453,2,0,2009
1435,2,0,2009
1435,2,0,2011
1435,2,0,2008
1435,2,0,2015
1435,2,0,2010
1435,2,0,2016
1435,2,0,2007
1435,2,0,2006
1435,2,0,2013
1435,2,0,2014
1435,2,0,2004
1435,2,0,2017
1435,2,0,2005
1435,2,0,2012
1435,2,0,2003
1381,3,0,2007
1381,3,0,2005
1381,3,0,2006
1381,3,0,2004
1610,2,0,2004
1610,2,0,2005
1495,2,0,2013
1495,2,0,2003
1495,2,0,2006
1495,2,0,2012
1495,2,0,2005
1495,2,0,2008
1495,2,0,2011
1495,2,0,2010
1495,2,0,2007
1495,2,0,2004
1495,2,0,2009
1795,3,0,2004
1795,3,0,2005
1795,3,0,2007
1795,3,0,2006
1579,2,0,2004
1579,2,0,2005
1579,2,0,2007
1579,2,0,2008
1579,2,0,2006
1579,2,0,2009
1750,4,1,2004
1750,4,1,2005
1750,4,1,2006
1729,3,1,2005
1729,3,1,2004
1788,3,0,2004
1788,3,0,2005
1788,3,0,2006
1723,2,0,2004
1723,2,0,2005
1018,3,0,2006
1018,3,0,2004
1018,3,0,2005
1018,3,0,2007
1029,2,0,2004
1029,2,0,2005
453,2,0,2006
453,2,0,2004
453,2,0,2005
453,2,0,2007
453,2,0,2008
1729,3,1,2006
1729,3,1,2004
1729,3,1,2005
1729,3,1,2007
1699,2,0,2005
1699,2,0,2008
1699,2,0,2007
1699,2,0,2004
1699,2,0,2006
1509,2,0,2005
1509,2,0,2004
1509,2,0,2007
1509,2,0,2006
1287,2,0,2017
1287,2,0,2015
1287,2,0,2016
1287,2,0,2014
1287,2,0,2012
1287,2,0,2004
1287,2,0,2006
1287,2,0,2013
1287,2,0,2011
1287,2,0,2005
1287,2,0,2007
1287,2,0,2010
1287,2,0,2008
1287,2,0,2009
1886,2,0,2004
1886,2,0,2005
1509,2,0,2005
1509,2,0,2004
1509,2,0,2007
1509,2,0,2008
1509,2,0,2006
1623,2,0,2007
1623,2,0,2006
1623,2,0,2005
1623,2,0,2004
1356,2,0,2006
1356,2,0,2007
1356,2,0,2004
1356,2,0,2005
1711,2,0,2005
1711,2,0,2007
1711,2,0,2010
1711,2,0,2006
1711,2,0,2009
1711,2,0,2008
497,3,0,2007
497,3,0,2008
497,3,0,2006
497,3,0,2005
1773,5,1,2006
1773,5,1,2005
1767,2,0,2005
1767,2,0,2009
1767,2,0,2008
1767,2,0,2006
1767,2,0,2007
1720,2,0,2007
1720,2,0,2006
1720,2,0,2005
1739,2,0,2007
1739,2,0,2008
1739,2,0,2011
1739,2,0,2006
1739,2,0,2013
1739,2,0,2016
1739,2,0,2009
1739,2,0,2010
1739,2,0,2014
1739,2,0,2015
1739,2,0,2005
1739,2,0,2012
1739,2,0,2017
1553,2,0,2006
1553,2,0,2007
1553,2,0,2005
510,2,0,2011
510,2,0,2009
510,2,0,2008
510,2,0,2010
510,2,0,2005
510,2,0,2012
510,2,0,2007
510,2,0,2006
510,2,0,2013
510,2,0,2004
1196,3,0,2010
1196,3,0,2008
1196,3,0,2007
1196,3,0,2011
1196,3,0,2009
1196,3,0,2005
1196,3,0,2004
1196,3,0,2006
1796,2,0,2006
1796,2,0,2005
1796,2,0,2007
1797,2,0,2005
1797,2,0,2007
1797,2,0,2008
1797,2,0,2006
1587,2,0,2008
1587,2,0,2006
1587,2,0,2007
1587,2,0,2005
1533,2,0,2006
1533,2,0,2007
1533,2,0,2005
1607,2,0,2005
1607,2,0,2006
1607,2,0,2007
1607,2,0,2004
1607,2,0,2006
1607,2,0,2004
1607,2,0,2005
1607,2,0,2007
1607,2,0,2008
1412,4,0,2008
1412,4,0,2006
1412,4,0,2004
1412,4,0,2007
1412,4,0,2003
1412,4,0,2005
1606,2,0,2005
1606,2,0,2006
1606,2,0,2007
1773,5,0,2017
1773,5,0,2007
1773,5,0,2005
1773,5,0,2013
1773,5,0,2006
1773,5,0,2012
1773,5,0,2008
1773,5,0,2009
1773,5,0,2016
1773,5,0,2010
1773,5,0,2011
1773,5,0,2015
1773,5,0,2014
497,3,0,2006
497,3,0,2010
497,3,0,2014
497,3,0,2011
497,3,0,2005
497,3,0,2013
497,3,0,2007
497,3,0,2008
497,3,0,2009
497,3,0,2012
911,4,0,2006
911,4,0,2005
1752,3,1,2006
1752,3,1,2007
1752,3,1,2005
2976,2,0,2005
2976,2,0,2006
1739,2,0,2008
1739,2,0,2007
1739,2,0,2005
1739,2,0,2009
1739,2,0,2006
1623,2,0,2007
1623,2,0,2005
1623,2,0,2008
1623,2,0,2006
1485,3,1,2006
1485,3,1,2005
1040,3,1,2005
1040,3,1,2006
1040,3,1,2007
1040,3,1,2008
1040,3,1,2009
1794,3,0,2004
1794,3,0,2005
453,4,0,2005
453,4,0,2006
1504,2,0,2006
1504,2,0,2005
1744,2,0,2010
1744,2,0,2009
1744,2,0,2007
1744,2,0,2008
1744,2,0,2006
1744,2,0,2005
1731,2,0,2005
1731,2,0,2006
1731,2,0,2009
1731,2,0,2010
1731,2,0,2007
1731,2,0,2008
1848,2,0,2012
1848,2,0,2005
1848,2,0,2011
1848,2,0,2010
1848,2,0,2009
1848,2,0,2007
1848,2,0,2008
1848,2,0,2006
1611,2,0,2005
1611,2,0,2006
1608,2,0,2005
1608,2,0,2007
1608,2,0,2006
1356,3,0,2006
1356,3,0,2005
1356,3,0,2007
1523,2,0,2013
1523,2,0,2014
1523,2,0,2004
1523,2,0,2005
1523,2,0,2007
1523,2,0,2010
1523,2,0,2011
1523,2,0,2006
1523,2,0,2012
1523,2,0,2009
1523,2,0,2008
1796,2,0,2007
1796,2,0,2005
1796,2,0,2006
1720,2,0,2005
1720,2,0,2006
1720,2,0,2007
1720,2,0,2008
1611,2,0,2006
1611,2,0,2005
1381,2,0,2011
1381,2,0,2010
1381,2,0,2012
1381,2,0,2009
1381,2,0,2007
1381,2,0,2013
1381,2,0,2014
1381,2,0,2006
1381,2,0,2015
1381,2,0,2008
1381,2,0,2005
1381,2,0,2016
1795,3,1,2005
1795,3,1,2006
1848,2,0,2009
1848,2,0,2008
1848,2,0,2010
1848,2,0,2006
1848,2,0,2007
1848,2,0,2005
1608,2,0,2005
1608,2,0,2006
1608,2,0,2008
1608,2,0,2007
1029,3,1,2005
1029,3,1,2008
1029,3,1,2006
1029,3,1,2007
1553,2,0,2005
1553,2,0,2006
1796,3,1,2008
1796,3,1,2006
1796,3,1,2009
1796,3,1,2010
1796,3,1,2005
1796,3,1,2007
1187,2,0,2015
1187,2,0,2016
1187,2,0,2007
1187,2,0,2014
1187,2,0,2005
1187,2,0,2006
1187,2,0,2010
1187,2,0,2013
1187,2,0,2012
1187,2,0,2008
1187,2,0,2011
1187,2,0,2009
1829,2,0,2005
1829,2,0,2007
1829,2,0,2006
1829,2,0,2008
2960,2,0,2006
2960,2,0,2005
1587,2,0,2008
1587,2,0,2009
1587,2,0,2007
1587,2,0,2006
1587,2,0,2010
1587,2,0,2011
1587,2,0,2012
1587,2,0,2005
1710,2,0,2012
1710,2,0,2011
1710,2,0,2013
1710,2,0,2010
1710,2,0,2009
1710,2,0,2005
1710,2,0,2008
1710,2,0,2007
1710,2,0,2006
2960,3,0,2006
2960,3,0,2005
1750,3,1,2005
1750,3,1,2008
1750,3,1,2007
1750,3,1,2010
1750,3,1,2011
1750,3,1,2006
1750,3,1,2014
1750,3,1,2013
1750,3,1,2012
1750,3,1,2009
1742,3,0,2008
1742,3,0,2010
1742,3,0,2006
1742,3,0,2009
1742,3,0,2007
1742,3,0,2005
1831,3,0,2005
1831,3,0,2006
1606,5,1,2005
1606,5,1,2007
1606,5,1,2009
1606,5,1,2006
1606,5,1,2008
1287,5,0,2007
1287,5,0,2005
1287,5,0,2006
1287,5,0,2008
1287,5,0,2010
1287,5,0,2009
1783,2,0,2006
1783,2,0,2008
1783,2,0,2005
1783,2,0,2007
1744,2,0,2009
1744,2,0,2010
1744,2,0,2008
1744,2,0,2006
1744,2,0,2007
1744,2,0,2004
1744,2,0,2005
1886,3,0,2005
1886,3,0,2006
1616,3,1,2005
1616,3,1,2006
1616,3,1,2009
1616,3,1,2007
1616,3,1,2008
510,3,0,2005
510,3,0,2006
510,3,0,2007
1623,3,0,2014
1623,3,0,2017
1623,3,0,2013
1623,3,0,2015
1623,3,0,2016
1623,3,0,2012
1623,3,0,2009
1623,3,0,2005
1623,3,0,2011
1623,3,0,2010
1623,3,0,2007
1623,3,0,2006
1623,3,0,2008
1766,3,1,2009
1766,3,1,2008
1766,3,1,2007
1766,3,1,2010
1766,3,1,2006
1766,3,1,2005
1512,2,0,2005
1512,2,0,2006
1512,2,0,2013
1512,2,0,2009
1512,2,0,2012
1512,2,0,2007
1512,2,0,2008
1512,2,0,2011
1512,2,0,2010
2964,2,0,2007
2964,2,0,2005
2964,2,0,2008
2964,2,0,2006
1199,2,0,2005
1199,2,0,2006
1512,2,0,2008
1512,2,0,2005
1512,2,0,2006
1512,2,0,2007
1412,3,0,2006
1412,3,0,2007
1412,3,0,2005
1509,3,0,2008
1509,3,0,2006
1509,3,0,2007
1509,3,0,2005
1412,2,0,2006
1412,2,0,2007
1412,2,0,2008
1412,2,0,2005
1533,2,0,2005
1533,2,0,2006
1623,2,0,2009
1623,2,0,2008
1623,2,0,2005
1623,2,0,2007
1623,2,0,2006
1566,3,0,2009
1566,3,0,2006
1566,3,0,2010
1566,3,0,2008
1566,3,0,2013
1566,3,0,2007
1566,3,0,2011
1566,3,0,2005
1566,3,0,2004
1566,3,0,2015
1566,3,0,2012
1566,3,0,2017
1566,3,0,2016
1566,3,0,2014
1769,4,1,2016
1769,4,1,2015
1769,4,1,2017
1769,4,1,2014
1769,4,1,2006
1769,4,1,2009
1769,4,1,2013
1769,4,1,2005
1769,4,1,2011
1769,4,1,2007
1769,4,1,2012
1769,4,1,2008
1769,4,1,2010
1412,3,0,2010
1412,3,0,2008
1412,3,0,2009
1412,3,0,2007
1412,3,0,2006
1412,3,0,2005
1877,3,0,2005
1877,3,0,2006
1306,2,0,1999
1306,2,0,1998
1808,2,0,2006
1808,2,0,2005
453,5,0,2011
453,5,0,2009
453,5,0,2012
453,5,0,2013
453,5,0,2008
453,5,0,2006
453,5,0,2010
453,5,0,2007
453,5,0,2005
1543,4,0,2006
1543,4,0,2005
1543,4,0,2007
1543,4,0,2009
1543,4,0,2008
1543,4,0,2005
1543,4,0,2006
1750,3,0,2006
1750,3,0,2010
1750,3,0,2007
1750,3,0,2009
1750,3,0,2008
1187,3,1,2006
1187,3,1,2009
1187,3,1,2012
1187,3,1,2007
1187,3,1,2008
1187,3,1,2010
1187,3,1,2011
1187,3,1,2013
497,3,1,2007
497,3,1,2006
1797,3,0,2007
1797,3,0,2006
1797,3,0,2005
1886,3,0,2006
1886,3,0,2008
1886,3,0,2009
1886,3,0,2007
1886,3,0,2010
1581,2,0,2012
1581,2,0,2010
1581,2,0,2013
1581,2,0,2009
1581,2,0,2011
1581,2,0,2007
1581,2,0,2008
1581,2,0,2005
1581,2,0,2006
2974,2,0,2006
2974,2,0,2007
1711,3,0,2008
1711,3,0,2006
1711,3,0,2010
1711,3,0,2007
1711,3,0,2009
1199,3,1,2007
1199,3,1,2006
1199,3,1,2008
1774,3,0,2007
1774,3,0,2008
1774,3,0,2006
1774,3,0,2010
1774,3,0,2009
1489,2,0,2016
1489,2,0,2017
1489,2,0,2015
1489,2,0,2007
1489,2,0,2006
1489,2,0,2014
1489,2,0,2010
1489,2,0,2008
1489,2,0,2009
1489,2,0,2013
1489,2,0,2011
1489,2,0,2012
1165,2,0,2005
1165,2,0,2006
1165,2,0,2007
1165,2,0,2008
2980,4,1,2007
2980,4,1,2006
1606,3,1,2006
1606,3,1,2009
1606,3,1,2008
1606,3,1,2007
1040,3,1,2008
1040,3,1,2006
1040,3,1,2007
1606,3,1,2006
1606,3,1,2007
1606,3,1,2008
1710,3,0,2006
1710,3,0,2008
1710,3,0,2007
453,5,1,2007
453,5,1,2006
1604,3,0,2009
1604,3,0,2005
1604,3,0,2008
1604,3,0,2007
1604,3,0,2006
1702,4,1,2007
1702,4,1,2006
1702,4,1,2008
1722,2,0,2010
1722,2,0,2007
1722,2,0,2013
1722,2,0,2008
1722,2,0,2006
1722,2,0,2009
1722,2,0,2012
1722,2,0,2011
1722,2,0,2007
1722,2,0,2006
1709,4,1,2007
1709,4,1,2006
1754,2,0,2010
1754,2,0,2006
1754,2,0,2009
1754,2,0,2007
1754,2,0,2008
1754,2,0,2011
1187,3,1,2007
1187,3,1,2006
2966,2,0,2010
2966,2,0,2011
2966,2,0,2009
2966,2,0,2008
2966,2,0,2013
2966,2,0,2007
2966,2,0,2006
2966,2,0,2012
2966,2,0,2015
2966,2,0,2014
1774,3,0,2013
1774,3,0,2012
1774,3,0,2009
1774,3,0,2011
1774,3,0,2010
1774,3,0,2008
1774,3,0,2007
1774,3,0,2006
1276,2,0,2006
1276,2,0,2007
2990,4,0,2007
2990,4,0,2006
2990,4,0,2008
1795,4,1,2007
1795,4,1,2006
1796,3,0,2011
1796,3,0,2012
1796,3,0,2010
1796,3,0,2009
1796,3,0,2013
1796,3,0,2014
1796,3,0,2015
1796,3,0,2008
1796,3,0,2006
1796,3,0,2007
1729,4,1,2007
1729,4,1,2009
1729,4,1,2010
1729,4,1,2008
1729,4,1,2006
453,3,0,2006
453,3,0,2008
453,3,0,2007
453,2,0,2007
453,2,0,2006
1616,2,0,2006
1616,2,0,2007
1499,4,1,2006
1499,4,1,2007
1029,3,0,2014
1029,3,0,2013
1029,3,0,2015
1029,3,0,2006
1029,3,0,2012
1029,3,0,2011
1029,3,0,2009
1029,3,0,2010
1029,3,0,2007
1029,3,0,2008
1504,3,1,2006
1504,3,1,2007
1587,2,0,2006
1587,2,0,2007
1587,2,0,2008
1524,3,0,2006
1524,3,0,2007
1593,3,0,2009
1593,3,0,2008
1593,3,0,2007
1593,3,0,2006
1196,4,1,2007
1196,4,1,2006
1196,4,1,2008
1196,4,1,2007
1196,4,1,2006
1499,2,0,2013
1499,2,0,2012
1499,2,0,2009
1499,2,0,2008
1499,2,0,2007
1499,2,0,2014
1499,2,0,2006
1499,2,0,2016
1499,2,0,2017
1499,2,0,2010
1499,2,0,2011
1499,2,0,2015
1682,3,0,2008
1682,3,0,2012
1682,3,0,2010
1682,3,0,2011
1682,3,0,2006
1682,3,0,2009
1682,3,0,2007
1699,3,1,2014
1699,3,1,2015
1699,3,1,2013
1699,3,1,2008
1699,3,1,2012
1699,3,1,2007
1699,3,1,2010
1699,3,1,2006
1699,3,1,2009
1699,3,1,2011
1699,3,1,2009
1699,3,1,2011
1699,3,1,2012
1699,3,1,2007
1699,3,1,2010
1699,3,1,2006
1699,3,1,2008
1797,3,0,2007
1797,3,0,2006
1797,3,0,2008
1797,3,0,2010
1797,3,0,2009
1783,3,0,2011
1783,3,0,2010
1783,3,0,2008
1783,3,0,2007
1783,3,0,2009
1783,3,0,2006
1744,3,0,2007
1744,3,0,2006
1744,3,0,2008
1509,3,0,2006
1509,3,0,2007
1509,3,0,2009
1509,3,0,2008
911,4,0,2007
911,4,0,2008
911,4,0,2006
911,4,0,2010
911,4,0,2009
3489,3,1,2006
3489,3,1,2008
3489,3,1,2007
1040,3,1,2012
1040,3,1,2007
1040,3,1,2006
1040,3,1,2009
1040,3,1,2013
1040,3,1,2014
1040,3,1,2010
1040,3,1,2008
1040,3,1,2011
1775,2,0,2009
1775,2,0,2008
1775,2,0,2007
1775,2,0,2006
3087,3,0,2006
3087,3,0,2007
1777,2,0,2007
1777,2,0,2006
1777,2,0,2009
1777,2,0,2008
1802,4,1,2007
1802,4,1,2006
1797,4,1,2011
1797,4,1,2009
1797,4,1,2012
1797,4,1,2010
1797,4,1,2014
1797,4,1,2013
1797,4,1,2008
1797,4,1,2007
1797,4,1,2006
1356,4,1,2006
1356,4,1,2008
1356,4,1,2007
1604,4,1,2008
1604,4,1,2007
1604,4,1,2006
1604,2,0,2007
1604,2,0,2006
1722,4,1,2008
1722,4,1,2006
1722,4,1,2007
1610,2,0,2009
1610,2,0,2008
1610,2,0,2006
1610,2,0,2007
1610,2,0,2010
1533,3,0,2009
1533,3,0,2008
1533,3,0,2010
1533,3,0,2011
1533,3,0,2006
1533,3,0,2007
1533,3,0,2014
1533,3,0,2015
1533,3,0,2012
1533,3,0,2013
1533,3,0,2016
3000,2,0,2006
3000,2,0,2007
1608,3,0,2010
1608,3,0,2011
1608,3,0,2009
1608,3,0,2008
1608,3,0,2007
1608,3,0,2006
1610,2,0,2008
1610,2,0,2006
1610,2,0,2009
1610,2,0,2007
1610,2,0,2011
1610,2,0,2012
1610,2,0,2014
1610,2,0,2010
1610,2,0,2013
1610,2,0,2015
1788,3,0,2008
1788,3,0,2007
1788,3,0,2006
1769,5,1,2008
1769,5,1,2009
1769,5,1,2007
1769,5,1,2006
1769,5,1,2010
1698,3,0,2007
1698,3,0,2008
1698,3,0,2009
1698,3,0,2010
1698,3,0,2006
1829,2,0,2007
1829,2,0,2006
1769,5,1,2007
1769,5,1,2006
1831,2,0,2008
1831,2,0,2007
1831,2,0,2010
1831,2,0,2006
1831,2,0,2009
1702,3,0,2006
1702,3,0,2007
3489,3,0,2010
3489,3,0,2008
3489,3,0,2007
3489,3,0,2009
3489,3,0,2006
1611,3,0,2007
1611,3,0,2006
2988,2,0,2009
2988,2,0,2006
2988,2,0,2008
2988,2,0,2007
1543,2,0,2007
1543,2,0,2006
1543,2,0,2008
1543,2,0,2009
1543,2,0,2010
1897,2,0,2011
1897,2,0,2010
1897,2,0,2012
1897,2,0,2007
1897,2,0,2008
1897,2,0,2009
1897,2,0,2006
1897,2,0,2013
1808,2,0,2008
1808,2,0,2007
1808,2,0,2010
1808,2,0,2006
1808,2,0,2014
1808,2,0,2011
1808,2,0,2009
1808,2,0,2013
1808,2,0,2012
1553,5,0,2006
1553,5,0,2008
1553,5,0,2009
1553,5,0,2015
1553,5,0,2014
1553,5,0,2011
1553,5,0,2007
1553,5,0,2013
1553,5,0,2010
1553,5,0,2012
1769,5,0,2006
1769,5,0,2007
1523,2,0,2010
1523,2,0,2011
1523,2,0,2008
1523,2,0,2014
1523,2,0,2009
1523,2,0,2013
1523,2,0,2012
1523,2,0,2007
1523,2,0,2015
1581,3,0,2013
1581,3,0,2014
1581,3,0,2012
1581,3,0,2011
1581,3,0,2007
1581,3,0,2010
1581,3,0,2006
1581,3,0,2015
1581,3,0,2009
1581,3,0,2008
1566,3,0,2009
1566,3,0,2008
1566,3,0,2007
1804,4,0,2008
1804,4,0,2009
1804,4,0,2007
1804,4,0,2010
1752,3,1,2010
1752,3,1,2011
1752,3,1,2008
1752,3,1,2012
1752,3,1,2013
1752,3,1,2014
1752,3,1,2009
1752,3,1,2015
1752,3,1,2007
4873,2,0,2008
4873,2,0,2006
4873,2,0,2007
3464,3,1,2008
3464,3,1,2007
1769,4,0,2008
1769,4,0,2010
1769,4,0,2009
1769,4,0,2007
1767,2,0,2006
1767,2,0,2007
1767,2,0,2008
1579,3,0,2006
1579,3,0,2007
1579,3,0,2009
1579,3,0,2008
1796,6,1,2010
1796,6,1,2009
1796,6,1,2008
1796,6,1,2007
1775,2,0,2008
1775,2,0,2009
1775,2,0,2007
1775,2,0,2006
1581,3,1,2009
1581,3,1,2008
1581,3,1,2007
1797,2,0,2008
1797,2,0,2007
1797,2,0,2009
1797,2,0,2006
1797,2,0,2011
1797,2,0,2014
1797,2,0,2015
1797,2,0,2013
1797,2,0,2010
1797,2,0,2012
1512,2,0,2008
1512,2,0,2009
1512,2,0,2010
1512,2,0,2007
1512,2,0,2011
3456,3,1,2008
3456,3,1,2007
1489,3,0,2011
1489,3,0,2008
1489,3,0,2007
1489,3,0,2009
1489,3,0,2010
1412,3,1,2008
1412,3,1,2007
1577,2,0,2009
1577,2,0,2007
1577,2,0,2011
1577,2,0,2012
1577,2,0,2008
1577,2,0,2010
1752,3,1,2013
1752,3,1,2012
1752,3,1,2011
1752,3,1,2009
1752,3,1,2010
1752,3,1,2008
1752,3,1,2007
1752,3,1,2014
1499,3,0,2008
1499,3,0,2007
3457,2,0,2016
3457,2,0,2007
3457,2,0,2015
3457,2,0,2010
3457,2,0,2014
3457,2,0,2008
3457,2,0,2009
3457,2,0,2013
3457,2,0,2011
3457,2,0,2012
1729,2,0,2008
1729,2,0,2007
2991,4,0,2007
2991,4,0,2008
1787,3,0,2008
1787,3,0,2007
1029,4,1,2009
1029,4,1,2008
1029,4,1,2007
1543,3,0,2007
1543,3,0,2008
1543,3,0,2009
1774,3,0,2008
1774,3,0,2007
1774,3,0,2009
1774,3,0,2010
1604,2,0,2007
1604,2,0,2008
1611,2,0,2008
1611,2,0,2007
1611,2,0,2010
1611,2,0,2009
3617,2,0,2008
3617,2,0,2007
1698,4,1,2007
1698,4,1,2009
1698,4,1,2008
1698,4,1,2010
1702,5,1,2009
1702,5,1,2008
1702,5,1,2007
1731,4,1,2009
1731,4,1,2008
1731,4,1,2012
1731,4,1,2007
1731,4,1,2011
1731,4,1,2010
1777,3,0,2007
1777,3,0,2009
1777,3,0,2008
1787,2,0,2009
1787,2,0,2008
1787,2,0,2013
1787,2,0,2010
1787,2,0,2011
1787,2,0,2012
1787,2,0,2007
1877,4,0,2012
1877,4,0,2011
1877,4,0,2009
1877,4,0,2010
1877,4,0,2008
1877,4,0,2007
1762,3,1,2008
1762,3,1,2009
1762,3,1,2007
3519,3,0,2007
3519,3,0,2008
2988,3,0,2009
2988,3,0,2010
2988,3,0,2008
2988,3,0,2007
1739,3,0,2007
1739,3,0,2008
1739,3,0,2009
1739,3,0,2010
1868,2,0,2010
1868,2,0,2011
1868,2,0,2008
1868,2,0,2009
1868,2,0,2012
1868,2,0,2013
1868,2,0,2007
1412,3,0,2007
1412,3,0,2008
3696,2,0,2009
3696,2,0,2010
3696,2,0,2008
3696,2,0,2007
3696,3,0,2010
3696,3,0,2014
3696,3,0,2011
3696,3,0,2009
3696,3,0,2017
3696,3,0,2015
3696,3,0,2008
3696,3,0,2013
3696,3,0,2016
3696,3,0,2012
3696,3,0,2007
1795,3,0,2009
1795,3,0,2010
1795,3,0,2008
1795,3,0,2007
1750,2,0,2010
1750,2,0,2011
1750,2,0,2012
1750,2,0,2014
1750,2,0,2015
1750,2,0,2009
1750,2,0,2008
1750,2,0,2013
1729,3,0,2008
1729,3,0,2009
1729,3,0,2010
1702,4,0,2010
1702,4,0,2009
1702,4,0,2008
3456,3,0,2009
3456,3,0,2010
3456,3,0,2008
1754,2,0,2008
1754,2,0,2011
1754,2,0,2012
1754,2,0,2010
1754,2,0,2016
1754,2,0,2013
1754,2,0,2009
1754,2,0,2017
1754,2,0,2015
1754,2,0,2014
1604,2,0,2008
1604,2,0,2009
1604,2,0,2010
1604,2,0,2007
3457,2,0,2012
3457,2,0,2011
3457,2,0,2013
3457,2,0,2008
3457,2,0,2010
3457,2,0,2009
3457,2,0,2007
1579,3,0,2009
1579,3,0,2010
1579,3,0,2011
1579,3,0,2013
1579,3,0,2014
1579,3,0,2015
1579,3,0,2008
1579,3,0,2012
1579,3,0,2008
1579,3,0,2009
1579,3,0,2011
1579,3,0,2010
1742,2,0,2010
1742,2,0,2011
1742,2,0,2012
1742,2,0,2009
1742,2,0,2013
1742,2,0,2008
4866,2,0,2009
4866,2,0,2010
4866,2,0,2008
4866,2,0,2014
4866,2,0,2011
4866,2,0,2015
4866,2,0,2013
4866,2,0,2012
1742,3,1,2011
1742,3,1,2012
1742,3,1,2013
1742,3,1,2015
1742,3,1,2016
1742,3,1,2017
1742,3,1,2010
1742,3,1,2008
1742,3,1,2014
1742,3,1,2009
1752,5,1,2008
1752,5,1,2009
2990,2,0,2011
2990,2,0,2012
2990,2,0,2010
2990,2,0,2009
2990,2,0,2008
1877,2,0,2008
1877,2,0,2011
1877,2,0,2012
1877,2,0,2010
1877,2,0,2009
1553,3,0,2009
1553,3,0,2008
1579,3,0,2008
1579,3,0,2007
1881,3,0,2009
1881,3,0,2010
1881,3,0,2011
1881,3,0,2013
1881,3,0,2014
1881,3,0,2015
1881,3,0,2012
1881,3,0,2008
1881,3,0,2007
1412,3,0,2012
1412,3,0,2010
1412,3,0,2011
1412,3,0,2009
1412,3,0,2013
1412,3,0,2008
1871,3,0,2008
1871,3,0,2009
1871,3,0,2007
1523,4,0,2008
1523,4,0,2009
3515,4,1,2008
3515,4,1,2009
1504,2,0,2009
1504,2,0,2008
1504,2,0,2010
1731,5,1,2010
1731,5,1,2009
1731,5,1,2008
1877,2,0,2009
1877,2,0,2007
1877,2,0,2008
3454,2,0,2007
3454,2,0,2008
3454,2,0,2011
3454,2,0,2012
3454,2,0,2010
3454,2,0,2013
3454,2,0,2014
3454,2,0,2009
3454,2,0,2015
1708,2,0,2010
1708,2,0,2008
1708,2,0,2009
1708,2,0,2007
1801,2,0,2008
1801,2,0,2009
1801,2,0,2010
1356,4,0,2009
1356,4,0,2010
1356,4,0,2008
1356,4,0,2011
1356,4,0,2013
1356,4,0,2012
1722,4,0,2008
1722,4,0,2009
1616,3,0,2009
1616,3,0,2010
1616,3,0,2011
1616,3,0,2013
1616,3,0,2014
1616,3,0,2015
1616,3,0,2008
1616,3,0,2012
1698,3,1,2009
1698,3,1,2008
3519,4,0,2013
3519,4,0,2008
3519,4,0,2009
3519,4,0,2011
3519,4,0,2014
3519,4,0,2015
3519,4,0,2012
3519,4,0,2010
1533,2,0,2015
1533,2,0,2016
1533,2,0,2013
1533,2,0,2014
1533,2,0,2010
1533,2,0,2012
1533,2,0,2009
1533,2,0,2011
1739,3,0,2008
1739,3,0,2011
1739,3,0,2012
1739,3,0,2010
1739,3,0,2013
1739,3,0,2009
1739,3,0,2015
1739,3,0,2014
1394,4,0,2008
1394,4,0,2012
1394,4,0,2009
1394,4,0,2010
1394,4,0,2015
1394,4,0,2011
1394,4,0,2013
1394,4,0,2014
1604,2,0,2009
1604,2,0,2010
1869,3,0,2009
1869,3,0,2010
1867,2,0,2013
1867,2,0,2012
1867,2,0,2011
1867,2,0,2014
1867,2,0,2010
1867,2,0,2008
1867,2,0,2009
3696,2,0,2008
3696,2,0,2009
1504,2,0,2010
1504,2,0,2009
1868,3,1,2009
1868,3,1,2010
1795,6,1,2013
1795,6,1,2008
1795,6,1,2012
1795,6,1,2011
1795,6,1,2010
1795,6,1,2009
1744,2,0,2008
1744,2,0,2009
1581,2,0,2010
1581,2,0,2011
1581,2,0,2009
1581,2,0,2012
1581,2,0,2013
1581,2,0,2010
1581,2,0,2012
1581,2,0,2011
1581,2,0,2013
1581,2,0,2009
5000,2,0,2010
5000,2,0,2009
3486,3,1,2009
3486,3,1,2010
4829,4,1,2010
4829,4,1,2009
3618,3,1,2014
3618,3,1,2015
3618,3,1,2013
3618,3,1,2012
3618,3,1,2010
3618,3,1,2011
3618,3,1,2009
1577,3,1,2009
1577,3,1,2010
1710,4,1,2010
1710,4,1,2011
1710,4,1,2009
1710,4,1,2014
1710,4,1,2015
1710,4,1,2013
1710,4,1,2017
1710,4,1,2012
1710,4,1,2016
2974,2,0,2012
2974,2,0,2011
2974,2,0,2009
2974,2,0,2010
2974,2,0,2013
1499,2,0,2009
1499,2,0,2010
1499,2,0,2012
1499,2,0,2011
1029,3,0,2008
1029,3,0,2009
1029,3,0,2013
1029,3,0,2010
1029,3,0,2012
1029,3,0,2011
1729,4,1,2009
1729,4,1,2010
1731,2,0,2010
1731,2,0,2011
1731,2,0,2009
1731,2,0,2014
1731,2,0,2013
1731,2,0,2012
4860,3,1,2010
4860,3,1,2009
3615,2,0,2015
3615,2,0,2010
3615,2,0,2014
3615,2,0,2013
3615,2,0,2011
3615,2,0,2012
3615,2,0,2009
1729,4,1,2015
1729,4,1,2009
1729,4,1,2012
1729,4,1,2013
1729,4,1,2011
1729,4,1,2010
1729,4,1,2014
1752,4,1,2009
1752,4,1,2010
4866,2,0,2010
4866,2,0,2009
1494,3,1,2010
1494,3,1,2009
1708,3,1,2009
1708,3,1,2010
911,3,1,2011
911,3,1,2012
911,3,1,2010
911,3,1,2009
911,3,1,2013
911,3,1,2015
911,3,1,2014
1886,2,0,2009
1886,2,0,2010
1886,2,0,2015
1886,2,0,2014
1886,2,0,2011
1886,2,0,2013
1886,2,0,2012
1801,2,0,2010
1801,2,0,2011
1801,2,0,2009
1553,2,0,2009
1553,2,0,2010
2990,4,1,2014
2990,4,1,2013
2990,4,1,2012
2990,4,1,2009
2990,4,1,2011
2990,4,1,2010
1577,3,1,2011
1577,3,1,2012
1577,3,1,2010
1577,3,1,2013
3087,2,0,2010
3087,2,0,2011
3087,2,0,2009
1762,2,0,2016
1762,2,0,2017
1762,2,0,2015
1762,2,0,2010
1762,2,0,2011
1762,2,0,2014
1762,2,0,2013
1762,2,0,2012
4829,2,0,2016
4829,2,0,2011
4829,2,0,2012
4829,2,0,2010
4829,2,0,2014
4829,2,0,2009
4829,2,0,2015
4829,2,0,2013
1750,2,0,2013
1750,2,0,2012
1750,2,0,2014
1750,2,0,2009
1750,2,0,2011
1750,2,0,2010
1750,2,0,2015
5159,2,0,2010
5159,2,0,2009
1616,2,0,2016
1616,2,0,2009
1616,2,0,2015
1616,2,0,2014
1616,2,0,2011
1616,2,0,2013
1616,2,0,2012
1616,2,0,2010
1553,2,0,2010
1553,2,0,2011
1553,2,0,2012
1553,2,0,2014
1553,2,0,2015
1553,2,0,2016
1553,2,0,2009
1553,2,0,2017
1553,2,0,2013
5072,2,0,2009
5072,2,0,2012
5072,2,0,2014
5072,2,0,2011
5072,2,0,2013
5072,2,0,2010
4872,2,0,2014
4872,2,0,2015
4872,2,0,2011
4872,2,0,2012
4872,2,0,2010
4872,2,0,2013
4872,2,0,2009
1698,2,0,2011
1698,2,0,2010
3089,3,1,2013
3089,3,1,2012
3089,3,1,2014
3089,3,1,2015
3089,3,1,2010
3089,3,1,2011
5240,2,0,2010
5240,2,0,2009
3093,5,0,2012
3093,5,0,2013
3093,5,0,2010
3093,5,0,2014
3093,5,0,2011
1604,2,0,2010
1604,2,0,2009
1543,2,0,2010
1543,2,0,2009
2966,2,0,2013
2966,2,0,2010
2966,2,0,2012
2966,2,0,2011
3093,2,0,2011
3093,2,0,2012
3093,2,0,2010
4939,3,1,2010
4939,3,1,2011
4939,3,1,2012
1881,2,0,2013
1881,2,0,2014
1881,2,0,2011
1881,2,0,2012
1881,2,0,2010
5285,2,0,2011
5285,2,0,2010
2991,3,1,2012
2991,3,1,2011
2991,3,1,2013
2991,3,1,2014
2991,3,1,2010
2991,3,1,2015
5204,3,1,2012
5204,3,1,2013
5204,3,1,2011
5204,3,1,2015
5204,3,1,2010
5204,3,1,2014
2966,2,0,2011
2966,2,0,2013
2966,2,0,2012
1802,3,1,2011
1802,3,1,2012
1802,3,1,2013
1802,3,1,2010
1802,3,1,2014
3454,2,0,2011
3454,2,0,2012
3454,2,0,2010
911,4,1,2016
911,4,1,2011
911,4,1,2010
911,4,1,2015
911,4,1,2014
911,4,1,2013
911,4,1,2012
1729,2,0,2010
1729,2,0,2011
1729,2,0,2014
1729,2,0,2015
1729,2,0,2013
1729,2,0,2017
1729,2,0,2012
1729,2,0,2016
3519,4,1,2011
3519,4,1,2012
3519,4,1,2010
1494,3,1,2012
1494,3,1,2010
1494,3,1,2011
3458,4,0,2011
3458,4,0,2012
1499,3,0,2011
1499,3,0,2012
1499,3,0,2015
1499,3,0,2016
1499,3,0,2013
1499,3,0,2010
1499,3,0,2014
5072,4,1,2012
5072,4,1,2011
1762,2,0,2012
1762,2,0,2013
1762,2,0,2014
1762,2,0,2010
1762,2,0,2011
5269,2,0,2010
5269,2,0,2011
5269,2,0,2013
5269,2,0,2012
3458,3,0,2014
3458,3,0,2016
3458,3,0,2012
3458,3,0,2013
3458,3,0,2011
3458,3,0,2015
3458,3,0,2010
1542,2,0,2010
1542,2,0,2011
1542,2,0,2014
1542,2,0,2013
1542,2,0,2012
4888,2,0,2010
4888,2,0,2011
4888,2,0,2014
4888,2,0,2013
4888,2,0,2012
3486,2,0,2012
3486,2,0,2013
3486,2,0,2014
3486,2,0,2015
3486,2,0,2011
3486,2,0,2010
3486,2,0,2016
5170,3,0,2010
5170,3,0,2011
5170,3,0,2012
5170,3,0,2013
3087,2,0,2012
3087,2,0,2011
1877,3,0,2012
1877,3,0,2011
1877,3,0,2010
1877,3,0,2013
1708,2,0,2011
1708,2,0,2012
1708,2,0,2013
4957,2,0,2011
4957,2,0,2012
4957,2,0,2010
4957,2,0,2013
4957,2,0,2014
4957,2,0,2015
5072,2,0,2013
5072,2,0,2011
5072,2,0,2012
5072,2,0,2010
1616,2,0,2010
1616,2,0,2011
1616,2,0,2014
1616,2,0,2015
1616,2,0,2013
1616,2,0,2017
1616,2,0,2012
1616,2,0,2016
5290,2,0,2010
5290,2,0,2011
5290,2,0,2012
1494,3,1,2012
1494,3,1,2011
1801,2,0,2011
1801,2,0,2012
1801,2,0,2015
1801,2,0,2016
1801,2,0,2014
1801,2,0,2013
5077,3,0,2011
5077,3,0,2017
5077,3,0,2014
5077,3,0,2016
5077,3,0,2013
5077,3,0,2015
5077,3,0,2012
3456,2,0,2011
3456,2,0,2012
3456,2,0,2010
3456,2,0,2015
3456,2,0,2014
3456,2,0,2013
5240,2,0,2010
5240,2,0,2017
5240,2,0,2012
5240,2,0,2011
5240,2,0,2016
5240,2,0,2015
5240,2,0,2014
5240,2,0,2013
4933,4,1,2011
4933,4,1,2012
4933,4,1,2013
2974,2,0,2012
2974,2,0,2013
2974,2,0,2011
2974,2,0,2014
5000,2,0,2013
5000,2,0,2014
5000,2,0,2016
5000,2,0,2012
5000,2,0,2015
5000,2,0,2011
2966,3,0,2011
2966,3,0,2012
2966,3,0,2013
5235,2,0,2013
5235,2,0,2012
5235,2,0,2011
5072,2,0,2011
5072,2,0,2015
5072,2,0,2013
5072,2,0,2014
5072,2,0,2012
4888,2,0,2011
4888,2,0,2012
4888,2,0,2013
4888,2,0,2014
1762,2,0,2011
1762,2,0,2012
1762,2,0,2013
5539,2,0,2012
5539,2,0,2013
5539,2,0,2011
5000,5,1,2012
5000,5,1,2011
5000,5,1,2013
5285,2,0,2012
5285,2,0,2011
5237,2,0,2012
5237,2,0,2013
5237,2,0,2014
5237,2,0,2011
5237,2,0,2015
3456,4,1,2012
3456,4,1,2013
3456,4,1,2011
3456,4,1,2014
3456,4,1,2015
5334,3,1,2014
5334,3,1,2012
5334,3,1,2013
5334,3,1,2011
5334,3,1,2015
5335,2,0,2011
5335,2,0,2012
5335,2,0,2013
5508,3,1,2012
5508,3,1,2013
5508,3,1,2011
5508,3,1,2014
5508,3,1,2015
4860,2,0,2012
4860,2,0,2011
5144,3,1,2011
5144,3,1,2012
5614,2,0,2011
5614,2,0,2012
5614,2,0,2014
5614,2,0,2013
5614,2,0,2015
5513,2,0,2012
5513,2,0,2011
4890,2,0,2013
4890,2,0,2012
4890,2,0,2011
2974,2,0,2013
2974,2,0,2012
2974,2,0,2011
3456,4,1,2012
3456,4,1,2013
3456,4,1,2014
3456,4,1,2011
3456,4,1,2015
5334,3,0,2011
5334,3,0,2012
5334,3,0,2015
5334,3,0,2013
5334,3,0,2014
5333,3,0,2012
5333,3,0,2011
5333,3,0,2013
5333,3,0,2013
5333,3,0,2011
5333,3,0,2012
3087,2,0,2013
3087,2,0,2011
3087,2,0,2012
3087,2,0,2015
3087,2,0,2014
5077,2,0,2011
5077,2,0,2013
5077,2,0,2012
1616,4,1,2013
1616,4,1,2012
1616,4,1,2011
5522,2,0,2012
5522,2,0,2011
5523,2,0,2012
5523,2,0,2011
2966,4,1,2011
2966,4,1,2012
1499,3,0,2011
1499,3,0,2012
5447,2,0,2012
5447,2,0,2013
5447,2,0,2014
5447,2,0,2017
5447,2,0,2016
5447,2,0,2015
5554,3,1,2012
5554,3,1,2013
3093,3,0,2015
3093,3,0,2016
3093,3,0,2014
3093,3,0,2013
3093,3,0,2012
1801,2,0,2011
1801,2,0,2013
1801,2,0,2012
5591,2,0,2012
5591,2,0,2011
3093,3,0,2015
3093,3,0,2014
3093,3,0,2013
3093,3,0,2012
2966,2,0,2012
2966,2,0,2011
2966,2,0,2013
2966,2,0,2014
2966,2,0,2015
5679,3,0,2013
5679,3,0,2017
5679,3,0,2014
5679,3,0,2012
5679,3,0,2015
5679,3,0,2016
1877,2,0,2015
1877,2,0,2014
1877,2,0,2012
1877,2,0,2013
5249,3,1,2014
5249,3,1,2012
5249,3,1,2013
5249,3,1,2015
5249,3,1,2011
5522,3,1,2017
5522,3,1,2014
5522,3,1,2015
5522,3,1,2012
5522,3,1,2013
5522,3,1,2016
5559,2,0,2013
5559,2,0,2012
4872,3,0,2015
4872,3,0,2013
4872,3,0,2014
4872,3,0,2012
5235,2,0,2012
5235,2,0,2013
5235,2,0,2014
5338,2,0,2012
5338,2,0,2013
5275,2,0,2013
5275,2,0,2012
5275,2,0,2014
5291,2,0,2012
5291,2,0,2015
5291,2,0,2016
5291,2,0,2013
5291,2,0,2014
4972,2,0,2013
4972,2,0,2012
4972,2,0,2014
5249,3,0,2014
5249,3,0,2015
5249,3,0,2012
5249,3,0,2013
5249,3,0,2016
1869,3,0,2013
1869,3,0,2012
1829,2,0,2015
1829,2,0,2014
1829,2,0,2012
1829,2,0,2013
5285,2,0,2013
5285,2,0,2012
1750,3,0,2015
1750,3,0,2012
1750,3,0,2013
1750,3,0,2014
5612,3,1,2014
5612,3,1,2012
5612,3,1,2013
5612,3,1,2015
1729,3,0,2012
1729,3,0,2013
5321,3,0,2013
5321,3,0,2012
5779,3,0,2013
5779,3,0,2012
5333,2,0,2013
5333,2,0,2015
5333,2,0,2012
5333,2,0,2014
5513,3,1,2013
5513,3,1,2012
5513,3,1,2014
5679,3,0,2014
5679,3,0,2012
5679,3,0,2013
5679,3,0,2016
5679,3,0,2015
5333,2,0,2012
5333,2,0,2013
5333,2,0,2016
5333,2,0,2014
5333,2,0,2015
5249,3,0,2012
5249,3,0,2013
5523,3,0,2013
5523,3,0,2014
5523,3,0,2012
5523,3,0,2015
5292,3,0,2014
5292,3,0,2013
3643,2,0,2013
3643,2,0,2014
3643,2,0,2015
5595,2,0,2014
5595,2,0,2013
5837,3,1,2014
5837,3,1,2015
5837,3,1,2013
2991,2,0,2015
2991,2,0,2014
2991,2,0,2013
5292,3,0,2016
5292,3,0,2013
5292,3,0,2015
5292,3,0,2014
4933,4,1,2015
4933,4,1,2014
4933,4,1,2013
5456,3,0,2014
5456,3,0,2013
5456,3,0,2015
5643,2,0,2014
5643,2,0,2013
5643,2,0,2015
5590,2,0,2013
5590,2,0,2014
1881,2,0,2014
1881,2,0,2013
1881,2,0,2015
4890,2,0,2015
4890,2,0,2016
4890,2,0,2013
4890,2,0,2014
1869,3,0,2013
1869,3,0,2014
3456,2,0,2015
3456,2,0,2014
5620,3,1,2014
5620,3,1,2015
5820,3,1,2015
5820,3,1,2014
5780,2,0,2014
5780,2,0,2015
1607,4,0,2015
1607,4,0,2014
5822,3,1,2014
5822,3,1,2015
6018,2,0,2014
6018,2,0,2015
4890,3,1,2015
4890,3,1,2014
3456,2,0,2015
3456,2,0,2014
1710,2,0,2015
1710,2,0,2014
5508,3,0,2014
5508,3,0,2015
5321,3,0,2015
5321,3,0,2014
5775,2,0,2014
5775,2,0,2016
5775,2,0,2015
5077,2,0,2014
5077,2,0,2015
5077,2,0,2013
1750,2,0,2015
1750,2,0,2014
5283,2,0,2014
5283,2,0,2015
5283,2,0,2016
5643,2,0,2015
5643,2,0,2014
4860,2,0,2014
4860,2,0,2015
3087,3,1,2015
3087,3,1,2014
5292,3,0,2015
5292,3,0,2013
5292,3,0,2014
3486,2,0,2015
3486,2,0,2014
5650,2,0,2015
5650,2,0,2016
5650,2,0,2014
5835,2,0,2015
5835,2,0,2016
5835,2,0,2013
5835,2,0,2014
5333,2,0,2014
5333,2,0,2015
1750,3,1,2015
1750,3,1,2014
5626,2,0,2014
5626,2,0,2015
5626,2,0,2016
5626,2,0,2013
5626,2,0,2017
5626,4,1,2014
5626,4,1,2015
5522,2,0,2014
5522,2,0,2016
5522,2,0,2015
5291,2,0,2015
5291,2,0,2014
5291,2,0,2016
6047,3,0,2014
6047,3,0,2015
5547,2,0,2015
5547,2,0,2014
2966,2,0,2014
2966,2,0,2015
4892,2,0,2014
4892,2,0,2013
5612,3,1,2014
5612,3,1,2017
5612,3,1,2015
5612,3,1,2016
5522,3,1,2015
5522,3,1,2014
5522,3,1,2017
5522,3,1,2016
1533,2,0,2014
1533,2,0,2015
5606,3,1,2015
5606,3,1,2014
6012,2,0,2014
6012,2,0,2015
5602,3,1,2014
5602,3,1,2015
6014,2,0,2014
6014,2,0,2015
5522,3,0,2016
5522,3,0,2014
5522,3,0,2015
6012,2,0,2014
6012,2,0,2015
6033,3,1,2014
6033,3,1,2015
5291,5,1,2015
5291,5,1,2014
4890,3,1,2014
4890,3,1,2015
5626,4,1,2015
5626,4,1,2014
5462,4,1,2014
5462,4,1,2015
2966,2,0,2015
2966,2,0,2014
5679,3,1,2014
5679,3,1,2015
5764,2,0,2014
5764,2,0,2015
5820,3,1,2014
5820,3,1,2015
5333,3,1,2014
5333,3,1,2015
5333,3,1,2016
4957,3,0,2016
4957,3,0,2014
4957,3,0,2015
6051,6,1,2014
6051,6,1,2015
6033,3,1,2014
6033,3,1,2015
6033,3,1,2016
6033,3,1,2017
5612,5,0,2014
5612,5,0,2015
3486,3,1,2014
3486,3,1,2015
3486,3,1,2016
5559,2,0,2016
5559,2,0,2017
5559,2,0,2014
5559,2,0,2015
5822,3,0,2014
5822,3,0,2015
5522,3,0,2015
5522,3,0,2016
5522,3,0,2017
4860,2,0,2017
4860,2,0,2016
4860,2,0,2015
5822,2,0,2015
5822,2,0,2016
5822,2,0,2017
1489,2,0,2015
1489,2,0,2014
5855,2,0,2015
5855,2,0,2016
5292,3,1,2016
5292,3,1,2015
5077,3,1,2016
5077,3,1,2015
2960,2,0,2016
2960,2,0,2015
6045,2,0,2015
6045,2,0,2016
5522,4,1,2016
5522,4,1,2015
5283,2,0,2015
5283,2,0,2016
2966,2,0,2015
2966,2,0,2016
6379,4,0,2015
6379,4,0,2016
6219,2,0,2017
6219,2,0,2015
6219,2,0,2016
4947,2,0,2016
4947,2,0,2015
5456,3,0,2016
5456,3,0,2015
5904,2,0,2015
5904,2,0,2016
1762,3,1,2016
1762,3,1,2015
2966,3,0,2015
2966,3,0,2016
6167,2,0,2017
6167,2,0,2016
5822,2,0,2016
5822,2,0,2017
2974,2,0,2016
2974,2,0,2015
5588,4,1,2017
5588,4,1,2016
3486,2,0,2017
3486,2,0,2016
5855,3,0,2016
5855,3,0,2017
6155,3,1,2016
6155,3,1,2017
6163,4,1,2016
6163,4,1,2017
