"","PeriodYear","BirdID","D_dam","D_sire","GenCont_Focal","GenContDam","helpers","GenContSire","FSL","FDL","FFL","RainWindow","RainVar","DamRainVar","Sex","LayYear","survival","PeriodStart","PeriodEnd","age","dam","sire","dam_age","sire_age","Dam_RainWindow","yearlytq_corr","yearlytq","helpers_cat","lGCF","lGCD","lGCS","logratD","logratS","Sire_RainVar","Dam_RainVar"
"1",1995,"526",0.0148468571274348,0.0046904992851919,0.0765066481235143,0.0616597909960794,0,0.0718161488383224,-0.623312868113173,-0.357324301985704,2.15154213215468,0.203681436099713,-0.905027233327053,17752.9088798701,"1",1994,0,1995.1,1995.9,1,"528","178",-1.42773007452224,0.154445427021912,-1.66148393743936,NA,NA,"0",0.979402945824968,-2.78612324614909,-2.6336459140346,0.458720067034128,0.0735788728880859,-1.04446578785628,-1.12337929408137
"2",1995,"527",0.0148567454646017,-0.0148822101475249,0.0569339386907975,0.0420771932261958,0,0.0718161488383224,-0.623312868113173,0.628859201249281,-0.790831052131384,0.203681436099713,-0.905027233327053,14812.2455905512,"0",1994,0,1995.1,1995.9,1,"64","178",0.81695841564743,0.154445427021912,-0.19205603119725,NA,NA,"0",0.0420639429384943,-3.16824941367568,-2.6336459140346,0.652241229303578,-0.626193483431251,-1.04446578785628,-1.12732827703137
"3",1995,"631",-0.00518694452038766,0.021240924149573,0.0837433682634949,0.0889303127838826,0,0.0625024441139219,-1.17855959158638,-0.375794604405664,-0.708175838368546,0.203681436099713,-0.905027233327053,10875.7181096516,"1",1994,0,1995.1,1995.9,1,"297","298",0.278399528242174,0.154445427021912,-0.483065508002836,NA,NA,"0",1.26610376400161,-2.4199022183848,-2.77254961718164,-0.157405392468126,0.616568823335243,-1.04446578785628,-0.939199171275646
"4",1995,"912",-0.000817512242067657,-0.0305564678541943,0.0412596809841281,0.0420771932261958,0,0.0718161488383224,-0.623312868113173,0.628859201249281,-0.749818056478648,0.203681436099713,0.552847093933594,14812.2455905512,"0",1994,0,1995.1,1995.9,1,"64","178",0.822156860506563,0.159214802864864,-0.19205603119725,NA,NA,"0",-0.979401122759617,-3.16824941367568,-2.6336459140346,-0.0669974220871298,-1.38877032459576,-1.04446578785628,-1.12732827703137
"5",1995,"929",0.00723249842791247,-0.00722793763477374,0.0414373503007668,0.0342048518728543,0,0.0486652879355406,-0.598592617202176,-0.0970796217721856,-0.298007662033153,-0.371431751799911,0.69419494110674,10644.0812583286,"1",1994,0,1995.1,1995.9,1,"199","609",1.10807132775836,-1.50310293219137,-0.600462862078055,NA,NA,"0",-0.965770586775666,-3.37538777734852,-3.02278927643485,0.405268530091451,-0.457021981390534,-1.22115928915858,-1.11004245605558
"6",1995,"937",0.155775468976805,0.103890215263556,0.205579091778531,0.0498036228017265,0,0.101688876514975,-0.177211837824604,0.897480827314441,-0.492357071103749,-0.371431751799911,0.539441040096184,17276.4077385798,"0",1994,0,1995.1,1995.9,1,"677","673",-1.40485691714217,-1.50882618320297,-1.66148393743936,NA,NA,"0",4.11496836518076,-2.99966755057485,-2.28583735737686,3.14352551661486,1.59075865247196,-1.22115928915858,-1.21465005940612
"7",1995,"938",0.0255971994713971,0.0246789098913209,0.0763970455133171,0.05079984604192,0,0.0517181356219961,-0.435747846070261,0.281412302160256,-0.0875467001704564,-0.371431751799911,-0.89190787607057,10218.1173719975,"0",1994,0,1995.1,1995.9,1,"163","510",0.618613598489695,-1.49642580601126,-0.70400262201967,NA,NA,"0",0.974855235983594,-2.97986195507316,-2.96194677325342,0.888256535089348,0.847668504306522,-1.22115928915858,-1.16027576123946
"8",1996,"526",0.0148468571274348,0.0046904992851919,0.0765066481235143,0.0616597909960794,0,0.0718161488383224,-0.623312868113173,-0.357324301985704,2.15154213215468,0.203681436099713,-0.905027233327053,17752.9088798701,"1",1994,1,1996.1,1996.9,2,"528","178",-1.42773007452224,0.154445427021912,-1.66148393743936,NA,NA,"0",0.979402945824968,-2.78612324614909,-2.6336459140346,0.458720067034128,0.0735788728880859,-1.04446578785628,-1.12337929408137
"9",1996,"527",0.0148567454646017,-0.0148822101475249,0.0569339386907975,0.0420771932261958,0,0.0718161488383224,-0.623312868113173,0.628859201249281,-0.790831052131384,0.203681436099713,-0.905027233327053,14812.2455905512,"0",1994,1,1996.1,1996.9,2,"64","178",0.81695841564743,0.154445427021912,-0.19205603119725,NA,NA,"0",0.0420639429384943,-3.16824941367568,-2.6336459140346,0.652241229303578,-0.626193483431251,-1.04446578785628,-1.12732827703137
"10",1996,"631",-0.00518694452038766,0.021240924149573,0.0837433682634949,0.0889303127838826,0,0.0625024441139219,-1.17855959158638,-0.375794604405664,-0.708175838368546,0.203681436099713,-0.905027233327053,10875.7181096516,"1",1994,1,1996.1,1996.9,2,"297","298",0.278399528242174,0.154445427021912,-0.483065508002836,NA,NA,"0",1.26610376400161,-2.4199022183848,-2.77254961718164,-0.157405392468126,0.616568823335243,-1.04446578785628,-0.939199171275646
"11",1996,"885",-0.0164179969049993,-0.0114678287249887,0.0615857338573908,0.0780037307623901,0,0.0730535625823794,-0.0676589376447112,0.981268832048586,0.0679633113879923,-0.221524051178088,-1.2558285073228,11145.6144265464,"0",1995,0,1996.1,1996.9,1,"172","1861",0.550798038860275,-1.41725416701845,-0.402796047644061,59399.30612,59399.30612,"0",0.291203708468606,-2.55099862314932,-2.61656237287974,-0.551036946579879,-0.480655059634188,-2.20795549041332,-1.11386276365492
"12",1996,"889",-0.00339894254207872,0.0274490433892949,0.0761143313248355,0.0795132738669142,2,0.0486652879355406,-0.598592617202176,0.358446531718606,1.93520853138436,-0.221524051178088,-0.0929384651014651,10597.5396302521,"1",1995,0,1996.1,1996.9,1,"442","609",-0.600552392266399,-1.09198273452969,-1.04390587435327,32144.08743,32144.08743,"1",0.963094469871485,-2.53183130437984,-3.02278927643485,-0.120754655618904,0.982976185287147,-1.7975490213479,-1.28022142361526
"13",1996,"912",-0.000817512242067657,-0.0305564678541943,0.0412596809841281,0.0420771932261958,0,0.0718161488383224,-0.623312868113173,0.628859201249281,-0.749818056478648,0.203681436099713,0.552847093933594,14812.2455905512,"0",1994,0,1996.1,1996.9,2,"64","178",0.822156860506563,0.159214802864864,-0.19205603119725,24390.5184,24390.5184,"0",-0.979401122759617,-3.16824941367568,-2.6336459140346,-0.0669974220871298,-1.38877032459576,-1.04446578785628,-1.12732827703137
"14",1996,"929",0.00723249842791247,-0.00722793763477374,0.0414373503007668,0.0342048518728543,0,0.0486652879355406,-0.598592617202176,-0.0970796217721856,-0.298007662033153,-0.371431751799911,0.69419494110674,10644.0812583286,"1",1994,0,1996.1,1996.9,2,"199","609",1.10807132775836,-1.50310293219137,-0.600462862078055,33339.944365,33339.944365,"0",-0.965770586775666,-3.37538777734852,-3.02278927643485,0.405268530091451,-0.457021981390534,-1.22115928915858,-1.11004245605558
"15",1996,"937",0.155775468976805,0.103890215263556,0.205579091778531,0.0498036228017265,0,0.101688876514975,-0.177211837824604,0.897480827314441,-0.492357071103749,-0.371431751799911,0.539441040096184,17276.4077385798,"0",1994,1,1996.1,1996.9,2,"677","673",-1.40485691714217,-1.50882618320297,-1.66148393743936,NA,NA,"0",4.11496836518076,-2.99966755057485,-2.28583735737686,3.14352551661486,1.59075865247196,-1.22115928915858,-1.21465005940612
"16",1996,"938",0.0255971994713971,0.0246789098913209,0.0763970455133171,0.05079984604192,0,0.0517181356219961,-0.435747846070261,0.281412302160256,-0.0875467001704564,-0.371431751799911,-0.89190787607057,10218.1173719975,"0",1994,0,1996.1,1996.9,2,"163","510",0.618613598489695,-1.49642580601126,-0.70400262201967,94645.31274,94645.31274,"0",0.974855235983594,-2.97986195507316,-2.96194677325342,0.888256535089348,0.847668504306522,-1.22115928915858,-1.16027576123946
"17",1997,"885",-0.0164179969049993,-0.0114678287249887,0.0615857338573908,0.0780037307623901,0,0.0730535625823794,-0.0676589376447112,0.981268832048586,0.0679633113879923,-0.221524051178088,-1.2558285073228,11145.6144265464,"0",1995,1,1997.1,1997.9,2,"172","1861",0.550798038860275,-1.41725416701845,-0.402796047644061,NA,NA,"0",0.291203708468606,-2.55099862314932,-2.61656237287974,-0.551036946579879,-0.480655059634188,-2.20795549041332,-1.11386276365492
"18",1997,"889",-0.00339894254207872,0.0274490433892949,0.0761143313248355,0.0795132738669142,2,0.0486652879355406,-0.598592617202176,0.358446531718606,1.93520853138436,-0.221524051178088,-0.0929384651014651,10597.5396302521,"1",1995,1,1997.1,1997.9,2,"442","609",-0.600552392266399,-1.09198273452969,-1.04390587435327,NA,NA,"1",0.963094469871485,-2.53183130437984,-3.02278927643485,-0.120754655618904,0.982976185287147,-1.7975490213479,-1.28022142361526
"19",1997,"912",-0.000817512242067657,-0.0305564678541943,0.0412596809841281,0.0420771932261958,0,0.0718161488383224,-0.623312868113173,0.628859201249281,-0.749818056478648,0.203681436099713,0.552847093933594,14812.2455905512,"0",1994,0,1997.1,1997.9,3,"64","178",0.822156860506563,0.159214802864864,-0.19205603119725,41262.53298,41262.53298,"0",-0.979401122759617,-3.16824941367568,-2.6336459140346,-0.0669974220871298,-1.38877032459576,-1.04446578785628,-1.12732827703137
"20",1997,"929",0.00723249842791247,-0.00722793763477374,0.0414373503007668,0.0342048518728543,0,0.0486652879355406,-0.598592617202176,-0.0970796217721856,-0.298007662033153,-0.371431751799911,0.69419494110674,10644.0812583286,"1",1994,0,1997.1,1997.9,3,"199","609",1.10807132775836,-1.50310293219137,-0.600462862078055,61310.18467,61310.18467,"0",-0.965770586775666,-3.37538777734852,-3.02278927643485,0.405268530091451,-0.457021981390534,-1.22115928915858,-1.11004245605558
"21",1997,"938",0.0255971994713971,0.0246789098913209,0.0763970455133171,0.05079984604192,0,0.0517181356219961,-0.435747846070261,0.281412302160256,-0.0875467001704564,-0.371431751799911,-0.89190787607057,10218.1173719975,"0",1994,0,1997.1,1997.9,3,"163","510",0.618613598489695,-1.49642580601126,-0.70400262201967,60791.90629,60791.90629,"0",0.974855235983594,-2.97986195507316,-2.96194677325342,0.888256535089348,0.847668504306522,-1.22115928915858,-1.16027576123946
"22",1997,"1042",0.0369417768094009,0.0361918302891299,0.0828562802514824,0.0459145034420814,0,0.0466644499623525,-1.01435749465966,-1.26820869546144,-0.226068079880073,-1.0427473893198,0.370281014121953,24266.2541121751,"0",1996,0,1997.1,1997.9,1,"1043","559",-1.37731084074928,-0.794855831946977,-0.615889240453205,NA,NA,"0",1.23232167617851,-3.08097423269622,-3.06477264697587,1.29539137035533,1.28339366425291,-1.48231866897484,-0.726126325848039
"23",1997,"1045",0.00958098919677781,-0.00787082923505365,0.0595945795508133,0.0500135903540355,0,0.067465408785867,-0.393569051135702,1.62660998658884,1.13384380899622,-1.0427473893198,1.56481001721894,19023.1385714286,"1",1996,0,1997.1,1997.9,1,"503","470",-0.591357110294252,-0.448062265189877,-1.66148393743936,178057.8104,178057.8104,"0",0.186947557249204,-2.99546050340613,-2.696140274889,0.368312605539723,-0.370030676144417,-1.15392828322873,-1.47434156431933
"24",1997,"1156",0.0101214172180495,0.016656859663135,0.0668976801562357,0.0567762629381862,1,0.0502408204931007,-0.0806892282476327,-0.493929919359416,1.41860867569271,-1.0427473893198,-0.637506981119371,21115.4138009755,"1",1996,0,1997.1,1997.9,1,"454","216",-0.263179002269743,0.944595480949593,-1.04390587435327,115986.4131,115986.4131,"1",0.553652143653955,-2.86863694661994,-2.9909274254846,0.343242703719178,0.601850684833687,-1.20810345018263,-1.14779693270994
"25",1997,"1157",-0.00654436852516009,-0.0314123420790055,0.0502318944130261,0.0567762629381862,1,0.0816442364920316,0.479443868086887,-0.493929919359416,-0.799906914579526,-1.0427473893198,-0.637506981119371,21115.4138009755,"1",1996,0,1997.1,1997.9,1,"454","221",-0.263179002269743,0.975036087422621,-1.04390587435327,65338.04155,65338.04155,"1",-0.355226260749555,-2.86863694661994,-2.50538405002978,-0.2967209130635,-1.2265420776053,-1.22725548908219,-1.14779693270994
"26",1997,"1163",0.0356961059830572,-0.00769872268084337,0.0769557869671854,0.0412596809841281,0,0.0846545096480287,0.463037230726481,-0.643408769793853,-1.04506973527009,-1.05348843952012,-0.730346068039583,20001.5181268785,"1",1996,0,1997.1,1997.9,1,"912","922",-0.809998587844601,-0.975466622064973,0.530369112031751,41262.53298,41262.53298,"0",0.997971133802068,-3.18786950321264,-2.46917689777559,1.36914279126397,-0.302055854500995,-1.60547370563887,-1.57873510465804
"27",1997,"1186",0.00410773806143091,-0.0203194637032692,0.0531998862978691,0.0490921482364382,0,0.0735193500011383,0.877784099952648,-0.158535354168154,-0.243171121486304,-1.0427473893198,0.953268517625295,7334.63992753623,"0",1996,0,1997.1,1997.9,1,"604","603",-0.599657577987328,-0.770086352159298,-1.66148393743936,54565.39156,54565.39156,"0",-0.173123007747098,-3.01405617068739,-2.61020664208997,0.156313724567599,-0.842350815310274,-1.48231866897484,-1.47434156431933
"28",1998,"912",-0.000817512242067657,-0.0305564678541943,0.0412596809841281,0.0420771932261958,0,0.0718161488383224,-0.623312868113173,0.628859201249281,-0.749818056478648,0.203681436099713,0.552847093933594,14812.2455905512,"0",1994,0,1998.1,1998.9,4,"64","178",0.822156860506563,0.159214802864864,-0.19205603119725,45778.522925,45778.522925,"0",-0.979401122759617,-3.16824941367568,-2.6336459140346,-0.0669974220871298,-1.38877032459576,-1.04446578785628,-1.12732827703137
"29",1998,"929",0.00723249842791247,-0.00722793763477374,0.0414373503007668,0.0342048518728543,0,0.0486652879355406,-0.598592617202176,-0.0970796217721856,-0.298007662033153,-0.371431751799911,0.69419494110674,10644.0812583286,"1",1994,0,1998.1,1998.9,4,"199","609",1.10807132775836,-1.50310293219137,-0.600462862078055,54889.100565,54889.100565,"0",-0.965770586775666,-3.37538777734852,-3.02278927643485,0.405268530091451,-0.457021981390534,-1.22115928915858,-1.11004245605558
"30",1998,"938",0.0255971994713971,0.0246789098913209,0.0763970455133171,0.05079984604192,0,0.0517181356219961,-0.435747846070261,0.281412302160256,-0.0875467001704564,-0.371431751799911,-0.89190787607057,10218.1173719975,"0",1994,0,1998.1,1998.9,4,"163","510",0.618613598489695,-1.49642580601126,-0.70400262201967,100238.069095,100238.069095,"0",0.974855235983594,-2.97986195507316,-2.96194677325342,0.888256535089348,0.847668504306522,-1.22115928915858,-1.16027576123946
"31",1998,"1042",0.0369417768094009,0.0361918302891299,0.0828562802514824,0.0459145034420814,0,0.0466644499623525,-1.01435749465966,-1.26820869546144,-0.226068079880073,-1.0427473893198,0.370281014121953,24266.2541121751,"0",1996,0,1998.1,1998.9,2,"1043","559",-1.37731084074928,-0.794855831946977,-0.615889240453205,93432.91295,93432.91295,"0",1.23232167617851,-3.08097423269622,-3.06477264697587,1.29539137035533,1.28339366425291,-1.48231866897484,-0.726126325848039
"32",1998,"1045",0.00958098919677781,-0.00787082923505365,0.0595945795508133,0.0500135903540355,0,0.067465408785867,-0.393569051135702,1.62660998658884,1.13384380899622,-1.0427473893198,1.56481001721894,19023.1385714286,"1",1996,0,1998.1,1998.9,2,"503","470",-0.591357110294252,-0.448062265189877,-1.66148393743936,44841.19568,44841.19568,"0",0.186947557249204,-2.99546050340613,-2.696140274889,0.368312605539723,-0.370030676144417,-1.15392828322873,-1.47434156431933
"33",1998,"1156",0.0101214172180495,0.016656859663135,0.0668976801562357,0.0567762629381862,1,0.0502408204931007,-0.0806892282476327,-0.493929919359416,1.41860867569271,-1.0427473893198,-0.637506981119371,21115.4138009755,"1",1996,0,1998.1,1998.9,2,"454","216",-0.263179002269743,0.944595480949593,-1.04390587435327,67417.822125,67417.822125,"1",0.553652143653955,-2.86863694661994,-2.9909274254846,0.343242703719178,0.601850684833687,-1.20810345018263,-1.14779693270994
"34",1998,"1157",-0.00654436852516009,-0.0314123420790055,0.0502318944130261,0.0567762629381862,1,0.0816442364920316,0.479443868086887,-0.493929919359416,-0.799906914579526,-1.0427473893198,-0.637506981119371,21115.4138009755,"1",1996,0,1998.1,1998.9,2,"454","221",-0.263179002269743,0.975036087422621,-1.04390587435327,38099.95994,38099.95994,"1",-0.355226260749555,-2.86863694661994,-2.50538405002978,-0.2967209130635,-1.2265420776053,-1.22725548908219,-1.14779693270994
"35",1998,"1163",0.0356961059830572,-0.00769872268084337,0.0769557869671854,0.0412596809841281,0,0.0846545096480287,0.463037230726481,-0.643408769793853,-1.04506973527009,-1.05348843952012,-0.730346068039583,20001.5181268785,"1",1996,1,1998.1,1998.9,2,"912","922",-0.809998587844601,-0.975466622064973,0.530369112031751,NA,NA,"0",0.997971133802068,-3.18786950321264,-2.46917689777559,1.36914279126397,-0.302055854500995,-1.60547370563887,-1.57873510465804
"36",1998,"1179",0.000705126723264032,0.0362936187607813,0.0896354395071466,0.0889303127838826,1,0.0533418207463652,0.453077867749393,-0.375794604405664,-0.105278964234052,1.22478170840386,-0.326257593916552,10875.7181096516,"1",1997,0,1998.1,1998.9,1,"297","836",1.40022392884111,-0.807727934290286,-0.483065508002836,101327.64838,101327.64838,"1",1.48179326336196,-2.4199022183848,-2.93103462608334,-0.00553311621651806,1.15291773365625,-1.75539983558417,-1.21116900579302
"37",1998,"1186",0.00410773806143091,-0.0203194637032692,0.0531998862978691,0.0490921482364382,0,0.0735193500011383,0.877784099952648,-0.158535354168154,-0.243171121486304,-1.0427473893198,0.953268517625295,7334.63992753623,"0",1996,0,1998.1,1998.9,2,"604","603",-0.599657577987328,-0.770086352159298,-1.66148393743936,67266.84965,67266.84965,"0",-0.173123007747098,-3.01405617068739,-2.61020664208997,0.156313724567599,-0.842350815310274,-1.48231866897484,-1.47434156431933
"38",1998,"1208",0.0145827251925788,0.0177634431000618,0.0557218399452271,0.0411391147526483,0,0.0379583968451653,-0.226448708378547,0.883376235330228,0.458511597898808,3.09699345853757,15.1188239491753,21564.635097918,"0",1997,1,1998.1,1998.9,1,"845","941",-0.575185117625894,-0.748587673837778,-0.113616819120252,NA,NA,"0",-0.0261999482078674,-3.19079591291183,-3.27126453887288,0.654535254035924,0.832857520762732,-1.71996557564051,-1.71065275051298
"39",1998,"1220",0.0288229968325628,0.0437180370746508,0.0874635000038223,0.0586405031712595,0,0.0437454629291715,0.0312559459174975,0.403372270657807,0.258327728117503,3.48997579521442,-1.2558285073228,10042.2016666667,"1",1997,1,1998.1,1998.9,1,"524","634",-0.194658953938039,-0.399469362134334,-1.66148393743936,NA,NA,"0",1.40398185225389,-2.83632964075741,-3.12936737603227,0.869818506111521,1.56452067753685,-0.891109735453565,-0.88645558537309
"40",1998,"1236",0.0521193143502767,0.00872448568637611,0.0933789953344048,0.0412596809841281,1,0.0846545096480287,0.463037230726481,-0.643408769793853,0.1444599138636,3.48997579521442,-1.2558285073228,20001.5181268785,"1",1997,1,1998.1,1998.9,1,"912","922",-0.532557869781183,-0.720925293948713,0.530369112031751,NA,NA,"1",1.61158567535833,-3.18786950321264,-2.46917689777559,1.80120386722551,0.15603934082786,-0.817735856053451,-0.810815546591573
"41",1998,"1248",0.0152647333073539,-0.0281300953565467,0.056524414291482,0.0412596809841281,0,0.0846545096480287,0.463037230726481,-0.643408769793853,0.280960179359157,4.04220587616556,-0.179204438707969,20001.5181268785,"1",1998,0,1998.1,1998.9,1,"912","922",-0.422350838767717,-0.619814526078278,0.530369112031751,59743.99691,59743.99691,"0",0.0191639712250037,-3.18786950321264,-2.46917689777559,0.679940617617088,-1.03278635054305,0.149375841236728,0.150438736817384
"42",1998,"1262",0.000299439133179875,-0.0271490085731532,0.055812774767835,0.0555133356346552,1,0.0829617833409882,0.153856113686657,-0.80768251424404,0.790753164221655,4.04220587616556,-0.179204438707969,10863.5231105169,"1",1997,0,1998.1,1998.9,1,"474","884",0.253043616322746,-1.03093472374003,-1.04390587435327,60121.60831,60121.60831,"1",-0.0210273302707258,-2.89113200538727,-2.4893752188962,-0.0111578250775969,-1.01495742273721,1.30437581598685,-0.0338684704157921
"43",1998,"1279",0.031876751789991,0.030424000182615,0.0758966351679445,0.0440198833779534,0,0.0454726349853294,-0.666221229133744,-0.775368814102716,-1.18814809369112,-0.369096740886801,1.3334317751983,17575.8127694236,"1",1996,0,1998.1,1998.9,1,"522","1174",-0.359969500458191,-1.59131032312275,-1.66148393743936,60932.708795,60932.708795,"0",0.954008612990314,-3.12311385218416,-3.09064456285,1.1935481938375,1.13688855486352,-1.871359337835,-1.56221350181385
"44",1998,"1291",-0.00499917303167276,-0.0151555308739157,0.0566606179644067,0.0616597909960794,1,0.0718161488383224,-0.623312868113173,-0.357324301985704,0.753420068223603,4.04220587616556,0.00458043123790002,17752.9088798701,"0",1998,0,1998.1,1998.9,1,"528","178",-0.10004725750198,1.37254401730966,-1.66148393743936,13134.04794,13134.04794,"1",0.0267986326565126,-2.78612324614909,-2.6336459140346,-0.212032036508436,-0.637589832151482,-0.472763253459223,-0.0661653776707422
"45",1998,"1296",0.00212122091760271,0.00569498571724089,0.0751727093013611,0.0730514883837584,0,0.0694777235841202,-0.668783161900726,-1.32406737885627,0.0304395740720531,4.04220587616556,-0.198506546223457,10042.2016666667,"1",1998,0,1998.1,1998.9,1,"670","1211",-0.107325080304818,-1.36425675840296,-1.66148393743936,16347.22992,16347.22992,"0",0.923606005892864,-2.61659076612977,-2.66674910175967,0.0407609612492317,0.110318788107671,2.88406097127956,-0.0661653776707422
"46",1998,"1305",-0.007619151656277,-0.0240739648231035,0.0413510892983211,0.0489702409545981,0,0.0654250541214246,0.0470178650963795,-0.606692042842362,1.12047788232616,4.04220587616556,-0.198506546223457,6837.80397435898,"0",1998,0,1998.1,1998.9,1,"1177","854",-1.23691306002943,-0.643661405292967,-0.865325934858006,135023.33414,135023.33414,"0",-0.972381092925856,-3.01654249282672,-2.72685000333777,-0.400910033508227,-1.16280283349653,0.149375841236728,2.86749636085054
"47",1998,"1370",-0.0158283104849587,-0.0148791675822428,0.0353616529108579,0.0511899633958166,1,0.0502408204931007,-0.0806892282476327,0.381077314694049,0.490258068979959,3.09699345853757,1.25735270825712,16554.2479914665,"1",1997,0,1998.1,1998.9,1,"308","216",0.892855710590655,1.3085092826314,-1.77182176242765,41988.64864,41988.64864,"1",-1.46873679088621,-2.97221179357802,-2.9909274254846,-0.84942420546898,-0.907967924825437,-1.3011167211069,-1.14608057633265
"48",1998,"1371",0.0544753473818745,0.06101078982696,0.111251610320061,0.0567762629381862,1,0.0502408204931007,-0.0806892282476327,-0.493929919359416,0.189324434209899,4.04220587616556,1.01260325030037,21115.4138009755,"0",1997,0,1998.1,1998.9,1,"454","216",0.26759358056776,1.43155917937929,-1.04390587435327,39021.19513,39021.19513,"1",2.16712557824062,-2.86863694661994,-2.9909274254846,1.47932899400629,1.80639258877931,-0.511217150892477,-0.0338684704157921
"49",1998,"1391",0.00864077237413653,0.0212855331664551,0.0893920678872073,0.0807512955130708,0,0.0681065347207523,0.0991899399534828,1.53313906468881,2.22939246899563,3.48997579521442,2.21737672151937,8577.96746598639,"1",1998,0,1998.1,1998.9,1,"596","200",-0.17906361936072,1.295272310005,-1.66148393743936,32084.70476,32084.70476,"0",1.47316863901454,-2.51638127350255,-2.68668211271002,0.203891604656199,0.56780141648505,-0.925912203201717,-0.88645558537309
"50",1998,"1404",0.0165661661684962,-0.00830180738534915,0.0733424291066824,0.0567762629381862,1,0.0816442364920316,0.479443868086887,-0.493929919359416,-0.34739106611618,3.69125373592473,1.36144507156668,21115.4138009755,"0",1997,0,1998.1,1998.9,1,"454","221",0.19065659665272,1.39141302337676,-1.04390587435327,39021.19513,39021.19513,"1",0.84541467655805,-2.86863694661994,-2.50538405002978,0.548679872095426,-0.330201121765488,-0.891456920455858,-0.5989022035705
"51",1999,"912",-0.000817512242067657,-0.0305564678541943,0.0412596809841281,0.0420771932261958,0,0.0718161488383224,-0.623312868113173,0.628859201249281,-0.749818056478648,0.203681436099713,0.552847093933594,14812.2455905512,"0",1994,0,1999.1,1999.9,5,"64","178",0.822156860506563,0.159214802864864,-0.19205603119725,20609.294765,20609.294765,"0",-0.979401122759617,-3.16824941367568,-2.6336459140346,-0.0669974220871298,-1.38877032459576,-1.04446578785628,-1.12732827703137
"52",1999,"929",0.00723249842791247,-0.00722793763477374,0.0414373503007668,0.0342048518728543,0,0.0486652879355406,-0.598592617202176,-0.0970796217721856,-0.298007662033153,-0.371431751799911,0.69419494110674,10644.0812583286,"1",1994,0,1999.1,1999.9,5,"199","609",1.10807132775836,-1.50310293219137,-0.600462862078055,34872.118155,34872.118155,"0",-0.965770586775666,-3.37538777734852,-3.02278927643485,0.405268530091451,-0.457021981390534,-1.22115928915858,-1.11004245605558
"53",1999,"938",0.0255971994713971,0.0246789098913209,0.0763970455133171,0.05079984604192,0,0.0517181356219961,-0.435747846070261,0.281412302160256,-0.0875467001704564,-0.371431751799911,-0.89190787607057,10218.1173719975,"0",1994,0,1999.1,1999.9,5,"163","510",0.618613598489695,-1.49642580601126,-0.70400262201967,217144.215635,217144.215635,"0",0.974855235983594,-2.97986195507316,-2.96194677325342,0.888256535089348,0.847668504306522,-1.22115928915858,-1.16027576123946
"54",1999,"1042",0.0369417768094009,0.0361918302891299,0.0828562802514824,0.0459145034420814,0,0.0466644499623525,-1.01435749465966,-1.26820869546144,-0.226068079880073,-1.0427473893198,0.370281014121953,24266.2541121751,"0",1996,0,1999.1,1999.9,3,"1043","559",-1.37731084074928,-0.794855831946977,-0.615889240453205,62016.137075,62016.137075,"0",1.23232167617851,-3.08097423269622,-3.06477264697587,1.29539137035533,1.28339366425291,-1.48231866897484,-0.726126325848039
"55",1999,"1045",0.00958098919677781,-0.00787082923505365,0.0595945795508133,0.0500135903540355,0,0.067465408785867,-0.393569051135702,1.62660998658884,1.13384380899622,-1.0427473893198,1.56481001721894,19023.1385714286,"1",1996,0,1999.1,1999.9,3,"503","470",-0.591357110294252,-0.448062265189877,-1.66148393743936,170484.117125,170484.117125,"0",0.186947557249204,-2.99546050340613,-2.696140274889,0.368312605539723,-0.370030676144417,-1.15392828322873,-1.47434156431933
"56",1999,"1156",0.0101214172180495,0.016656859663135,0.0668976801562357,0.0567762629381862,1,0.0502408204931007,-0.0806892282476327,-0.493929919359416,1.41860867569271,-1.0427473893198,-0.637506981119371,21115.4138009755,"1",1996,0,1999.1,1999.9,3,"454","216",-0.263179002269743,0.944595480949593,-1.04390587435327,72569.068625,72569.068625,"1",0.553652143653955,-2.86863694661994,-2.9909274254846,0.343242703719178,0.601850684833687,-1.20810345018263,-1.14779693270994
"57",1999,"1157",-0.00654436852516009,-0.0314123420790055,0.0502318944130261,0.0567762629381862,1,0.0816442364920316,0.479443868086887,-0.493929919359416,-0.799906914579526,-1.0427473893198,-0.637506981119371,21115.4138009755,"1",1996,1,1999.1,1999.9,3,"454","221",-0.263179002269743,0.975036087422621,-1.04390587435327,NA,NA,"1",-0.355226260749555,-2.86863694661994,-2.50538405002978,-0.2967209130635,-1.2265420776053,-1.22725548908219,-1.14779693270994
"58",1999,"1179",0.000705126723264032,0.0362936187607813,0.0896354395071466,0.0889303127838826,1,0.0533418207463652,0.453077867749393,-0.375794604405664,-0.105278964234052,1.22478170840386,-0.326257593916552,10875.7181096516,"1",1997,0,1999.1,1999.9,2,"297","836",1.40022392884111,-0.807727934290286,-0.483065508002836,42651.19378,42651.19378,"1",1.48179326336196,-2.4199022183848,-2.93103462608334,-0.00553311621651806,1.15291773365625,-1.75539983558417,-1.21116900579302
"59",1999,"1186",0.00410773806143091,-0.0203194637032692,0.0531998862978691,0.0490921482364382,0,0.0735193500011383,0.877784099952648,-0.158535354168154,-0.243171121486304,-1.0427473893198,0.953268517625295,7334.63992753623,"0",1996,0,1999.1,1999.9,3,"604","603",-0.599657577987328,-0.770086352159298,-1.66148393743936,20151.695145,20151.695145,"0",-0.173123007747098,-3.01405617068739,-2.61020664208997,0.156313724567599,-0.842350815310274,-1.48231866897484,-1.47434156431933
"60",1999,"1248",0.0152647333073539,-0.0281300953565467,0.056524414291482,0.0412596809841281,0,0.0846545096480287,0.463037230726481,-0.643408769793853,0.280960179359157,4.04220587616556,-0.179204438707969,20001.5181268785,"1",1998,1,1999.1,1999.9,2,"912","922",-0.422350838767717,-0.619814526078278,0.530369112031751,NA,NA,"0",0.0191639712250037,-3.18786950321264,-2.46917689777559,0.679940617617088,-1.03278635054305,0.149375841236728,0.150438736817384
"61",1999,"1262",0.000299439133179875,-0.0271490085731532,0.055812774767835,0.0555133356346552,1,0.0829617833409882,0.153856113686657,-0.80768251424404,0.790753164221655,4.04220587616556,-0.179204438707969,10863.5231105169,"1",1997,0,1999.1,1999.9,2,"474","884",0.253043616322746,-1.03093472374003,-1.04390587435327,19927.50665,19927.50665,"1",-0.0210273302707258,-2.89113200538727,-2.4893752188962,-0.0111578250775969,-1.01495742273721,1.30437581598685,-0.0338684704157921
"62",1999,"1279",0.031876751789991,0.030424000182615,0.0758966351679445,0.0440198833779534,0,0.0454726349853294,-0.666221229133744,-0.775368814102716,-1.18814809369112,-0.369096740886801,1.3334317751983,17575.8127694236,"1",1996,0,1999.1,1999.9,2,"522","1174",-0.359969500458191,-1.59131032312275,-1.66148393743936,59965.290325,59965.290325,"0",0.954008612990314,-3.12311385218416,-3.09064456285,1.1935481938375,1.13688855486352,-1.871359337835,-1.56221350181385
"63",1999,"1291",-0.00499917303167276,-0.0151555308739157,0.0566606179644067,0.0616597909960794,1,0.0718161488383224,-0.623312868113173,-0.357324301985704,0.753420068223603,4.04220587616556,0.00458043123790002,17752.9088798701,"0",1998,1,1999.1,1999.9,2,"528","178",-0.10004725750198,1.37254401730966,-1.66148393743936,NA,NA,"1",0.0267986326565126,-2.78612324614909,-2.6336459140346,-0.212032036508436,-0.637589832151482,-0.472763253459223,-0.0661653776707422
"64",1999,"1296",0.00212122091760271,0.00569498571724089,0.0751727093013611,0.0730514883837584,0,0.0694777235841202,-0.668783161900726,-1.32406737885627,0.0304395740720531,4.04220587616556,-0.198506546223457,10042.2016666667,"1",1998,1,1999.1,1999.9,2,"670","1211",-0.107325080304818,-1.36425675840296,-1.66148393743936,NA,NA,"0",0.923606005892864,-2.61659076612977,-2.66674910175967,0.0407609612492317,0.110318788107671,2.88406097127956,-0.0661653776707422
"65",1999,"1305",-0.007619151656277,-0.0240739648231035,0.0413510892983211,0.0489702409545981,0,0.0654250541214246,0.0470178650963795,-0.606692042842362,1.12047788232616,4.04220587616556,-0.198506546223457,6837.80397435898,"0",1998,0,1999.1,1999.9,2,"1177","854",-1.23691306002943,-0.643661405292967,-0.865325934858006,81814.1610466667,81814.1610466667,"0",-0.972381092925856,-3.01654249282672,-2.72685000333777,-0.400910033508227,-1.16280283349653,0.149375841236728,2.86749636085054
"66",1999,"1362",0.0487643271012142,0.034303891038528,0.0829691789740685,0.0342048518728543,2,0.0486652879355406,-0.598592617202176,-0.0970796217721856,-1.50477382042059,-1.20666515542031,-1.2558285073228,10644.0812583286,"0",1998,0,1999.1,1999.9,1,"199","609",2.69463669876293,-0.0474894249250873,-0.600462862078055,25868.7934995,25868.7934995,"1",1.23664111810253,-3.37538777734852,-3.02278927643485,1.95604072741676,1.18719299692779,-0.110501928019859,-0.588412914985122
"67",1999,"1363",-0.0241192275638514,-0.00226064127852137,0.0493134704224355,0.0734326979862869,0,0.0515741117009569,1.34964032934264,0.897853970700547,0.558327068549356,-1.20666515542031,-1.2558285073228,24909.0153585434,"1",1998,1,1999.1,1999.9,1,"1049","776",-0.966571201912966,-0.377530233256717,-0.865325934858006,17842.75643,17842.75643,"0",-0.413762423955201,-2.61138596590452,-2.96473544361557,-0.912538555967202,-0.182402708035256,0.0553473244697821,1.74021590527335
"68",1999,"1370",-0.0158283104849587,-0.0148791675822428,0.0353616529108579,0.0511899633958166,1,0.0502408204931007,-0.0806892282476327,0.381077314694049,0.490258068979959,3.09699345853757,1.25735270825712,16554.2479914665,"1",1997,0,1999.1,1999.9,2,"308","216",0.892855710590655,1.3085092826314,-1.77182176242765,48861.65155,48861.65155,"1",-1.46873679088621,-2.97221179357802,-2.9909274254846,-0.84942420546898,-0.907967924825437,-1.3011167211069,-1.14608057633265
"69",1999,"1371",0.0544753473818745,0.06101078982696,0.111251610320061,0.0567762629381862,1,0.0502408204931007,-0.0806892282476327,-0.493929919359416,0.189324434209899,4.04220587616556,1.01260325030037,21115.4138009755,"0",1997,0,1999.1,1999.9,2,"454","216",0.26759358056776,1.43155917937929,-1.04390587435327,28482.2281,28482.2281,"1",2.16712557824062,-2.86863694661994,-2.9909274254846,1.47932899400629,1.80639258877931,-0.511217150892477,-0.0338684704157921
"70",1999,"1384",-0.0373555381947066,0.00126145795222511,0.0499267458877657,0.0872822840824722,1,0.0486652879355406,-0.598592617202176,-0.524023447908447,-0.664073987321577,-1.20666515542031,0.45109536882579,34968.4026923077,"0",1998,0,1999.1,1999.9,1,"1246","609",-1.14389498521406,-0.0579820517794896,-0.247747871771891,22764.783985,22764.783985,"1",-0.374555463951292,-2.43860776820221,-3.02278927643485,-1.27085278082913,-0.0156491180866203,-0.110501928019859,2.22375897827764
"71",1999,"1385",-0.00678050947037774,-0.00792918172704024,0.0423116387660605,0.0490921482364382,1,0.0502408204931007,-0.0806892282476327,-0.158535354168154,1.60556008645146,-0.910819272728933,0.206626715464323,7334.63992753623,"0",1998,0,1999.1,1999.9,1,"604","216",0.172351253116122,1.66239697017778,-1.66148393743936,22488.16016,22488.16016,"1",-0.899536629230804,-3.01405617068739,-2.9909274254846,-0.355171955180741,-0.483030375963839,-0.481102675328722,-0.107896599981665
"72",1999,"1391",0.00864077237413653,0.0212855331664551,0.0893920678872073,0.0807512955130708,0,0.0681065347207523,0.0991899399534828,1.53313906468881,2.22939246899563,3.48997579521442,2.21737672151937,8577.96746598639,"1",1998,0,1999.1,1999.9,2,"596","200",-0.17906361936072,1.295272310005,-1.66148393743936,17371.2944133333,17371.2944133333,"0",1.47316863901454,-2.51638127350255,-2.68668211271002,0.203891604656199,0.56780141648505,-0.925912203201717,-0.88645558537309
"73",1999,"1398",0.069084261241284,0.0367347510144882,0.110223375993932,0.0411391147526483,0,0.0734886249794442,-0.170034978841659,0.883376235330228,0.244675787456713,-0.435644551910517,-1.2558285073228,21564.635097918,"1",1998,1,1999.1,1999.9,1,"845","674",-0.147872950205911,-0.04176617391356,-0.113616819120252,23253.45981,23253.45981,"0",2.13767049274796,-3.19079591291183,-2.61062464692468,2.17816960042801,0.883766737368645,-0.158018401055365,-0.00517927160180169
"74",1999,"1404",0.0165661661684962,-0.00830180738534915,0.0733424291066824,0.0567762629381862,1,0.0816442364920316,0.479443868086887,-0.493929919359416,-0.34739106611618,3.69125373592473,1.36144507156668,21115.4138009755,"0",1997,0,1999.1,1999.9,2,"454","221",0.19065659665272,1.39141302337676,-1.04390587435327,28482.2281,28482.2281,"1",0.84541467655805,-2.86863694661994,-2.50538405002978,0.548679872095426,-0.330201121765488,-0.891456920455858,-0.5989022035705
"75",2000,"912",-0.000817512242067657,-0.0305564678541943,0.0412596809841281,0.0420771932261958,0,0.0718161488383224,-0.623312868113173,0.628859201249281,-0.749818056478648,0.203681436099713,0.552847093933594,14812.2455905512,"0",1994,0,2000.1,2000.9,6,"64","178",0.822156860506563,0.159214802864864,-0.19205603119725,NA,NA,"0",-0.979401122759617,-3.16824941367568,-2.6336459140346,-0.0669974220871298,-1.38877032459576,-1.04446578785628,-1.12732827703137
"76",2000,"929",0.00723249842791247,-0.00722793763477374,0.0414373503007668,0.0342048518728543,0,0.0486652879355406,-0.598592617202176,-0.0970796217721856,-0.298007662033153,-0.371431751799911,0.69419494110674,10644.0812583286,"1",1994,0,2000.1,2000.9,6,"199","609",1.10807132775836,-1.50310293219137,-0.600462862078055,NA,NA,"0",-0.965770586775666,-3.37538777734852,-3.02278927643485,0.405268530091451,-0.457021981390534,-1.22115928915858,-1.11004245605558
"77",2000,"938",0.0255971994713971,0.0246789098913209,0.0763970455133171,0.05079984604192,0,0.0517181356219961,-0.435747846070261,0.281412302160256,-0.0875467001704564,-0.371431751799911,-0.89190787607057,10218.1173719975,"0",1994,0,2000.1,2000.9,6,"163","510",0.618613598489695,-1.49642580601126,-0.70400262201967,NA,NA,"0",0.974855235983594,-2.97986195507316,-2.96194677325342,0.888256535089348,0.847668504306522,-1.22115928915858,-1.16027576123946
"78",2000,"1042",0.0369417768094009,0.0361918302891299,0.0828562802514824,0.0459145034420814,0,0.0466644499623525,-1.01435749465966,-1.26820869546144,-0.226068079880073,-1.0427473893198,0.370281014121953,24266.2541121751,"0",1996,0,2000.1,2000.9,4,"1043","559",-1.37731084074928,-0.794855831946977,-0.615889240453205,NA,NA,"0",1.23232167617851,-3.08097423269622,-3.06477264697587,1.29539137035533,1.28339366425291,-1.48231866897484,-0.726126325848039
"79",2000,"1045",0.00958098919677781,-0.00787082923505365,0.0595945795508133,0.0500135903540355,0,0.067465408785867,-0.393569051135702,1.62660998658884,1.13384380899622,-1.0427473893198,1.56481001721894,19023.1385714286,"1",1996,0,2000.1,2000.9,4,"503","470",-0.591357110294252,-0.448062265189877,-1.66148393743936,NA,NA,"0",0.186947557249204,-2.99546050340613,-2.696140274889,0.368312605539723,-0.370030676144417,-1.15392828322873,-1.47434156431933
"80",2000,"1156",0.0101214172180495,0.016656859663135,0.0668976801562357,0.0567762629381862,1,0.0502408204931007,-0.0806892282476327,-0.493929919359416,1.41860867569271,-1.0427473893198,-0.637506981119371,21115.4138009755,"1",1996,0,2000.1,2000.9,4,"454","216",-0.263179002269743,0.944595480949593,-1.04390587435327,NA,NA,"1",0.553652143653955,-2.86863694661994,-2.9909274254846,0.343242703719178,0.601850684833687,-1.20810345018263,-1.14779693270994
"81",2000,"1179",0.000705126723264032,0.0362936187607813,0.0896354395071466,0.0889303127838826,1,0.0533418207463652,0.453077867749393,-0.375794604405664,-0.105278964234052,1.22478170840386,-0.326257593916552,10875.7181096516,"1",1997,0,2000.1,2000.9,3,"297","836",1.40022392884111,-0.807727934290286,-0.483065508002836,NA,NA,"1",1.48179326336196,-2.4199022183848,-2.93103462608334,-0.00553311621651806,1.15291773365625,-1.75539983558417,-1.21116900579302
"82",2000,"1186",0.00410773806143091,-0.0203194637032692,0.0531998862978691,0.0490921482364382,0,0.0735193500011383,0.877784099952648,-0.158535354168154,-0.243171121486304,-1.0427473893198,0.953268517625295,7334.63992753623,"0",1996,0,2000.1,2000.9,4,"604","603",-0.599657577987328,-0.770086352159298,-1.66148393743936,NA,NA,"0",-0.173123007747098,-3.01405617068739,-2.61020664208997,0.156313724567599,-0.842350815310274,-1.48231866897484,-1.47434156431933
"83",2000,"1262",0.000299439133179875,-0.0271490085731532,0.055812774767835,0.0555133356346552,1,0.0829617833409882,0.153856113686657,-0.80768251424404,0.790753164221655,4.04220587616556,-0.179204438707969,10863.5231105169,"1",1997,1,2000.1,2000.9,3,"474","884",0.253043616322746,-1.03093472374003,-1.04390587435327,NA,NA,"1",-0.0210273302707258,-2.89113200538727,-2.4893752188962,-0.0111578250775969,-1.01495742273721,1.30437581598685,-0.0338684704157921
"84",2000,"1279",0.031876751789991,0.030424000182615,0.0758966351679445,0.0440198833779534,0,0.0454726349853294,-0.666221229133744,-0.775368814102716,-1.18814809369112,-0.369096740886801,1.3334317751983,17575.8127694236,"1",1996,0,2000.1,2000.9,3,"522","1174",-0.359969500458191,-1.59131032312275,-1.66148393743936,NA,NA,"0",0.954008612990314,-3.12311385218416,-3.09064456285,1.1935481938375,1.13688855486352,-1.871359337835,-1.56221350181385
"85",2000,"1305",-0.007619151656277,-0.0240739648231035,0.0413510892983211,0.0489702409545981,0,0.0654250541214246,0.0470178650963795,-0.606692042842362,1.12047788232616,4.04220587616556,-0.198506546223457,6837.80397435898,"0",1998,0,2000.1,2000.9,3,"1177","854",-1.23691306002943,-0.643661405292967,-0.865325934858006,NA,NA,"0",-0.972381092925856,-3.01654249282672,-2.72685000333777,-0.400910033508227,-1.16280283349653,0.149375841236728,2.86749636085054
"86",2000,"1362",0.0487643271012142,0.034303891038528,0.0829691789740685,0.0342048518728543,2,0.0486652879355406,-0.598592617202176,-0.0970796217721856,-1.50477382042059,-1.20666515542031,-1.2558285073228,10644.0812583286,"0",1998,0,2000.1,2000.9,2,"199","609",2.69463669876293,-0.0474894249250873,-0.600462862078055,NA,NA,"1",1.23664111810253,-3.37538777734852,-3.02278927643485,1.95604072741676,1.18719299692779,-0.110501928019859,-0.588412914985122
"87",2000,"1370",-0.0158283104849587,-0.0148791675822428,0.0353616529108579,0.0511899633958166,1,0.0502408204931007,-0.0806892282476327,0.381077314694049,0.490258068979959,3.09699345853757,1.25735270825712,16554.2479914665,"1",1997,0,2000.1,2000.9,3,"308","216",0.892855710590655,1.3085092826314,-1.77182176242765,NA,NA,"1",-1.46873679088621,-2.97221179357802,-2.9909274254846,-0.84942420546898,-0.907967924825437,-1.3011167211069,-1.14608057633265
"88",2000,"1371",0.0544753473818745,0.06101078982696,0.111251610320061,0.0567762629381862,1,0.0502408204931007,-0.0806892282476327,-0.493929919359416,0.189324434209899,4.04220587616556,1.01260325030037,21115.4138009755,"0",1997,0,2000.1,2000.9,3,"454","216",0.26759358056776,1.43155917937929,-1.04390587435327,NA,NA,"1",2.16712557824062,-2.86863694661994,-2.9909274254846,1.47932899400629,1.80639258877931,-0.511217150892477,-0.0338684704157921
"89",2000,"1384",-0.0373555381947066,0.00126145795222511,0.0499267458877657,0.0872822840824722,1,0.0486652879355406,-0.598592617202176,-0.524023447908447,-0.664073987321577,-1.20666515542031,0.45109536882579,34968.4026923077,"0",1998,0,2000.1,2000.9,2,"1246","609",-1.14389498521406,-0.0579820517794896,-0.247747871771891,NA,NA,"1",-0.374555463951292,-2.43860776820221,-3.02278927643485,-1.27085278082913,-0.0156491180866203,-0.110501928019859,2.22375897827764
"90",2000,"1385",-0.00678050947037774,-0.00792918172704024,0.0423116387660605,0.0490921482364382,1,0.0502408204931007,-0.0806892282476327,-0.158535354168154,1.60556008645146,-0.910819272728933,0.206626715464323,7334.63992753623,"0",1998,0,2000.1,2000.9,2,"604","216",0.172351253116122,1.66239697017778,-1.66148393743936,NA,NA,"1",-0.899536629230804,-3.01405617068739,-2.9909274254846,-0.355171955180741,-0.483030375963839,-0.481102675328722,-0.107896599981665
"91",2000,"1391",0.00864077237413653,0.0212855331664551,0.0893920678872073,0.0807512955130708,0,0.0681065347207523,0.0991899399534828,1.53313906468881,2.22939246899563,3.48997579521442,2.21737672151937,8577.96746598639,"1",1998,1,2000.1,2000.9,3,"596","200",-0.17906361936072,1.295272310005,-1.66148393743936,NA,NA,"0",1.47316863901454,-2.51638127350255,-2.68668211271002,0.203891604656199,0.56780141648505,-0.925912203201717,-0.88645558537309
"92",2000,"1404",0.0165661661684962,-0.00830180738534915,0.0733424291066824,0.0567762629381862,1,0.0816442364920316,0.479443868086887,-0.493929919359416,-0.34739106611618,3.69125373592473,1.36144507156668,21115.4138009755,"0",1997,0,2000.1,2000.9,3,"454","221",0.19065659665272,1.39141302337676,-1.04390587435327,NA,NA,"1",0.84541467655805,-2.86863694661994,-2.50538405002978,0.548679872095426,-0.330201121765488,-0.891456920455858,-0.5989022035705
"93",2000,"1418",0.0016621601341362,-0.0417326685297644,0.0429218411182643,0.0412596809841281,0,0.0846545096480287,0.463037230726481,-0.643408769793853,-0.0333965765568942,-0.644861529725396,-1.2558285073228,20001.5181268785,"0",1999,0,2000.1,2000.9,1,"912","922",0.100612714060132,-0.140015316278191,0.530369112031751,NA,NA,"0",-0.854115196399796,-3.18786950321264,-2.46917689777559,0.0650432981666238,-1.68473470537685,-0.0134961790222866,-0.0119166830531055
"94",2000,"1422",-0.0315918014993142,0.00638029299918941,0.0418408964869727,0.0734326979862869,0,0.0354606034877833,3.28328208376253,0.897853970700547,1.03153056882301,-0.513166914225859,-1.2498490274966,24909.0153585434,"0",1999,1,2000.1,2000.9,1,"1049","632",-0.727442738393294,0.16331698733303,-0.865325934858006,NA,NA,"0",-0.935026979363235,-2.61138596590452,-3.33933295964888,-1.27957373753087,0.315571016639278,-0.143863685377454,1.28200617288161
"95",2000,"1426",-0.00200904923370847,-0.00256136953072638,0.042010834144245,0.0440198833779534,0,0.0445722036749713,0.815805362427473,-0.775368814102716,0.883189715256043,-0.513166914225859,-1.2498490274966,17575.8127694236,"1",1999,1,2000.1,2000.9,1,"522","1360",0.415638472523119,-1.27131126622437,-1.66148393743936,NA,NA,"0",-0.922169141540937,-3.12311385218416,-3.11064485023559,-0.12751466308561,-0.216410956948918,2.46590135902647,-0.143409513578743
"96",2000,"1433",0.0921702721256184,0.0823039813379554,0.13007429991768,0.0379040277920621,0,0.047770318579725,1.55476570178633,1.73515566513372,5.47571184946883,-0.513166914225859,-1.2498490274966,5618,"1",1999,1,2000.1,2000.9,1,"1222","501",-1.22395103604462,-0.0885060571743581,4.8285764698101,NA,NA,"0",2.66297577657016,-3.27269789834357,-3.04135078256912,2.73098785701742,2.29598357151018,-0.0525566656222883,0.589406859726096
"97",2000,"1503",0.0468270164248198,0.050797124229002,0.100026902722689,0.0531998862978691,0,0.0492297784936869,2.8303774660272,-0.147658394453206,0.697725527315702,-0.296010899306371,0.610752091862724,24429.6402062589,"0",1999,0,2000.1,2000.9,1,"1186","1184",-0.806476144333436,-0.964590881413261,-0.865325934858006,NA,NA,"0",1.82974617787978,-2.93369901989492,-3.01125658463944,1.38709580550917,1.60266498313824,1.40457685201103,1.39632784414493
"98",2000,"1510",-0.0124730788531426,0.00639197449481063,0.051961562228055,0.0644346410811976,0,0.0455695877332443,1.07549510222712,0.0280333462457904,0.866563349763976,-1.56252081857866,0.486258255002456,34968.4026923077,"0",1999,0,2000.1,2000.9,1,"1247","1020",-0.823670781892028,-0.557812640120046,-0.247747871771891,NA,NA,"0",-0.247834529468611,-2.74210388550332,-3.0885147206368,-0.503730510918934,0.234606180852689,0.869908070036789,1.63504461394056
"99",2000,"1521",0.0265973022878037,0.0585565821336794,0.0951092954898086,0.0685119932020049,2,0.0365527133561292,-0.353426235636547,0.0213914998351655,0.319551699466383,-1.20269563686801,-1.2558285073228,4829.22923076923,"1",1999,0,2000.1,2000.9,1,"826","1213",0.244089792172024,-1.09961373587837,0.530369112031751,NA,NA,"1",1.6698280432081,-2.68074646579829,-3.30899985871197,0.7094936763566,2.18839578627932,2.32702658573736,-0.054247986064698
"100",2000,"1524",-0.0332708943034892,-0.0228856231359658,0.0431261512098279,0.0763970455133171,1,0.0660117743457937,-1.49953245679788,0.00461898048180373,0.297796306475902,-1.20269563686801,-1.25403398517307,4024.47243589744,"1",1999,0,2000.1,2000.9,1,"938","1028",0.23161352451005,-0.369899231908122,-0.113616819120252,NA,NA,"1",-0.839051219346576,-2.57181125484908,-2.71792215368826,-1.3003897060846,-1.08440814803902,0.571339627611491,-0.0514020184805321
"101",2000,"1526",-0.0162728243850182,-0.0108738564424071,0.0430058324158861,0.0592786568009044,1,0.0538796888582932,-0.593960751027102,1.54222496058016,-0.378432041568367,-1.20269563686801,-1.25403398517307,17400.3606028556,"1",1999,1,2000.1,2000.9,1,"504","497",0.588226841845941,0.319752514981514,-1.66148393743936,NA,NA,"1",-0.847913776644756,-2.82550595680526,-2.92100170217281,-0.739972533117165,-0.610089889397287,-0.194529357665352,-0.19379041390536
"102",2000,"1528",-0.0791216779973585,-0.0171694555435581,0.0398681136538958,0.118989791651254,1,0.057037569197454,-0.299150291912279,0.171579320667394,-0.56809098347447,-1.14105134876183,-1.2558285073228,32830.605,"0",1999,1,2000.1,2000.9,1,"1304","668",-0.932838123933683,0.0488519671023124,3.77017003485135,NA,NA,"1",-1.08823570246802,-2.12871757399355,-2.86404511953708,-2.46554945599211,-0.924387753125655,-0.142544053516367,2.13795927515832
"103",2000,"1533",0.00545361803588099,-0.0107545335081861,0.0552572408376075,0.0498036228017265,1,0.0660117743457937,-1.49953245679788,0.897480827314441,0.125221369091465,-1.20269563686801,0.504838030299769,17276.4077385798,"1",1999,0,2000.1,2000.9,1,"677","1028",0.571591818296727,-0.369899231908122,-1.66148393743936,NA,NA,"1",-0.0527600379313141,-2.99966755057485,-2.71792215368826,0.208925541853706,-0.497400852836648,0.571339627611491,-0.19379041390536
"104",2000,"1539",-0.0260345101897947,-0.00737492775148461,0.0606579927743199,0.0866925029641146,0,0.0680329205258045,0.0171228362060022,-0.935948502140529,0.00523305933057501,-1.14105134876183,0.538814208526064,16921.0113884535,"1",1999,0,2000.1,2000.9,1,"459","176",0.954830831624201,2.01736363127556,-1.04390587435327,NA,NA,"0",0.243053485917576,-2.44538786993661,-2.68776356557744,-0.820834974136662,-0.347982470269836,-0.506799409076634,-0.192452387812421
"105",2000,"1542",-0.0008916885173487,-0.0112876300468504,0.0388974436853738,0.0397891322027225,0,0.0501850737322242,-0.180214913045909,-0.108852113398934,0.347942379858258,-1.14105134876183,0.292172989466317,21884.2153401361,"1",1999,0,2000.1,2000.9,1,"1022","1199",-0.269516559909541,-0.70992184869798,1.09957632767038,NA,NA,"0",-1.1664249407671,-3.22416146421258,-2.99203763250904,-0.0737992228731064,-0.679647191481399,0.984204927557143,0.675045734774897
"106",2000,"1543",0.0149131245658531,0.000452688503166862,0.0491179764387074,0.0342048518728543,1,0.0486652879355406,-0.598592617202176,-0.0970796217721856,0.959667239035972,-0.644861529725396,0.748022946627152,10644.0812583286,"1",1999,0,2000.1,2000.9,1,"199","609",2.93896360714184,0.176671239693312,-0.600462862078055,NA,NA,"1",-0.426362984094601,-3.37538777734852,-3.02278927643485,0.785078677036686,-0.054326128574933,-0.154752540723629,-0.582821691890078
"107",2000,"1544",-0.0622605479548573,-0.0359300933052589,0.0405402059384444,0.102800753893302,1,0.0764702992437033,0.711885359667628,-0.508575568235577,0.00321196592207223,-1.5963784768188,-0.403734049357793,10232.3473898305,"0",1999,1,2000.1,2000.9,1,"441","1165",0.895557197509283,-0.761451957532169,-1.04390587435327,NA,NA,"1",-1.0352049498614,-2.27496259239553,-2.57085285871667,-2.10155342675524,-1.57913780455132,1.18462507297735,-0.128461339717952
"108",2000,"1545",-0.0135799219467451,-0.00632977908402396,0.0442265242700293,0.0578064462167744,1,0.0505563033540532,0.648820761506607,-0.293573785606692,1.68327695564489,-1.5963784768188,-0.403734049357793,16456.7569642857,"1",1999,0,2000.1,2000.9,1,"1432","1187",-1.31232459864973,-0.88606819028094,-0.58582087582369,NA,NA,"1",-0.759127356876877,-2.85065498328062,-2.98466764585817,-0.621282469101542,-0.393032005948582,1.3091982947365,-0.81211581096678
"109",2000,"1549",-0.0369953546733394,-0.0221719949476615,0.045860925578143,0.0828562802514824,1,0.0680329205258045,0.0171228362060022,-0.130923191474264,0.141657072460089,-1.14105134876183,0.292172989466317,17982.5829722443,"1",1999,0,2000.1,2000.9,1,"1042","176",-0.523714832160131,2.01736363127556,-0.865325934858006,NA,NA,"1",-0.644012383810579,-2.49064773530915,-2.68776356557744,-1.34434651644673,-1.01022331585355,-0.506799409076634,0.978318666142212
"110",2000,"1564",-0.0392370685075958,0.00594778134711518,0.0496932442762867,0.0889303127838826,1,0.0437454629291715,0.0312559459174975,-0.375794604405664,1.50362819133069,-0.572009189236297,0.433130466261528,10875.7181096516,"1",1999,0,2000.1,2000.9,1,"297","634",2.32138835787783,0.343599394196199,-0.483065508002836,NA,NA,"1",-0.389426250354251,-2.4199022183848,-3.12936737603227,-1.32310475395178,0.225648177897264,-0.218202502253711,-0.437293502727348
"111",2000,"1566",-0.0319242170303055,-0.047435395070725,0.0422000444364216,0.0741242614667271,0,0.0896354395071466,-0.212773681080485,1.90237719958215,1.70896014650053,-0.572009189236297,0.433130466261528,6837.80397435898,"1",1999,0,2000.1,2000.9,1,"1160","1179",-0.517456813567363,-0.974656088793249,-0.865325934858006,NA,NA,"0",-0.907914147454827,-2.60201238506326,-2.41200450698902,-1.28141994244418,-1.86029453808559,1.81788841635787,0.984074191699178
"112",2001,"912",-0.000817512242067657,-0.0305564678541943,0.0412596809841281,0.0420771932261958,0,0.0718161488383224,-0.623312868113173,0.628859201249281,-0.749818056478648,0.203681436099713,0.552847093933594,14812.2455905512,"0",1994,0,2001.1,2001.9,7,"64","178",0.822156860506563,0.159214802864864,-0.19205603119725,NA,NA,"0",-0.979401122759617,-3.16824941367568,-2.6336459140346,-0.0669974220871298,-1.38877032459576,-1.04446578785628,-1.12732827703137
"113",2001,"929",0.00723249842791247,-0.00722793763477374,0.0414373503007668,0.0342048518728543,0,0.0486652879355406,-0.598592617202176,-0.0970796217721856,-0.298007662033153,-0.371431751799911,0.69419494110674,10644.0812583286,"1",1994,0,2001.1,2001.9,7,"199","609",1.10807132775836,-1.50310293219137,-0.600462862078055,NA,NA,"0",-0.965770586775666,-3.37538777734852,-3.02278927643485,0.405268530091451,-0.457021981390534,-1.22115928915858,-1.11004245605558
"114",2001,"938",0.0255971994713971,0.0246789098913209,0.0763970455133171,0.05079984604192,0,0.0517181356219961,-0.435747846070261,0.281412302160256,-0.0875467001704564,-0.371431751799911,-0.89190787607057,10218.1173719975,"0",1994,0,2001.1,2001.9,7,"163","510",0.618613598489695,-1.49642580601126,-0.70400262201967,NA,NA,"0",0.974855235983594,-2.97986195507316,-2.96194677325342,0.888256535089348,0.847668504306522,-1.22115928915858,-1.16027576123946
"115",2001,"1042",0.0369417768094009,0.0361918302891299,0.0828562802514824,0.0459145034420814,0,0.0466644499623525,-1.01435749465966,-1.26820869546144,-0.226068079880073,-1.0427473893198,0.370281014121953,24266.2541121751,"0",1996,0,2001.1,2001.9,5,"1043","559",-1.37731084074928,-0.794855831946977,-0.615889240453205,NA,NA,"0",1.23232167617851,-3.08097423269622,-3.06477264697587,1.29539137035533,1.28339366425291,-1.48231866897484,-0.726126325848039
"116",2001,"1045",0.00958098919677781,-0.00787082923505365,0.0595945795508133,0.0500135903540355,0,0.067465408785867,-0.393569051135702,1.62660998658884,1.13384380899622,-1.0427473893198,1.56481001721894,19023.1385714286,"1",1996,0,2001.1,2001.9,5,"503","470",-0.591357110294252,-0.448062265189877,-1.66148393743936,NA,NA,"0",0.186947557249204,-2.99546050340613,-2.696140274889,0.368312605539723,-0.370030676144417,-1.15392828322873,-1.47434156431933
"117",2001,"1156",0.0101214172180495,0.016656859663135,0.0668976801562357,0.0567762629381862,1,0.0502408204931007,-0.0806892282476327,-0.493929919359416,1.41860867569271,-1.0427473893198,-0.637506981119371,21115.4138009755,"1",1996,0,2001.1,2001.9,5,"454","216",-0.263179002269743,0.944595480949593,-1.04390587435327,NA,NA,"1",0.553652143653955,-2.86863694661994,-2.9909274254846,0.343242703719178,0.601850684833687,-1.20810345018263,-1.14779693270994
"118",2001,"1179",0.000705126723264032,0.0362936187607813,0.0896354395071466,0.0889303127838826,1,0.0533418207463652,0.453077867749393,-0.375794604405664,-0.105278964234052,1.22478170840386,-0.326257593916552,10875.7181096516,"1",1997,1,2001.1,2001.9,4,"297","836",1.40022392884111,-0.807727934290286,-0.483065508002836,NA,NA,"1",1.48179326336196,-2.4199022183848,-2.93103462608334,-0.00553311621651806,1.15291773365625,-1.75539983558417,-1.21116900579302
"119",2001,"1186",0.00410773806143091,-0.0203194637032692,0.0531998862978691,0.0490921482364382,0,0.0735193500011383,0.877784099952648,-0.158535354168154,-0.243171121486304,-1.0427473893198,0.953268517625295,7334.63992753623,"0",1996,0,2001.1,2001.9,5,"604","603",-0.599657577987328,-0.770086352159298,-1.66148393743936,NA,NA,"0",-0.173123007747098,-3.01405617068739,-2.61020664208997,0.156313724567599,-0.842350815310274,-1.48231866897484,-1.47434156431933
"120",2001,"1279",0.031876751789991,0.030424000182615,0.0758966351679445,0.0440198833779534,0,0.0454726349853294,-0.666221229133744,-0.775368814102716,-1.18814809369112,-0.369096740886801,1.3334317751983,17575.8127694236,"1",1996,1,2001.1,2001.9,4,"522","1174",-0.359969500458191,-1.59131032312275,-1.66148393743936,NA,NA,"0",0.954008612990314,-3.12311385218416,-3.09064456285,1.1935481938375,1.13688855486352,-1.871359337835,-1.56221350181385
"121",2001,"1305",-0.007619151656277,-0.0240739648231035,0.0413510892983211,0.0489702409545981,0,0.0654250541214246,0.0470178650963795,-0.606692042842362,1.12047788232616,4.04220587616556,-0.198506546223457,6837.80397435898,"0",1998,0,2001.1,2001.9,4,"1177","854",-1.23691306002943,-0.643661405292967,-0.865325934858006,NA,NA,"0",-0.972381092925856,-3.01654249282672,-2.72685000333777,-0.400910033508227,-1.16280283349653,0.149375841236728,2.86749636085054
"122",2001,"1362",0.0487643271012142,0.034303891038528,0.0829691789740685,0.0342048518728543,2,0.0486652879355406,-0.598592617202176,-0.0970796217721856,-1.50477382042059,-1.20666515542031,-1.2558285073228,10644.0812583286,"0",1998,0,2001.1,2001.9,3,"199","609",2.69463669876293,-0.0474894249250873,-0.600462862078055,NA,NA,"1",1.23664111810253,-3.37538777734852,-3.02278927643485,1.95604072741676,1.18719299692779,-0.110501928019859,-0.588412914985122
"123",2001,"1370",-0.0158283104849587,-0.0148791675822428,0.0353616529108579,0.0511899633958166,1,0.0502408204931007,-0.0806892282476327,0.381077314694049,0.490258068979959,3.09699345853757,1.25735270825712,16554.2479914665,"1",1997,0,2001.1,2001.9,4,"308","216",0.892855710590655,1.3085092826314,-1.77182176242765,NA,NA,"1",-1.46873679088621,-2.97221179357802,-2.9909274254846,-0.84942420546898,-0.907967924825437,-1.3011167211069,-1.14608057633265
"124",2001,"1371",0.0544753473818745,0.06101078982696,0.111251610320061,0.0567762629381862,1,0.0502408204931007,-0.0806892282476327,-0.493929919359416,0.189324434209899,4.04220587616556,1.01260325030037,21115.4138009755,"0",1997,1,2001.1,2001.9,4,"454","216",0.26759358056776,1.43155917937929,-1.04390587435327,NA,NA,"1",2.16712557824062,-2.86863694661994,-2.9909274254846,1.47932899400629,1.80639258877931,-0.511217150892477,-0.0338684704157921
"125",2001,"1384",-0.0373555381947066,0.00126145795222511,0.0499267458877657,0.0872822840824722,1,0.0486652879355406,-0.598592617202176,-0.524023447908447,-0.664073987321577,-1.20666515542031,0.45109536882579,34968.4026923077,"0",1998,0,2001.1,2001.9,3,"1246","609",-1.14389498521406,-0.0579820517794896,-0.247747871771891,NA,NA,"1",-0.374555463951292,-2.43860776820221,-3.02278927643485,-1.27085278082913,-0.0156491180866203,-0.110501928019859,2.22375897827764
"126",2001,"1385",-0.00678050947037774,-0.00792918172704024,0.0423116387660605,0.0490921482364382,1,0.0502408204931007,-0.0806892282476327,-0.158535354168154,1.60556008645146,-0.910819272728933,0.206626715464323,7334.63992753623,"0",1998,1,2001.1,2001.9,3,"604","216",0.172351253116122,1.66239697017778,-1.66148393743936,NA,NA,"1",-0.899536629230804,-3.01405617068739,-2.9909274254846,-0.355171955180741,-0.483030375963839,-0.481102675328722,-0.107896599981665
"127",2001,"1404",0.0165661661684962,-0.00830180738534915,0.0733424291066824,0.0567762629381862,1,0.0816442364920316,0.479443868086887,-0.493929919359416,-0.34739106611618,3.69125373592473,1.36144507156668,21115.4138009755,"0",1997,0,2001.1,2001.9,4,"454","221",0.19065659665272,1.39141302337676,-1.04390587435327,NA,NA,"1",0.84541467655805,-2.86863694661994,-2.50538405002978,0.548679872095426,-0.330201121765488,-0.891456920455858,-0.5989022035705
"128",2001,"1418",0.0016621601341362,-0.0417326685297644,0.0429218411182643,0.0412596809841281,0,0.0846545096480287,0.463037230726481,-0.643408769793853,-0.0333965765568942,-0.644861529725396,-1.2558285073228,20001.5181268785,"0",1999,1,2001.1,2001.9,2,"912","922",0.100612714060132,-0.140015316278191,0.530369112031751,NA,NA,"0",-0.854115196399796,-3.18786950321264,-2.46917689777559,0.0650432981666238,-1.68473470537685,-0.0134961790222866,-0.0119166830531055
"129",2001,"1503",0.0468270164248198,0.050797124229002,0.100026902722689,0.0531998862978691,0,0.0492297784936869,2.8303774660272,-0.147658394453206,0.697725527315702,-0.296010899306371,0.610752091862724,24429.6402062589,"0",1999,0,2001.1,2001.9,2,"1186","1184",-0.806476144333436,-0.964590881413261,-0.865325934858006,NA,NA,"0",1.82974617787978,-2.93369901989492,-3.01125658463944,1.38709580550917,1.60266498313824,1.40457685201103,1.39632784414493
"130",2001,"1510",-0.0124730788531426,0.00639197449481063,0.051961562228055,0.0644346410811976,0,0.0455695877332443,1.07549510222712,0.0280333462457904,0.866563349763976,-1.56252081857866,0.486258255002456,34968.4026923077,"0",1999,0,2001.1,2001.9,2,"1247","1020",-0.823670781892028,-0.557812640120046,-0.247747871771891,NA,NA,"0",-0.247834529468611,-2.74210388550332,-3.0885147206368,-0.503730510918934,0.234606180852689,0.869908070036789,1.63504461394056
"131",2001,"1521",0.0265973022878037,0.0585565821336794,0.0951092954898086,0.0685119932020049,2,0.0365527133561292,-0.353426235636547,0.0213914998351655,0.319551699466383,-1.20269563686801,-1.2558285073228,4829.22923076923,"1",1999,0,2001.1,2001.9,2,"826","1213",0.244089792172024,-1.09961373587837,0.530369112031751,NA,NA,"1",1.6698280432081,-2.68074646579829,-3.30899985871197,0.7094936763566,2.18839578627932,2.32702658573736,-0.054247986064698
"132",2001,"1524",-0.0332708943034892,-0.0228856231359658,0.0431261512098279,0.0763970455133171,1,0.0660117743457937,-1.49953245679788,0.00461898048180373,0.297796306475902,-1.20269563686801,-1.25403398517307,4024.47243589744,"1",1999,0,2001.1,2001.9,2,"938","1028",0.23161352451005,-0.369899231908122,-0.113616819120252,NA,NA,"1",-0.839051219346576,-2.57181125484908,-2.71792215368826,-1.3003897060846,-1.08440814803902,0.571339627611491,-0.0514020184805321
"133",2001,"1533",0.00545361803588099,-0.0107545335081861,0.0552572408376075,0.0498036228017265,1,0.0660117743457937,-1.49953245679788,0.897480827314441,0.125221369091465,-1.20269563686801,0.504838030299769,17276.4077385798,"1",1999,0,2001.1,2001.9,2,"677","1028",0.571591818296727,-0.369899231908122,-1.66148393743936,NA,NA,"1",-0.0527600379313141,-2.99966755057485,-2.71792215368826,0.208925541853706,-0.497400852836648,0.571339627611491,-0.19379041390536
"134",2001,"1539",-0.0260345101897947,-0.00737492775148461,0.0606579927743199,0.0866925029641146,0,0.0680329205258045,0.0171228362060022,-0.935948502140529,0.00523305933057501,-1.14105134876183,0.538814208526064,16921.0113884535,"1",1999,0,2001.1,2001.9,2,"459","176",0.954830831624201,2.01736363127556,-1.04390587435327,NA,NA,"0",0.243053485917576,-2.44538786993661,-2.68776356557744,-0.820834974136662,-0.347982470269836,-0.506799409076634,-0.192452387812421
"135",2001,"1542",-0.0008916885173487,-0.0112876300468504,0.0388974436853738,0.0397891322027225,0,0.0501850737322242,-0.180214913045909,-0.108852113398934,0.347942379858258,-1.14105134876183,0.292172989466317,21884.2153401361,"1",1999,0,2001.1,2001.9,2,"1022","1199",-0.269516559909541,-0.70992184869798,1.09957632767038,NA,NA,"0",-1.1664249407671,-3.22416146421258,-2.99203763250904,-0.0737992228731064,-0.679647191481399,0.984204927557143,0.675045734774897
"136",2001,"1543",0.0149131245658531,0.000452688503166862,0.0491179764387074,0.0342048518728543,1,0.0486652879355406,-0.598592617202176,-0.0970796217721856,0.959667239035972,-0.644861529725396,0.748022946627152,10644.0812583286,"1",1999,0,2001.1,2001.9,2,"199","609",2.93896360714184,0.176671239693312,-0.600462862078055,NA,NA,"1",-0.426362984094601,-3.37538777734852,-3.02278927643485,0.785078677036686,-0.054326128574933,-0.154752540723629,-0.582821691890078
"137",2001,"1545",-0.0135799219467451,-0.00632977908402396,0.0442265242700293,0.0578064462167744,1,0.0505563033540532,0.648820761506607,-0.293573785606692,1.68327695564489,-1.5963784768188,-0.403734049357793,16456.7569642857,"1",1999,1,2001.1,2001.9,2,"1432","1187",-1.31232459864973,-0.88606819028094,-0.58582087582369,NA,NA,"1",-0.759127356876877,-2.85065498328062,-2.98466764585817,-0.621282469101542,-0.393032005948582,1.3091982947365,-0.81211581096678
"138",2001,"1549",-0.0369953546733394,-0.0221719949476615,0.045860925578143,0.0828562802514824,1,0.0680329205258045,0.0171228362060022,-0.130923191474264,0.141657072460089,-1.14105134876183,0.292172989466317,17982.5829722443,"1",1999,0,2001.1,2001.9,2,"1042","176",-0.523714832160131,2.01736363127556,-0.865325934858006,NA,NA,"1",-0.644012383810579,-2.49064773530915,-2.68776356557744,-1.34434651644673,-1.01022331585355,-0.506799409076634,0.978318666142212
"139",2001,"1564",-0.0392370685075958,0.00594778134711518,0.0496932442762867,0.0889303127838826,1,0.0437454629291715,0.0312559459174975,-0.375794604405664,1.50362819133069,-0.572009189236297,0.433130466261528,10875.7181096516,"1",1999,0,2001.1,2001.9,2,"297","634",2.32138835787783,0.343599394196199,-0.483065508002836,NA,NA,"1",-0.389426250354251,-2.4199022183848,-3.12936737603227,-1.32310475395178,0.225648177897264,-0.218202502253711,-0.437293502727348
"140",2001,"1566",-0.0319242170303055,-0.047435395070725,0.0422000444364216,0.0741242614667271,0,0.0896354395071466,-0.212773681080485,1.90237719958215,1.70896014650053,-0.572009189236297,0.433130466261528,6837.80397435898,"1",1999,0,2001.1,2001.9,2,"1160","1179",-0.517456813567363,-0.974656088793249,-0.865325934858006,NA,NA,"0",-0.907914147454827,-2.60201238506326,-2.41200450698902,-1.28141994244418,-1.86029453808559,1.81788841635787,0.984074191699178
"141",2001,"1598",-0.0276538605750722,-0.02775348320457,0.0481431519633745,0.0757970125384467,0,0.0758966351679445,-1.17635393485562,1.57078863992652,-0.16354754783622,-0.00506853953254788,1.16856887353627,5811.12861111111,"0",2000,0,2001.1,2001.9,1,"1195","1279",-0.460180177668785,-0.742181594153631,-0.877353280709807,NA,NA,"0",-0.489953363563849,-2.57969639953205,-2.57838292800141,-1.03696891253656,-1.15424634316976,1.2660290944365,0.96226700316372
"142",2001,"1604",-0.0146097417059873,0.000297517673779828,0.0498248993752103,0.0644346410811976,0,0.0495273817014305,-0.234643538565577,0.0280333462457904,0.698106851562589,0.548095545783827,0.239358157811557,34968.4026923077,"1",2000,0,2001.1,2001.9,1,"1247","494",-0.300545310289867,1.78123782758895,-0.247747871771891,NA,NA,"0",-0.381033091876637,-2.74210388550332,-3.00522959666177,-0.597518891560278,-0.0620699792836802,-0.243283285235244,0.897797421298048
"143",2001,"1608",-0.0221183559880346,-0.00721109660826751,0.0423162850931629,0.0644346410811976,0,0.0495273817014305,-0.234643538565577,0.0280333462457904,0.791058236102498,0.548095545783827,1.62608486904019,34968.4026923077,"1",2000,0,2001.1,2001.9,1,"1247","494",-0.297434765415182,1.78409163444573,-0.247747871771891,NA,NA,"0",-0.899188303266996,-2.74210388550332,-3.00522959666177,-0.962364707600757,-0.448899815764613,-0.243283285235244,0.897797421298048
"144",2001,"1610",-0.0348039836863209,-0.0310895338450143,0.0463910437019979,0.0811950273883189,0,0.0774805775470122,0.119125624380388,-1.00290800278064,0.449054390398223,0.548095545783827,1.62608486904019,35134.884,"1",2000,0,2001.1,2001.9,1,"1170","917",-0.405568099845434,0.427675932280066,1.67375136007389,NA,NA,"0",-0.607554493019861,-2.5109012727498,-2.55772798632796,-1.27343691684988,-1.29095690660567,-0.120515838349934,1.18471180437505
"145",2002,"912",-0.000817512242067657,-0.0305564678541943,0.0412596809841281,0.0420771932261958,0,0.0718161488383224,-0.623312868113173,0.628859201249281,-0.749818056478648,0.203681436099713,0.552847093933594,14812.2455905512,"0",1994,0,2002.1,2002.9,8,"64","178",0.822156860506563,0.159214802864864,-0.19205603119725,NA,NA,"0",-0.979401122759617,-3.16824941367568,-2.6336459140346,-0.0669974220871298,-1.38877032459576,-1.04446578785628,-1.12732827703137
"146",2002,"929",0.00723249842791247,-0.00722793763477374,0.0414373503007668,0.0342048518728543,0,0.0486652879355406,-0.598592617202176,-0.0970796217721856,-0.298007662033153,-0.371431751799911,0.69419494110674,10644.0812583286,"1",1994,0,2002.1,2002.9,8,"199","609",1.10807132775836,-1.50310293219137,-0.600462862078055,NA,NA,"0",-0.965770586775666,-3.37538777734852,-3.02278927643485,0.405268530091451,-0.457021981390534,-1.22115928915858,-1.11004245605558
"147",2002,"938",0.0255971994713971,0.0246789098913209,0.0763970455133171,0.05079984604192,0,0.0517181356219961,-0.435747846070261,0.281412302160256,-0.0875467001704564,-0.371431751799911,-0.89190787607057,10218.1173719975,"0",1994,1,2002.1,2002.9,8,"163","510",0.618613598489695,-1.49642580601126,-0.70400262201967,NA,NA,"0",0.974855235983594,-2.97986195507316,-2.96194677325342,0.888256535089348,0.847668504306522,-1.22115928915858,-1.16027576123946
"148",2002,"1042",0.0369417768094009,0.0361918302891299,0.0828562802514824,0.0459145034420814,0,0.0466644499623525,-1.01435749465966,-1.26820869546144,-0.226068079880073,-1.0427473893198,0.370281014121953,24266.2541121751,"0",1996,0,2002.1,2002.9,6,"1043","559",-1.37731084074928,-0.794855831946977,-0.615889240453205,NA,NA,"0",1.23232167617851,-3.08097423269622,-3.06477264697587,1.29539137035533,1.28339366425291,-1.48231866897484,-0.726126325848039
"149",2002,"1045",0.00958098919677781,-0.00787082923505365,0.0595945795508133,0.0500135903540355,0,0.067465408785867,-0.393569051135702,1.62660998658884,1.13384380899622,-1.0427473893198,1.56481001721894,19023.1385714286,"1",1996,1,2002.1,2002.9,6,"503","470",-0.591357110294252,-0.448062265189877,-1.66148393743936,NA,NA,"0",0.186947557249204,-2.99546050340613,-2.696140274889,0.368312605539723,-0.370030676144417,-1.15392828322873,-1.47434156431933
"150",2002,"1156",0.0101214172180495,0.016656859663135,0.0668976801562357,0.0567762629381862,1,0.0502408204931007,-0.0806892282476327,-0.493929919359416,1.41860867569271,-1.0427473893198,-0.637506981119371,21115.4138009755,"1",1996,1,2002.1,2002.9,6,"454","216",-0.263179002269743,0.944595480949593,-1.04390587435327,NA,NA,"1",0.553652143653955,-2.86863694661994,-2.9909274254846,0.343242703719178,0.601850684833687,-1.20810345018263,-1.14779693270994
"151",2002,"1186",0.00410773806143091,-0.0203194637032692,0.0531998862978691,0.0490921482364382,0,0.0735193500011383,0.877784099952648,-0.158535354168154,-0.243171121486304,-1.0427473893198,0.953268517625295,7334.63992753623,"0",1996,0,2002.1,2002.9,6,"604","603",-0.599657577987328,-0.770086352159298,-1.66148393743936,NA,NA,"0",-0.173123007747098,-3.01405617068739,-2.61020664208997,0.156313724567599,-0.842350815310274,-1.48231866897484,-1.47434156431933
"152",2002,"1305",-0.007619151656277,-0.0240739648231035,0.0413510892983211,0.0489702409545981,0,0.0654250541214246,0.0470178650963795,-0.606692042842362,1.12047788232616,4.04220587616556,-0.198506546223457,6837.80397435898,"0",1998,0,2002.1,2002.9,5,"1177","854",-1.23691306002943,-0.643661405292967,-0.865325934858006,NA,NA,"0",-0.972381092925856,-3.01654249282672,-2.72685000333777,-0.400910033508227,-1.16280283349653,0.149375841236728,2.86749636085054
"153",2002,"1362",0.0487643271012142,0.034303891038528,0.0829691789740685,0.0342048518728543,2,0.0486652879355406,-0.598592617202176,-0.0970796217721856,-1.50477382042059,-1.20666515542031,-1.2558285073228,10644.0812583286,"0",1998,0,2002.1,2002.9,4,"199","609",2.69463669876293,-0.0474894249250873,-0.600462862078055,NA,NA,"1",1.23664111810253,-3.37538777734852,-3.02278927643485,1.95604072741676,1.18719299692779,-0.110501928019859,-0.588412914985122
"154",2002,"1370",-0.0158283104849587,-0.0148791675822428,0.0353616529108579,0.0511899633958166,1,0.0502408204931007,-0.0806892282476327,0.381077314694049,0.490258068979959,3.09699345853757,1.25735270825712,16554.2479914665,"1",1997,0,2002.1,2002.9,5,"308","216",0.892855710590655,1.3085092826314,-1.77182176242765,NA,NA,"1",-1.46873679088621,-2.97221179357802,-2.9909274254846,-0.84942420546898,-0.907967924825437,-1.3011167211069,-1.14608057633265
"155",2002,"1384",-0.0373555381947066,0.00126145795222511,0.0499267458877657,0.0872822840824722,1,0.0486652879355406,-0.598592617202176,-0.524023447908447,-0.664073987321577,-1.20666515542031,0.45109536882579,34968.4026923077,"0",1998,0,2002.1,2002.9,4,"1246","609",-1.14389498521406,-0.0579820517794896,-0.247747871771891,NA,NA,"1",-0.374555463951292,-2.43860776820221,-3.02278927643485,-1.27085278082913,-0.0156491180866203,-0.110501928019859,2.22375897827764
"156",2002,"1404",0.0165661661684962,-0.00830180738534915,0.0733424291066824,0.0567762629381862,1,0.0816442364920316,0.479443868086887,-0.493929919359416,-0.34739106611618,3.69125373592473,1.36144507156668,21115.4138009755,"0",1997,1,2002.1,2002.9,5,"454","221",0.19065659665272,1.39141302337676,-1.04390587435327,NA,NA,"1",0.84541467655805,-2.86863694661994,-2.50538405002978,0.548679872095426,-0.330201121765488,-0.891456920455858,-0.5989022035705
"157",2002,"1503",0.0468270164248198,0.050797124229002,0.100026902722689,0.0531998862978691,0,0.0492297784936869,2.8303774660272,-0.147658394453206,0.697725527315702,-0.296010899306371,0.610752091862724,24429.6402062589,"0",1999,0,2002.1,2002.9,3,"1186","1184",-0.806476144333436,-0.964590881413261,-0.865325934858006,NA,NA,"0",1.82974617787978,-2.93369901989492,-3.01125658463944,1.38709580550917,1.60266498313824,1.40457685201103,1.39632784414493
"158",2002,"1510",-0.0124730788531426,0.00639197449481063,0.051961562228055,0.0644346410811976,0,0.0455695877332443,1.07549510222712,0.0280333462457904,0.866563349763976,-1.56252081857866,0.486258255002456,34968.4026923077,"0",1999,0,2002.1,2002.9,3,"1247","1020",-0.823670781892028,-0.557812640120046,-0.247747871771891,NA,NA,"0",-0.247834529468611,-2.74210388550332,-3.0885147206368,-0.503730510918934,0.234606180852689,0.869908070036789,1.63504461394056
"159",2002,"1521",0.0265973022878037,0.0585565821336794,0.0951092954898086,0.0685119932020049,2,0.0365527133561292,-0.353426235636547,0.0213914998351655,0.319551699466383,-1.20269563686801,-1.2558285073228,4829.22923076923,"1",1999,1,2002.1,2002.9,3,"826","1213",0.244089792172024,-1.09961373587837,0.530369112031751,NA,NA,"1",1.6698280432081,-2.68074646579829,-3.30899985871197,0.7094936763566,2.18839578627932,2.32702658573736,-0.054247986064698
"160",2002,"1524",-0.0332708943034892,-0.0228856231359658,0.0431261512098279,0.0763970455133171,1,0.0660117743457937,-1.49953245679788,0.00461898048180373,0.297796306475902,-1.20269563686801,-1.25403398517307,4024.47243589744,"1",1999,0,2002.1,2002.9,3,"938","1028",0.23161352451005,-0.369899231908122,-0.113616819120252,NA,NA,"1",-0.839051219346576,-2.57181125484908,-2.71792215368826,-1.3003897060846,-1.08440814803902,0.571339627611491,-0.0514020184805321
"161",2002,"1533",0.00545361803588099,-0.0107545335081861,0.0552572408376075,0.0498036228017265,1,0.0660117743457937,-1.49953245679788,0.897480827314441,0.125221369091465,-1.20269563686801,0.504838030299769,17276.4077385798,"1",1999,0,2002.1,2002.9,3,"677","1028",0.571591818296727,-0.369899231908122,-1.66148393743936,NA,NA,"1",-0.0527600379313141,-2.99966755057485,-2.71792215368826,0.208925541853706,-0.497400852836648,0.571339627611491,-0.19379041390536
"162",2002,"1539",-0.0260345101897947,-0.00737492775148461,0.0606579927743199,0.0866925029641146,0,0.0680329205258045,0.0171228362060022,-0.935948502140529,0.00523305933057501,-1.14105134876183,0.538814208526064,16921.0113884535,"1",1999,0,2002.1,2002.9,3,"459","176",0.954830831624201,2.01736363127556,-1.04390587435327,NA,NA,"0",0.243053485917576,-2.44538786993661,-2.68776356557744,-0.820834974136662,-0.347982470269836,-0.506799409076634,-0.192452387812421
"163",2002,"1542",-0.0008916885173487,-0.0112876300468504,0.0388974436853738,0.0397891322027225,0,0.0501850737322242,-0.180214913045909,-0.108852113398934,0.347942379858258,-1.14105134876183,0.292172989466317,21884.2153401361,"1",1999,0,2002.1,2002.9,3,"1022","1199",-0.269516559909541,-0.70992184869798,1.09957632767038,NA,NA,"0",-1.1664249407671,-3.22416146421258,-2.99203763250904,-0.0737992228731064,-0.679647191481399,0.984204927557143,0.675045734774897
"164",2002,"1543",0.0149131245658531,0.000452688503166862,0.0491179764387074,0.0342048518728543,1,0.0486652879355406,-0.598592617202176,-0.0970796217721856,0.959667239035972,-0.644861529725396,0.748022946627152,10644.0812583286,"1",1999,0,2002.1,2002.9,3,"199","609",2.93896360714184,0.176671239693312,-0.600462862078055,NA,NA,"1",-0.426362984094601,-3.37538777734852,-3.02278927643485,0.785078677036686,-0.054326128574933,-0.154752540723629,-0.582821691890078
"165",2002,"1549",-0.0369953546733394,-0.0221719949476615,0.045860925578143,0.0828562802514824,1,0.0680329205258045,0.0171228362060022,-0.130923191474264,0.141657072460089,-1.14105134876183,0.292172989466317,17982.5829722443,"1",1999,0,2002.1,2002.9,3,"1042","176",-0.523714832160131,2.01736363127556,-0.865325934858006,NA,NA,"1",-0.644012383810579,-2.49064773530915,-2.68776356557744,-1.34434651644673,-1.01022331585355,-0.506799409076634,0.978318666142212
"166",2002,"1564",-0.0392370685075958,0.00594778134711518,0.0496932442762867,0.0889303127838826,1,0.0437454629291715,0.0312559459174975,-0.375794604405664,1.50362819133069,-0.572009189236297,0.433130466261528,10875.7181096516,"1",1999,1,2002.1,2002.9,3,"297","634",2.32138835787783,0.343599394196199,-0.483065508002836,NA,NA,"1",-0.389426250354251,-2.4199022183848,-3.12936737603227,-1.32310475395178,0.225648177897264,-0.218202502253711,-0.437293502727348
"167",2002,"1566",-0.0319242170303055,-0.047435395070725,0.0422000444364216,0.0741242614667271,0,0.0896354395071466,-0.212773681080485,1.90237719958215,1.70896014650053,-0.572009189236297,0.433130466261528,6837.80397435898,"1",1999,0,2002.1,2002.9,3,"1160","1179",-0.517456813567363,-0.974656088793249,-0.865325934858006,NA,NA,"0",-0.907914147454827,-2.60201238506326,-2.41200450698902,-1.28141994244418,-1.86029453808559,1.81788841635787,0.984074191699178
"168",2002,"1598",-0.0276538605750722,-0.02775348320457,0.0481431519633745,0.0757970125384467,0,0.0758966351679445,-1.17635393485562,1.57078863992652,-0.16354754783622,-0.00506853953254788,1.16856887353627,5811.12861111111,"0",2000,0,2002.1,2002.9,2,"1195","1279",-0.460180177668785,-0.742181594153631,-0.877353280709807,NA,NA,"0",-0.489953363563849,-2.57969639953205,-2.57838292800141,-1.03696891253656,-1.15424634316976,1.2660290944365,0.96226700316372
"169",2002,"1604",-0.0146097417059873,0.000297517673779828,0.0498248993752103,0.0644346410811976,0,0.0495273817014305,-0.234643538565577,0.0280333462457904,0.698106851562589,0.548095545783827,0.239358157811557,34968.4026923077,"1",2000,0,2002.1,2002.9,2,"1247","494",-0.300545310289867,1.78123782758895,-0.247747871771891,NA,NA,"0",-0.381033091876637,-2.74210388550332,-3.00522959666177,-0.597518891560278,-0.0620699792836802,-0.243283285235244,0.897797421298048
"170",2002,"1608",-0.0221183559880346,-0.00721109660826751,0.0423162850931629,0.0644346410811976,0,0.0495273817014305,-0.234643538565577,0.0280333462457904,0.791058236102498,0.548095545783827,1.62608486904019,34968.4026923077,"1",2000,0,2002.1,2002.9,2,"1247","494",-0.297434765415182,1.78409163444573,-0.247747871771891,NA,NA,"0",-0.899188303266996,-2.74210388550332,-3.00522959666177,-0.962364707600757,-0.448899815764613,-0.243283285235244,0.897797421298048
"171",2002,"1610",-0.0348039836863209,-0.0310895338450143,0.0463910437019979,0.0811950273883189,0,0.0774805775470122,0.119125624380388,-1.00290800278064,0.449054390398223,0.548095545783827,1.62608486904019,35134.884,"1",2000,0,2002.1,2002.9,2,"1170","917",-0.405568099845434,0.427675932280066,1.67375136007389,NA,NA,"0",-0.607554493019861,-2.5109012727498,-2.55772798632796,-1.27343691684988,-1.29095690660567,-0.120515838349934,1.18471180437505
"172",2002,"1677",0.012236021472599,0.0138030006337838,0.0515931063504791,0.0393570848778801,0,0.0377901057166953,0.670809383841643,0.0390782194665819,0.389946864325125,1.2733499353966,3.49524268250146,11647.728,"1",2001,0,2002.1,2002.9,1,"1588","1587",-1.11554215563004,-1.00994947003107,0.296620260042353,NA,NA,"0",-0.27040847075373,-3.23507927260288,-3.27570796414661,0.581494223204492,0.661066102510888,0.582177806082018,0.782132752098458
"173",2002,"1698",-0.0058471414744056,0.0363758505025773,0.0801261094432879,0.0859732509176935,0,0.0437502589407106,0.179339847629122,-1.15859959185701,1.93482720713748,0.129661590154048,0.290686088358498,21880.6309090909,"1",2001,0,2002.1,2002.9,1,"1552","1504",-1.0066560409332,-1.04047347542586,-0.33821442970069,NA,NA,"0",1.12603483083496,-2.45371906695108,-3.12925774755122,-0.180497386392244,1.35675913521185,0.573344886065711,0.963980465421426
"174",2002,"1709",-0.0280275615174969,0.00308885137562708,0.04540513646879,0.0734326979862869,0,0.0423162850931629,0.584823003018756,0.897853970700547,1.75796220553111,1.2733499353966,0.795873895117743,24909.0153585434,"1",2001,0,2002.1,2002.9,1,"1049","1608",0.309127166516036,-1.43265690539643,-0.865325934858006,NA,NA,"0",-0.675696966772175,-2.61138596590452,-3.16258327663758,-1.0969731036133,0.0905943498255984,1.70689353455563,0.865209537198496
"175",2002,"1718",0.0327397986486199,0.01972450472532,0.0749817455629275,0.0422419469143077,0,0.0552572408376075,-0.00766526710952278,-0.482194744107086,0.940028291321273,1.2733499353966,3.49524268250146,17913.6391577194,"1",2001,0,2002.1,2002.9,1,"858","1533",1.09663474906828,-1.0128110955368,0.112549575701709,NA,NA,"0",0.915537322521359,-3.16434154892502,-2.89575589128705,1.25854661396157,0.646630815587546,0.582177806082018,0.151881629730387
"176",2002,"1759",0.0259565582009709,0.025404237903953,0.0699764415789243,0.0440198833779534,0,0.0445722036749713,0.815805362427473,-0.775368814102716,-0.24376220735787,0.129661590154048,3.02566877086354,17575.8127694236,"1",2001,0,2002.1,2002.9,1,"522","1360",1.36487450379914,-0.40042323730291,-1.66148393743936,NA,NA,"0",0.696382944799024,-3.12311385218416,-3.11064485023559,1.01214763068961,0.991922424886118,1.54299700924612,0.021896250002548
"177",2003,"912",-0.000817512242067657,-0.0305564678541943,0.0412596809841281,0.0420771932261958,0,0.0718161488383224,-0.623312868113173,0.628859201249281,-0.749818056478648,0.203681436099713,0.552847093933594,14812.2455905512,"0",1994,0,2003.1,2003.9,9,"64","178",0.822156860506563,0.159214802864864,-0.19205603119725,6092.856566,6092.856566,"0",-0.979401122759617,-3.16824941367568,-2.6336459140346,-0.0669974220871298,-1.38877032459576,-1.04446578785628,-1.12732827703137
"178",2003,"929",0.00723249842791247,-0.00722793763477374,0.0414373503007668,0.0342048518728543,0,0.0486652879355406,-0.598592617202176,-0.0970796217721856,-0.298007662033153,-0.371431751799911,0.69419494110674,10644.0812583286,"1",1994,0,2003.1,2003.9,9,"199","609",1.10807132775836,-1.50310293219137,-0.600462862078055,30458.04242,30458.04242,"0",-0.965770586775666,-3.37538777734852,-3.02278927643485,0.405268530091451,-0.457021981390534,-1.22115928915858,-1.11004245605558
"179",2003,"1042",0.0369417768094009,0.0361918302891299,0.0828562802514824,0.0459145034420814,0,0.0466644499623525,-1.01435749465966,-1.26820869546144,-0.226068079880073,-1.0427473893198,0.370281014121953,24266.2541121751,"0",1996,0,2003.1,2003.9,7,"1043","559",-1.37731084074928,-0.794855831946977,-0.615889240453205,16188.67596,16188.67596,"0",1.23232167617851,-3.08097423269622,-3.06477264697587,1.29539137035533,1.28339366425291,-1.48231866897484,-0.726126325848039
"180",2003,"1186",0.00410773806143091,-0.0203194637032692,0.0531998862978691,0.0490921482364382,0,0.0735193500011383,0.877784099952648,-0.158535354168154,-0.243171121486304,-1.0427473893198,0.953268517625295,7334.63992753623,"0",1996,1,2003.1,2003.9,7,"604","603",-0.599657577987328,-0.770086352159298,-1.66148393743936,NA,NA,"0",-0.173123007747098,-3.01405617068739,-2.61020664208997,0.156313724567599,-0.842350815310274,-1.48231866897484,-1.47434156431933
"181",2003,"1305",-0.007619151656277,-0.0240739648231035,0.0413510892983211,0.0489702409545981,0,0.0654250541214246,0.0470178650963795,-0.606692042842362,1.12047788232616,4.04220587616556,-0.198506546223457,6837.80397435898,"0",1998,0,2003.1,2003.9,6,"1177","854",-1.23691306002943,-0.643661405292967,-0.865325934858006,23100.93401,23100.93401,"0",-0.972381092925856,-3.01654249282672,-2.72685000333777,-0.400910033508227,-1.16280283349653,0.149375841236728,2.86749636085054
"182",2003,"1362",0.0487643271012142,0.034303891038528,0.0829691789740685,0.0342048518728543,2,0.0486652879355406,-0.598592617202176,-0.0970796217721856,-1.50477382042059,-1.20666515542031,-1.2558285073228,10644.0812583286,"0",1998,0,2003.1,2003.9,5,"199","609",2.69463669876293,-0.0474894249250873,-0.600462862078055,16056.88033,16056.88033,"1",1.23664111810253,-3.37538777734852,-3.02278927643485,1.95604072741676,1.18719299692779,-0.110501928019859,-0.588412914985122
"183",2003,"1370",-0.0158283104849587,-0.0148791675822428,0.0353616529108579,0.0511899633958166,1,0.0502408204931007,-0.0806892282476327,0.381077314694049,0.490258068979959,3.09699345853757,1.25735270825712,16554.2479914665,"1",1997,0,2003.1,2003.9,6,"308","216",0.892855710590655,1.3085092826314,-1.77182176242765,23345.88033,23345.88033,"1",-1.46873679088621,-2.97221179357802,-2.9909274254846,-0.84942420546898,-0.907967924825437,-1.3011167211069,-1.14608057633265
"184",2003,"1384",-0.0373555381947066,0.00126145795222511,0.0499267458877657,0.0872822840824722,1,0.0486652879355406,-0.598592617202176,-0.524023447908447,-0.664073987321577,-1.20666515542031,0.45109536882579,34968.4026923077,"0",1998,0,2003.1,2003.9,5,"1246","609",-1.14389498521406,-0.0579820517794896,-0.247747871771891,23345.88033,23345.88033,"1",-0.374555463951292,-2.43860776820221,-3.02278927643485,-1.27085278082913,-0.0156491180866203,-0.110501928019859,2.22375897827764
"185",2003,"1503",0.0468270164248198,0.050797124229002,0.100026902722689,0.0531998862978691,0,0.0492297784936869,2.8303774660272,-0.147658394453206,0.697725527315702,-0.296010899306371,0.610752091862724,24429.6402062589,"0",1999,0,2003.1,2003.9,4,"1186","1184",-0.806476144333436,-0.964590881413261,-0.865325934858006,NA,NA,"0",1.82974617787978,-2.93369901989492,-3.01125658463944,1.38709580550917,1.60266498313824,1.40457685201103,1.39632784414493
"186",2003,"1510",-0.0124730788531426,0.00639197449481063,0.051961562228055,0.0644346410811976,0,0.0455695877332443,1.07549510222712,0.0280333462457904,0.866563349763976,-1.56252081857866,0.486258255002456,34968.4026923077,"0",1999,0,2003.1,2003.9,4,"1247","1020",-0.823670781892028,-0.557812640120046,-0.247747871771891,14442.73026,14442.73026,"0",-0.247834529468611,-2.74210388550332,-3.0885147206368,-0.503730510918934,0.234606180852689,0.869908070036789,1.63504461394056
"187",2003,"1524",-0.0332708943034892,-0.0228856231359658,0.0431261512098279,0.0763970455133171,1,0.0660117743457937,-1.49953245679788,0.00461898048180373,0.297796306475902,-1.20269563686801,-1.25403398517307,4024.47243589744,"1",1999,0,2003.1,2003.9,4,"938","1028",0.23161352451005,-0.369899231908122,-0.113616819120252,17832.86603,17832.86603,"1",-0.839051219346576,-2.57181125484908,-2.71792215368826,-1.3003897060846,-1.08440814803902,0.571339627611491,-0.0514020184805321
"188",2003,"1533",0.00545361803588099,-0.0107545335081861,0.0552572408376075,0.0498036228017265,1,0.0660117743457937,-1.49953245679788,0.897480827314441,0.125221369091465,-1.20269563686801,0.504838030299769,17276.4077385798,"1",1999,0,2003.1,2003.9,4,"677","1028",0.571591818296727,-0.369899231908122,-1.66148393743936,23376.15158,23376.15158,"1",-0.0527600379313141,-2.99966755057485,-2.71792215368826,0.208925541853706,-0.497400852836648,0.571339627611491,-0.19379041390536
"189",2003,"1539",-0.0260345101897947,-0.00737492775148461,0.0606579927743199,0.0866925029641146,0,0.0680329205258045,0.0171228362060022,-0.935948502140529,0.00523305933057501,-1.14105134876183,0.538814208526064,16921.0113884535,"1",1999,0,2003.1,2003.9,4,"459","176",0.954830831624201,2.01736363127556,-1.04390587435327,42411.66341,42411.66341,"0",0.243053485917576,-2.44538786993661,-2.68776356557744,-0.820834974136662,-0.347982470269836,-0.506799409076634,-0.192452387812421
"190",2003,"1542",-0.0008916885173487,-0.0112876300468504,0.0388974436853738,0.0397891322027225,0,0.0501850737322242,-0.180214913045909,-0.108852113398934,0.347942379858258,-1.14105134876183,0.292172989466317,21884.2153401361,"1",1999,0,2003.1,2003.9,4,"1022","1199",-0.269516559909541,-0.70992184869798,1.09957632767038,23626.20612,23626.20612,"0",-1.1664249407671,-3.22416146421258,-2.99203763250904,-0.0737992228731064,-0.679647191481399,0.984204927557143,0.675045734774897
"191",2003,"1543",0.0149131245658531,0.000452688503166862,0.0491179764387074,0.0342048518728543,1,0.0486652879355406,-0.598592617202176,-0.0970796217721856,0.959667239035972,-0.644861529725396,0.748022946627152,10644.0812583286,"1",1999,0,2003.1,2003.9,4,"199","609",2.93896360714184,0.176671239693312,-0.600462862078055,47112.15993,47112.15993,"1",-0.426362984094601,-3.37538777734852,-3.02278927643485,0.785078677036686,-0.054326128574933,-0.154752540723629,-0.582821691890078
"192",2003,"1549",-0.0369953546733394,-0.0221719949476615,0.045860925578143,0.0828562802514824,1,0.0680329205258045,0.0171228362060022,-0.130923191474264,0.141657072460089,-1.14105134876183,0.292172989466317,17982.5829722443,"1",1999,1,2003.1,2003.9,4,"1042","176",-0.523714832160131,2.01736363127556,-0.865325934858006,NA,NA,"1",-0.644012383810579,-2.49064773530915,-2.68776356557744,-1.34434651644673,-1.01022331585355,-0.506799409076634,0.978318666142212
"193",2003,"1566",-0.0319242170303055,-0.047435395070725,0.0422000444364216,0.0741242614667271,0,0.0896354395071466,-0.212773681080485,1.90237719958215,1.70896014650053,-0.572009189236297,0.433130466261528,6837.80397435898,"1",1999,0,2003.1,2003.9,4,"1160","1179",-0.517456813567363,-0.974656088793249,-0.865325934858006,12769.57414,12769.57414,"0",-0.907914147454827,-2.60201238506326,-2.41200450698902,-1.28141994244418,-1.86029453808559,1.81788841635787,0.984074191699178
"194",2003,"1598",-0.0276538605750722,-0.02775348320457,0.0481431519633745,0.0757970125384467,0,0.0758966351679445,-1.17635393485562,1.57078863992652,-0.16354754783622,-0.00506853953254788,1.16856887353627,5811.12861111111,"0",2000,0,2003.1,2003.9,3,"1195","1279",-0.460180177668785,-0.742181594153631,-0.877353280709807,13402.08745,13402.08745,"0",-0.489953363563849,-2.57969639953205,-2.57838292800141,-1.03696891253656,-1.15424634316976,1.2660290944365,0.96226700316372
"195",2003,"1604",-0.0146097417059873,0.000297517673779828,0.0498248993752103,0.0644346410811976,0,0.0495273817014305,-0.234643538565577,0.0280333462457904,0.698106851562589,0.548095545783827,0.239358157811557,34968.4026923077,"1",2000,0,2003.1,2003.9,3,"1247","494",-0.300545310289867,1.78123782758895,-0.247747871771891,7705.566161,7705.566161,"0",-0.381033091876637,-2.74210388550332,-3.00522959666177,-0.597518891560278,-0.0620699792836802,-0.243283285235244,0.897797421298048
"196",2003,"1608",-0.0221183559880346,-0.00721109660826751,0.0423162850931629,0.0644346410811976,0,0.0495273817014305,-0.234643538565577,0.0280333462457904,0.791058236102498,0.548095545783827,1.62608486904019,34968.4026923077,"1",2000,0,2003.1,2003.9,3,"1247","494",-0.297434765415182,1.78409163444573,-0.247747871771891,34887.75486,34887.75486,"0",-0.899188303266996,-2.74210388550332,-3.00522959666177,-0.962364707600757,-0.448899815764613,-0.243283285235244,0.897797421298048
"197",2003,"1610",-0.0348039836863209,-0.0310895338450143,0.0463910437019979,0.0811950273883189,0,0.0774805775470122,0.119125624380388,-1.00290800278064,0.449054390398223,0.548095545783827,1.62608486904019,35134.884,"1",2000,0,2003.1,2003.9,3,"1170","917",-0.405568099845434,0.427675932280066,1.67375136007389,14484.55045,14484.55045,"0",-0.607554493019861,-2.5109012727498,-2.55772798632796,-1.27343691684988,-1.29095690660567,-0.120515838349934,1.18471180437505
"198",2003,"1668",0.00100950849763511,0.0329687883435109,0.0695215016996401,0.0685119932020049,0,0.0365527133561292,-0.353426235636547,0.0213914998351655,1.78171961323442,0.967463505778863,-0.988830151742674,4829.22923076923,"1",2002,0,2003.1,2003.9,1,"826","1213",1.258826228673,-0.168631571335831,0.530369112031751,24576.1869,24576.1869,"0",0.675692134644369,-2.68074646579829,-3.30899985871197,0.00949815601467049,1.44622158346151,2.07800902528546,0.603337412291088
"199",2003,"1677",0.012236021472599,0.0138030006337838,0.0515931063504791,0.0393570848778801,0,0.0377901057166953,0.670809383841643,0.0390782194665819,0.389946864325125,1.2733499353966,3.49524268250146,11647.728,"1",2001,0,2003.1,2003.9,2,"1588","1587",-1.11554215563004,-1.00994947003107,0.296620260042353,26275.91349,26275.91349,"0",-0.27040847075373,-3.23507927260288,-3.27570796414661,0.581494223204492,0.661066102510888,0.582177806082018,0.782132752098458
"200",2003,"1698",-0.0058471414744056,0.0363758505025773,0.0801261094432879,0.0859732509176935,0,0.0437502589407106,0.179339847629122,-1.15859959185701,1.93482720713748,0.129661590154048,0.290686088358498,21880.6309090909,"1",2001,0,2003.1,2003.9,2,"1552","1504",-1.0066560409332,-1.04047347542586,-0.33821442970069,14485.89313,14485.89313,"0",1.12603483083496,-2.45371906695108,-3.12925774755122,-0.180497386392244,1.35675913521185,0.573344886065711,0.963980465421426
"201",2003,"1699",-0.041610031154448,0.000612960822534918,0.0443632197632455,0.0859732509176935,0,0.0437502589407106,0.179339847629122,-1.15859959185701,-0.137254234024448,1.32168466129804,4.19408238678347,21880.6309090909,"1",2002,0,2003.1,2003.9,1,"1552","1504",-0.876694919455183,-0.921239079352348,-0.33821442970069,14485.89313,14485.89313,"0",-0.749337849300152,-2.45371906695108,-3.12925774755122,-1.50099337065138,-0.0433041879975841,2.05447466095351,2.5080719053758
"202",2003,"1705",0.0353490030485756,0.0249035098610007,0.0766086840327037,0.0412596809841281,0,0.051705174171703,1.87869074828734,-0.643408769793853,0.626567672352073,0.247346140174924,0.211154901599617,20001.5181268785,"0",2002,0,2003.1,2003.9,1,"912","1348",1.37007294865819,-0.409008113820241,0.530369112031751,6092.856566,6092.856566,"0",0.983630840647259,-3.18786950321264,-2.96219742178491,1.35904543849531,0.854813537845361,1.14059884853923,0.58478989303324
"203",2003,"1709",-0.0280275615174969,0.00308885137562708,0.04540513646879,0.0734326979862869,0,0.0423162850931629,0.584823003018756,0.897853970700547,1.75796220553111,1.2733499353966,0.795873895117743,24909.0153585434,"1",2001,0,2003.1,2003.9,2,"1049","1608",0.309127166516036,-1.43265690539643,-0.865325934858006,34887.75486,34887.75486,"0",-0.675696966772175,-2.61138596590452,-3.16258327663758,-1.0969731036133,0.0905943498255984,1.70689353455563,0.865209537198496
"204",2003,"1716",0.0475192580674012,0.0410217713187314,0.0934337615094826,0.0459145034420814,1,0.0524119901907512,-2.5336086558896,-1.26820869546144,-0.683732013731955,0.328371018859941,0.225346619205495,24266.2541121751,"0",2002,0,2003.1,2003.9,1,"1043","1412",0.915728867970815,-0.401377112471486,-0.615889240453205,42300.52504,42300.52504,"1",1.61344560127534,-3.08097423269622,-2.94861989339636,1.56375009069202,1.29284862811051,1.12939453777886,1.06006239496205
"205",2003,"1718",0.0327397986486199,0.01972450472532,0.0749817455629275,0.0422419469143077,0,0.0552572408376075,-0.00766526710952278,-0.482194744107086,0.940028291321273,1.2733499353966,3.49524268250146,17913.6391577194,"1",2001,0,2003.1,2003.9,2,"858","1533",1.09663474906828,-1.0128110955368,0.112549575701709,32257.47274,32257.47274,"0",0.915537322521359,-3.16434154892502,-2.89575589128705,1.25854661396157,0.646630815587546,0.582177806082018,0.151881629730387
"206",2003,"1723",0.0637856276929404,0.0638346172706804,0.109377383996719,0.0455917563037787,0,0.0455427667260387,-0.140665921796477,1.22076709422536,0.695418419916478,1.36161334791226,0.151920164414707,17118.8133333333,"1",2002,0,2003.1,2003.9,1,"1550","1040",-0.725940018540541,0.572529434657554,-0.975402295806019,18426.61082,18426.61082,"0",2.11322919187754,-3.08802836161685,-3.08910346643619,1.9314162393706,1.99865742020319,1.08382598032866,1.98041848773046
"207",2003,"1747",0.0495664249010996,0.075951770971937,0.118078418103105,0.0685119932020049,0,0.0421266471311676,-1.97704361481158,0.0213914998351655,2.71796393145773,0.328371018859941,4.9850043974436,4829.22923076923,"1",2002,0,2003.1,2003.9,1,"826","1590",1.35343792510906,-1.08297565097056,0.530369112031751,9903.147155,9903.147155,"0",2.35604422988869,-2.68074646579829,-3.16707479003742,1.19267535456046,2.36458380041344,2.61184434936618,0.590713355803698
"208",2003,"1750",-0.0300334032275646,0.00237947239245072,0.052935775746504,0.0829691789740685,0,0.0505563033540532,0.648820761506607,-1.38212754511904,-0.850091124547683,0.328371018859941,0.159338621536349,0,"1",2002,0,2003.1,2003.9,1,"1362","1187",-0.243524335613781,0.16414837033519,-1.04887369111814,16056.88033,16056.88033,"0",-0.188910569697462,-2.48928607781027,-2.98466764585817,-1.02693957192004,0.0326645067843983,1.49890491150844,1.19256042061526
"209",2003,"1752",0.00459735890823288,0.00781057666715795,0.0540191672601158,0.0494218083518829,0,0.0462085905929579,2.47696459763106,-0.420365868325012,-0.22297922448584,0.247346140174924,0.15247854512607,6837.80397435898,"1",2002,0,2003.1,2003.9,1,"1200","1553",0.564876450183683,-0.819174436313341,-0.865325934858006,7690.163908,7690.163908,"0",-0.124643399769742,-3.00736348759208,-3.07458955460929,0.175500498062387,0.293597081445882,1.98526186839629,1.38737280423339
"210",2003,"1753",0.00350760733345905,-0.00239322808669298,0.0549875797429517,0.0514799724094926,0,0.0573808078296446,0.161474078096692,0.715539031599091,-0.0408708064292188,1.32168466129804,4.19408238678347,21815.4118435078,"0",2002,0,2003.1,2003.9,1,"1244","1188",0.0486282654689617,-0.0180339682163729,1.67375136007389,NA,NA,"0",-0.0682785728221373,-2.9665624322005,-2.8580453899354,0.124054311217277,-0.177145272581482,1.6492644133319,2.05523886109328
"211",2003,"1759",0.0259565582009709,0.025404237903953,0.0699764415789243,0.0440198833779534,0,0.0445722036749713,0.815805362427473,-0.775368814102716,-0.24376220735787,0.129661590154048,3.02566877086354,17575.8127694236,"1",2001,0,2003.1,2003.9,2,"522","1360",1.36487450379914,-0.40042323730291,-1.66148393743936,18387.9598,18387.9598,"0",0.696382944799024,-3.12311385218416,-3.11064485023559,1.01214763068961,0.991922424886118,1.54299700924612,0.021896250002548
"212",2003,"1776",0.0511248445563402,0.0641889630990214,0.103086406784395,0.051961562228055,0,0.0388974436853738,0.190520794564729,0.938208789681826,0.558555867258599,0.624917404825241,-0.520802412844688,19265.1351801501,"0",2002,0,2003.1,2003.9,1,"1510","1542",-0.468097153528035,-0.740002797320446,-1.4473448884692,14442.73026,14442.73026,"0",1.92531918565796,-2.95725102165683,-3.24682674554601,1.50699732682685,2.23189435670485,2.31699665103246,2.09666577519642
"213",2003,"1793",0.0233354157035027,0.0241685195652489,0.0705595632672468,0.0472241475637441,0,0.0463910437019979,0.280494304867551,-0.124281345063639,-0.555678388227174,0.328371018859941,0.302047817380431,11906.0133333333,"1",2002,0,2003.1,2003.9,1,"1275","1610",0.0309535529478507,-1.23138403239169,4.8285764698101,13136.02838,13136.02838,"0",0.722707669398783,-3.05284991628698,-3.07064886204523,0.873740595482185,0.916856381360857,3.30520890551727,1.22338063856054
"214",2003,"1796",0.0760618867859167,0.0815803853880894,0.119798307553206,0.043736420767289,0,0.0382179221651163,-0.0362708411232367,0.475331819382618,-0.616139690276724,0.328371018859941,0.302047817380431,21969.7404414557,"1",2002,0,2003.1,2003.9,1,"1437","1196",-0.333977276162689,0.27259042467883,-0.137932974864133,8576.16053,8576.16053,"0",2.4019160424666,-3.12957409681909,-3.26445070676778,2.22748512229939,2.62943592490069,1.41231900846124,1.33420252760612
"215",2003,"1864",-0.044022776258799,0.0249487664921797,0.0560041264638899,0.100026902722689,0,0.0310553599717103,1.01920015605379,0.773002196945418,0.595545754790008,-0.301848426589157,-0.117515253591337,20641.8694783933,"0",2003,0,2003.1,2003.9,1,"1503","1209",-0.0147927618124633,0.278735882732163,-0.0291639341173666,NA,NA,"0",-0.0101702002177835,-2.30231610194849,-3.47198386161283,-1.3187039318004,1.32016967542548,1.61052026048477,1.14941442466994
"216",2003,"1868",-0.0185679755631298,-0.014849820268322,0.0313587703246358,0.0499267458877657,0,0.0462085905929579,2.47696459763106,-0.559508815936449,-0.425565553533647,0.158849226567958,-0.0184569613787307,18876.280979448,"1",2003,0,2003.1,2003.9,1,"1384","1553",0.158835296482336,-0.479594876295728,-1.04887369111814,NA,NA,"0",-1.84982515649965,-2.99719843008107,-3.07458955460929,-1.06194724069491,-0.994340899656391,1.3705849239723,0.90435324518159
"217",2003,"1870",-0.0142987371589941,-0.00629061674776241,0.0443595173645287,0.0586582545235229,0,0.0506501341122911,0.24479671977538,0.700762785591506,0.813480967330587,0.158849226567958,0.613226038600297,47347.5980769231,"0",2003,0,2003.1,2003.9,1,"1892","1754",-1.03784671008801,-1.16447724734248,0.447485011270412,NA,NA,"0",-0.749602600543422,-2.83602697169684,-2.98281340046684,-0.647249270894919,-0.390312518399354,1.8034497222965,1.7929588057683
"218",2003,"1874",-0.0118654028076539,0.00513618011289979,0.041688893469029,0.0535542962766829,0,0.0365527133561292,-0.353426235636547,0.899141294006619,1.17762150946667,0.158849226567958,0.613226038600297,18616.7646907216,"1",2003,0,2003.1,2003.9,1,"1669","1213",-0.972346304863054,0.277782007563667,-1.14195488944948,NA,NA,"0",-0.946572168538314,-2.92705925605012,-3.30899985871197,-0.582608867902323,0.235116838523908,1.59236240584943,1.84323806265153
"219",2003,"1877",-0.0194843956151411,0.000949460600295535,0.0440756118101234,0.0635600074252645,1,0.0431261512098279,0.145898813199516,0.083854713266193,-1.19617529365476,0.111682006123092,0.0607482372535563,52540.4536111111,"1",2003,0,2003.1,2003.9,1,"1893","1524",-1.07527551307368,-0.405192613145785,1.72813588044726,NA,NA,"1",-0.769970222218304,-2.75577082049071,-3.14362570926626,-0.840852344672075,-0.0246810059270792,1.12844288839934,1.71390925811804
"220",2004,"912",-0.000817512242067657,-0.0305564678541943,0.0412596809841281,0.0420771932261958,0,0.0718161488383224,-0.623312868113173,0.628859201249281,-0.749818056478648,0.203681436099713,0.552847093933594,14812.2455905512,"0",1994,0,2004.1,2004.9,10,"64","178",0.822156860506563,0.159214802864864,-0.19205603119725,4342.640802,4342.640802,"0",-0.979401122759617,-3.16824941367568,-2.6336459140346,-0.0669974220871298,-1.38877032459576,-1.04446578785628,-1.12732827703137
"221",2004,"929",0.00723249842791247,-0.00722793763477374,0.0414373503007668,0.0342048518728543,0,0.0486652879355406,-0.598592617202176,-0.0970796217721856,-0.298007662033153,-0.371431751799911,0.69419494110674,10644.0812583286,"1",1994,0,2004.1,2004.9,10,"199","609",1.10807132775836,-1.50310293219137,-0.600462862078055,25987.05699,25987.05699,"0",-0.965770586775666,-3.37538777734852,-3.02278927643485,0.405268530091451,-0.457021981390534,-1.22115928915858,-1.11004245605558
"222",2004,"1042",0.0369417768094009,0.0361918302891299,0.0828562802514824,0.0459145034420814,0,0.0466644499623525,-1.01435749465966,-1.26820869546144,-0.226068079880073,-1.0427473893198,0.370281014121953,24266.2541121751,"0",1996,0,2004.1,2004.9,8,"1043","559",-1.37731084074928,-0.794855831946977,-0.615889240453205,7164.249355,7164.249355,"0",1.23232167617851,-3.08097423269622,-3.06477264697587,1.29539137035533,1.28339366425291,-1.48231866897484,-0.726126325848039
"223",2004,"1305",-0.007619151656277,-0.0240739648231035,0.0413510892983211,0.0489702409545981,0,0.0654250541214246,0.0470178650963795,-0.606692042842362,1.12047788232616,4.04220587616556,-0.198506546223457,6837.80397435898,"0",1998,0,2004.1,2004.9,7,"1177","854",-1.23691306002943,-0.643661405292967,-0.865325934858006,17908.99449,17908.99449,"0",-0.972381092925856,-3.01654249282672,-2.72685000333777,-0.400910033508227,-1.16280283349653,0.149375841236728,2.86749636085054
"224",2004,"1362",0.0487643271012142,0.034303891038528,0.0829691789740685,0.0342048518728543,2,0.0486652879355406,-0.598592617202176,-0.0970796217721856,-1.50477382042059,-1.20666515542031,-1.2558285073228,10644.0812583286,"0",1998,1,2004.1,2004.9,6,"199","609",2.69463669876293,-0.0474894249250873,-0.600462862078055,NA,NA,"1",1.23664111810253,-3.37538777734852,-3.02278927643485,1.95604072741676,1.18719299692779,-0.110501928019859,-0.588412914985122
"225",2004,"1370",-0.0158283104849587,-0.0148791675822428,0.0353616529108579,0.0511899633958166,1,0.0502408204931007,-0.0806892282476327,0.381077314694049,0.490258068979959,3.09699345853757,1.25735270825712,16554.2479914665,"1",1997,0,2004.1,2004.9,7,"308","216",0.892855710590655,1.3085092826314,-1.77182176242765,NA,NA,"1",-1.46873679088621,-2.97221179357802,-2.9909274254846,-0.84942420546898,-0.907967924825437,-1.3011167211069,-1.14608057633265
"226",2004,"1384",-0.0373555381947066,0.00126145795222511,0.0499267458877657,0.0872822840824722,1,0.0486652879355406,-0.598592617202176,-0.524023447908447,-0.664073987321577,-1.20666515542031,0.45109536882579,34968.4026923077,"0",1998,0,2004.1,2004.9,6,"1246","609",-1.14389498521406,-0.0579820517794896,-0.247747871771891,4141.376338,4141.376338,"1",-0.374555463951292,-2.43860776820221,-3.02278927643485,-1.27085278082913,-0.0156491180866203,-0.110501928019859,2.22375897827764
"227",2004,"1503",0.0468270164248198,0.050797124229002,0.100026902722689,0.0531998862978691,0,0.0492297784936869,2.8303774660272,-0.147658394453206,0.697725527315702,-0.296010899306371,0.610752091862724,24429.6402062589,"0",1999,0,2004.1,2004.9,5,"1186","1184",-0.806476144333436,-0.964590881413261,-0.865325934858006,8350.381899,8350.381899,"0",1.82974617787978,-2.93369901989492,-3.01125658463944,1.38709580550917,1.60266498313824,1.40457685201103,1.39632784414493
"228",2004,"1510",-0.0124730788531426,0.00639197449481063,0.051961562228055,0.0644346410811976,0,0.0455695877332443,1.07549510222712,0.0280333462457904,0.866563349763976,-1.56252081857866,0.486258255002456,34968.4026923077,"0",1999,0,2004.1,2004.9,5,"1247","1020",-0.823670781892028,-0.557812640120046,-0.247747871771891,11399.2963,11399.2963,"0",-0.247834529468611,-2.74210388550332,-3.0885147206368,-0.503730510918934,0.234606180852689,0.869908070036789,1.63504461394056
"229",2004,"1524",-0.0332708943034892,-0.0228856231359658,0.0431261512098279,0.0763970455133171,1,0.0660117743457937,-1.49953245679788,0.00461898048180373,0.297796306475902,-1.20269563686801,-1.25403398517307,4024.47243589744,"1",1999,0,2004.1,2004.9,5,"938","1028",0.23161352451005,-0.369899231908122,-0.113616819120252,5573.689175,5573.689175,"1",-0.839051219346576,-2.57181125484908,-2.71792215368826,-1.3003897060846,-1.08440814803902,0.571339627611491,-0.0514020184805321
"230",2004,"1533",0.00545361803588099,-0.0107545335081861,0.0552572408376075,0.0498036228017265,1,0.0660117743457937,-1.49953245679788,0.897480827314441,0.125221369091465,-1.20269563686801,0.504838030299769,17276.4077385798,"1",1999,0,2004.1,2004.9,5,"677","1028",0.571591818296727,-0.369899231908122,-1.66148393743936,12437.55817,12437.55817,"1",-0.0527600379313141,-2.99966755057485,-2.71792215368826,0.208925541853706,-0.497400852836648,0.571339627611491,-0.19379041390536
"231",2004,"1539",-0.0260345101897947,-0.00737492775148461,0.0606579927743199,0.0866925029641146,0,0.0680329205258045,0.0171228362060022,-0.935948502140529,0.00523305933057501,-1.14105134876183,0.538814208526064,16921.0113884535,"1",1999,0,2004.1,2004.9,5,"459","176",0.954830831624201,2.01736363127556,-1.04390587435327,47435.24841,47435.24841,"0",0.243053485917576,-2.44538786993661,-2.68776356557744,-0.820834974136662,-0.347982470269836,-0.506799409076634,-0.192452387812421
"232",2004,"1542",-0.0008916885173487,-0.0112876300468504,0.0388974436853738,0.0397891322027225,0,0.0501850737322242,-0.180214913045909,-0.108852113398934,0.347942379858258,-1.14105134876183,0.292172989466317,21884.2153401361,"1",1999,0,2004.1,2004.9,5,"1022","1199",-0.269516559909541,-0.70992184869798,1.09957632767038,15761.04615,15761.04615,"0",-1.1664249407671,-3.22416146421258,-2.99203763250904,-0.0737992228731064,-0.679647191481399,0.984204927557143,0.675045734774897
"233",2004,"1543",0.0149131245658531,0.000452688503166862,0.0491179764387074,0.0342048518728543,1,0.0486652879355406,-0.598592617202176,-0.0970796217721856,0.959667239035972,-0.644861529725396,0.748022946627152,10644.0812583286,"1",1999,0,2004.1,2004.9,5,"199","609",2.93896360714184,0.176671239693312,-0.600462862078055,6934.800068,6934.800068,"1",-0.426362984094601,-3.37538777734852,-3.02278927643485,0.785078677036686,-0.054326128574933,-0.154752540723629,-0.582821691890078
"234",2004,"1566",-0.0319242170303055,-0.047435395070725,0.0422000444364216,0.0741242614667271,0,0.0896354395071466,-0.212773681080485,1.90237719958215,1.70896014650053,-0.572009189236297,0.433130466261528,6837.80397435898,"1",1999,0,2004.1,2004.9,5,"1160","1179",-0.517456813567363,-0.974656088793249,-0.865325934858006,5765.901615,5765.901615,"0",-0.907914147454827,-2.60201238506326,-2.41200450698902,-1.28141994244418,-1.86029453808559,1.81788841635787,0.984074191699178
"235",2004,"1598",-0.0276538605750722,-0.02775348320457,0.0481431519633745,0.0757970125384467,0,0.0758966351679445,-1.17635393485562,1.57078863992652,-0.16354754783622,-0.00506853953254788,1.16856887353627,5811.12861111111,"0",2000,0,2004.1,2004.9,4,"1195","1279",-0.460180177668785,-0.742181594153631,-0.877353280709807,11929.72387,11929.72387,"0",-0.489953363563849,-2.57969639953205,-2.57838292800141,-1.03696891253656,-1.15424634316976,1.2660290944365,0.96226700316372
"236",2004,"1604",-0.0146097417059873,0.000297517673779828,0.0498248993752103,0.0644346410811976,0,0.0495273817014305,-0.234643538565577,0.0280333462457904,0.698106851562589,0.548095545783827,0.239358157811557,34968.4026923077,"1",2000,0,2004.1,2004.9,4,"1247","494",-0.300545310289867,1.78123782758895,-0.247747871771891,16497.07829,16497.07829,"0",-0.381033091876637,-2.74210388550332,-3.00522959666177,-0.597518891560278,-0.0620699792836802,-0.243283285235244,0.897797421298048
"237",2004,"1608",-0.0221183559880346,-0.00721109660826751,0.0423162850931629,0.0644346410811976,0,0.0495273817014305,-0.234643538565577,0.0280333462457904,0.791058236102498,0.548095545783827,1.62608486904019,34968.4026923077,"1",2000,0,2004.1,2004.9,4,"1247","494",-0.297434765415182,1.78409163444573,-0.247747871771891,10727.61598,10727.61598,"0",-0.899188303266996,-2.74210388550332,-3.00522959666177,-0.962364707600757,-0.448899815764613,-0.243283285235244,0.897797421298048
"238",2004,"1610",-0.0348039836863209,-0.0310895338450143,0.0463910437019979,0.0811950273883189,0,0.0774805775470122,0.119125624380388,-1.00290800278064,0.449054390398223,0.548095545783827,1.62608486904019,35134.884,"1",2000,0,2004.1,2004.9,4,"1170","917",-0.405568099845434,0.427675932280066,1.67375136007389,18212.32512,18212.32512,"0",-0.607554493019861,-2.5109012727498,-2.55772798632796,-1.27343691684988,-1.29095690660567,-0.120515838349934,1.18471180437505
"239",2004,"1668",0.00100950849763511,0.0329687883435109,0.0695215016996401,0.0685119932020049,0,0.0365527133561292,-0.353426235636547,0.0213914998351655,1.78171961323442,0.967463505778863,-0.988830151742674,4829.22923076923,"1",2002,1,2004.1,2004.9,2,"826","1213",1.258826228673,-0.168631571335831,0.530369112031751,NA,NA,"0",0.675692134644369,-2.68074646579829,-3.30899985871197,0.00949815601467049,1.44622158346151,2.07800902528546,0.603337412291088
"240",2004,"1677",0.012236021472599,0.0138030006337838,0.0515931063504791,0.0393570848778801,0,0.0377901057166953,0.670809383841643,0.0390782194665819,0.389946864325125,1.2733499353966,3.49524268250146,11647.728,"1",2001,0,2004.1,2004.9,3,"1588","1587",-1.11554215563004,-1.00994947003107,0.296620260042353,9756.022031,9756.022031,"0",-0.27040847075373,-3.23507927260288,-3.27570796414661,0.581494223204492,0.661066102510888,0.582177806082018,0.782132752098458
"241",2004,"1698",-0.0058471414744056,0.0363758505025773,0.0801261094432879,0.0859732509176935,0,0.0437502589407106,0.179339847629122,-1.15859959185701,1.93482720713748,0.129661590154048,0.290686088358498,21880.6309090909,"1",2001,0,2004.1,2004.9,3,"1552","1504",-1.0066560409332,-1.04047347542586,-0.33821442970069,14485.58354,14485.58354,"0",1.12603483083496,-2.45371906695108,-3.12925774755122,-0.180497386392244,1.35675913521185,0.573344886065711,0.963980465421426
"242",2004,"1699",-0.041610031154448,0.000612960822534918,0.0443632197632455,0.0859732509176935,0,0.0437502589407106,0.179339847629122,-1.15859959185701,-0.137254234024448,1.32168466129804,4.19408238678347,21880.6309090909,"1",2002,0,2004.1,2004.9,2,"1552","1504",-0.876694919455183,-0.921239079352348,-0.33821442970069,5223.381363,5223.381363,"0",-0.749337849300152,-2.45371906695108,-3.12925774755122,-1.50099337065138,-0.0433041879975841,2.05447466095351,2.5080719053758
"243",2004,"1705",0.0353490030485756,0.0249035098610007,0.0766086840327037,0.0412596809841281,0,0.051705174171703,1.87869074828734,-0.643408769793853,0.626567672352073,0.247346140174924,0.211154901599617,20001.5181268785,"0",2002,0,2004.1,2004.9,2,"912","1348",1.37007294865819,-0.409008113820241,0.530369112031751,4342.640802,4342.640802,"0",0.983630840647259,-3.18786950321264,-2.96219742178491,1.35904543849531,0.854813537845361,1.14059884853923,0.58478989303324
"244",2004,"1709",-0.0280275615174969,0.00308885137562708,0.04540513646879,0.0734326979862869,0,0.0423162850931629,0.584823003018756,0.897853970700547,1.75796220553111,1.2733499353966,0.795873895117743,24909.0153585434,"1",2001,0,2004.1,2004.9,3,"1049","1608",0.309127166516036,-1.43265690539643,-0.865325934858006,8964.882828,8964.882828,"0",-0.675696966772175,-2.61138596590452,-3.16258327663758,-1.0969731036133,0.0905943498255984,1.70689353455563,0.865209537198496
"245",2004,"1716",0.0475192580674012,0.0410217713187314,0.0934337615094826,0.0459145034420814,1,0.0524119901907512,-2.5336086558896,-1.26820869546144,-0.683732013731955,0.328371018859941,0.225346619205495,24266.2541121751,"0",2002,0,2004.1,2004.9,2,"1043","1412",0.915728867970815,-0.401377112471486,-0.615889240453205,6309.328917,6309.328917,"1",1.61344560127534,-3.08097423269622,-2.94861989339636,1.56375009069202,1.29284862811051,1.12939453777886,1.06006239496205
"246",2004,"1718",0.0327397986486199,0.01972450472532,0.0749817455629275,0.0422419469143077,0,0.0552572408376075,-0.00766526710952278,-0.482194744107086,0.940028291321273,1.2733499353966,3.49524268250146,17913.6391577194,"1",2001,0,2004.1,2004.9,3,"858","1533",1.09663474906828,-1.0128110955368,0.112549575701709,10088.19954,10088.19954,"0",0.915537322521359,-3.16434154892502,-2.89575589128705,1.25854661396157,0.646630815587546,0.582177806082018,0.151881629730387
"247",2004,"1723",0.0637856276929404,0.0638346172706804,0.109377383996719,0.0455917563037787,0,0.0455427667260387,-0.140665921796477,1.22076709422536,0.695418419916478,1.36161334791226,0.151920164414707,17118.8133333333,"1",2002,0,2004.1,2004.9,2,"1550","1040",-0.725940018540541,0.572529434657554,-0.975402295806019,11399.2963,11399.2963,"0",2.11322919187754,-3.08802836161685,-3.08910346643619,1.9314162393706,1.99865742020319,1.08382598032866,1.98041848773046
"248",2004,"1747",0.0495664249010996,0.075951770971937,0.118078418103105,0.0685119932020049,0,0.0421266471311676,-1.97704361481158,0.0213914998351655,2.71796393145773,0.328371018859941,4.9850043974436,4829.22923076923,"1",2002,0,2004.1,2004.9,2,"826","1590",1.35343792510906,-1.08297565097056,0.530369112031751,10459.81208,10459.81208,"0",2.35604422988869,-2.68074646579829,-3.16707479003742,1.19267535456046,2.36458380041344,2.61184434936618,0.590713355803698
"249",2004,"1750",-0.0300334032275646,0.00237947239245072,0.052935775746504,0.0829691789740685,0,0.0505563033540532,0.648820761506607,-1.38212754511904,-0.850091124547683,0.328371018859941,0.159338621536349,0,"1",2002,0,2004.1,2004.9,2,"1362","1187",-0.243524335613781,0.16414837033519,-1.04887369111814,4342.640802,4342.640802,"0",-0.188910569697462,-2.48928607781027,-2.98466764585817,-1.02693957192004,0.0326645067843983,1.49890491150844,1.19256042061526
"250",2004,"1752",0.00459735890823288,0.00781057666715795,0.0540191672601158,0.0494218083518829,0,0.0462085905929579,2.47696459763106,-0.420365868325012,-0.22297922448584,0.247346140174924,0.15247854512607,6837.80397435898,"1",2002,0,2004.1,2004.9,2,"1200","1553",0.564876450183683,-0.819174436313341,-0.865325934858006,7702.130616,7702.130616,"0",-0.124643399769742,-3.00736348759208,-3.07458955460929,0.175500498062387,0.293597081445882,1.98526186839629,1.38737280423339
"251",2004,"1753",0.00350760733345905,-0.00239322808669298,0.0549875797429517,0.0514799724094926,0,0.0573808078296446,0.161474078096692,0.715539031599091,-0.0408708064292188,1.32168466129804,4.19408238678347,21815.4118435078,"0",2002,0,2004.1,2004.9,2,"1244","1188",0.0486282654689617,-0.0180339682163729,1.67375136007389,12184.42952,12184.42952,"0",-0.0682785728221373,-2.9665624322005,-2.8580453899354,0.124054311217277,-0.177145272581482,1.6492644133319,2.05523886109328
"252",2004,"1759",0.0259565582009709,0.025404237903953,0.0699764415789243,0.0440198833779534,0,0.0445722036749713,0.815805362427473,-0.775368814102716,-0.24376220735787,0.129661590154048,3.02566877086354,17575.8127694236,"1",2001,0,2004.1,2004.9,3,"522","1360",1.36487450379914,-0.40042323730291,-1.66148393743936,10926.3073,10926.3073,"0",0.696382944799024,-3.12311385218416,-3.11064485023559,1.01214763068961,0.991922424886118,1.54299700924612,0.021896250002548
"253",2004,"1776",0.0511248445563402,0.0641889630990214,0.103086406784395,0.051961562228055,0,0.0388974436853738,0.190520794564729,0.938208789681826,0.558555867258599,0.624917404825241,-0.520802412844688,19265.1351801501,"0",2002,0,2004.1,2004.9,2,"1510","1542",-0.468097153528035,-0.740002797320446,-1.4473448884692,28844.18982,28844.18982,"0",1.92531918565796,-2.95725102165683,-3.24682674554601,1.50699732682685,2.23189435670485,2.31699665103246,2.09666577519642
"254",2004,"1793",0.0233354157035027,0.0241685195652489,0.0705595632672468,0.0472241475637441,0,0.0463910437019979,0.280494304867551,-0.124281345063639,-0.555678388227174,0.328371018859941,0.302047817380431,11906.0133333333,"1",2002,0,2004.1,2004.9,2,"1275","1610",0.0309535529478507,-1.23138403239169,4.8285764698101,NA,NA,"0",0.722707669398783,-3.05284991628698,-3.07064886204523,0.873740595482185,0.916856381360857,3.30520890551727,1.22338063856054
"255",2004,"1796",0.0760618867859167,0.0815803853880894,0.119798307553206,0.043736420767289,0,0.0382179221651163,-0.0362708411232367,0.475331819382618,-0.616139690276724,0.328371018859941,0.302047817380431,21969.7404414557,"1",2002,0,2004.1,2004.9,2,"1437","1196",-0.333977276162689,0.27259042467883,-0.137932974864133,2617.159123,2617.159123,"0",2.4019160424666,-3.12957409681909,-3.26445070676778,2.22748512229939,2.62943592490069,1.41231900846124,1.33420252760612
"256",2004,"1828",0.0500526977041775,0.038713151596113,0.0893632857084042,0.0393105880042266,0,0.0506501341122911,0.24479671977538,-0.717775051624965,0.297186162714216,0.158849226567958,-1.2558285073228,28345.425503876,"0",2003,0,2004.1,2004.9,1,"1508","1754",-0.084451922924661,-1.16161562183668,-0.272325491556025,11352.65602,11352.65602,"0",1.47214710139254,-3.23626138152677,-2.98281340046684,1.81111080018652,1.2683392813101,1.8034497222965,1.07859145125836
"257",2004,"1829",-0.0366164422686946,-0.00422270181828482,0.0532538276811535,0.0898702699498481,0,0.0574765294994384,-0.201032845354227,-0.430272683737408,-0.852836771475272,0.158849226567958,-1.2558285073228,6837.80397435898,"1",2003,0,2004.1,2004.9,1,"1190","1489",0.947473469774417,-0.409961988988817,-0.865325934858006,14238.32418,14238.32418,"0",-0.169908229274312,-2.40938809353481,-2.8563785971265,-1.19202127925718,-0.256964413308834,1.16443453507831,1.14302396677374
"258",2004,"1831",-0.000562617975296983,-0.00194807879147414,0.0452727726598811,0.045835390635178,1,0.0472208514513552,0.985504614937955,1.49354918048791,0.367485996511236,0.158849226567958,0.281577028691626,18416.0193059211,"1",2003,0,2004.1,2004.9,1,"1757","1523",-1.02225137551061,-0.36799148157089,0.447485011270412,NA,NA,"1",-0.684957965394824,-3.08269876496529,-3.05291971590421,-0.0507603856816987,-0.176025593656835,1.18129870595574,1.7929588057683
"259",2004,"1851",0.0062249877592879,0.0224274207469212,0.0820220002977346,0.0757970125384467,0,0.0595945795508133,0.889847313283284,1.57078863992652,-0.506161537302183,1.94583307837304,-0.0666313710656704,5811.12861111111,"0",2002,0,2004.1,2004.9,1,"1195","1045",0.571486713127462,0.424253970268135,-0.877353280709807,19912.01553,19912.01553,"0",1.20021895713786,-2.57969639953205,-2.82019065618078,0.153122948048591,0.680206277029353,1.46615687614841,1.52680654863134
"260",2004,"1855",-0.00756344460759793,0.0228318528206088,0.0719498292593163,0.0795132738669142,2,0.0491179764387074,0.734858036261294,0.358446531718606,-0.06075763154884,0.158849226567958,-1.2558285073228,10597.5396302521,"0",2003,1,2004.1,2004.9,1,"442","1543",2.44261722826481,-0.297404719095327,-1.04390587435327,NA,NA,"1",0.784603007759541,-2.53183130437984,-3.01353019227223,-0.246434879843128,0.827795580392666,1.1142495390319,0.353247424456697
"261",2004,"1864",-0.044022776258799,0.0249487664921797,0.0560041264638899,0.100026902722689,0,0.0310553599717103,1.01920015605379,0.773002196945418,0.595545754790008,-0.301848426589157,-0.117515253591337,20641.8694783933,"0",2003,0,2004.1,2004.9,1,"1503","1209",-0.0147927618124633,0.278735882732163,-0.0291639341173666,15761.04615,15761.04615,"0",-0.0101702002177835,-2.30231610194849,-3.47198386161283,-1.3187039318004,1.32016967542548,1.61052026048477,1.14941442466994
"262",2004,"1868",-0.0185679755631298,-0.014849820268322,0.0313587703246358,0.0499267458877657,0,0.0462085905929579,2.47696459763106,-0.559508815936449,-0.425565553533647,0.158849226567958,-0.0184569613787307,18876.280979448,"1",2003,0,2004.1,2004.9,1,"1384","1553",0.158835296482336,-0.479594876295728,-1.04887369111814,4141.376338,4141.376338,"0",-1.84982515649965,-2.99719843008107,-3.07458955460929,-1.06194724069491,-0.994340899656391,1.3705849239723,0.90435324518159
"263",2004,"1870",-0.0142987371589941,-0.00629061674776241,0.0443595173645287,0.0586582545235229,0,0.0506501341122911,0.24479671977538,0.700762785591506,0.813480967330587,0.158849226567958,0.613226038600297,47347.5980769231,"0",2003,0,2004.1,2004.9,1,"1892","1754",-1.03784671008801,-1.16447724734248,0.447485011270412,5765.901615,5765.901615,"0",-0.749602600543422,-2.83602697169684,-2.98281340046684,-0.647249270894919,-0.390312518399354,1.8034497222965,1.7929588057683
"264",2004,"1874",-0.0118654028076539,0.00513618011289979,0.041688893469029,0.0535542962766829,0,0.0365527133561292,-0.353426235636547,0.899141294006619,1.17762150946667,0.158849226567958,0.613226038600297,18616.7646907216,"1",2003,1,2004.1,2004.9,2,"1669","1213",-0.972346304863054,0.277782007563667,-1.14195488944948,NA,NA,"0",-0.946572168538314,-2.92705925605012,-3.30899985871197,-0.582608867902323,0.235116838523908,1.59236240584943,1.84323806265153
"265",2004,"1877",-0.0194843956151411,0.000949460600295535,0.0440756118101234,0.0635600074252645,1,0.0431261512098279,0.145898813199516,0.083854713266193,-1.19617529365476,0.111682006123092,0.0607482372535563,52540.4536111111,"1",2003,0,2004.1,2004.9,1,"1893","1524",-1.07527551307368,-0.405192613145785,1.72813588044726,9681.222962,9681.222962,"1",-0.769970222218304,-2.75577082049071,-3.14362570926626,-0.840852344672075,-0.0246810059270792,1.12844288839934,1.71390925811804
"266",2004,"1897",-0.0317384922471519,-0.00985833612903386,0.0379119824506912,0.0696504746978431,0,0.047770318579725,1.55476570178633,-0.201073028367307,2.30905417923151,0.111682006123092,0.102942963244135,19444.8983277962,"1",2003,0,2004.1,2004.9,1,"927","501",1.77555164766983,1.46631046762512,-0.113616819120252,4342.640802,4342.640802,"0",-1.24782760298581,-2.66426576330441,-3.04135078256912,-1.38171097837838,-0.623634717695872,0.434372513879544,0.466683480575277
"267",2004,"2968",-0.0381041192263419,-0.0194445367880318,0.0485883837377727,0.0866925029641146,1,0.0680329205258045,0.0171228362060022,-0.935948502140529,-2.57937363564835,-0.0830579040305069,-0.0946237732194918,16921.0113884535,"0",2003,0,2004.1,2004.9,1,"459","176",2.48317362020665,3.41956012910096,-1.04390587435327,8715.417109,8715.417109,"1",-0.460751478478494,-2.44538786993661,-2.68776356557744,-1.31640134290754,-0.873409510868865,-0.0148855141044914,0.314751830217523
"268",2004,"2972",-0.0098741446384062,0.00494921508727171,0.0729821356130762,0.0828562802514824,0,0.0680329205258045,0.0171228362060022,-0.130923191474264,-0.439656012917246,0.247813142357542,-0.359834371517552,17982.5829722443,"1",2003,0,2004.1,2004.9,1,"1042","176",0.874666834944224,3.30032573302736,-0.865325934858006,38620.35895,38620.35895,"0",0.829792922039648,-2.49064773530915,-2.68776356557744,-0.306603987417872,0.0900490599409575,0.0527665636388382,1.26031312196427
"269",2004,"3002",-0.014588446803797,-0.0451503888316715,0.0525207221873888,0.0671091689911858,0,0.0976711110190603,0.66291993575903,0.533354689629059,1.00554232689208,-0.194671425677288,0.104549125487491,15649.8439857189,"0",2003,0,2004.1,2004.9,1,"1782","1495",-1.21251445735454,-0.315528347298485,0.669990909528793,12027.23509,12027.23509,"0",-0.213880814068842,-2.70143459767534,-2.3261494543539,-0.570662593429853,-1.54548515438564,1.0751853436725,-0.206171562139403
"270",2005,"912",-0.000817512242067657,-0.0305564678541943,0.0412596809841281,0.0420771932261958,0,0.0718161488383224,-0.623312868113173,0.628859201249281,-0.749818056478648,0.203681436099713,0.552847093933594,14812.2455905512,"0",1994,0,2005.1,2005.9,11,"64","178",0.822156860506563,0.159214802864864,-0.19205603119725,NA,NA,"0",-0.979401122759617,-3.16824941367568,-2.6336459140346,-0.0669974220871298,-1.38877032459576,-1.04446578785628,-1.12732827703137
"271",2005,"929",0.00723249842791247,-0.00722793763477374,0.0414373503007668,0.0342048518728543,0,0.0486652879355406,-0.598592617202176,-0.0970796217721856,-0.298007662033153,-0.371431751799911,0.69419494110674,10644.0812583286,"1",1994,0,2005.1,2005.9,11,"199","609",1.10807132775836,-1.50310293219137,-0.600462862078055,NA,NA,"0",-0.965770586775666,-3.37538777734852,-3.02278927643485,0.405268530091451,-0.457021981390534,-1.22115928915858,-1.11004245605558
"272",2005,"1042",0.0369417768094009,0.0361918302891299,0.0828562802514824,0.0459145034420814,0,0.0466644499623525,-1.01435749465966,-1.26820869546144,-0.226068079880073,-1.0427473893198,0.370281014121953,24266.2541121751,"0",1996,0,2005.1,2005.9,9,"1043","559",-1.37731084074928,-0.794855831946977,-0.615889240453205,NA,NA,"0",1.23232167617851,-3.08097423269622,-3.06477264697587,1.29539137035533,1.28339366425291,-1.48231866897484,-0.726126325848039
"273",2005,"1305",-0.007619151656277,-0.0240739648231035,0.0413510892983211,0.0489702409545981,0,0.0654250541214246,0.0470178650963795,-0.606692042842362,1.12047788232616,4.04220587616556,-0.198506546223457,6837.80397435898,"0",1998,0,2005.1,2005.9,8,"1177","854",-1.23691306002943,-0.643661405292967,-0.865325934858006,NA,NA,"0",-0.972381092925856,-3.01654249282672,-2.72685000333777,-0.400910033508227,-1.16280283349653,0.149375841236728,2.86749636085054
"274",2005,"1370",-0.0158283104849587,-0.0148791675822428,0.0353616529108579,0.0511899633958166,1,0.0502408204931007,-0.0806892282476327,0.381077314694049,0.490258068979959,3.09699345853757,1.25735270825712,16554.2479914665,"1",1997,1,2005.1,2005.9,8,"308","216",0.892855710590655,1.3085092826314,-1.77182176242765,NA,NA,"1",-1.46873679088621,-2.97221179357802,-2.9909274254846,-0.84942420546898,-0.907967924825437,-1.3011167211069,-1.14608057633265
"275",2005,"1384",-0.0373555381947066,0.00126145795222511,0.0499267458877657,0.0872822840824722,1,0.0486652879355406,-0.598592617202176,-0.524023447908447,-0.664073987321577,-1.20666515542031,0.45109536882579,34968.4026923077,"0",1998,0,2005.1,2005.9,7,"1246","609",-1.14389498521406,-0.0579820517794896,-0.247747871771891,NA,NA,"1",-0.374555463951292,-2.43860776820221,-3.02278927643485,-1.27085278082913,-0.0156491180866203,-0.110501928019859,2.22375897827764
"276",2005,"1503",0.0468270164248198,0.050797124229002,0.100026902722689,0.0531998862978691,0,0.0492297784936869,2.8303774660272,-0.147658394453206,0.697725527315702,-0.296010899306371,0.610752091862724,24429.6402062589,"0",1999,0,2005.1,2005.9,6,"1186","1184",-0.806476144333436,-0.964590881413261,-0.865325934858006,NA,NA,"0",1.82974617787978,-2.93369901989492,-3.01125658463944,1.38709580550917,1.60266498313824,1.40457685201103,1.39632784414493
"277",2005,"1510",-0.0124730788531426,0.00639197449481063,0.051961562228055,0.0644346410811976,0,0.0455695877332443,1.07549510222712,0.0280333462457904,0.866563349763976,-1.56252081857866,0.486258255002456,34968.4026923077,"0",1999,0,2005.1,2005.9,6,"1247","1020",-0.823670781892028,-0.557812640120046,-0.247747871771891,NA,NA,"0",-0.247834529468611,-2.74210388550332,-3.0885147206368,-0.503730510918934,0.234606180852689,0.869908070036789,1.63504461394056
"278",2005,"1524",-0.0332708943034892,-0.0228856231359658,0.0431261512098279,0.0763970455133171,1,0.0660117743457937,-1.49953245679788,0.00461898048180373,0.297796306475902,-1.20269563686801,-1.25403398517307,4024.47243589744,"1",1999,0,2005.1,2005.9,6,"938","1028",0.23161352451005,-0.369899231908122,-0.113616819120252,NA,NA,"1",-0.839051219346576,-2.57181125484908,-2.71792215368826,-1.3003897060846,-1.08440814803902,0.571339627611491,-0.0514020184805321
"279",2005,"1533",0.00545361803588099,-0.0107545335081861,0.0552572408376075,0.0498036228017265,1,0.0660117743457937,-1.49953245679788,0.897480827314441,0.125221369091465,-1.20269563686801,0.504838030299769,17276.4077385798,"1",1999,0,2005.1,2005.9,6,"677","1028",0.571591818296727,-0.369899231908122,-1.66148393743936,NA,NA,"1",-0.0527600379313141,-2.99966755057485,-2.71792215368826,0.208925541853706,-0.497400852836648,0.571339627611491,-0.19379041390536
"280",2005,"1539",-0.0260345101897947,-0.00737492775148461,0.0606579927743199,0.0866925029641146,0,0.0680329205258045,0.0171228362060022,-0.935948502140529,0.00523305933057501,-1.14105134876183,0.538814208526064,16921.0113884535,"1",1999,0,2005.1,2005.9,6,"459","176",0.954830831624201,2.01736363127556,-1.04390587435327,NA,NA,"0",0.243053485917576,-2.44538786993661,-2.68776356557744,-0.820834974136662,-0.347982470269836,-0.506799409076634,-0.192452387812421
"281",2005,"1542",-0.0008916885173487,-0.0112876300468504,0.0388974436853738,0.0397891322027225,0,0.0501850737322242,-0.180214913045909,-0.108852113398934,0.347942379858258,-1.14105134876183,0.292172989466317,21884.2153401361,"1",1999,0,2005.1,2005.9,6,"1022","1199",-0.269516559909541,-0.70992184869798,1.09957632767038,NA,NA,"0",-1.1664249407671,-3.22416146421258,-2.99203763250904,-0.0737992228731064,-0.679647191481399,0.984204927557143,0.675045734774897
"282",2005,"1543",0.0149131245658531,0.000452688503166862,0.0491179764387074,0.0342048518728543,1,0.0486652879355406,-0.598592617202176,-0.0970796217721856,0.959667239035972,-0.644861529725396,0.748022946627152,10644.0812583286,"1",1999,0,2005.1,2005.9,6,"199","609",2.93896360714184,0.176671239693312,-0.600462862078055,NA,NA,"1",-0.426362984094601,-3.37538777734852,-3.02278927643485,0.785078677036686,-0.054326128574933,-0.154752540723629,-0.582821691890078
"283",2005,"1566",-0.0319242170303055,-0.047435395070725,0.0422000444364216,0.0741242614667271,0,0.0896354395071466,-0.212773681080485,1.90237719958215,1.70896014650053,-0.572009189236297,0.433130466261528,6837.80397435898,"1",1999,0,2005.1,2005.9,6,"1160","1179",-0.517456813567363,-0.974656088793249,-0.865325934858006,NA,NA,"0",-0.907914147454827,-2.60201238506326,-2.41200450698902,-1.28141994244418,-1.86029453808559,1.81788841635787,0.984074191699178
"284",2005,"1598",-0.0276538605750722,-0.02775348320457,0.0481431519633745,0.0757970125384467,0,0.0758966351679445,-1.17635393485562,1.57078863992652,-0.16354754783622,-0.00506853953254788,1.16856887353627,5811.12861111111,"0",2000,0,2005.1,2005.9,5,"1195","1279",-0.460180177668785,-0.742181594153631,-0.877353280709807,NA,NA,"0",-0.489953363563849,-2.57969639953205,-2.57838292800141,-1.03696891253656,-1.15424634316976,1.2660290944365,0.96226700316372
"285",2005,"1604",-0.0146097417059873,0.000297517673779828,0.0498248993752103,0.0644346410811976,0,0.0495273817014305,-0.234643538565577,0.0280333462457904,0.698106851562589,0.548095545783827,0.239358157811557,34968.4026923077,"1",2000,0,2005.1,2005.9,5,"1247","494",-0.300545310289867,1.78123782758895,-0.247747871771891,NA,NA,"0",-0.381033091876637,-2.74210388550332,-3.00522959666177,-0.597518891560278,-0.0620699792836802,-0.243283285235244,0.897797421298048
"286",2005,"1608",-0.0221183559880346,-0.00721109660826751,0.0423162850931629,0.0644346410811976,0,0.0495273817014305,-0.234643538565577,0.0280333462457904,0.791058236102498,0.548095545783827,1.62608486904019,34968.4026923077,"1",2000,0,2005.1,2005.9,5,"1247","494",-0.297434765415182,1.78409163444573,-0.247747871771891,NA,NA,"0",-0.899188303266996,-2.74210388550332,-3.00522959666177,-0.962364707600757,-0.448899815764613,-0.243283285235244,0.897797421298048
"287",2005,"1610",-0.0348039836863209,-0.0310895338450143,0.0463910437019979,0.0811950273883189,0,0.0774805775470122,0.119125624380388,-1.00290800278064,0.449054390398223,0.548095545783827,1.62608486904019,35134.884,"1",2000,0,2005.1,2005.9,5,"1170","917",-0.405568099845434,0.427675932280066,1.67375136007389,NA,NA,"0",-0.607554493019861,-2.5109012727498,-2.55772798632796,-1.27343691684988,-1.29095690660567,-0.120515838349934,1.18471180437505
"288",2005,"1677",0.012236021472599,0.0138030006337838,0.0515931063504791,0.0393570848778801,0,0.0377901057166953,0.670809383841643,0.0390782194665819,0.389946864325125,1.2733499353966,3.49524268250146,11647.728,"1",2001,0,2005.1,2005.9,4,"1588","1587",-1.11554215563004,-1.00994947003107,0.296620260042353,NA,NA,"0",-0.27040847075373,-3.23507927260288,-3.27570796414661,0.581494223204492,0.661066102510888,0.582177806082018,0.782132752098458
"289",2005,"1698",-0.0058471414744056,0.0363758505025773,0.0801261094432879,0.0859732509176935,0,0.0437502589407106,0.179339847629122,-1.15859959185701,1.93482720713748,0.129661590154048,0.290686088358498,21880.6309090909,"1",2001,0,2005.1,2005.9,4,"1552","1504",-1.0066560409332,-1.04047347542586,-0.33821442970069,NA,NA,"0",1.12603483083496,-2.45371906695108,-3.12925774755122,-0.180497386392244,1.35675913521185,0.573344886065711,0.963980465421426
"290",2005,"1699",-0.041610031154448,0.000612960822534918,0.0443632197632455,0.0859732509176935,0,0.0437502589407106,0.179339847629122,-1.15859959185701,-0.137254234024448,1.32168466129804,4.19408238678347,21880.6309090909,"1",2002,0,2005.1,2005.9,3,"1552","1504",-0.876694919455183,-0.921239079352348,-0.33821442970069,NA,NA,"0",-0.749337849300152,-2.45371906695108,-3.12925774755122,-1.50099337065138,-0.0433041879975841,2.05447466095351,2.5080719053758
"291",2005,"1705",0.0353490030485756,0.0249035098610007,0.0766086840327037,0.0412596809841281,0,0.051705174171703,1.87869074828734,-0.643408769793853,0.626567672352073,0.247346140174924,0.211154901599617,20001.5181268785,"0",2002,0,2005.1,2005.9,3,"912","1348",1.37007294865819,-0.409008113820241,0.530369112031751,NA,NA,"0",0.983630840647259,-3.18786950321264,-2.96219742178491,1.35904543849531,0.854813537845361,1.14059884853923,0.58478989303324
"292",2005,"1709",-0.0280275615174969,0.00308885137562708,0.04540513646879,0.0734326979862869,0,0.0423162850931629,0.584823003018756,0.897853970700547,1.75796220553111,1.2733499353966,0.795873895117743,24909.0153585434,"1",2001,0,2005.1,2005.9,4,"1049","1608",0.309127166516036,-1.43265690539643,-0.865325934858006,NA,NA,"0",-0.675696966772175,-2.61138596590452,-3.16258327663758,-1.0969731036133,0.0905943498255984,1.70689353455563,0.865209537198496
"293",2005,"1716",0.0475192580674012,0.0410217713187314,0.0934337615094826,0.0459145034420814,1,0.0524119901907512,-2.5336086558896,-1.26820869546144,-0.683732013731955,0.328371018859941,0.225346619205495,24266.2541121751,"0",2002,0,2005.1,2005.9,3,"1043","1412",0.915728867970815,-0.401377112471486,-0.615889240453205,NA,NA,"1",1.61344560127534,-3.08097423269622,-2.94861989339636,1.56375009069202,1.29284862811051,1.12939453777886,1.06006239496205
"294",2005,"1718",0.0327397986486199,0.01972450472532,0.0749817455629275,0.0422419469143077,0,0.0552572408376075,-0.00766526710952278,-0.482194744107086,0.940028291321273,1.2733499353966,3.49524268250146,17913.6391577194,"1",2001,0,2005.1,2005.9,4,"858","1533",1.09663474906828,-1.0128110955368,0.112549575701709,NA,NA,"0",0.915537322521359,-3.16434154892502,-2.89575589128705,1.25854661396157,0.646630815587546,0.582177806082018,0.151881629730387
"295",2005,"1723",0.0637856276929404,0.0638346172706804,0.109377383996719,0.0455917563037787,0,0.0455427667260387,-0.140665921796477,1.22076709422536,0.695418419916478,1.36161334791226,0.151920164414707,17118.8133333333,"1",2002,0,2005.1,2005.9,3,"1550","1040",-0.725940018540541,0.572529434657554,-0.975402295806019,NA,NA,"0",2.11322919187754,-3.08802836161685,-3.08910346643619,1.9314162393706,1.99865742020319,1.08382598032866,1.98041848773046
"296",2005,"1747",0.0495664249010996,0.075951770971937,0.118078418103105,0.0685119932020049,0,0.0421266471311676,-1.97704361481158,0.0213914998351655,2.71796393145773,0.328371018859941,4.9850043974436,4829.22923076923,"1",2002,0,2005.1,2005.9,3,"826","1590",1.35343792510906,-1.08297565097056,0.530369112031751,NA,NA,"0",2.35604422988869,-2.68074646579829,-3.16707479003742,1.19267535456046,2.36458380041344,2.61184434936618,0.590713355803698
"297",2005,"1750",-0.0300334032275646,0.00237947239245072,0.052935775746504,0.0829691789740685,0,0.0505563033540532,0.648820761506607,-1.38212754511904,-0.850091124547683,0.328371018859941,0.159338621536349,0,"1",2002,0,2005.1,2005.9,3,"1362","1187",-0.243524335613781,0.16414837033519,-1.04887369111814,NA,NA,"0",-0.188910569697462,-2.48928607781027,-2.98466764585817,-1.02693957192004,0.0326645067843983,1.49890491150844,1.19256042061526
"298",2005,"1752",0.00459735890823288,0.00781057666715795,0.0540191672601158,0.0494218083518829,0,0.0462085905929579,2.47696459763106,-0.420365868325012,-0.22297922448584,0.247346140174924,0.15247854512607,6837.80397435898,"1",2002,0,2005.1,2005.9,3,"1200","1553",0.564876450183683,-0.819174436313341,-0.865325934858006,NA,NA,"0",-0.124643399769742,-3.00736348759208,-3.07458955460929,0.175500498062387,0.293597081445882,1.98526186839629,1.38737280423339
"299",2005,"1753",0.00350760733345905,-0.00239322808669298,0.0549875797429517,0.0514799724094926,0,0.0573808078296446,0.161474078096692,0.715539031599091,-0.0408708064292188,1.32168466129804,4.19408238678347,21815.4118435078,"0",2002,0,2005.1,2005.9,3,"1244","1188",0.0486282654689617,-0.0180339682163729,1.67375136007389,NA,NA,"0",-0.0682785728221373,-2.9665624322005,-2.8580453899354,0.124054311217277,-0.177145272581482,1.6492644133319,2.05523886109328
"300",2005,"1759",0.0259565582009709,0.025404237903953,0.0699764415789243,0.0440198833779534,0,0.0445722036749713,0.815805362427473,-0.775368814102716,-0.24376220735787,0.129661590154048,3.02566877086354,17575.8127694236,"1",2001,0,2005.1,2005.9,4,"522","1360",1.36487450379914,-0.40042323730291,-1.66148393743936,NA,NA,"0",0.696382944799024,-3.12311385218416,-3.11064485023559,1.01214763068961,0.991922424886118,1.54299700924612,0.021896250002548
"301",2005,"1776",0.0511248445563402,0.0641889630990214,0.103086406784395,0.051961562228055,0,0.0388974436853738,0.190520794564729,0.938208789681826,0.558555867258599,0.624917404825241,-0.520802412844688,19265.1351801501,"0",2002,0,2005.1,2005.9,3,"1510","1542",-0.468097153528035,-0.740002797320446,-1.4473448884692,NA,NA,"0",1.92531918565796,-2.95725102165683,-3.24682674554601,1.50699732682685,2.23189435670485,2.31699665103246,2.09666577519642
"302",2005,"1793",0.0233354157035027,0.0241685195652489,0.0705595632672468,0.0472241475637441,0,0.0463910437019979,0.280494304867551,-0.124281345063639,-0.555678388227174,0.328371018859941,0.302047817380431,11906.0133333333,"1",2002,1,2005.1,2005.9,3,"1275","1610",0.0309535529478507,-1.23138403239169,4.8285764698101,NA,NA,"0",0.722707669398783,-3.05284991628698,-3.07064886204523,0.873740595482185,0.916856381360857,3.30520890551727,1.22338063856054
"303",2005,"1796",0.0760618867859167,0.0815803853880894,0.119798307553206,0.043736420767289,0,0.0382179221651163,-0.0362708411232367,0.475331819382618,-0.616139690276724,0.328371018859941,0.302047817380431,21969.7404414557,"1",2002,0,2005.1,2005.9,3,"1437","1196",-0.333977276162689,0.27259042467883,-0.137932974864133,NA,NA,"0",2.4019160424666,-3.12957409681909,-3.26445070676778,2.22748512229939,2.62943592490069,1.41231900846124,1.33420252760612
"304",2005,"1828",0.0500526977041775,0.038713151596113,0.0893632857084042,0.0393105880042266,0,0.0506501341122911,0.24479671977538,-0.717775051624965,0.297186162714216,0.158849226567958,-1.2558285073228,28345.425503876,"0",2003,0,2005.1,2005.9,2,"1508","1754",-0.084451922924661,-1.16161562183668,-0.272325491556025,NA,NA,"0",1.47214710139254,-3.23626138152677,-2.98281340046684,1.81111080018652,1.2683392813101,1.8034497222965,1.07859145125836
"305",2005,"1829",-0.0366164422686946,-0.00422270181828482,0.0532538276811535,0.0898702699498481,0,0.0574765294994384,-0.201032845354227,-0.430272683737408,-0.852836771475272,0.158849226567958,-1.2558285073228,6837.80397435898,"1",2003,0,2005.1,2005.9,2,"1190","1489",0.947473469774417,-0.409961988988817,-0.865325934858006,NA,NA,"0",-0.169908229274312,-2.40938809353481,-2.8563785971265,-1.19202127925718,-0.256964413308834,1.16443453507831,1.14302396677374
"306",2005,"1831",-0.000562617975296983,-0.00194807879147414,0.0452727726598811,0.045835390635178,1,0.0472208514513552,0.985504614937955,1.49354918048791,0.367485996511236,0.158849226567958,0.281577028691626,18416.0193059211,"1",2003,0,2005.1,2005.9,2,"1757","1523",-1.02225137551061,-0.36799148157089,0.447485011270412,NA,NA,"1",-0.684957965394824,-3.08269876496529,-3.05291971590421,-0.0507603856816987,-0.176025593656835,1.18129870595574,1.7929588057683
"307",2005,"1851",0.0062249877592879,0.0224274207469212,0.0820220002977346,0.0757970125384467,0,0.0595945795508133,0.889847313283284,1.57078863992652,-0.506161537302183,1.94583307837304,-0.0666313710656704,5811.12861111111,"0",2002,0,2005.1,2005.9,2,"1195","1045",0.571486713127462,0.424253970268135,-0.877353280709807,NA,NA,"0",1.20021895713786,-2.57969639953205,-2.82019065618078,0.153122948048591,0.680206277029353,1.46615687614841,1.52680654863134
"308",2005,"1864",-0.044022776258799,0.0249487664921797,0.0560041264638899,0.100026902722689,0,0.0310553599717103,1.01920015605379,0.773002196945418,0.595545754790008,-0.301848426589157,-0.117515253591337,20641.8694783933,"0",2003,0,2005.1,2005.9,2,"1503","1209",-0.0147927618124633,0.278735882732163,-0.0291639341173666,NA,NA,"0",-0.0101702002177835,-2.30231610194849,-3.47198386161283,-1.3187039318004,1.32016967542548,1.61052026048477,1.14941442466994
"309",2005,"1868",-0.0185679755631298,-0.014849820268322,0.0313587703246358,0.0499267458877657,0,0.0462085905929579,2.47696459763106,-0.559508815936449,-0.425565553533647,0.158849226567958,-0.0184569613787307,18876.280979448,"1",2003,0,2005.1,2005.9,2,"1384","1553",0.158835296482336,-0.479594876295728,-1.04887369111814,NA,NA,"0",-1.84982515649965,-2.99719843008107,-3.07458955460929,-1.06194724069491,-0.994340899656391,1.3705849239723,0.90435324518159
"310",2005,"1870",-0.0142987371589941,-0.00629061674776241,0.0443595173645287,0.0586582545235229,0,0.0506501341122911,0.24479671977538,0.700762785591506,0.813480967330587,0.158849226567958,0.613226038600297,47347.5980769231,"0",2003,1,2005.1,2005.9,2,"1892","1754",-1.03784671008801,-1.16447724734248,0.447485011270412,NA,NA,"0",-0.749602600543422,-2.83602697169684,-2.98281340046684,-0.647249270894919,-0.390312518399354,1.8034497222965,1.7929588057683
"311",2005,"1877",-0.0194843956151411,0.000949460600295535,0.0440756118101234,0.0635600074252645,1,0.0431261512098279,0.145898813199516,0.083854713266193,-1.19617529365476,0.111682006123092,0.0607482372535563,52540.4536111111,"1",2003,0,2005.1,2005.9,2,"1893","1524",-1.07527551307368,-0.405192613145785,1.72813588044726,NA,NA,"1",-0.769970222218304,-2.75577082049071,-3.14362570926626,-0.840852344672075,-0.0246810059270792,1.12844288839934,1.71390925811804
"312",2005,"1897",-0.0317384922471519,-0.00985833612903386,0.0379119824506912,0.0696504746978431,0,0.047770318579725,1.55476570178633,-0.201073028367307,2.30905417923151,0.111682006123092,0.102942963244135,19444.8983277962,"1",2003,0,2005.1,2005.9,2,"927","501",1.77555164766983,1.46631046762512,-0.113616819120252,NA,NA,"0",-1.24782760298581,-2.66426576330441,-3.04135078256912,-1.38171097837838,-0.623634717695872,0.434372513879544,0.466683480575277
"313",2005,"2968",-0.0381041192263419,-0.0194445367880318,0.0485883837377727,0.0866925029641146,1,0.0680329205258045,0.0171228362060022,-0.935948502140529,-2.57937363564835,-0.0830579040305069,-0.0946237732194918,16921.0113884535,"0",2003,0,2005.1,2005.9,2,"459","176",2.48317362020665,3.41956012910096,-1.04390587435327,NA,NA,"1",-0.460751478478494,-2.44538786993661,-2.68776356557744,-1.31640134290754,-0.873409510868865,-0.0148855141044914,0.314751830217523
"314",2005,"2972",-0.0098741446384062,0.00494921508727171,0.0729821356130762,0.0828562802514824,0,0.0680329205258045,0.0171228362060022,-0.130923191474264,-0.439656012917246,0.247813142357542,-0.359834371517552,17982.5829722443,"1",2003,1,2005.1,2005.9,2,"1042","176",0.874666834944224,3.30032573302736,-0.865325934858006,NA,NA,"0",0.829792922039648,-2.49064773530915,-2.68776356557744,-0.306603987417872,0.0900490599409575,0.0527665636388382,1.26031312196427
"315",2005,"3002",-0.014588446803797,-0.0451503888316715,0.0525207221873888,0.0671091689911858,0,0.0976711110190603,0.66291993575903,0.533354689629059,1.00554232689208,-0.194671425677288,0.104549125487491,15649.8439857189,"0",2003,0,2005.1,2005.9,2,"1782","1495",-1.21251445735454,-0.315528347298485,0.669990909528793,NA,NA,"0",-0.213880814068842,-2.70143459767534,-2.3261494543539,-0.570662593429853,-1.54548515438564,1.0751853436725,-0.206171562139403
"316",2005,"3005",4.28952828225235e-05,0.000951174334355029,0.0437793160501115,0.043736420767289,0,0.0428281417157565,-0.788244512612291,0.475331819382618,-1.527368155882,0.313193447924714,0.17305191036253,21969.7404414557,"1",2004,0,2005.1,2005.9,1,"1437","1579",0.442031232734022,-0.361496790532294,-0.137932974864133,NA,NA,"0",-0.791367114957264,-3.12957409681909,-3.15055987574052,-0.0209840116739032,-0.0242333513365268,1.03910227628251,0.658394966973642
"317",2005,"3006",-0.0336351467977035,-0.00268591309152072,0.0475598805906154,0.0811950273883189,1,0.0502457936821361,-0.35327353532753,-1.00290800278064,-0.769361673131626,0.313193447924714,-1.2558285073228,35134.884,"0",2004,1,2005.1,2005.9,1,"1170","1871",1.01387721131919,-1.37299279546614,1.67375136007389,NA,NA,"1",-0.528620329159301,-2.5109012727498,-2.99082844336483,-1.21785743256774,-0.20635646116015,-1.33429995233622,1.179109860322
"318",2005,"3009",0.0276655145776336,0.0513384228638334,0.104274198610337,0.0766086840327037,1,0.052935775746504,-0.875537325298186,0.70337474857807,-0.203759737603827,0.313193447924714,-1.2558285073228,16222.862311522,"0",2004,0,2005.1,2005.9,1,"1705","1750",-0.974036509612263,-1.10593381042437,0.579262887559741,NA,NA,"1",1.96166116547708,-2.56904484008817,-2.93867587859494,0.665481582091066,1.52926017643501,-0.398712930560102,-0.426598923159253
"319",2005,"3010",0.0248030196727277,0.0384086231920898,0.0732452441951516,0.048442224522424,1,0.0348366210030618,0.309931251344494,0.127847603919173,0.421941192005642,0.313193447924714,-1.2558285073228,19091.7559569378,"0",2004,0,2005.1,2005.9,1,"1740","1729",-0.62990230061851,-0.789249860669252,0.447485011270412,NA,NA,"1",0.841208464070521,-3.02738343809768,-3.35708611783615,0.900297486007526,1.68366640423936,0.989284715481629,0.983369902562201
"320",2005,"3015",0.0309231947237886,-0.0264926270448756,0.0828847569518436,0.051961562228055,0,0.109377383996719,0.499718870077281,0.938208789681826,0.770713792758834,0.313193447924714,0.337481912179934,19265.1351801501,"1",2004,0,2005.1,2005.9,1,"1510","1723",0.224693627418889,-1.03919121700254,-1.4473448884692,NA,NA,"0",1.23341173358517,-2.95725102165683,-2.21295113800047,1.01980828881907,-0.733083095259428,-0.423204682181634,0.78040433517716
"321",2005,"3021",0.00639518812802024,0.00557054907390124,0.0499337688371467,0.0435385807091265,0,0.0443632197632455,-0.241226554785182,-0.0983296287038386,-0.904431931090245,0.93897637263888,0.258878799991861,18677.6133333333,"1",2004,0,2005.1,2005.9,1,"1558","1699",0.174626637997025,-0.855241863794457,-0.33821442970069,NA,NA,"0",-0.374109278411499,-3.13410782110882,-3.11534453655403,0.282944100050036,0.203874093574842,1.15448594591925,0.968124647604038
"322",2005,"3024",0.0319584611636512,0.0326858450461978,0.0862516822984186,0.0542932211347673,0,0.0535658372522208,0.562410215215741,0.694456766192567,0.348609718095867,0.93897637263888,-0.996708069316343,13473.742612172,"1",2004,0,2005.1,2005.9,1,"1791","1509",-0.88688443951509,0.117721233031228,0.669990909528793,NA,NA,"0",1.35972339059036,-2.91335590081588,-2.92684377880598,1.01070241774944,1.0518614214065,0.770374958950803,-0.182220726752022
"323",2005,"3094",-0.0591640871112406,-0.0137505041635299,0.0334703472878253,0.0926344343990659,0,0.0472208514513552,0.985504614937955,0.0034435859409016,-0.099616086951109,0.955554950121982,0.00265770637046059,40475.822,"0",2004,0,2005.1,2005.9,1,"1891","1523",-0.880518475072896,-0.00330363364570957,1.82696928766426,NA,NA,"0",-1.64310624528366,-2.37909434469248,-3.05291971590421,-2.2970009187587,-0.891333158429467,0.814455130770951,-0.287764629506036
"324",2005,"3507",-0.00598924699082924,-0.0166935598431542,0.0562885757699219,0.0622778227607512,0,0.0729821356130762,-0.510315750257652,-1.93605938020789,-0.775634694176256,-0.146103198684548,0.477627372147019,48580.1919230769,"0",2004,0,2005.1,2005.9,1,"1760","2972",-0.672475575538598,-1.41398857798497,1.11343392180399,NA,NA,"0",0.00590084145621933,-2.77614989151067,-2.61754058541108,-0.249023367479183,-0.691331889754357,-1.18789345088421,1.11479413471313
"325",2005,"3567",0.00937314166485614,0.00798768084867899,0.0552085323000342,0.045835390635178,0,0.0472208514513552,0.985504614937955,1.49354918048791,1.15779189962853,1.75599669113699,-0.171231522549032,18416.0193059211,"0",2004,0,2005.1,2005.9,1,"1757","1523",-0.512775372513888,0.0994334132006955,0.447485011270412,NA,NA,"0",-0.0555575188624665,-3.08269876496529,-3.05291971590421,0.392415933852299,0.293854601429568,0.789268104189468,0.916680186269487
"326",2006,"912",-0.000817512242067657,-0.0305564678541943,0.0412596809841281,0.0420771932261958,0,0.0718161488383224,-0.623312868113173,0.628859201249281,-0.749818056478648,0.203681436099713,0.552847093933594,14812.2455905512,"0",1994,0,2006.1,2006.9,12,"64","178",0.822156860506563,0.159214802864864,-0.19205603119725,10525.18056,10525.18056,"0",-0.979401122759617,-3.16824941367568,-2.6336459140346,-0.0669974220871298,-1.38877032459576,-1.04446578785628,-1.12732827703137
"327",2006,"929",0.00723249842791247,-0.00722793763477374,0.0414373503007668,0.0342048518728543,0,0.0486652879355406,-0.598592617202176,-0.0970796217721856,-0.298007662033153,-0.371431751799911,0.69419494110674,10644.0812583286,"1",1994,1,2006.1,2006.9,12,"199","609",1.10807132775836,-1.50310293219137,-0.600462862078055,NA,NA,"0",-0.965770586775666,-3.37538777734852,-3.02278927643485,0.405268530091451,-0.457021981390534,-1.22115928915858,-1.11004245605558
"328",2006,"1042",0.0369417768094009,0.0361918302891299,0.0828562802514824,0.0459145034420814,0,0.0466644499623525,-1.01435749465966,-1.26820869546144,-0.226068079880073,-1.0427473893198,0.370281014121953,24266.2541121751,"0",1996,0,2006.1,2006.9,10,"1043","559",-1.37731084074928,-0.794855831946977,-0.615889240453205,29234.19744,29234.19744,"0",1.23232167617851,-3.08097423269622,-3.06477264697587,1.29539137035533,1.28339366425291,-1.48231866897484,-0.726126325848039
"329",2006,"1305",-0.007619151656277,-0.0240739648231035,0.0413510892983211,0.0489702409545981,0,0.0654250541214246,0.0470178650963795,-0.606692042842362,1.12047788232616,4.04220587616556,-0.198506546223457,6837.80397435898,"0",1998,0,2006.1,2006.9,9,"1177","854",-1.23691306002943,-0.643661405292967,-0.865325934858006,48326.8682,48326.8682,"0",-0.972381092925856,-3.01654249282672,-2.72685000333777,-0.400910033508227,-1.16280283349653,0.149375841236728,2.86749636085054
"330",2006,"1384",-0.0373555381947066,0.00126145795222511,0.0499267458877657,0.0872822840824722,1,0.0486652879355406,-0.598592617202176,-0.524023447908447,-0.664073987321577,-1.20666515542031,0.45109536882579,34968.4026923077,"0",1998,0,2006.1,2006.9,8,"1246","609",-1.14389498521406,-0.0579820517794896,-0.247747871771891,14547.10356,14547.10356,"1",-0.374555463951292,-2.43860776820221,-3.02278927643485,-1.27085278082913,-0.0156491180866203,-0.110501928019859,2.22375897827764
"331",2006,"1503",0.0468270164248198,0.050797124229002,0.100026902722689,0.0531998862978691,0,0.0492297784936869,2.8303774660272,-0.147658394453206,0.697725527315702,-0.296010899306371,0.610752091862724,24429.6402062589,"0",1999,0,2006.1,2006.9,7,"1186","1184",-0.806476144333436,-0.964590881413261,-0.865325934858006,4177.440463,4177.440463,"0",1.82974617787978,-2.93369901989492,-3.01125658463944,1.38709580550917,1.60266498313824,1.40457685201103,1.39632784414493
"332",2006,"1510",-0.0124730788531426,0.00639197449481063,0.051961562228055,0.0644346410811976,0,0.0455695877332443,1.07549510222712,0.0280333462457904,0.866563349763976,-1.56252081857866,0.486258255002456,34968.4026923077,"0",1999,0,2006.1,2006.9,7,"1247","1020",-0.823670781892028,-0.557812640120046,-0.247747871771891,5186.217755,5186.217755,"0",-0.247834529468611,-2.74210388550332,-3.0885147206368,-0.503730510918934,0.234606180852689,0.869908070036789,1.63504461394056
"333",2006,"1524",-0.0332708943034892,-0.0228856231359658,0.0431261512098279,0.0763970455133171,1,0.0660117743457937,-1.49953245679788,0.00461898048180373,0.297796306475902,-1.20269563686801,-1.25403398517307,4024.47243589744,"1",1999,0,2006.1,2006.9,7,"938","1028",0.23161352451005,-0.369899231908122,-0.113616819120252,20570.90291,20570.90291,"1",-0.839051219346576,-2.57181125484908,-2.71792215368826,-1.3003897060846,-1.08440814803902,0.571339627611491,-0.0514020184805321
"334",2006,"1533",0.00545361803588099,-0.0107545335081861,0.0552572408376075,0.0498036228017265,1,0.0660117743457937,-1.49953245679788,0.897480827314441,0.125221369091465,-1.20269563686801,0.504838030299769,17276.4077385798,"1",1999,0,2006.1,2006.9,7,"677","1028",0.571591818296727,-0.369899231908122,-1.66148393743936,12401.39415,12401.39415,"1",-0.0527600379313141,-2.99966755057485,-2.71792215368826,0.208925541853706,-0.497400852836648,0.571339627611491,-0.19379041390536
"335",2006,"1539",-0.0260345101897947,-0.00737492775148461,0.0606579927743199,0.0866925029641146,0,0.0680329205258045,0.0171228362060022,-0.935948502140529,0.00523305933057501,-1.14105134876183,0.538814208526064,16921.0113884535,"1",1999,0,2006.1,2006.9,7,"459","176",0.954830831624201,2.01736363127556,-1.04390587435327,25759.03062,25759.03062,"0",0.243053485917576,-2.44538786993661,-2.68776356557744,-0.820834974136662,-0.347982470269836,-0.506799409076634,-0.192452387812421
"336",2006,"1542",-0.0008916885173487,-0.0112876300468504,0.0388974436853738,0.0397891322027225,0,0.0501850737322242,-0.180214913045909,-0.108852113398934,0.347942379858258,-1.14105134876183,0.292172989466317,21884.2153401361,"1",1999,0,2006.1,2006.9,7,"1022","1199",-0.269516559909541,-0.70992184869798,1.09957632767038,11098.1118,11098.1118,"0",-1.1664249407671,-3.22416146421258,-2.99203763250904,-0.0737992228731064,-0.679647191481399,0.984204927557143,0.675045734774897
"337",2006,"1543",0.0149131245658531,0.000452688503166862,0.0491179764387074,0.0342048518728543,1,0.0486652879355406,-0.598592617202176,-0.0970796217721856,0.959667239035972,-0.644861529725396,0.748022946627152,10644.0812583286,"1",1999,0,2006.1,2006.9,7,"199","609",2.93896360714184,0.176671239693312,-0.600462862078055,20699.5902,20699.5902,"1",-0.426362984094601,-3.37538777734852,-3.02278927643485,0.785078677036686,-0.054326128574933,-0.154752540723629,-0.582821691890078
"338",2006,"1566",-0.0319242170303055,-0.047435395070725,0.0422000444364216,0.0741242614667271,0,0.0896354395071466,-0.212773681080485,1.90237719958215,1.70896014650053,-0.572009189236297,0.433130466261528,6837.80397435898,"1",1999,0,2006.1,2006.9,7,"1160","1179",-0.517456813567363,-0.974656088793249,-0.865325934858006,5176.499128,5176.499128,"0",-0.907914147454827,-2.60201238506326,-2.41200450698902,-1.28141994244418,-1.86029453808559,1.81788841635787,0.984074191699178
"339",2006,"1598",-0.0276538605750722,-0.02775348320457,0.0481431519633745,0.0757970125384467,0,0.0758966351679445,-1.17635393485562,1.57078863992652,-0.16354754783622,-0.00506853953254788,1.16856887353627,5811.12861111111,"0",2000,0,2006.1,2006.9,6,"1195","1279",-0.460180177668785,-0.742181594153631,-0.877353280709807,9370.257617,9370.257617,"0",-0.489953363563849,-2.57969639953205,-2.57838292800141,-1.03696891253656,-1.15424634316976,1.2660290944365,0.96226700316372
"340",2006,"1604",-0.0146097417059873,0.000297517673779828,0.0498248993752103,0.0644346410811976,0,0.0495273817014305,-0.234643538565577,0.0280333462457904,0.698106851562589,0.548095545783827,0.239358157811557,34968.4026923077,"1",2000,0,2006.1,2006.9,6,"1247","494",-0.300545310289867,1.78123782758895,-0.247747871771891,19045.62124,19045.62124,"0",-0.381033091876637,-2.74210388550332,-3.00522959666177,-0.597518891560278,-0.0620699792836802,-0.243283285235244,0.897797421298048
"341",2006,"1608",-0.0221183559880346,-0.00721109660826751,0.0423162850931629,0.0644346410811976,0,0.0495273817014305,-0.234643538565577,0.0280333462457904,0.791058236102498,0.548095545783827,1.62608486904019,34968.4026923077,"1",2000,0,2006.1,2006.9,6,"1247","494",-0.297434765415182,1.78409163444573,-0.247747871771891,15598.95477,15598.95477,"0",-0.899188303266996,-2.74210388550332,-3.00522959666177,-0.962364707600757,-0.448899815764613,-0.243283285235244,0.897797421298048
"342",2006,"1610",-0.0348039836863209,-0.0310895338450143,0.0463910437019979,0.0811950273883189,0,0.0774805775470122,0.119125624380388,-1.00290800278064,0.449054390398223,0.548095545783827,1.62608486904019,35134.884,"1",2000,0,2006.1,2006.9,6,"1170","917",-0.405568099845434,0.427675932280066,1.67375136007389,7682.437757,7682.437757,"0",-0.607554493019861,-2.5109012727498,-2.55772798632796,-1.27343691684988,-1.29095690660567,-0.120515838349934,1.18471180437505
"343",2006,"1677",0.012236021472599,0.0138030006337838,0.0515931063504791,0.0393570848778801,0,0.0377901057166953,0.670809383841643,0.0390782194665819,0.389946864325125,1.2733499353966,3.49524268250146,11647.728,"1",2001,1,2006.1,2006.9,5,"1588","1587",-1.11554215563004,-1.00994947003107,0.296620260042353,NA,NA,"0",-0.27040847075373,-3.23507927260288,-3.27570796414661,0.581494223204492,0.661066102510888,0.582177806082018,0.782132752098458
"344",2006,"1698",-0.0058471414744056,0.0363758505025773,0.0801261094432879,0.0859732509176935,0,0.0437502589407106,0.179339847629122,-1.15859959185701,1.93482720713748,0.129661590154048,0.290686088358498,21880.6309090909,"1",2001,0,2006.1,2006.9,5,"1552","1504",-1.0066560409332,-1.04047347542586,-0.33821442970069,10805.49744,10805.49744,"0",1.12603483083496,-2.45371906695108,-3.12925774755122,-0.180497386392244,1.35675913521185,0.573344886065711,0.963980465421426
"345",2006,"1699",-0.041610031154448,0.000612960822534918,0.0443632197632455,0.0859732509176935,0,0.0437502589407106,0.179339847629122,-1.15859959185701,-0.137254234024448,1.32168466129804,4.19408238678347,21880.6309090909,"1",2002,0,2006.1,2006.9,4,"1552","1504",-0.876694919455183,-0.921239079352348,-0.33821442970069,23605.83099,23605.83099,"0",-0.749337849300152,-2.45371906695108,-3.12925774755122,-1.50099337065138,-0.0433041879975841,2.05447466095351,2.5080719053758
"346",2006,"1705",0.0353490030485756,0.0249035098610007,0.0766086840327037,0.0412596809841281,0,0.051705174171703,1.87869074828734,-0.643408769793853,0.626567672352073,0.247346140174924,0.211154901599617,20001.5181268785,"0",2002,1,2006.1,2006.9,4,"912","1348",1.37007294865819,-0.409008113820241,0.530369112031751,NA,NA,"0",0.983630840647259,-3.18786950321264,-2.96219742178491,1.35904543849531,0.854813537845361,1.14059884853923,0.58478989303324
"347",2006,"1709",-0.0280275615174969,0.00308885137562708,0.04540513646879,0.0734326979862869,0,0.0423162850931629,0.584823003018756,0.897853970700547,1.75796220553111,1.2733499353966,0.795873895117743,24909.0153585434,"1",2001,1,2006.1,2006.9,5,"1049","1608",0.309127166516036,-1.43265690539643,-0.865325934858006,NA,NA,"0",-0.675696966772175,-2.61138596590452,-3.16258327663758,-1.0969731036133,0.0905943498255984,1.70689353455563,0.865209537198496
"348",2006,"1716",0.0475192580674012,0.0410217713187314,0.0934337615094826,0.0459145034420814,1,0.0524119901907512,-2.5336086558896,-1.26820869546144,-0.683732013731955,0.328371018859941,0.225346619205495,24266.2541121751,"0",2002,0,2006.1,2006.9,4,"1043","1412",0.915728867970815,-0.401377112471486,-0.615889240453205,12068.79803,12068.79803,"1",1.61344560127534,-3.08097423269622,-2.94861989339636,1.56375009069202,1.29284862811051,1.12939453777886,1.06006239496205
"349",2006,"1718",0.0327397986486199,0.01972450472532,0.0749817455629275,0.0422419469143077,0,0.0552572408376075,-0.00766526710952278,-0.482194744107086,0.940028291321273,1.2733499353966,3.49524268250146,17913.6391577194,"1",2001,1,2006.1,2006.9,5,"858","1533",1.09663474906828,-1.0128110955368,0.112549575701709,NA,NA,"0",0.915537322521359,-3.16434154892502,-2.89575589128705,1.25854661396157,0.646630815587546,0.582177806082018,0.151881629730387
"350",2006,"1723",0.0637856276929404,0.0638346172706804,0.109377383996719,0.0455917563037787,0,0.0455427667260387,-0.140665921796477,1.22076709422536,0.695418419916478,1.36161334791226,0.151920164414707,17118.8133333333,"1",2002,1,2006.1,2006.9,4,"1550","1040",-0.725940018540541,0.572529434657554,-0.975402295806019,NA,NA,"0",2.11322919187754,-3.08802836161685,-3.08910346643619,1.9314162393706,1.99865742020319,1.08382598032866,1.98041848773046
"351",2006,"1747",0.0495664249010996,0.075951770971937,0.118078418103105,0.0685119932020049,0,0.0421266471311676,-1.97704361481158,0.0213914998351655,2.71796393145773,0.328371018859941,4.9850043974436,4829.22923076923,"1",2002,1,2006.1,2006.9,4,"826","1590",1.35343792510906,-1.08297565097056,0.530369112031751,NA,NA,"0",2.35604422988869,-2.68074646579829,-3.16707479003742,1.19267535456046,2.36458380041344,2.61184434936618,0.590713355803698
"352",2006,"1750",-0.0300334032275646,0.00237947239245072,0.052935775746504,0.0829691789740685,0,0.0505563033540532,0.648820761506607,-1.38212754511904,-0.850091124547683,0.328371018859941,0.159338621536349,0,"1",2002,0,2006.1,2006.9,4,"1362","1187",-0.243524335613781,0.16414837033519,-1.04887369111814,10525.18056,10525.18056,"0",-0.188910569697462,-2.48928607781027,-2.98466764585817,-1.02693957192004,0.0326645067843983,1.49890491150844,1.19256042061526
"353",2006,"1752",0.00459735890823288,0.00781057666715795,0.0540191672601158,0.0494218083518829,0,0.0462085905929579,2.47696459763106,-0.420365868325012,-0.22297922448584,0.247346140174924,0.15247854512607,6837.80397435898,"1",2002,0,2006.1,2006.9,4,"1200","1553",0.564876450183683,-0.819174436313341,-0.865325934858006,12199.25575,12199.25575,"0",-0.124643399769742,-3.00736348759208,-3.07458955460929,0.175500498062387,0.293597081445882,1.98526186839629,1.38737280423339
"354",2006,"1753",0.00350760733345905,-0.00239322808669298,0.0549875797429517,0.0514799724094926,0,0.0573808078296446,0.161474078096692,0.715539031599091,-0.0408708064292188,1.32168466129804,4.19408238678347,21815.4118435078,"0",2002,0,2006.1,2006.9,4,"1244","1188",0.0486282654689617,-0.0180339682163729,1.67375136007389,10658.97277,10658.97277,"0",-0.0682785728221373,-2.9665624322005,-2.8580453899354,0.124054311217277,-0.177145272581482,1.6492644133319,2.05523886109328
"355",2006,"1759",0.0259565582009709,0.025404237903953,0.0699764415789243,0.0440198833779534,0,0.0445722036749713,0.815805362427473,-0.775368814102716,-0.24376220735787,0.129661590154048,3.02566877086354,17575.8127694236,"1",2001,0,2006.1,2006.9,5,"522","1360",1.36487450379914,-0.40042323730291,-1.66148393743936,NA,NA,"0",0.696382944799024,-3.12311385218416,-3.11064485023559,1.01214763068961,0.991922424886118,1.54299700924612,0.021896250002548
"356",2006,"1776",0.0511248445563402,0.0641889630990214,0.103086406784395,0.051961562228055,0,0.0388974436853738,0.190520794564729,0.938208789681826,0.558555867258599,0.624917404825241,-0.520802412844688,19265.1351801501,"0",2002,0,2006.1,2006.9,4,"1510","1542",-0.468097153528035,-0.740002797320446,-1.4473448884692,9426.642867,9426.642867,"0",1.92531918565796,-2.95725102165683,-3.24682674554601,1.50699732682685,2.23189435670485,2.31699665103246,2.09666577519642
"357",2006,"1796",0.0760618867859167,0.0815803853880894,0.119798307553206,0.043736420767289,0,0.0382179221651163,-0.0362708411232367,0.475331819382618,-0.616139690276724,0.328371018859941,0.302047817380431,21969.7404414557,"1",2002,0,2006.1,2006.9,4,"1437","1196",-0.333977276162689,0.27259042467883,-0.137932974864133,11959.14512,11959.14512,"0",2.4019160424666,-3.12957409681909,-3.26445070676778,2.22748512229939,2.62943592490069,1.41231900846124,1.33420252760612
"358",2006,"1828",0.0500526977041775,0.038713151596113,0.0893632857084042,0.0393105880042266,0,0.0506501341122911,0.24479671977538,-0.717775051624965,0.297186162714216,0.158849226567958,-1.2558285073228,28345.425503876,"0",2003,0,2006.1,2006.9,3,"1508","1754",-0.084451922924661,-1.16161562183668,-0.272325491556025,12049.32361,12049.32361,"0",1.47214710139254,-3.23626138152677,-2.98281340046684,1.81111080018652,1.2683392813101,1.8034497222965,1.07859145125836
"359",2006,"1829",-0.0366164422686946,-0.00422270181828482,0.0532538276811535,0.0898702699498481,0,0.0574765294994384,-0.201032845354227,-0.430272683737408,-0.852836771475272,0.158849226567958,-1.2558285073228,6837.80397435898,"1",2003,0,2006.1,2006.9,3,"1190","1489",0.947473469774417,-0.409961988988817,-0.865325934858006,12928.62959,12928.62959,"0",-0.169908229274312,-2.40938809353481,-2.8563785971265,-1.19202127925718,-0.256964413308834,1.16443453507831,1.14302396677374
"360",2006,"1831",-0.000562617975296983,-0.00194807879147414,0.0452727726598811,0.045835390635178,1,0.0472208514513552,0.985504614937955,1.49354918048791,0.367485996511236,0.158849226567958,0.281577028691626,18416.0193059211,"1",2003,0,2006.1,2006.9,3,"1757","1523",-1.02225137551061,-0.36799148157089,0.447485011270412,10956.79486,10956.79486,"1",-0.684957965394824,-3.08269876496529,-3.05291971590421,-0.0507603856816987,-0.176025593656835,1.18129870595574,1.7929588057683
"361",2006,"1851",0.0062249877592879,0.0224274207469212,0.0820220002977346,0.0757970125384467,0,0.0595945795508133,0.889847313283284,1.57078863992652,-0.506161537302183,1.94583307837304,-0.0666313710656704,5811.12861111111,"0",2002,0,2006.1,2006.9,3,"1195","1045",0.571486713127462,0.424253970268135,-0.877353280709807,11815.61407,11815.61407,"0",1.20021895713786,-2.57969639953205,-2.82019065618078,0.153122948048591,0.680206277029353,1.46615687614841,1.52680654863134
"362",2006,"1864",-0.044022776258799,0.0249487664921797,0.0560041264638899,0.100026902722689,0,0.0310553599717103,1.01920015605379,0.773002196945418,0.595545754790008,-0.301848426589157,-0.117515253591337,20641.8694783933,"0",2003,0,2006.1,2006.9,3,"1503","1209",-0.0147927618124633,0.278735882732163,-0.0291639341173666,11098.1118,11098.1118,"0",-0.0101702002177835,-2.30231610194849,-3.47198386161283,-1.3187039318004,1.32016967542548,1.61052026048477,1.14941442466994
"363",2006,"1868",-0.0185679755631298,-0.014849820268322,0.0313587703246358,0.0499267458877657,0,0.0462085905929579,2.47696459763106,-0.559508815936449,-0.425565553533647,0.158849226567958,-0.0184569613787307,18876.280979448,"1",2003,0,2006.1,2006.9,3,"1384","1553",0.158835296482336,-0.479594876295728,-1.04887369111814,14547.10356,14547.10356,"0",-1.84982515649965,-2.99719843008107,-3.07458955460929,-1.06194724069491,-0.994340899656391,1.3705849239723,0.90435324518159
"364",2006,"1877",-0.0194843956151411,0.000949460600295535,0.0440756118101234,0.0635600074252645,1,0.0431261512098279,0.145898813199516,0.083854713266193,-1.19617529365476,0.111682006123092,0.0607482372535563,52540.4536111111,"1",2003,0,2006.1,2006.9,3,"1893","1524",-1.07527551307368,-0.405192613145785,1.72813588044726,25820.50897,25820.50897,"1",-0.769970222218304,-2.75577082049071,-3.14362570926626,-0.840852344672075,-0.0246810059270792,1.12844288839934,1.71390925811804
"365",2006,"1897",-0.0317384922471519,-0.00985833612903386,0.0379119824506912,0.0696504746978431,0,0.047770318579725,1.55476570178633,-0.201073028367307,2.30905417923151,0.111682006123092,0.102942963244135,19444.8983277962,"1",2003,0,2006.1,2006.9,3,"927","501",1.77555164766983,1.46631046762512,-0.113616819120252,4535.767097,4535.767097,"0",-1.24782760298581,-2.66426576330441,-3.04135078256912,-1.38171097837838,-0.623634717695872,0.434372513879544,0.466683480575277
"366",2006,"2968",-0.0381041192263419,-0.0194445367880318,0.0485883837377727,0.0866925029641146,1,0.0680329205258045,0.0171228362060022,-0.935948502140529,-2.57937363564835,-0.0830579040305069,-0.0946237732194918,16921.0113884535,"0",2003,0,2006.1,2006.9,3,"459","176",2.48317362020665,3.41956012910096,-1.04390587435327,3994.082587,3994.082587,"1",-0.460751478478494,-2.44538786993661,-2.68776356557744,-1.31640134290754,-0.873409510868865,-0.0148855141044914,0.314751830217523
"367",2006,"3002",-0.014588446803797,-0.0451503888316715,0.0525207221873888,0.0671091689911858,0,0.0976711110190603,0.66291993575903,0.533354689629059,1.00554232689208,-0.194671425677288,0.104549125487491,15649.8439857189,"0",2003,0,2006.1,2006.9,3,"1782","1495",-1.21251445735454,-0.315528347298485,0.669990909528793,8903.717018,8903.717018,"0",-0.213880814068842,-2.70143459767534,-2.3261494543539,-0.570662593429853,-1.54548515438564,1.0751853436725,-0.206171562139403
"368",2006,"3005",4.28952828225235e-05,0.000951174334355029,0.0437793160501115,0.043736420767289,0,0.0428281417157565,-0.788244512612291,0.475331819382618,-1.527368155882,0.313193447924714,0.17305191036253,21969.7404414557,"1",2004,0,2006.1,2006.9,2,"1437","1579",0.442031232734022,-0.361496790532294,-0.137932974864133,2917.640717,2917.640717,"0",-0.791367114957264,-3.12957409681909,-3.15055987574052,-0.0209840116739032,-0.0242333513365268,1.03910227628251,0.658394966973642
"369",2006,"3009",0.0276655145776336,0.0513384228638334,0.104274198610337,0.0766086840327037,1,0.052935775746504,-0.875537325298186,0.70337474857807,-0.203759737603827,0.313193447924714,-1.2558285073228,16222.862311522,"0",2004,0,2006.1,2006.9,2,"1705","1750",-0.974036509612263,-1.10593381042437,0.579262887559741,10112.91676,10112.91676,"1",1.96166116547708,-2.56904484008817,-2.93867587859494,0.665481582091066,1.52926017643501,-0.398712930560102,-0.426598923159253
"370",2006,"3010",0.0248030196727277,0.0384086231920898,0.0732452441951516,0.048442224522424,1,0.0348366210030618,0.309931251344494,0.127847603919173,0.421941192005642,0.313193447924714,-1.2558285073228,19091.7559569378,"0",2004,1,2006.1,2006.9,2,"1740","1729",-0.62990230061851,-0.789249860669252,0.447485011270412,NA,NA,"1",0.841208464070521,-3.02738343809768,-3.35708611783615,0.900297486007526,1.68366640423936,0.989284715481629,0.983369902562201
"371",2006,"3015",0.0309231947237886,-0.0264926270448756,0.0828847569518436,0.051961562228055,0,0.109377383996719,0.499718870077281,0.938208789681826,0.770713792758834,0.313193447924714,0.337481912179934,19265.1351801501,"1",2004,1,2006.1,2006.9,2,"1510","1723",0.224693627418889,-1.03919121700254,-1.4473448884692,NA,NA,"0",1.23341173358517,-2.95725102165683,-2.21295113800047,1.01980828881907,-0.733083095259428,-0.423204682181634,0.78040433517716
"372",2006,"3021",0.00639518812802024,0.00557054907390124,0.0499337688371467,0.0435385807091265,0,0.0443632197632455,-0.241226554785182,-0.0983296287038386,-0.904431931090245,0.93897637263888,0.258878799991861,18677.6133333333,"1",2004,0,2006.1,2006.9,2,"1558","1699",0.174626637997025,-0.855241863794457,-0.33821442970069,23605.83099,23605.83099,"0",-0.374109278411499,-3.13410782110882,-3.11534453655403,0.282944100050036,0.203874093574842,1.15448594591925,0.968124647604038
"373",2006,"3024",0.0319584611636512,0.0326858450461978,0.0862516822984186,0.0542932211347673,0,0.0535658372522208,0.562410215215741,0.694456766192567,0.348609718095867,0.93897637263888,-0.996708069316343,13473.742612172,"1",2004,0,2006.1,2006.9,2,"1791","1509",-0.88688443951509,0.117721233031228,0.669990909528793,10530.5881,10530.5881,"0",1.35972339059036,-2.91335590081588,-2.92684377880598,1.01070241774944,1.0518614214065,0.770374958950803,-0.182220726752022
"374",2006,"3094",-0.0591640871112406,-0.0137505041635299,0.0334703472878253,0.0926344343990659,0,0.0472208514513552,0.985504614937955,0.0034435859409016,-0.099616086951109,0.955554950121982,0.00265770637046059,40475.822,"0",2004,0,2006.1,2006.9,2,"1891","1523",-0.880518475072896,-0.00330363364570957,1.82696928766426,17053.82448,17053.82448,"0",-1.64310624528366,-2.37909434469248,-3.05291971590421,-2.2970009187587,-0.891333158429467,0.814455130770951,-0.287764629506036
"375",2006,"3447",0.0677055148412615,0.0650680811784827,0.114283150885188,0.0465776360439268,3,0.0492150697067056,1.51928868792132,0.322588020304497,0.233254681023547,0.872195060523875,0.0444373001951161,22308.7275462512,"1",2005,0,2006.1,2006.9,1,"1501","1773",0.635012845578149,-0.848744566539557,-0.0291639341173666,9309.403002,9309.403002,"1",2.25240923348628,-3.0666347662662,-3.01155540753083,1.98163116765641,1.91891262951199,-0.0677115360802204,0.793659991023594
"376",2006,"3455",-0.012916645770032,-0.0695410553747111,0.0502572521784947,0.0631738979485267,0,0.119798307553206,-0.66735798370139,-1.06600553350253,-0.715230607408185,0.872195060523875,0.0444373001951161,60268.6802777778,"0",2005,0,2006.1,2006.9,1,"1697","1796",-0.511764090344644,-0.87449919609147,1.78225893678038,7682.437757,7682.437757,"0",-0.353625296681561,-2.76186407028383,-2.12194572066931,-0.534083648929518,-2.13340860808767,-0.073786825818126,1.00984184459381
"377",2006,"3457",-0.0409162285170281,-0.0501442648671604,0.0461514936173678,0.0870677221343959,0,0.0962957584845282,0.43660337798446,0.0238915340565595,0.866334530249176,0.872195060523875,-0.162508947333271,16192.9918854425,"1",2005,0,2006.1,2006.9,1,"1717","1797",-0.362048878401895,-0.994687467333638,-0.681255250517338,17439.252,17439.252,"0",-0.623977234202288,-2.44106904779776,-2.34033100596085,-1.44097921494316,-1.81805861398272,-0.844183253830753,0.957356667822786
"378",2006,"3498",0.0415530563702347,0.027361114474556,0.0813802817346719,0.0398272253644371,1,0.0540191672601158,-0.317508079317215,0.357121892038114,0.134831102129694,0.546928040327282,0.285008942875648,15260.450426501,"0",2005,0,2006.1,2006.9,1,"2985","1752",-1.16364907567879,-0.862098818899839,0.0843114593539948,9189.350373,9189.350373,"1",1.17530294863945,-3.22320454616746,-2.91841634613605,1.57293153202357,0.894224048194517,-0.211661956793918,0.0913586671215667
"379",2006,"3501",-0.00315333481994417,0.00886947797407645,0.0405830859473448,0.043736420767289,0,0.0317136079732684,-0.129145638783763,0.475331819382618,0.318274196661531,1.28012146704465,-0.298245897408992,21969.7404414557,"0",2005,0,2006.1,2006.9,1,"1437","1623",0.678679782394674,-0.531104135399557,-0.137932974864133,16667.73233,16667.73233,"0",-1.03185144380901,-3.12957409681909,-3.45100941660577,-0.190314936609368,0.507759596962533,1.05509863025943,0.73596706341953
"380",2006,"3506",-0.0124347871304407,-0.0397652529529131,0.0367050462907903,0.0491398334212309,0,0.0764702992437033,0.711885359667628,1.78422323662024,-2.5571263160705,1.28012146704465,-0.298245897408992,20996.0641608228,"0",2005,1,2006.1,2006.9,1,"1559","1165",0.338701488608083,1.21879289245793,-0.33821442970069,NA,NA,"0",-1.35045752050277,-3.01308530177619,-2.57085285871667,-0.674844986450667,-1.81449025816105,0.939720448725752,0.964913305512064
"381",2006,"3507",-0.00598924699082924,-0.0166935598431542,0.0562885757699219,0.0622778227607512,0,0.0729821356130762,-0.510315750257652,-1.93605938020789,-0.775634694176256,-0.146103198684548,0.477627372147019,48580.1919230769,"0",2004,0,2006.1,2006.9,2,"1760","2972",-0.672475575538598,-1.41398857798497,1.11343392180399,8597.250175,8597.250175,"0",0.00590084145621933,-2.77614989151067,-2.61754058541108,-0.249023367479183,-0.691331889754357,-1.18789345088421,1.11479413471313
"382",2006,"3511",-0.0301230031093811,0.00284586771330912,0.0456740094290656,0.0757970125384467,0,0.0428281417157565,-0.788244512612291,1.57078863992652,0.0874497335650481,0.872195060523875,-0.162508947333271,5811.12861111111,"1",2005,1,2006.1,2006.9,1,"1195","1579",1.42507135899562,-0.139611352750521,-0.877353280709807,NA,NA,"0",-0.656967768219193,-2.57969639953205,-3.15055987574052,-1.1545678586004,0.0761027568005095,1.03120252170284,0.936769318372159
"383",2006,"3512",-0.0366971466182807,0.0040324865020341,0.0461591336332017,0.0828562802514824,0,0.0421266471311676,-1.97704361481158,-0.130923191474264,-0.730636706182435,-0.183930375476972,-1.21540722369768,17982.5829722443,"0",2005,1,2006.1,2006.9,1,"1042","1590",1.6877036109112,-0.0422978420403306,-0.865325934858006,NA,NA,"0",-0.623452145939908,-2.49064773530915,-3.16707479003742,-1.32986954777207,0.14023466617494,0.922024040345599,0.846183751417356
"384",2006,"3517",-0.0400673222554784,0.0103958285024782,0.0492959634529258,0.0893632857084042,0,0.0389001349504476,-0.853124537495171,0.381077314694049,-0.725126354437134,-0.749003016450229,-1.2558285073228,0,"0",2005,0,2006.1,2006.9,1,"1828","1848",-0.992100395327695,-1.13586099228476,0.48016801630249,13663.31448,13663.31448,"0",-0.414888797047528,-2.41504535555513,-3.24675755920058,-1.35188194385719,0.484643436713906,-0.178229297604925,-0.177581970118097
"385",2006,"3567",0.00937314166485614,0.00798768084867899,0.0552085323000342,0.045835390635178,0,0.0472208514513552,0.985504614937955,1.49354918048791,1.15779189962853,1.75599669113699,-0.171231522549032,18416.0193059211,"0",2004,0,2006.1,2006.9,2,"1757","1523",-0.512775372513888,0.0994334132006955,0.447485011270412,19045.62124,19045.62124,"0",-0.0555575188624665,-3.08269876496529,-3.05291971590421,0.392415933852299,0.293854601429568,0.789268104189468,0.916680186269487
"386",2006,"3568",-0.025392449490877,0.00866615763266488,0.0417167195003088,0.0671091689911858,0,0.0330505618676439,-0.563217409714384,0.533354689629059,1.18473349378779,-0.749003016450229,-1.2558285073228,15649.8439857189,"0",2005,1,2006.1,2006.9,1,"1782","1881",-0.566867605851417,-1.13204549161046,0.669990909528793,NA,NA,"0",-0.944455534580504,-2.70143459767534,-3.40971671229509,-1.08507820524701,0.47521547812058,-0.178229297604925,-0.188884168125857
"387",2006,"3571",0.0405526328014641,0.0157767548883061,0.0953012428688253,0.0547486100673613,0,0.0795244879805192,1.74753945578131,3.73190724274449,1.22822520107307,-0.749003016450229,-1.2558285073228,5535.702,"0",2005,1,2006.1,2006.9,1,"2975","1611",-1.17081611195179,-0.0460377624417073,-0.411424360972537,NA,NA,"0",1.67622364043026,-2.90500329750529,-2.53169027983959,1.2149014800603,0.352339640167626,0.872397915283353,-0.0796687654750946
"388",2006,"3573",-0.0117289669711134,-0.0365048448842713,0.0430196430962479,0.0547486100673613,0,0.0795244879805192,1.74753945578131,3.73190724274449,0.236534198541223,-0.749003016450229,-1.2558285073228,5535.702,"1",2005,0,2006.1,2006.9,1,"2975","1611",-1.17081611195179,-0.0460377624417073,-0.411424360972537,7518.164984,7518.164984,"0",-0.846895237443887,-2.90500329750529,-2.53169027983959,-0.561688517934764,-1.53129993634281,0.872397915283353,-0.0796687654750946
"389",2006,"3574",-0.00495456706957517,0.0473629050364437,0.0993803606550273,0.104334927724603,0,0.0520174556185836,-0.0936686249187542,-0.788801752063556,0.653108863568768,-0.749003016450229,-0.0895775058905502,27814.0594444444,"0",2005,0,2006.1,2006.9,1,"3090","1381",-1.25997938366663,0.97601863097055,-0.414823393495862,17488.19651,17488.19651,"0",1.80917557173785,-2.2601490955214,-2.95617593175754,-0.131842932011454,1.45686551003768,1.12125852950273,0.466841747587259
"390",2006,"3576",-0.0158529717595796,0.00125101975386273,0.0401511547043103,0.0560041264638899,0,0.0389001349504476,-0.853124537495171,0.673020025766192,-0.926606784913412,-0.749003016450229,0.168955094086682,12588.2127025765,"1",2005,0,2006.1,2006.9,1,"1864","1848",-0.96090972617289,-1.12059898958733,-0.0357005351237869,7972.473429,7972.473429,"0",-1.06579448496009,-2.88232990410655,-3.24675755920058,-0.766464597863206,-0.00129154046040596,-0.178229297604925,-0.290383920943131
"391",2006,"3577",-0.0488050687610208,-0.0196502154230154,0.0378263140764229,0.0866313828374437,0,0.0574765294994384,-0.201032845354227,0.392495310942859,0.912381222338605,-0.749003016450229,-1.2558285073228,13076.9022440393,"1",2005,1,2006.1,2006.9,1,"3022","1489",-1.1220615168058,0.286366884080918,-0.01373755574224,NA,NA,"0",-1.25500380953586,-2.44609314063744,-2.8563785971265,-1.87407861832224,-1.0670447457105,0.687765510132908,-0.0457759728356018
"392",2006,"3578",0.00334678515289544,0.00922123945479827,0.0515375245479612,0.0481907393950658,0,0.0423162850931629,0.584823003018756,1.44621670844241,2.26975720510644,-0.749003016450229,-1.2558285073228,15756.8487832278,"1",2005,0,2006.1,2006.9,1,"1685","1608",-0.587661385287869,-0.159233555330552,0.669990909528793,15598.95477,15598.95477,"0",-0.273827751391815,-3.03258840511775,-3.16258327663758,0.126799006467499,0.39061063732983,0.958640269899459,-0.188884168125857
"393",2006,"3581",0.00643738386521063,0.0096506016241357,0.0558591922170936,0.0494218083518829,0,0.0462085905929579,2.47696459763106,-0.420365868325012,-0.0673357452798706,-0.749003016450229,-1.2558285073228,6837.80397435898,"0",2005,0,2006.1,2006.9,1,"1200","1553",1.70229618536002,0.224364998122686,-0.865325934858006,9426.642867,9426.642867,"0",-0.0183902285434255,-3.00736348759208,-3.07458955460929,0.250315966691823,0.372920604489814,0.805100174479369,0.828880351605185
"394",2006,"3590",0.0161289929153974,-0.0735884492247137,0.0462098583284921,0.0300808654130946,1,0.119798307553206,-0.66735798370139,1.20934907761846,0.411301833567484,-0.749003016450229,0.0272100157112919,14820.5340569878,"0",2005,0,2006.1,2006.9,1,"2963","1796",-1.15214147998251,-0.755264800017881,-0.0861630948933245,3822.914573,3822.914573,"1",-0.61996810668893,-3.50386600993222,-2.12194572066931,0.935728081264721,-2.33224737951789,-0.189595379923457,-0.229393614196946
"395",2006,"3593",-0.0173643996660907,-0.00405018592296229,0.0461956077591738,0.0635600074252645,1,0.0502457936821361,-0.35327353532753,0.083854713266193,0.35976388923399,-0.749003016450229,-0.705757507559058,52540.4536111111,"1",2005,1,2006.1,2006.9,1,"1893","1871",-0.341255098965443,-1.00231846868239,1.72813588044726,NA,NA,"1",-0.620946524408195,-2.75577082049071,-2.99082844336483,-0.735921097351399,-0.275282771705602,-0.527600880076396,0.783055976192966
"396",2006,"3594",0.00741555638426766,0.00530147755263839,0.0558577809066916,0.048442224522424,0,0.0505563033540532,0.648820761506607,0.127847603919173,-1.97200175669663,-0.749003016450229,0.248335027574739,19091.7559569378,"0",2005,0,2006.1,2006.9,1,"1740","1187",-0.24560371355749,1.23248855915448,0.447485011270412,29498.92328,29498.92328,"0",-0.0184703766256172,-3.02738343809768,-2.98466764585817,0.294976490924022,0.159906982719066,0.862871101831533,0.757776609971011
"397",2006,"3597",-0.0379872859414231,0.000379599731139255,0.0432077414468957,0.0811950273883189,1,0.0428281417157565,-0.788244512612291,-1.00290800278064,2.17343097198713,-0.749003016450229,-0.705757507559058,35134.884,"0",2005,1,2006.1,2006.9,1,"1170","1579",1.41789864136213,0.0034699225377562,1.67375136007389,NA,NA,"1",-0.833055424644858,-2.5109012727498,-3.15055987574052,-1.43221766363779,-0.0553558444913236,0.889987971155421,1.04715341450659
"398",2006,"3599",-0.0174141162825226,0.00754185950088778,0.0457597816660041,0.0631738979485267,0,0.0382179221651163,-0.0362708411232367,-1.06600553350253,-1.54081035572367,-0.749003016450229,-0.705757507559058,60268.6802777778,"1",2005,1,2006.1,2006.9,1,"1697","1196",-0.375564835035593,1.34379223900393,1.78225893678038,NA,NA,"0",-0.651016220918728,-2.76186407028383,-3.26445070676778,-0.743483905939768,0.350263078093175,0.833921930975027,0.814038412947138
"399",2006,"3600",-0.0115213393836699,-0.00249734430407227,0.0507564833770813,0.0622778227607512,0,0.0532538276811535,-0.87798051172884,-1.93605938020789,0.839259468442395,0.0923014155442411,-1.2558285073228,48580.1919230769,"1",2005,0,2006.1,2006.9,1,"1760","1829",-0.258079981219377,-1.11010636273285,1.11343392180399,17488.19651,17488.19651,"0",-0.322269735724715,-2.77614989151067,-2.93268559563973,-0.480096334420456,-0.189999361443403,-0.293075166944975,0.671998043838697
"400",2006,"3602",0.00242429524424212,0.0165534888131542,0.0586801359443217,0.0562558407000796,0,0.0421266471311676,-1.97704361481158,-1.19067074574365,1.14225233320676,-0.749003016450229,-0.705757507559058,21605.0616204691,"1",2005,1,2006.1,2006.9,1,"1193","1590",1.71996237584021,-0.00318896012821134,-0.865325934858006,NA,NA,"0",0.137894800205265,-2.87784540861997,-3.16707479003742,0.0710659458728143,0.708619791343006,0.889987971155421,0.828880351605185
"401",2006,"3603",0.0227039459421683,0.0147300330068693,0.0718437793633993,0.0491398334212309,0,0.05711374635653,-1.02044847449314,1.78422323662024,-0.491403718875419,-0.749003016450229,-0.705757507559058,20996.0641608228,"0",2005,0,2006.1,2006.9,1,"1559","2960",0.497773901297204,-1.15016911981363,-0.33821442970069,27303.25167,27303.25167,"0",0.779923927493685,-3.01308530177619,-2.86271044949821,0.825208937133639,0.467129876359847,-0.166555296471963,0.8002205909492
"402",2006,"3605",-0.0114138842869198,0.0141373345693908,0.0643831282515269,0.0757970125384467,0,0.0502457936821361,-0.35327353532753,1.57078863992652,-0.958696464461207,-0.749003016450229,-0.705757507559058,5811.12861111111,"0",2005,1,2006.1,2006.9,1,"1195","1871",1.58102470476931,-1.00231846868239,-0.877353280709807,NA,NA,"0",0.43211690053385,-2.57969639953205,-2.99082844336483,-0.38771658320325,0.510883889402232,-0.527600880076396,0.857666810475646
"403",2006,"3606",-0.0372532304097038,-0.0181866071118115,0.0363002109855592,0.073553441395263,0,0.0544868180973707,0.671589843859456,0.505873124066593,0.0876022799082481,-0.749003016450229,-0.222164394544728,18496.1403694581,"0",2005,0,2006.1,2006.9,1,"3003","1710",-1.23406101705749,-0.693262914059648,-0.33586125333838,9418.674896,9418.674896,"0",-1.38563935233365,-2.60974304315489,-2.90979647634116,-1.60053064626508,-1.03806632738681,-0.166620318391955,0.257633014767955
"404",2006,"3608",-0.0270977462358049,-0.00342483794960517,0.0495109377968988,0.0766086840327037,1,0.052935775746504,-0.875537325298186,0.70337474857807,0.340048647542133,-0.749003016450229,-0.256297897868316,16222.862311522,"0",2005,0,2006.1,2006.9,1,"1705","1750",-0.580383562485118,-0.744772173163478,0.579262887559741,8454.345851,8454.345851,"1",-0.401085278886363,-2.56904484008817,-2.93867587859494,-0.998186244924366,-0.234653030703333,-0.189595379923457,-0.233224929086111
"405",2006,"3615",0.0293093307313291,0.0352652775171983,0.0722410357484848,0.0429317050171558,3,0.0369757582312865,-0.270934947907471,0.888712110426615,0.749263471649197,0.0923014155442411,1.04006649679675,17286.3799818841,"1",2005,0,2006.1,2006.9,1,"1857","1606",-0.960909726172973,-0.0117138936703705,0.48016801630249,9781.948901,9781.948901,"1",0.797416090907754,-3.14814468131827,-3.29749276400225,1.1391969077133,1.50984365864549,0.808873339739831,-0.291782335668693
"406",2006,"3617",-0.0206608541908859,0.00908626380521039,0.0546814017553418,0.0753422559462276,0,0.0455951379501314,2.27195799003732,0.253669542334942,-0.723639131618718,0.0923014155442411,-0.780787884777864,13076.7228528529,"1",2005,0,2006.1,2006.9,1,"1827","1783",-0.705146239104089,-0.967025087444573,1.89468847409072,7402.225413,7402.225413,"0",-0.0859911206180068,-2.58571413362755,-3.08795419204716,-0.739087841223506,0.35410326157243,-0.615021343454538,-0.885077358762853
"407",2006,"3642",-0.0474286103945287,-0.00651231161745894,0.0452058240045372,0.0926344343990659,0,0.0517181356219961,-0.435747846070261,0.0034435859409016,0.918025041731428,0.872195060523875,0.0872364859104464,40475.822,"1",2005,0,2006.1,2006.9,1,"1891","510",-0.660439613315669,2.26470398373388,1.82696928766426,4084.557438,4084.557438,"0",-0.689652427467234,-2.37909434469248,-2.96194677325342,-1.62565065812014,-0.394973107935929,0.30419573914465,-0.0531946245198683
"408",2006,"3645",0.0296285801414712,0.00645868487696974,0.0785671002146544,0.0489385200731832,0,0.0721084153376846,-1.08257991232734,0.215497578571536,-0.783700009920146,0.0923014155442411,-0.780787884777864,11647.728,"0",2005,0,2006.1,2006.9,1,"1576","1512",0.337925982899599,0.322614140487318,0.296620260042353,6579.484961,6579.484961,"0",1.06370527002304,-3.01719046104104,-2.62958452391989,1.03419571840316,0.126896729319794,0.660550781855145,0.758214122009952
"409",2006,"3646",0.0294666674028697,0.0354392688733956,0.0849960895322794,0.0555294221294097,0,0.0495568206588839,0.107707147744891,-0.390626835153921,-0.903135370395272,0.0923014155442411,0.416513514209615,12910.8364322251,"0",2005,0,2006.1,2006.9,1,"1790","2964",-0.657320546400066,-0.862098818899763,1.36313208024904,4506.987146,4506.987146,"0",1.3132053502749,-2.89084227024036,-3.00463537563322,0.927661030836105,1.20135996779881,-0.88972371858368,-0.941569804844849
"410",2006,"3648",-0.0389669430857081,-0.00713001652019777,0.0430550572120264,0.0820220002977346,0,0.0501850737322242,-0.180214913045909,-0.404992621400981,0.668209890462175,0.0923014155442411,-0.780787884777864,13150.9199663866,"0",2005,0,2006.1,2006.9,1,"1851","1199",-0.704106550132191,1.38574189669141,2.48115231638628,11815.61407,11815.61407,"0",-0.844284936017285,-2.50076777138907,-2.99203763250904,-1.46275902811524,-0.439152909802815,0.798471478413209,-0.822401049852634
"411",2006,"3652",-0.00267394444616403,-0.00112265771254368,0.0520629047011811,0.0547368491473451,0,0.0531855624137248,-0.606074858289539,-0.0957922984661132,1.23129497777163,-0.260285232335748,-1.13310064467599,21503.1073975985,"0",2005,1,2006.1,2006.9,1,"1024","1616",2.1456809216395,-0.127724400171446,-0.615889240453205,NA,NA,"0",-0.241653712407192,-2.90521813735975,-2.93396830266628,-0.135043218080377,-0.126777586696164,0.85031835099949,0.598719283045535
"412",2006,"3688",-0.00252447384450431,-0.00179708996195778,0.051768747290263,0.0542932211347673,0,0.0535658372522208,0.562410215215741,0.694456766192567,-1.0750048329563,-0.260285232335748,-1.1237084530367,13473.742612172,"0",2005,0,2006.1,2006.9,1,"1791","1509",-0.523200669034724,0.451387288246813,0.669990909528793,18802.28933,18802.28933,"0",-0.259627555460497,-2.91335590081588,-2.92684377880598,-0.129522372777178,-0.157068350785218,0.578830441254063,-0.298532907680952
"413",2006,"3690",0.0110201011917195,0.00785427230349845,0.0492916226042653,0.0382715214125458,0,0.0414373503007668,-0.384271383326481,-3.19731979440465,0.0518136220100903,-0.260285232335748,-1.1237084530367,11647.728,"1",2005,1,2006.1,2006.9,1,"1589","929",0.337943026981088,2.12162270844557,0.296620260042353,NA,NA,"0",-0.415168142859641,-3.2630492256301,-3.18357262369376,0.542039622909914,0.334799818405772,0.317814403227179,0.720163506063886
"414",2006,"3691",0.0111625060770163,0.00466501932834653,0.0570770095190977,0.0459145034420814,0,0.0524119901907512,-2.5336086558896,-1.26820869546144,-0.292516388983531,-0.749003016450229,-0.886568115665623,24266.2541121751,"0",2005,0,2006.1,2006.9,1,"1043","1412",2.0729026936118,0.660285950167702,-0.615889240453205,65728.82151,65728.82151,"0",0.0500254358821126,-3.08097423269622,-2.94861989339636,0.462907537113398,0.1256740950063,0.557134137509176,0.648181136126167
"415",2006,"3697",0.0128639049170245,0.0308757264286896,0.0678514846599762,0.0549875797429517,1,0.0369757582312865,-0.270934947907471,0.0502910061932162,0.867402292234906,-0.260285232335748,-1.1237084530367,60268.6802777778,"1",2005,1,2006.1,2006.9,1,"1753","1606",-0.342294787937254,0.00640973453278726,1.78225893678038,NA,NA,"1",0.598560823936151,-2.90064794210691,-3.29749276400225,0.446364403298248,1.36138785097429,0.769463439300534,0.68125271017284
"416",2006,"3699",0.0192657402559422,-0.00312981603469629,0.0678541239937149,0.0485883837377727,1,0.0709839400284112,-0.935395253997085,-2.4336157214922,-0.149895627980987,-0.260285232335748,0.527851033177361,12841.3616693069,"0",2005,0,2006.1,2006.9,1,"2968","1769",-0.979624127665808,-0.905023201486338,0.20929127059665,3994.082587,3994.082587,"1",0.598684215726294,-3.02437079438628,-2.64530162431011,0.72280110289641,-0.183044329663923,-0.79509673506264,-0.243111304130015
"417",2006,"3701",0.0115754854375105,-0.025869866473922,0.0574899888795919,0.0459145034420814,0,0.0833598553535139,-0.414047647366914,-1.26820869546144,0.1245540100483,-0.260285232335748,-1.1237084530367,24266.2541121751,"0",2005,1,2006.1,2006.9,1,"1043","1682",2.13944278780854,-0.486272002475907,-0.615889240453205,NA,NA,"0",0.0728951347556017,-3.08097423269622,-2.48458843618115,0.479010654026396,-0.956175511013101,0.660839475312354,0.598719283045535
"418",2006,"3702",-0.0436766936223135,0.0056814560770457,0.0497570678871691,0.0934337615094826,0,0.0440756118101234,-1.18349685837949,-0.578744053136786,-0.901896024981777,-0.260285232335748,-1.1237084530367,16379.8036097561,"1",2005,0,2006.1,2006.9,1,"1716","1877",-0.519041913147398,-1.10724473722712,0.669990909528793,13663.31448,13663.31448,"0",-0.385354651037156,-2.37050252679843,-3.12184866968,-1.43057797160417,0.210881977908281,-0.349761097652823,-0.298532907680952
"419",2006,"4802",-0.0244937807911291,-0.0622117752668112,0.0467181103054703,0.0712118910965994,0,0.108929885572281,-1.44992231470776,1.79830918059628,-0.681768114799373,-0.480243260350964,0.110414909571341,22953.4536752137,"1",2005,0,2006.1,2006.9,1,"1155","1808",1.83639049660313,-1.00041071834517,-0.865325934858006,NA,NA,"0",-0.585268327112871,-2.64209546472509,-2.21705085535854,-0.964706730920475,-2.08111344347801,-0.323348017159338,0.771577663444251
"420",2006,"4881",-0.00646332509450338,-0.000467024606448874,0.0493578747687614,0.0558211998632648,0,0.0498248993752103,0.502111144062518,-0.658782016717884,0.778664719550881,-0.480243260350964,0.692198180352193,18949.6778276334,"1",2005,0,2006.1,2006.9,1,"1707","1604",-0.231048067951981,-0.0419147282431044,1.72813588044726,9426.642867,9426.642867,"0",-0.410907304954547,-2.88560155588347,-2.99924043244959,-0.298034816761613,-0.0985562211937181,0.862212599911154,0.689375983990455
"421",2007,"912",-0.000817512242067657,-0.0305564678541943,0.0412596809841281,0.0420771932261958,0,0.0718161488383224,-0.623312868113173,0.628859201249281,-0.749818056478648,0.203681436099713,0.552847093933594,14812.2455905512,"0",1994,0,2007.1,2007.9,13,"64","178",0.822156860506563,0.159214802864864,-0.19205603119725,3671.463882,3671.463882,"0",-0.979401122759617,-3.16824941367568,-2.6336459140346,-0.0669974220871298,-1.38877032459576,-1.04446578785628,-1.12732827703137
"422",2007,"1042",0.0369417768094009,0.0361918302891299,0.0828562802514824,0.0459145034420814,0,0.0466644499623525,-1.01435749465966,-1.26820869546144,-0.226068079880073,-1.0427473893198,0.370281014121953,24266.2541121751,"0",1996,0,2007.1,2007.9,11,"1043","559",-1.37731084074928,-0.794855831946977,-0.615889240453205,17944.61115,17944.61115,"0",1.23232167617851,-3.08097423269622,-3.06477264697587,1.29539137035533,1.28339366425291,-1.48231866897484,-0.726126325848039
"423",2007,"1305",-0.007619151656277,-0.0240739648231035,0.0413510892983211,0.0489702409545981,0,0.0654250541214246,0.0470178650963795,-0.606692042842362,1.12047788232616,4.04220587616556,-0.198506546223457,6837.80397435898,"0",1998,0,2007.1,2007.9,10,"1177","854",-1.23691306002943,-0.643661405292967,-0.865325934858006,42938.52031,42938.52031,"0",-0.972381092925856,-3.01654249282672,-2.72685000333777,-0.400910033508227,-1.16280283349653,0.149375841236728,2.86749636085054
"424",2007,"1384",-0.0373555381947066,0.00126145795222511,0.0499267458877657,0.0872822840824722,1,0.0486652879355406,-0.598592617202176,-0.524023447908447,-0.664073987321577,-1.20666515542031,0.45109536882579,34968.4026923077,"0",1998,0,2007.1,2007.9,9,"1246","609",-1.14389498521406,-0.0579820517794896,-0.247747871771891,7731.791014,7731.791014,"1",-0.374555463951292,-2.43860776820221,-3.02278927643485,-1.27085278082913,-0.0156491180866203,-0.110501928019859,2.22375897827764
"425",2007,"1503",0.0468270164248198,0.050797124229002,0.100026902722689,0.0531998862978691,0,0.0492297784936869,2.8303774660272,-0.147658394453206,0.697725527315702,-0.296010899306371,0.610752091862724,24429.6402062589,"0",1999,0,2007.1,2007.9,8,"1186","1184",-0.806476144333436,-0.964590881413261,-0.865325934858006,4797.894582,4797.894582,"0",1.82974617787978,-2.93369901989492,-3.01125658463944,1.38709580550917,1.60266498313824,1.40457685201103,1.39632784414493
"426",2007,"1510",-0.0124730788531426,0.00639197449481063,0.051961562228055,0.0644346410811976,0,0.0455695877332443,1.07549510222712,0.0280333462457904,0.866563349763976,-1.56252081857866,0.486258255002456,34968.4026923077,"0",1999,0,2007.1,2007.9,8,"1247","1020",-0.823670781892028,-0.557812640120046,-0.247747871771891,4331.440545,4331.440545,"0",-0.247834529468611,-2.74210388550332,-3.0885147206368,-0.503730510918934,0.234606180852689,0.869908070036789,1.63504461394056
"427",2007,"1524",-0.0332708943034892,-0.0228856231359658,0.0431261512098279,0.0763970455133171,1,0.0660117743457937,-1.49953245679788,0.00461898048180373,0.297796306475902,-1.20269563686801,-1.25403398517307,4024.47243589744,"1",1999,0,2007.1,2007.9,8,"938","1028",0.23161352451005,-0.369899231908122,-0.113616819120252,NA,NA,"1",-0.839051219346576,-2.57181125484908,-2.71792215368826,-1.3003897060846,-1.08440814803902,0.571339627611491,-0.0514020184805321
"428",2007,"1533",0.00545361803588099,-0.0107545335081861,0.0552572408376075,0.0498036228017265,1,0.0660117743457937,-1.49953245679788,0.897480827314441,0.125221369091465,-1.20269563686801,0.504838030299769,17276.4077385798,"1",1999,0,2007.1,2007.9,8,"677","1028",0.571591818296727,-0.369899231908122,-1.66148393743936,8016.167261,8016.167261,"1",-0.0527600379313141,-2.99966755057485,-2.71792215368826,0.208925541853706,-0.497400852836648,0.571339627611491,-0.19379041390536
"429",2007,"1539",-0.0260345101897947,-0.00737492775148461,0.0606579927743199,0.0866925029641146,0,0.0680329205258045,0.0171228362060022,-0.935948502140529,0.00523305933057501,-1.14105134876183,0.538814208526064,16921.0113884535,"1",1999,0,2007.1,2007.9,8,"459","176",0.954830831624201,2.01736363127556,-1.04390587435327,15878.69242,15878.69242,"0",0.243053485917576,-2.44538786993661,-2.68776356557744,-0.820834974136662,-0.347982470269836,-0.506799409076634,-0.192452387812421
"430",2007,"1542",-0.0008916885173487,-0.0112876300468504,0.0388974436853738,0.0397891322027225,0,0.0501850737322242,-0.180214913045909,-0.108852113398934,0.347942379858258,-1.14105134876183,0.292172989466317,21884.2153401361,"1",1999,0,2007.1,2007.9,8,"1022","1199",-0.269516559909541,-0.70992184869798,1.09957632767038,9546.673398,9546.673398,"0",-1.1664249407671,-3.22416146421258,-2.99203763250904,-0.0737992228731064,-0.679647191481399,0.984204927557143,0.675045734774897
"431",2007,"1543",0.0149131245658531,0.000452688503166862,0.0491179764387074,0.0342048518728543,1,0.0486652879355406,-0.598592617202176,-0.0970796217721856,0.959667239035972,-0.644861529725396,0.748022946627152,10644.0812583286,"1",1999,0,2007.1,2007.9,8,"199","609",2.93896360714184,0.176671239693312,-0.600462862078055,12325.47537,12325.47537,"1",-0.426362984094601,-3.37538777734852,-3.02278927643485,0.785078677036686,-0.054326128574933,-0.154752540723629,-0.582821691890078
"432",2007,"1566",-0.0319242170303055,-0.047435395070725,0.0422000444364216,0.0741242614667271,0,0.0896354395071466,-0.212773681080485,1.90237719958215,1.70896014650053,-0.572009189236297,0.433130466261528,6837.80397435898,"1",1999,0,2007.1,2007.9,8,"1160","1179",-0.517456813567363,-0.974656088793249,-0.865325934858006,4701.242172,4701.242172,"0",-0.907914147454827,-2.60201238506326,-2.41200450698902,-1.28141994244418,-1.86029453808559,1.81788841635787,0.984074191699178
"433",2007,"1598",-0.0276538605750722,-0.02775348320457,0.0481431519633745,0.0757970125384467,0,0.0758966351679445,-1.17635393485562,1.57078863992652,-0.16354754783622,-0.00506853953254788,1.16856887353627,5811.12861111111,"0",2000,0,2007.1,2007.9,7,"1195","1279",-0.460180177668785,-0.742181594153631,-0.877353280709807,NA,NA,"0",-0.489953363563849,-2.57969639953205,-2.57838292800141,-1.03696891253656,-1.15424634316976,1.2660290944365,0.96226700316372
"434",2007,"1604",-0.0146097417059873,0.000297517673779828,0.0498248993752103,0.0644346410811976,0,0.0495273817014305,-0.234643538565577,0.0280333462457904,0.698106851562589,0.548095545783827,0.239358157811557,34968.4026923077,"1",2000,0,2007.1,2007.9,7,"1247","494",-0.300545310289867,1.78123782758895,-0.247747871771891,4454.387049,4454.387049,"0",-0.381033091876637,-2.74210388550332,-3.00522959666177,-0.597518891560278,-0.0620699792836802,-0.243283285235244,0.897797421298048
"435",2007,"1608",-0.0221183559880346,-0.00721109660826751,0.0423162850931629,0.0644346410811976,0,0.0495273817014305,-0.234643538565577,0.0280333462457904,0.791058236102498,0.548095545783827,1.62608486904019,34968.4026923077,"1",2000,0,2007.1,2007.9,7,"1247","494",-0.297434765415182,1.78409163444573,-0.247747871771891,NA,NA,"0",-0.899188303266996,-2.74210388550332,-3.00522959666177,-0.962364707600757,-0.448899815764613,-0.243283285235244,0.897797421298048
"436",2007,"1610",-0.0348039836863209,-0.0310895338450143,0.0463910437019979,0.0811950273883189,0,0.0774805775470122,0.119125624380388,-1.00290800278064,0.449054390398223,0.548095545783827,1.62608486904019,35134.884,"1",2000,0,2007.1,2007.9,7,"1170","917",-0.405568099845434,0.427675932280066,1.67375136007389,NA,NA,"0",-0.607554493019861,-2.5109012727498,-2.55772798632796,-1.27343691684988,-1.29095690660567,-0.120515838349934,1.18471180437505
"437",2007,"1698",-0.0058471414744056,0.0363758505025773,0.0801261094432879,0.0859732509176935,0,0.0437502589407106,0.179339847629122,-1.15859959185701,1.93482720713748,0.129661590154048,0.290686088358498,21880.6309090909,"1",2001,0,2007.1,2007.9,6,"1552","1504",-1.0066560409332,-1.04047347542586,-0.33821442970069,12653.08418,12653.08418,"0",1.12603483083496,-2.45371906695108,-3.12925774755122,-0.180497386392244,1.35675913521185,0.573344886065711,0.963980465421426
"438",2007,"1699",-0.041610031154448,0.000612960822534918,0.0443632197632455,0.0859732509176935,0,0.0437502589407106,0.179339847629122,-1.15859959185701,-0.137254234024448,1.32168466129804,4.19408238678347,21880.6309090909,"1",2002,1,2007.1,2007.9,5,"1552","1504",-0.876694919455183,-0.921239079352348,-0.33821442970069,NA,NA,"0",-0.749337849300152,-2.45371906695108,-3.12925774755122,-1.50099337065138,-0.0433041879975841,2.05447466095351,2.5080719053758
"439",2007,"1716",0.0475192580674012,0.0410217713187314,0.0934337615094826,0.0459145034420814,1,0.0524119901907512,-2.5336086558896,-1.26820869546144,-0.683732013731955,0.328371018859941,0.225346619205495,24266.2541121751,"0",2002,0,2007.1,2007.9,5,"1043","1412",0.915728867970815,-0.401377112471486,-0.615889240453205,12576.05437,12576.05437,"1",1.61344560127534,-3.08097423269622,-2.94861989339636,1.56375009069202,1.29284862811051,1.12939453777886,1.06006239496205
"440",2007,"1750",-0.0300334032275646,0.00237947239245072,0.052935775746504,0.0829691789740685,0,0.0505563033540532,0.648820761506607,-1.38212754511904,-0.850091124547683,0.328371018859941,0.159338621536349,0,"1",2002,0,2007.1,2007.9,5,"1362","1187",-0.243524335613781,0.16414837033519,-1.04887369111814,3671.463882,3671.463882,"0",-0.188910569697462,-2.48928607781027,-2.98466764585817,-1.02693957192004,0.0326645067843983,1.49890491150844,1.19256042061526
"441",2007,"1752",0.00459735890823288,0.00781057666715795,0.0540191672601158,0.0494218083518829,0,0.0462085905929579,2.47696459763106,-0.420365868325012,-0.22297922448584,0.247346140174924,0.15247854512607,6837.80397435898,"1",2002,0,2007.1,2007.9,5,"1200","1553",0.564876450183683,-0.819174436313341,-0.865325934858006,8033.498043,8033.498043,"0",-0.124643399769742,-3.00736348759208,-3.07458955460929,0.175500498062387,0.293597081445882,1.98526186839629,1.38737280423339
"442",2007,"1753",0.00350760733345905,-0.00239322808669298,0.0549875797429517,0.0514799724094926,0,0.0573808078296446,0.161474078096692,0.715539031599091,-0.0408708064292188,1.32168466129804,4.19408238678347,21815.4118435078,"0",2002,0,2007.1,2007.9,5,"1244","1188",0.0486282654689617,-0.0180339682163729,1.67375136007389,15913.75238,15913.75238,"0",-0.0682785728221373,-2.9665624322005,-2.8580453899354,0.124054311217277,-0.177145272581482,1.6492644133319,2.05523886109328
"443",2007,"1759",0.0259565582009709,0.025404237903953,0.0699764415789243,0.0440198833779534,0,0.0445722036749713,0.815805362427473,-0.775368814102716,-0.24376220735787,0.129661590154048,3.02566877086354,17575.8127694236,"1",2001,1,2007.1,2007.9,6,"522","1360",1.36487450379914,-0.40042323730291,-1.66148393743936,NA,NA,"0",0.696382944799024,-3.12311385218416,-3.11064485023559,1.01214763068961,0.991922424886118,1.54299700924612,0.021896250002548
"444",2007,"1776",0.0511248445563402,0.0641889630990214,0.103086406784395,0.051961562228055,0,0.0388974436853738,0.190520794564729,0.938208789681826,0.558555867258599,0.624917404825241,-0.520802412844688,19265.1351801501,"0",2002,0,2007.1,2007.9,5,"1510","1542",-0.468097153528035,-0.740002797320446,-1.4473448884692,17358.30983,17358.30983,"0",1.92531918565796,-2.95725102165683,-3.24682674554601,1.50699732682685,2.23189435670485,2.31699665103246,2.09666577519642
"445",2007,"1796",0.0760618867859167,0.0815803853880894,0.119798307553206,0.043736420767289,0,0.0382179221651163,-0.0362708411232367,0.475331819382618,-0.616139690276724,0.328371018859941,0.302047817380431,21969.7404414557,"1",2002,0,2007.1,2007.9,5,"1437","1196",-0.333977276162689,0.27259042467883,-0.137932974864133,3581.890429,3581.890429,"0",2.4019160424666,-3.12957409681909,-3.26445070676778,2.22748512229939,2.62943592490069,1.41231900846124,1.33420252760612
"446",2007,"1828",0.0500526977041775,0.038713151596113,0.0893632857084042,0.0393105880042266,0,0.0506501341122911,0.24479671977538,-0.717775051624965,0.297186162714216,0.158849226567958,-1.2558285073228,28345.425503876,"0",2003,1,2007.1,2007.9,4,"1508","1754",-0.084451922924661,-1.16161562183668,-0.272325491556025,NA,NA,"0",1.47214710139254,-3.23626138152677,-2.98281340046684,1.81111080018652,1.2683392813101,1.8034497222965,1.07859145125836
"447",2007,"1829",-0.0366164422686946,-0.00422270181828482,0.0532538276811535,0.0898702699498481,0,0.0574765294994384,-0.201032845354227,-0.430272683737408,-0.852836771475272,0.158849226567958,-1.2558285073228,6837.80397435898,"1",2003,0,2007.1,2007.9,4,"1190","1489",0.947473469774417,-0.409961988988817,-0.865325934858006,6799.735671,6799.735671,"0",-0.169908229274312,-2.40938809353481,-2.8563785971265,-1.19202127925718,-0.256964413308834,1.16443453507831,1.14302396677374
"448",2007,"1831",-0.000562617975296983,-0.00194807879147414,0.0452727726598811,0.045835390635178,1,0.0472208514513552,0.985504614937955,1.49354918048791,0.367485996511236,0.158849226567958,0.281577028691626,18416.0193059211,"1",2003,0,2007.1,2007.9,4,"1757","1523",-1.02225137551061,-0.36799148157089,0.447485011270412,8830.16328,8830.16328,"1",-0.684957965394824,-3.08269876496529,-3.05291971590421,-0.0507603856816987,-0.176025593656835,1.18129870595574,1.7929588057683
"449",2007,"1851",0.0062249877592879,0.0224274207469212,0.0820220002977346,0.0757970125384467,0,0.0595945795508133,0.889847313283284,1.57078863992652,-0.506161537302183,1.94583307837304,-0.0666313710656704,5811.12861111111,"0",2002,0,2007.1,2007.9,4,"1195","1045",0.571486713127462,0.424253970268135,-0.877353280709807,16868.22962,16868.22962,"0",1.20021895713786,-2.57969639953205,-2.82019065618078,0.153122948048591,0.680206277029353,1.46615687614841,1.52680654863134
"450",2007,"1864",-0.044022776258799,0.0249487664921797,0.0560041264638899,0.100026902722689,0,0.0310553599717103,1.01920015605379,0.773002196945418,0.595545754790008,-0.301848426589157,-0.117515253591337,20641.8694783933,"0",2003,0,2007.1,2007.9,4,"1503","1209",-0.0147927618124633,0.278735882732163,-0.0291639341173666,9546.673398,9546.673398,"0",-0.0101702002177835,-2.30231610194849,-3.47198386161283,-1.3187039318004,1.32016967542548,1.61052026048477,1.14941442466994
"451",2007,"1868",-0.0185679755631298,-0.014849820268322,0.0313587703246358,0.0499267458877657,0,0.0462085905929579,2.47696459763106,-0.559508815936449,-0.425565553533647,0.158849226567958,-0.0184569613787307,18876.280979448,"1",2003,0,2007.1,2007.9,4,"1384","1553",0.158835296482336,-0.479594876295728,-1.04887369111814,7731.791014,7731.791014,"0",-1.84982515649965,-2.99719843008107,-3.07458955460929,-1.06194724069491,-0.994340899656391,1.3705849239723,0.90435324518159
"452",2007,"1877",-0.0194843956151411,0.000949460600295535,0.0440756118101234,0.0635600074252645,1,0.0431261512098279,0.145898813199516,0.083854713266193,-1.19617529365476,0.111682006123092,0.0607482372535563,52540.4536111111,"1",2003,0,2007.1,2007.9,4,"1893","1524",-1.07527551307368,-0.405192613145785,1.72813588044726,9132.107949,9132.107949,"1",-0.769970222218304,-2.75577082049071,-3.14362570926626,-0.840852344672075,-0.0246810059270792,1.12844288839934,1.71390925811804
"453",2007,"1897",-0.0317384922471519,-0.00985833612903386,0.0379119824506912,0.0696504746978431,0,0.047770318579725,1.55476570178633,-0.201073028367307,2.30905417923151,0.111682006123092,0.102942963244135,19444.8983277962,"1",2003,0,2007.1,2007.9,4,"927","501",1.77555164766983,1.46631046762512,-0.113616819120252,7085.201169,7085.201169,"0",-1.24782760298581,-2.66426576330441,-3.04135078256912,-1.38171097837838,-0.623634717695872,0.434372513879544,0.466683480575277
"454",2007,"2968",-0.0381041192263419,-0.0194445367880318,0.0485883837377727,0.0866925029641146,1,0.0680329205258045,0.0171228362060022,-0.935948502140529,-2.57937363564835,-0.0830579040305069,-0.0946237732194918,16921.0113884535,"0",2003,0,2007.1,2007.9,4,"459","176",2.48317362020665,3.41956012910096,-1.04390587435327,8645.276595,8645.276595,"1",-0.460751478478494,-2.44538786993661,-2.68776356557744,-1.31640134290754,-0.873409510868865,-0.0148855141044914,0.314751830217523
"455",2007,"3002",-0.014588446803797,-0.0451503888316715,0.0525207221873888,0.0671091689911858,0,0.0976711110190603,0.66291993575903,0.533354689629059,1.00554232689208,-0.194671425677288,0.104549125487491,15649.8439857189,"0",2003,0,2007.1,2007.9,4,"1782","1495",-1.21251445735454,-0.315528347298485,0.669990909528793,6235.402416,6235.402416,"0",-0.213880814068842,-2.70143459767534,-2.3261494543539,-0.570662593429853,-1.54548515438564,1.0751853436725,-0.206171562139403
"456",2007,"3005",4.28952828225235e-05,0.000951174334355029,0.0437793160501115,0.043736420767289,0,0.0428281417157565,-0.788244512612291,0.475331819382618,-1.527368155882,0.313193447924714,0.17305191036253,21969.7404414557,"1",2004,0,2007.1,2007.9,3,"1437","1579",0.442031232734022,-0.361496790532294,-0.137932974864133,22983.82442,22983.82442,"0",-0.791367114957264,-3.12957409681909,-3.15055987574052,-0.0209840116739032,-0.0242333513365268,1.03910227628251,0.658394966973642
"457",2007,"3009",0.0276655145776336,0.0513384228638334,0.104274198610337,0.0766086840327037,1,0.052935775746504,-0.875537325298186,0.70337474857807,-0.203759737603827,0.313193447924714,-1.2558285073228,16222.862311522,"0",2004,1,2007.1,2007.9,3,"1705","1750",-0.974036509612263,-1.10593381042437,0.579262887559741,NA,NA,"1",1.96166116547708,-2.56904484008817,-2.93867587859494,0.665481582091066,1.52926017643501,-0.398712930560102,-0.426598923159253
"458",2007,"3021",0.00639518812802024,0.00557054907390124,0.0499337688371467,0.0435385807091265,0,0.0443632197632455,-0.241226554785182,-0.0983296287038386,-0.904431931090245,0.93897637263888,0.258878799991861,18677.6133333333,"1",2004,0,2007.1,2007.9,3,"1558","1699",0.174626637997025,-0.855241863794457,-0.33821442970069,3528.470614,3528.470614,"0",-0.374109278411499,-3.13410782110882,-3.11534453655403,0.282944100050036,0.203874093574842,1.15448594591925,0.968124647604038
"459",2007,"3024",0.0319584611636512,0.0326858450461978,0.0862516822984186,0.0542932211347673,0,0.0535658372522208,0.562410215215741,0.694456766192567,0.348609718095867,0.93897637263888,-0.996708069316343,13473.742612172,"1",2004,0,2007.1,2007.9,3,"1791","1509",-0.88688443951509,0.117721233031228,0.669990909528793,NA,NA,"0",1.35972339059036,-2.91335590081588,-2.92684377880598,1.01070241774944,1.0518614214065,0.770374958950803,-0.182220726752022
"460",2007,"3094",-0.0591640871112406,-0.0137505041635299,0.0334703472878253,0.0926344343990659,0,0.0472208514513552,0.985504614937955,0.0034435859409016,-0.099616086951109,0.955554950121982,0.00265770637046059,40475.822,"0",2004,0,2007.1,2007.9,3,"1891","1523",-0.880518475072896,-0.00330363364570957,1.82696928766426,20740.24034,20740.24034,"0",-1.64310624528366,-2.37909434469248,-3.05291971590421,-2.2970009187587,-0.891333158429467,0.814455130770951,-0.287764629506036
"461",2007,"3447",0.0677055148412615,0.0650680811784827,0.114283150885188,0.0465776360439268,3,0.0492150697067056,1.51928868792132,0.322588020304497,0.233254681023547,0.872195060523875,0.0444373001951161,22308.7275462512,"1",2005,1,2007.1,2007.9,2,"1501","1773",0.635012845578149,-0.848744566539557,-0.0291639341173666,NA,NA,"1",2.25240923348628,-3.0666347662662,-3.01155540753083,1.98163116765641,1.91891262951199,-0.0677115360802204,0.793659991023594
"462",2007,"3455",-0.012916645770032,-0.0695410553747111,0.0502572521784947,0.0631738979485267,0,0.119798307553206,-0.66735798370139,-1.06600553350253,-0.715230607408185,0.872195060523875,0.0444373001951161,60268.6802777778,"0",2005,0,2007.1,2007.9,2,"1697","1796",-0.511764090344644,-0.87449919609147,1.78225893678038,10165.02205,10165.02205,"0",-0.353625296681561,-2.76186407028383,-2.12194572066931,-0.534083648929518,-2.13340860808767,-0.073786825818126,1.00984184459381
"463",2007,"3457",-0.0409162285170281,-0.0501442648671604,0.0461514936173678,0.0870677221343959,0,0.0962957584845282,0.43660337798446,0.0238915340565595,0.866334530249176,0.872195060523875,-0.162508947333271,16192.9918854425,"1",2005,0,2007.1,2007.9,2,"1717","1797",-0.362048878401895,-0.994687467333638,-0.681255250517338,11305.90905,11305.90905,"0",-0.623977234202288,-2.44106904779776,-2.34033100596085,-1.44097921494316,-1.81805861398272,-0.844183253830753,0.957356667822786
"464",2007,"3498",0.0415530563702347,0.027361114474556,0.0813802817346719,0.0398272253644371,1,0.0540191672601158,-0.317508079317215,0.357121892038114,0.134831102129694,0.546928040327282,0.285008942875648,15260.450426501,"0",2005,0,2007.1,2007.9,2,"2985","1752",-1.16364907567879,-0.862098818899839,0.0843114593539948,NA,NA,"1",1.17530294863945,-3.22320454616746,-2.91841634613605,1.57293153202357,0.894224048194517,-0.211661956793918,0.0913586671215667
"465",2007,"3501",-0.00315333481994417,0.00886947797407645,0.0405830859473448,0.043736420767289,0,0.0317136079732684,-0.129145638783763,0.475331819382618,0.318274196661531,1.28012146704465,-0.298245897408992,21969.7404414557,"0",2005,0,2007.1,2007.9,2,"1437","1623",0.678679782394674,-0.531104135399557,-0.137932974864133,11466.88555,11466.88555,"0",-1.03185144380901,-3.12957409681909,-3.45100941660577,-0.190314936609368,0.507759596962533,1.05509863025943,0.73596706341953
"466",2007,"3507",-0.00598924699082924,-0.0166935598431542,0.0562885757699219,0.0622778227607512,0,0.0729821356130762,-0.510315750257652,-1.93605938020789,-0.775634694176256,-0.146103198684548,0.477627372147019,48580.1919230769,"0",2004,0,2007.1,2007.9,3,"1760","2972",-0.672475575538598,-1.41398857798497,1.11343392180399,7468.349484,7468.349484,"0",0.00590084145621933,-2.77614989151067,-2.61754058541108,-0.249023367479183,-0.691331889754357,-1.18789345088421,1.11479413471313
"467",2007,"3517",-0.0400673222554784,0.0103958285024782,0.0492959634529258,0.0893632857084042,0,0.0389001349504476,-0.853124537495171,0.381077314694049,-0.725126354437134,-0.749003016450229,-1.2558285073228,0,"0",2005,0,2007.1,2007.9,2,"1828","1848",-0.992100395327695,-1.13586099228476,0.48016801630249,7340.22843,7340.22843,"0",-0.414888797047528,-2.41504535555513,-3.24675755920058,-1.35188194385719,0.484643436713906,-0.178229297604925,-0.177581970118097
"468",2007,"3567",0.00937314166485614,0.00798768084867899,0.0552085323000342,0.045835390635178,0,0.0472208514513552,0.985504614937955,1.49354918048791,1.15779189962853,1.75599669113699,-0.171231522549032,18416.0193059211,"0",2004,0,2007.1,2007.9,3,"1757","1523",-0.512775372513888,0.0994334132006955,0.447485011270412,4454.387049,4454.387049,"0",-0.0555575188624665,-3.08269876496529,-3.05291971590421,0.392415933852299,0.293854601429568,0.789268104189468,0.916680186269487
"469",2007,"3573",-0.0117289669711134,-0.0365048448842713,0.0430196430962479,0.0547486100673613,0,0.0795244879805192,1.74753945578131,3.73190724274449,0.236534198541223,-0.749003016450229,-1.2558285073228,5535.702,"1",2005,1,2007.1,2007.9,2,"2975","1611",-1.17081611195179,-0.0460377624417073,-0.411424360972537,NA,NA,"0",-0.846895237443887,-2.90500329750529,-2.53169027983959,-0.561688517934764,-1.53129993634281,0.872397915283353,-0.0796687654750946
"470",2007,"3574",-0.00495456706957517,0.0473629050364437,0.0993803606550273,0.104334927724603,0,0.0520174556185836,-0.0936686249187542,-0.788801752063556,0.653108863568768,-0.749003016450229,-0.0895775058905502,27814.0594444444,"0",2005,0,2007.1,2007.9,2,"3090","1381",-1.25997938366663,0.97601863097055,-0.414823393495862,7884.137332,7884.137332,"0",1.80917557173785,-2.2601490955214,-2.95617593175754,-0.131842932011454,1.45686551003768,1.12125852950273,0.466841747587259
"471",2007,"3576",-0.0158529717595796,0.00125101975386273,0.0401511547043103,0.0560041264638899,0,0.0389001349504476,-0.853124537495171,0.673020025766192,-0.926606784913412,-0.749003016450229,0.168955094086682,12588.2127025765,"1",2005,0,2007.1,2007.9,2,"1864","1848",-0.96090972617289,-1.12059898958733,-0.0357005351237869,1380.182232,1380.182232,"0",-1.06579448496009,-2.88232990410655,-3.24675755920058,-0.766464597863206,-0.00129154046040596,-0.178229297604925,-0.290383920943131
"472",2007,"3578",0.00334678515289544,0.00922123945479827,0.0515375245479612,0.0481907393950658,0,0.0423162850931629,0.584823003018756,1.44621670844241,2.26975720510644,-0.749003016450229,-1.2558285073228,15756.8487832278,"1",2005,0,2007.1,2007.9,2,"1685","1608",-0.587661385287869,-0.159233555330552,0.669990909528793,6816.633599,6816.633599,"0",-0.273827751391815,-3.03258840511775,-3.16258327663758,0.126799006467499,0.39061063732983,0.958640269899459,-0.188884168125857
"473",2007,"3581",0.00643738386521063,0.0096506016241357,0.0558591922170936,0.0494218083518829,0,0.0462085905929579,2.47696459763106,-0.420365868325012,-0.0673357452798706,-0.749003016450229,-1.2558285073228,6837.80397435898,"0",2005,1,2007.1,2007.9,2,"1200","1553",1.70229618536002,0.224364998122686,-0.865325934858006,NA,NA,"0",-0.0183902285434255,-3.00736348759208,-3.07458955460929,0.250315966691823,0.372920604489814,0.805100174479369,0.828880351605185
"474",2007,"3590",0.0161289929153974,-0.0735884492247137,0.0462098583284921,0.0300808654130946,1,0.119798307553206,-0.66735798370139,1.20934907761846,0.411301833567484,-0.749003016450229,0.0272100157112919,14820.5340569878,"0",2005,0,2007.1,2007.9,2,"2963","1796",-1.15214147998251,-0.755264800017881,-0.0861630948933245,2612.789226,2612.789226,"1",-0.61996810668893,-3.50386600993222,-2.12194572066931,0.935728081264721,-2.33224737951789,-0.189595379923457,-0.229393614196946
"475",2007,"3594",0.00741555638426766,0.00530147755263839,0.0558577809066916,0.048442224522424,0,0.0505563033540532,0.648820761506607,0.127847603919173,-1.97200175669663,-0.749003016450229,0.248335027574739,19091.7559569378,"0",2005,0,2007.1,2007.9,2,"1740","1187",-0.24560371355749,1.23248855915448,0.447485011270412,4312.277216,4312.277216,"0",-0.0184703766256172,-3.02738343809768,-2.98466764585817,0.294976490924022,0.159906982719066,0.862871101831533,0.757776609971011
"476",2007,"3600",-0.0115213393836699,-0.00249734430407227,0.0507564833770813,0.0622778227607512,0,0.0532538276811535,-0.87798051172884,-1.93605938020789,0.839259468442395,0.0923014155442411,-1.2558285073228,48580.1919230769,"1",2005,0,2007.1,2007.9,2,"1760","1829",-0.258079981219377,-1.11010636273285,1.11343392180399,7268.783054,7268.783054,"0",-0.322269735724715,-2.77614989151067,-2.93268559563973,-0.480096334420456,-0.189999361443403,-0.293075166944975,0.671998043838697
"477",2007,"3603",0.0227039459421683,0.0147300330068693,0.0718437793633993,0.0491398334212309,0,0.05711374635653,-1.02044847449314,1.78422323662024,-0.491403718875419,-0.749003016450229,-0.705757507559058,20996.0641608228,"0",2005,1,2007.1,2007.9,2,"1559","2960",0.497773901297204,-1.15016911981363,-0.33821442970069,NA,NA,"0",0.779923927493685,-3.01308530177619,-2.86271044949821,0.825208937133639,0.467129876359847,-0.166555296471963,0.8002205909492
"478",2007,"3606",-0.0372532304097038,-0.0181866071118115,0.0363002109855592,0.073553441395263,0,0.0544868180973707,0.671589843859456,0.505873124066593,0.0876022799082481,-0.749003016450229,-0.222164394544728,18496.1403694581,"0",2005,0,2007.1,2007.9,2,"3003","1710",-1.23406101705749,-0.693262914059648,-0.33586125333838,5015.581011,5015.581011,"0",-1.38563935233365,-2.60974304315489,-2.90979647634116,-1.60053064626508,-1.03806632738681,-0.166620318391955,0.257633014767955
"479",2007,"3608",-0.0270977462358049,-0.00342483794960517,0.0495109377968988,0.0766086840327037,1,0.052935775746504,-0.875537325298186,0.70337474857807,0.340048647542133,-0.749003016450229,-0.256297897868316,16222.862311522,"0",2005,0,2007.1,2007.9,2,"1705","1750",-0.580383562485118,-0.744772173163478,0.579262887559741,9248.425867,9248.425867,"1",-0.401085278886363,-2.56904484008817,-2.93867587859494,-0.998186244924366,-0.234653030703333,-0.189595379923457,-0.233224929086111
"480",2007,"3615",0.0293093307313291,0.0352652775171983,0.0722410357484848,0.0429317050171558,3,0.0369757582312865,-0.270934947907471,0.888712110426615,0.749263471649197,0.0923014155442411,1.04006649679675,17286.3799818841,"1",2005,0,2007.1,2007.9,2,"1857","1606",-0.960909726172973,-0.0117138936703705,0.48016801630249,11394.82634,11394.82634,"1",0.797416090907754,-3.14814468131827,-3.29749276400225,1.1391969077133,1.50984365864549,0.808873339739831,-0.291782335668693
"481",2007,"3617",-0.0206608541908859,0.00908626380521039,0.0546814017553418,0.0753422559462276,0,0.0455951379501314,2.27195799003732,0.253669542334942,-0.723639131618718,0.0923014155442411,-0.780787884777864,13076.7228528529,"1",2005,0,2007.1,2007.9,2,"1827","1783",-0.705146239104089,-0.967025087444573,1.89468847409072,4066.11502,4066.11502,"0",-0.0859911206180068,-2.58571413362755,-3.08795419204716,-0.739087841223506,0.35410326157243,-0.615021343454538,-0.885077358762853
"482",2007,"3642",-0.0474286103945287,-0.00651231161745894,0.0452058240045372,0.0926344343990659,0,0.0517181356219961,-0.435747846070261,0.0034435859409016,0.918025041731428,0.872195060523875,0.0872364859104464,40475.822,"1",2005,0,2007.1,2007.9,2,"1891","510",-0.660439613315669,2.26470398373388,1.82696928766426,NA,NA,"0",-0.689652427467234,-2.37909434469248,-2.96194677325342,-1.62565065812014,-0.394973107935929,0.30419573914465,-0.0531946245198683
"483",2007,"3645",0.0296285801414712,0.00645868487696974,0.0785671002146544,0.0489385200731832,0,0.0721084153376846,-1.08257991232734,0.215497578571536,-0.783700009920146,0.0923014155442411,-0.780787884777864,11647.728,"0",2005,0,2007.1,2007.9,2,"1576","1512",0.337925982899599,0.322614140487318,0.296620260042353,18127.17847,18127.17847,"0",1.06370527002304,-3.01719046104104,-2.62958452391989,1.03419571840316,0.126896729319794,0.660550781855145,0.758214122009952
"484",2007,"3646",0.0294666674028697,0.0354392688733956,0.0849960895322794,0.0555294221294097,0,0.0495568206588839,0.107707147744891,-0.390626835153921,-0.903135370395272,0.0923014155442411,0.416513514209615,12910.8364322251,"0",2005,0,2007.1,2007.9,2,"1790","2964",-0.657320546400066,-0.862098818899763,1.36313208024904,5717.017479,5717.017479,"0",1.3132053502749,-2.89084227024036,-3.00463537563322,0.927661030836105,1.20135996779881,-0.88972371858368,-0.941569804844849
"485",2007,"3648",-0.0389669430857081,-0.00713001652019777,0.0430550572120264,0.0820220002977346,0,0.0501850737322242,-0.180214913045909,-0.404992621400981,0.668209890462175,0.0923014155442411,-0.780787884777864,13150.9199663866,"0",2005,1,2007.1,2007.9,2,"1851","1199",-0.704106550132191,1.38574189669141,2.48115231638628,NA,NA,"0",-0.844284936017285,-2.50076777138907,-2.99203763250904,-1.46275902811524,-0.439152909802815,0.798471478413209,-0.822401049852634
"486",2007,"3688",-0.00252447384450431,-0.00179708996195778,0.051768747290263,0.0542932211347673,0,0.0535658372522208,0.562410215215741,0.694456766192567,-1.0750048329563,-0.260285232335748,-1.1237084530367,13473.742612172,"0",2005,0,2007.1,2007.9,2,"1791","1509",-0.523200669034724,0.451387288246813,0.669990909528793,7719.666993,7719.666993,"0",-0.259627555460497,-2.91335590081588,-2.92684377880598,-0.129522372777178,-0.157068350785218,0.578830441254063,-0.298532907680952
"487",2007,"3691",0.0111625060770163,0.00466501932834653,0.0570770095190977,0.0459145034420814,0,0.0524119901907512,-2.5336086558896,-1.26820869546144,-0.292516388983531,-0.749003016450229,-0.886568115665623,24266.2541121751,"0",2005,0,2007.1,2007.9,2,"1043","1412",2.0729026936118,0.660285950167702,-0.615889240453205,7268.783054,7268.783054,"0",0.0500254358821126,-3.08097423269622,-2.94861989339636,0.462907537113398,0.1256740950063,0.557134137509176,0.648181136126167
"488",2007,"3699",0.0192657402559422,-0.00312981603469629,0.0678541239937149,0.0485883837377727,1,0.0709839400284112,-0.935395253997085,-2.4336157214922,-0.149895627980987,-0.260285232335748,0.527851033177361,12841.3616693069,"0",2005,0,2007.1,2007.9,2,"2968","1769",-0.979624127665808,-0.905023201486338,0.20929127059665,15674.67331,15674.67331,"1",0.598684215726294,-3.02437079438628,-2.64530162431011,0.72280110289641,-0.183044329663923,-0.79509673506264,-0.243111304130015
"489",2007,"3702",-0.0436766936223135,0.0056814560770457,0.0497570678871691,0.0934337615094826,0,0.0440756118101234,-1.18349685837949,-0.578744053136786,-0.901896024981777,-0.260285232335748,-1.1237084530367,16379.8036097561,"1",2005,1,2007.1,2007.9,2,"1716","1877",-0.519041913147398,-1.10724473722712,0.669990909528793,NA,NA,"0",-0.385354651037156,-2.37050252679843,-3.12184866968,-1.43057797160417,0.210881977908281,-0.349761097652823,-0.298532907680952
"490",2007,"4802",-0.0244937807911291,-0.0622117752668112,0.0467181103054703,0.0712118910965994,0,0.108929885572281,-1.44992231470776,1.79830918059628,-0.681768114799373,-0.480243260350964,0.110414909571341,22953.4536752137,"1",2005,1,2007.1,2007.9,2,"1155","1808",1.83639049660313,-1.00041071834517,-0.865325934858006,NA,NA,"0",-0.585268327112871,-2.64209546472509,-2.21705085535854,-0.964706730920475,-2.08111344347801,-0.323348017159338,0.771577663444251
"491",2007,"4854",0.0079486834707761,0.00583460463914683,0.0563909079932001,0.048442224522424,1,0.0505563033540532,0.648820761506607,0.127847603919173,0.955396253509723,0.172158788772693,-0.0541008828619503,19091.7559569378,"1",2006,0,2007.1,2007.9,1,"1740","1187",0.0174375963141529,1.47381897680739,0.447485011270412,2612.789226,2612.789226,"1",0.011662631558942,-3.02738343809768,-2.98466764585817,0.316193882391243,0.182402841821659,0.837023212056254,0.72719734684439
"492",2007,"4870",-0.00557545505767941,-0.00164036424730108,0.0485447094849231,0.0541201645426025,1,0.0501850737322242,-0.180214913045909,0.489063288338812,-0.0720834069202843,-0.845438967161782,-0.623353990883329,0,"0",2006,0,2007.1,2007.9,1,"1536","1199",0.742100809676012,1.5583933022059,-0.975402295806019,NA,NA,"1",-0.463604125567747,-2.91654843535523,-2.99203763250904,-0.266016379282391,-0.15495486948496,0.832747211088842,0.758956332374562
"493",2007,"4875",0.0178047926619679,0.0237607394478372,0.0607364976791237,0.0429317050171558,1,0.0369757582312865,-0.270934947907471,0.888712110426615,0.779713402840933,0.164686753850744,0.00444896772608597,17286.3799818841,"0",2006,0,2007.1,2007.9,1,"1857","1606",-0.628209255189049,0.293526160277998,0.48016801630249,9346.320361,9346.320361,"1",0.247156354703843,-3.14814468131827,-3.29749276400225,0.751745506904574,1.09904612327641,0.76894018285081,-0.127600006589694
"494",2007,"4877",-0.0366855078896414,0.026365636601761,0.0633413948330475,0.100026902722689,1,0.0369757582312865,-0.270934947907471,0.773002196945418,-0.438149732208708,0.248280144540181,-0.714682011188356,20641.8694783933,"0",2006,0,2007.1,2007.9,1,"1503","1606",1.12990479616671,0.296387785783802,-0.0291639341173666,4797.894582,4797.894582,"1",0.380370316038876,-2.30231610194849,-3.29749276400225,-1.04371475825103,1.19849727950803,0.718217811260388,0.586675599916764
"495",2007,"4881",-0.00646332509450338,-0.000467024606448874,0.0493578747687614,0.0558211998632648,0,0.0498248993752103,0.502111144062518,-0.658782016717884,0.778664719550881,-0.480243260350964,0.692198180352193,18949.6778276334,"1",2005,0,2007.1,2007.9,2,"1707","1604",-0.231048067951981,-0.0419147282431044,1.72813588044726,5119.42545,5119.42545,"0",-0.410907304954547,-2.88560155588347,-2.99924043244959,-0.298034816761613,-0.0985562211937181,0.862212599911154,0.689375983990455
"496",2007,"4884",-0.0120608784626755,0.00391873854937926,0.0511130194858512,0.0631738979485267,0,0.047194280936472,-0.710232409262889,-1.06600553350253,-1.36297294399886,0.248280144540181,-0.151495905287114,60268.6802777778,"1",2006,0,2007.1,2007.9,1,"1697","1722",-0.0158324507841866,-0.0999525591974928,1.78225893678038,3581.890429,3581.890429,"0",-0.300064731529535,-2.76186407028383,-3.05348256033206,-0.496370338958081,0.112650172705188,0.624502472063252,0.654267145938123
"497",2007,"4886",0.0233078340549765,0.00798356299928113,0.0533886994680712,0.0300808654130946,1,0.04540513646879,1.44521282012006,1.20934907761846,0.167588119915097,0.172158788772693,-0.0430948118186246,14820.5340569878,"1",2006,0,2007.1,2007.9,1,"2963","1709",-0.869346079646142,-0.285958217072273,-0.0861630948933245,2904.123379,2904.123379,"1",-0.161884418695003,-3.50386600993222,-3.09213004225539,1.25827606165175,0.307334246162838,0.769963127042121,-0.0324038424236189
"498",2007,"4890",-0.00416476172219489,-0.0546111661519622,0.0477968005058601,0.051961562228055,0,0.102407966657822,0.606217801104069,0.938208789681826,1.15119472800738,0.248280144540181,-0.332964453239462,19265.1351801501,"1",2006,0,2007.1,2007.9,1,"1510","2966",0.968753005533796,-0.963063638657034,-1.4473448884692,4331.440545,4331.440545,"0",-0.512857248857498,-2.95725102165683,-2.27879077001015,-0.209782609660753,-1.88084184228106,-0.124771969406207,0.585876537701059
"499",2007,"4900",0.00820692272648644,-0.0552982177158144,0.053631667856467,0.0454247451299806,0,0.108929885572281,-1.44992231470776,0.531675574928715,-1.32314209928369,0.248280144540181,-1.2558285073228,9423.018,"1",2006,1,2007.1,2007.9,1,"1538","1808",0.942760781238211,-0.760988051029408,-1.48525717430641,NA,NA,"0",-0.14748072641208,-3.09169827550308,-2.21705085535854,0.34779202995924,-1.75428221169699,-0.200638739551037,0.574228722571024
"500",2007,"4901",-0.0144541340424282,-0.0129028473088079,0.0402827151049169,0.0547368491473451,0,0.0531855624137248,-0.606074858289539,-0.0957922984661132,2.37910613562361,0.164686753850744,0.188004045653995,21503.1073975985,"0",2006,0,2007.1,2007.9,1,"1024","1616",2.42951601094768,0.132683520853273,-0.615889240453205,NA,NA,"0",-1.05541737632156,-2.90521813735975,-2.93396830266628,-0.708034209000382,-0.73429452009041,0.857627178810011,0.609342658623739
"501",2007,"4907",-0.00988006175582731,0.00861840829739934,0.0464085140140946,0.0562885757699219,0,0.0377901057166953,0.670809383841643,-0.668670163764026,0.909692769886937,0.248280144540181,-0.907285193421726,19169.6892307692,"0",2006,0,2007.1,2007.9,1,"3507","1587",-0.961350031611848,0.630715819941487,0.138695979727367,7468.349484,7468.349484,"0",-0.60636010754027,-2.87726368147984,-3.27570796414661,-0.454281579190936,0.410260718589477,0.600490004566358,0.156292242685949
"502",2007,"4912",0.0170870130216372,0.00894995626961548,0.0471678784347318,0.0300808654130946,1,0.0382179221651163,-0.0362708411232367,1.20934907761846,0.400815021472526,0.855149480858134,-0.280049614887822,14820.5340569878,"0",2006,0,2007.1,2007.9,1,"2963","1196",-0.75913904863268,1.69863380171898,-0.0861630948933245,2904.123379,2904.123379,"1",-0.554874809337828,-3.50386600993222,-3.26445070676778,0.981561871350713,0.42203764622131,0.731361406898869,-0.2133539298813
"503",2007,"4915",0.0281954219213636,0.0200583651693419,0.0582762873344583,0.0300808654130946,1,0.0382179221651163,-0.0362708411232367,1.20934907761846,0.232530148310017,0.855149480858134,0.0203909678189404,14820.5340569878,"1",2006,0,2007.1,2007.9,1,"2963","1196",-0.75913904863268,1.69863380171898,-0.0861630948933245,2904.123379,2904.123379,"1",0.115987644617801,-3.50386600993222,-3.26445070676778,1.45393260908313,0.922871388042636,0.731361406898869,-0.2133539298813
"504",2007,"4933",-0.0133703637355483,-0.00434021632012925,0.0400230034431163,0.0533933671786646,1,0.0443632197632455,-0.241226554785182,-0.253013757103238,0.605632163942401,0.855149480858134,-1.2558285073228,12323.0009046283,"1",2006,0,2007.1,2007.9,1,"3453","1699",-1.02455232651383,-0.202971077404999,1.3537193747998,9667.122347,9667.122347,"1",-1.07593543396461,-2.93006875086807,-3.11534453655403,-0.666974654394092,-0.320075663221338,0.6274096023406,0.0646032160523596
"505",2007,"4934",-0.00377976418698589,0.00525038322843318,0.0496136029916787,0.0533933671786646,1,0.0443632197632455,-0.241226554785182,-0.253013757103238,0.572474743214432,0.855149480858134,-0.2241901816815,12323.0009046283,"1",2006,0,2007.1,2007.9,1,"3453","1699",-1.02455232651383,-0.202971077404999,1.3537193747998,9667.122347,9667.122347,"1",-0.394514271504713,-2.93006875086807,-3.11534453655403,-0.187169270563577,0.18864070410364,0.6274096023406,0.0646032160523596
"506",2007,"4938",0.00330658113514674,0.00403396501769327,0.0575998022699141,0.0542932211347673,0,0.0535658372522208,0.562410215215741,0.694456766192567,-2.25128105106608,0.821992325891951,0.66157114937096,13473.742612172,"0",2006,0,2007.1,2007.9,1,"1791","1509",-0.140595127403244,0.802413350287405,0.669990909528793,8021.75926,8021.75926,"0",0.0789486603433871,-2.91335590081588,-2.92684377880598,0.108877459997646,0.0956964179880535,0.503991916543974,-0.211663673372318
"507",2007,"4948",0.0392519208694448,-0.0133074168477944,0.0829883416367338,0.043736420767289,1,0.0962957584845282,0.43660337798446,0.475331819382618,0.477635753719099,0.821992325891951,-0.539482453509551,21969.7404414557,"1",2006,0,2007.1,2007.9,1,"1437","1797",1.26402467353205,-0.473871625284197,-0.137932974864133,8906.9186,8906.9186,"1",1.23737368732934,-3.12957409681909,-2.34033100596085,1.40750223583244,-0.428463263435776,-0.717823742922275,0.46923352275128
"508",2007,"4950",0.00587336985343381,0.00517271227977591,0.0549976116549862,0.0491242418015524,1,0.0498248993752103,0.502111144062518,0.342513559536372,-1.19444019343143,0.821992325891951,-0.539482453509551,19192.9543577982,"0",2006,0,2007.1,2007.9,1,"1491","1604",0.990586473942146,0.247109447839255,-1.48525717430641,2251.274677,2251.274677,"1",-0.0676998917807192,-3.01340264297691,-2.99924043244959,0.229084998438779,0.157665977480758,0.730168657012954,0.526237273705947
"509",2007,"4951",0.00212179827185805,0.00750543119668194,0.0573303305718922,0.0552085323000342,0,0.0498248993752103,0.502111144062518,1.22317382733166,0.844369417245131,0.821992325891951,-0.539482453509551,11994.1830565088,"1",2006,0,2007.1,2007.9,1,"3567","1604",-1.05762920735522,0.247109447839255,2.26858205165767,NA,NA,"0",0.0640732210871485,-2.89663776699111,-2.99924043244959,0.0610613424604243,0.256041465332137,0.730168657012954,-0.0315381248080299
"510",2007,"4952",0.0457949391798914,0.0423370790107084,0.0895313599471803,0.043736420767289,1,0.047194280936472,-0.710232409262889,0.475331819382618,1.28044956233985,0.821992325891951,-0.539482453509551,21969.7404414557,"0",2006,0,2007.1,2007.9,1,"1437","1722",1.26506436250386,-0.0341351725648846,-0.137932974864133,5809.956208,5809.956208,"1",1.47810775234937,-3.12957409681909,-3.05348256033206,1.57700900614032,1.44014848991418,0.552788098475839,0.46923352275128
"511",2007,"4963",0.0218547800239429,-0.000540776266695561,0.0704431637617156,0.0485883837377727,2,0.0709839400284112,-0.935395253997085,-2.4336157214922,0.292762630844766,0.821992325891951,-0.539482453509551,12841.3616693069,"1",2006,0,2007.1,2007.9,1,"2968","1769",-0.588701074259679,-0.546366138096991,0.20929127059665,NA,NA,"1",0.717470296764205,-3.02437079438628,-2.64530162431011,0.806441301272949,-0.0943643370786719,-0.574569601352517,-0.156945241530972
"512",2007,"4964",0.00731759555749422,0.00831930519050564,0.0535920778503867,0.0462744822928925,0,0.0452727726598811,0.207911486183763,0.138873808773711,-0.105641230590818,0.821992325891951,-0.285275637037174,15402.0188756614,"0",2006,0,2007.1,2007.9,1,"2959","1831",-0.452501818950629,-0.717109793274334,0.579785815640249,13628.69706,13628.69706,"0",-0.149823252123052,-3.07316460820498,-3.09504947222886,0.304745433228109,0.323252352348656,-0.247986828299454,-0.412255685086396
"513",2007,"4971",0.0248234653448492,0.0404657791708409,0.0783777616215321,0.0535542962766829,0,0.0379119824506912,1.93559649569673,0.899141294006619,1.35545894199705,0.981473571257546,-0.294075558750625,18616.7646907216,"0",2006,0,2007.1,2007.9,1,"1669","1897",0.281518595157689,-0.71043266709415,-1.14195488944948,7085.201169,7085.201169,"0",1.05605138371035,-2.92705925605012,-3.27248805721284,0.827487582119875,1.64371201969318,-0.272632511522361,0.52426125471623
"514",2007,"4972",-0.0384867951253919,-0.0762047896010739,0.0327250959712075,0.0712118910965994,0,0.108929885572281,-1.44992231470776,1.79830918059628,0.195063584664443,0.821992325891951,-0.322061127243742,22953.4536752137,"1",2006,0,2007.1,2007.9,1,"1155","1808",2.16493221169973,-0.698986165071176,-0.865325934858006,42938.52031,42938.52031,"0",-1.71453659230964,-2.64209546472509,-2.21705085535854,-1.75985226393324,-2.92417098447431,-0.247986828299454,0.702389899609128
"515",2007,"5099",0.0100491837856595,-0.00554415573651437,0.0650367635286111,0.0549875797429517,0,0.0705809192651255,-0.280843416952759,0.0502910061932162,-0.472393972812528,1.24859881971763,0.266689026686426,60268.6802777778,"1",2006,0,2007.1,2007.9,1,"1753","1775",0.104771469947458,-0.273557839880562,1.78225893678038,15913.75238,15913.75238,"0",0.464159511449578,-2.90064794210691,-2.6509954363777,0.351729136773574,-0.269989892225995,-0.289083194278616,0.468220182194805
"516",2007,"5118",-0.0423554688129154,-0.0515835051630477,0.0447122533214805,0.0870677221343959,0,0.0962957584845282,0.43660337798446,0.0238915340565595,-0.834551558125911,1.24859881971763,0.266689026686426,16192.9918854425,"1",2006,0,2007.1,2007.9,1,"1717","1797",0.275280461326746,-0.409961988988737,-0.681255250517338,8906.9186,8906.9186,"0",-0.72447785512501,-2.44106904779776,-2.34033100596085,-1.51174417155671,-1.89308755879146,-0.776871731930336,0.459277867405589
"517",2008,"912",-0.000817512242067657,-0.0305564678541943,0.0412596809841281,0.0420771932261958,0,0.0718161488383224,-0.623312868113173,0.628859201249281,-0.749818056478648,0.203681436099713,0.552847093933594,14812.2455905512,"0",1994,0,2008.1,2008.9,14,"64","178",0.822156860506563,0.159214802864864,-0.19205603119725,10968.06186,10968.06186,"0",-0.979401122759617,-3.16824941367568,-2.6336459140346,-0.0669974220871298,-1.38877032459576,-1.04446578785628,-1.12732827703137
"518",2008,"1042",0.0369417768094009,0.0361918302891299,0.0828562802514824,0.0459145034420814,0,0.0466644499623525,-1.01435749465966,-1.26820869546144,-0.226068079880073,-1.0427473893198,0.370281014121953,24266.2541121751,"0",1996,0,2008.1,2008.9,12,"1043","559",-1.37731084074928,-0.794855831946977,-0.615889240453205,17822.89079,17822.89079,"0",1.23232167617851,-3.08097423269622,-3.06477264697587,1.29539137035533,1.28339366425291,-1.48231866897484,-0.726126325848039
"519",2008,"1305",-0.007619151656277,-0.0240739648231035,0.0413510892983211,0.0489702409545981,0,0.0654250541214246,0.0470178650963795,-0.606692042842362,1.12047788232616,4.04220587616556,-0.198506546223457,6837.80397435898,"0",1998,0,2008.1,2008.9,11,"1177","854",-1.23691306002943,-0.643661405292967,-0.865325934858006,53575.73929,53575.73929,"0",-0.972381092925856,-3.01654249282672,-2.72685000333777,-0.400910033508227,-1.16280283349653,0.149375841236728,2.86749636085054
"520",2008,"1384",-0.0373555381947066,0.00126145795222511,0.0499267458877657,0.0872822840824722,1,0.0486652879355406,-0.598592617202176,-0.524023447908447,-0.664073987321577,-1.20666515542031,0.45109536882579,34968.4026923077,"0",1998,0,2008.1,2008.9,10,"1246","609",-1.14389498521406,-0.0579820517794896,-0.247747871771891,8501.437478,8501.437478,"1",-0.374555463951292,-2.43860776820221,-3.02278927643485,-1.27085278082913,-0.0156491180866203,-0.110501928019859,2.22375897827764
"521",2008,"1503",0.0468270164248198,0.050797124229002,0.100026902722689,0.0531998862978691,0,0.0492297784936869,2.8303774660272,-0.147658394453206,0.697725527315702,-0.296010899306371,0.610752091862724,24429.6402062589,"0",1999,0,2008.1,2008.9,9,"1186","1184",-0.806476144333436,-0.964590881413261,-0.865325934858006,NA,NA,"0",1.82974617787978,-2.93369901989492,-3.01125658463944,1.38709580550917,1.60266498313824,1.40457685201103,1.39632784414493
"522",2008,"1510",-0.0124730788531426,0.00639197449481063,0.051961562228055,0.0644346410811976,0,0.0455695877332443,1.07549510222712,0.0280333462457904,0.866563349763976,-1.56252081857866,0.486258255002456,34968.4026923077,"0",1999,0,2008.1,2008.9,9,"1247","1020",-0.823670781892028,-0.557812640120046,-0.247747871771891,1353.503049,1353.503049,"0",-0.247834529468611,-2.74210388550332,-3.0885147206368,-0.503730510918934,0.234606180852689,0.869908070036789,1.63504461394056
"523",2008,"1524",-0.0332708943034892,-0.0228856231359658,0.0431261512098279,0.0763970455133171,1,0.0660117743457937,-1.49953245679788,0.00461898048180373,0.297796306475902,-1.20269563686801,-1.25403398517307,4024.47243589744,"1",1999,1,2008.1,2008.9,9,"938","1028",0.23161352451005,-0.369899231908122,-0.113616819120252,NA,NA,"1",-0.839051219346576,-2.57181125484908,-2.71792215368826,-1.3003897060846,-1.08440814803902,0.571339627611491,-0.0514020184805321
"524",2008,"1533",0.00545361803588099,-0.0107545335081861,0.0552572408376075,0.0498036228017265,1,0.0660117743457937,-1.49953245679788,0.897480827314441,0.125221369091465,-1.20269563686801,0.504838030299769,17276.4077385798,"1",1999,0,2008.1,2008.9,9,"677","1028",0.571591818296727,-0.369899231908122,-1.66148393743936,4613.668342,4613.668342,"1",-0.0527600379313141,-2.99966755057485,-2.71792215368826,0.208925541853706,-0.497400852836648,0.571339627611491,-0.19379041390536
"525",2008,"1539",-0.0260345101897947,-0.00737492775148461,0.0606579927743199,0.0866925029641146,0,0.0680329205258045,0.0171228362060022,-0.935948502140529,0.00523305933057501,-1.14105134876183,0.538814208526064,16921.0113884535,"1",1999,0,2008.1,2008.9,9,"459","176",0.954830831624201,2.01736363127556,-1.04390587435327,5899.22295,5899.22295,"0",0.243053485917576,-2.44538786993661,-2.68776356557744,-0.820834974136662,-0.347982470269836,-0.506799409076634,-0.192452387812421
"526",2008,"1542",-0.0008916885173487,-0.0112876300468504,0.0388974436853738,0.0397891322027225,0,0.0501850737322242,-0.180214913045909,-0.108852113398934,0.347942379858258,-1.14105134876183,0.292172989466317,21884.2153401361,"1",1999,0,2008.1,2008.9,9,"1022","1199",-0.269516559909541,-0.70992184869798,1.09957632767038,14737.90228,14737.90228,"0",-1.1664249407671,-3.22416146421258,-2.99203763250904,-0.0737992228731064,-0.679647191481399,0.984204927557143,0.675045734774897
"527",2008,"1543",0.0149131245658531,0.000452688503166862,0.0491179764387074,0.0342048518728543,1,0.0486652879355406,-0.598592617202176,-0.0970796217721856,0.959667239035972,-0.644861529725396,0.748022946627152,10644.0812583286,"1",1999,0,2008.1,2008.9,9,"199","609",2.93896360714184,0.176671239693312,-0.600462862078055,10854.8448,10854.8448,"1",-0.426362984094601,-3.37538777734852,-3.02278927643485,0.785078677036686,-0.054326128574933,-0.154752540723629,-0.582821691890078
"528",2008,"1566",-0.0319242170303055,-0.047435395070725,0.0422000444364216,0.0741242614667271,0,0.0896354395071466,-0.212773681080485,1.90237719958215,1.70896014650053,-0.572009189236297,0.433130466261528,6837.80397435898,"1",1999,0,2008.1,2008.9,9,"1160","1179",-0.517456813567363,-0.974656088793249,-0.865325934858006,7819.399016,7819.399016,"0",-0.907914147454827,-2.60201238506326,-2.41200450698902,-1.28141994244418,-1.86029453808559,1.81788841635787,0.984074191699178
"529",2008,"1598",-0.0276538605750722,-0.02775348320457,0.0481431519633745,0.0757970125384467,0,0.0758966351679445,-1.17635393485562,1.57078863992652,-0.16354754783622,-0.00506853953254788,1.16856887353627,5811.12861111111,"0",2000,1,2008.1,2008.9,8,"1195","1279",-0.460180177668785,-0.742181594153631,-0.877353280709807,NA,NA,"0",-0.489953363563849,-2.57969639953205,-2.57838292800141,-1.03696891253656,-1.15424634316976,1.2660290944365,0.96226700316372
"530",2008,"1604",-0.0146097417059873,0.000297517673779828,0.0498248993752103,0.0644346410811976,0,0.0495273817014305,-0.234643538565577,0.0280333462457904,0.698106851562589,0.548095545783827,0.239358157811557,34968.4026923077,"1",2000,0,2008.1,2008.9,8,"1247","494",-0.300545310289867,1.78123782758895,-0.247747871771891,9588.849475,9588.849475,"0",-0.381033091876637,-2.74210388550332,-3.00522959666177,-0.597518891560278,-0.0620699792836802,-0.243283285235244,0.897797421298048
"531",2008,"1608",-0.0221183559880346,-0.00721109660826751,0.0423162850931629,0.0644346410811976,0,0.0495273817014305,-0.234643538565577,0.0280333462457904,0.791058236102498,0.548095545783827,1.62608486904019,34968.4026923077,"1",2000,1,2008.1,2008.9,8,"1247","494",-0.297434765415182,1.78409163444573,-0.247747871771891,NA,NA,"0",-0.899188303266996,-2.74210388550332,-3.00522959666177,-0.962364707600757,-0.448899815764613,-0.243283285235244,0.897797421298048
"532",2008,"1610",-0.0348039836863209,-0.0310895338450143,0.0463910437019979,0.0811950273883189,0,0.0774805775470122,0.119125624380388,-1.00290800278064,0.449054390398223,0.548095545783827,1.62608486904019,35134.884,"1",2000,1,2008.1,2008.9,8,"1170","917",-0.405568099845434,0.427675932280066,1.67375136007389,NA,NA,"0",-0.607554493019861,-2.5109012727498,-2.55772798632796,-1.27343691684988,-1.29095690660567,-0.120515838349934,1.18471180437505
"533",2008,"1698",-0.0058471414744056,0.0363758505025773,0.0801261094432879,0.0859732509176935,0,0.0437502589407106,0.179339847629122,-1.15859959185701,1.93482720713748,0.129661590154048,0.290686088358498,21880.6309090909,"1",2001,0,2008.1,2008.9,7,"1552","1504",-1.0066560409332,-1.04047347542586,-0.33821442970069,5214.878409,5214.878409,"0",1.12603483083496,-2.45371906695108,-3.12925774755122,-0.180497386392244,1.35675913521185,0.573344886065711,0.963980465421426
"534",2008,"1716",0.0475192580674012,0.0410217713187314,0.0934337615094826,0.0459145034420814,1,0.0524119901907512,-2.5336086558896,-1.26820869546144,-0.683732013731955,0.328371018859941,0.225346619205495,24266.2541121751,"0",2002,0,2008.1,2008.9,6,"1043","1412",0.915728867970815,-0.401377112471486,-0.615889240453205,17522.49751,17522.49751,"1",1.61344560127534,-3.08097423269622,-2.94861989339636,1.56375009069202,1.29284862811051,1.12939453777886,1.06006239496205
"535",2008,"1750",-0.0300334032275646,0.00237947239245072,0.052935775746504,0.0829691789740685,0,0.0505563033540532,0.648820761506607,-1.38212754511904,-0.850091124547683,0.328371018859941,0.159338621536349,0,"1",2002,0,2008.1,2008.9,6,"1362","1187",-0.243524335613781,0.16414837033519,-1.04887369111814,10968.06186,10968.06186,"0",-0.188910569697462,-2.48928607781027,-2.98466764585817,-1.02693957192004,0.0326645067843983,1.49890491150844,1.19256042061526
"536",2008,"1752",0.00459735890823288,0.00781057666715795,0.0540191672601158,0.0494218083518829,0,0.0462085905929579,2.47696459763106,-0.420365868325012,-0.22297922448584,0.247346140174924,0.15247854512607,6837.80397435898,"1",2002,0,2008.1,2008.9,6,"1200","1553",0.564876450183683,-0.819174436313341,-0.865325934858006,3599.945181,3599.945181,"0",-0.124643399769742,-3.00736348759208,-3.07458955460929,0.175500498062387,0.293597081445882,1.98526186839629,1.38737280423339
"537",2008,"1753",0.00350760733345905,-0.00239322808669298,0.0549875797429517,0.0514799724094926,0,0.0573808078296446,0.161474078096692,0.715539031599091,-0.0408708064292188,1.32168466129804,4.19408238678347,21815.4118435078,"0",2002,0,2008.1,2008.9,6,"1244","1188",0.0486282654689617,-0.0180339682163729,1.67375136007389,5743.051037,5743.051037,"0",-0.0682785728221373,-2.9665624322005,-2.8580453899354,0.124054311217277,-0.177145272581482,1.6492644133319,2.05523886109328
"538",2008,"1776",0.0511248445563402,0.0641889630990214,0.103086406784395,0.051961562228055,0,0.0388974436853738,0.190520794564729,0.938208789681826,0.558555867258599,0.624917404825241,-0.520802412844688,19265.1351801501,"0",2002,0,2008.1,2008.9,6,"1510","1542",-0.468097153528035,-0.740002797320446,-1.4473448884692,NA,NA,"0",1.92531918565796,-2.95725102165683,-3.24682674554601,1.50699732682685,2.23189435670485,2.31699665103246,2.09666577519642
"539",2008,"1796",0.0760618867859167,0.0815803853880894,0.119798307553206,0.043736420767289,0,0.0382179221651163,-0.0362708411232367,0.475331819382618,-0.616139690276724,0.328371018859941,0.302047817380431,21969.7404414557,"1",2002,1,2008.1,2008.9,6,"1437","1196",-0.333977276162689,0.27259042467883,-0.137932974864133,NA,NA,"0",2.4019160424666,-3.12957409681909,-3.26445070676778,2.22748512229939,2.62943592490069,1.41231900846124,1.33420252760612
"540",2008,"1829",-0.0366164422686946,-0.00422270181828482,0.0532538276811535,0.0898702699498481,0,0.0574765294994384,-0.201032845354227,-0.430272683737408,-0.852836771475272,0.158849226567958,-1.2558285073228,6837.80397435898,"1",2003,0,2008.1,2008.9,5,"1190","1489",0.947473469774417,-0.409961988988817,-0.865325934858006,19079.36632,19079.36632,"0",-0.169908229274312,-2.40938809353481,-2.8563785971265,-1.19202127925718,-0.256964413308834,1.16443453507831,1.14302396677374
"541",2008,"1831",-0.000562617975296983,-0.00194807879147414,0.0452727726598811,0.045835390635178,1,0.0472208514513552,0.985504614937955,1.49354918048791,0.367485996511236,0.158849226567958,0.281577028691626,18416.0193059211,"1",2003,0,2008.1,2008.9,5,"1757","1523",-1.02225137551061,-0.36799148157089,0.447485011270412,NA,NA,"1",-0.684957965394824,-3.08269876496529,-3.05291971590421,-0.0507603856816987,-0.176025593656835,1.18129870595574,1.7929588057683
"542",2008,"1851",0.0062249877592879,0.0224274207469212,0.0820220002977346,0.0757970125384467,0,0.0595945795508133,0.889847313283284,1.57078863992652,-0.506161537302183,1.94583307837304,-0.0666313710656704,5811.12861111111,"0",2002,0,2008.1,2008.9,5,"1195","1045",0.571486713127462,0.424253970268135,-0.877353280709807,24507.43789,24507.43789,"0",1.20021895713786,-2.57969639953205,-2.82019065618078,0.153122948048591,0.680206277029353,1.46615687614841,1.52680654863134
"543",2008,"1864",-0.044022776258799,0.0249487664921797,0.0560041264638899,0.100026902722689,0,0.0310553599717103,1.01920015605379,0.773002196945418,0.595545754790008,-0.301848426589157,-0.117515253591337,20641.8694783933,"0",2003,0,2008.1,2008.9,5,"1503","1209",-0.0147927618124633,0.278735882732163,-0.0291639341173666,14737.90228,14737.90228,"0",-0.0101702002177835,-2.30231610194849,-3.47198386161283,-1.3187039318004,1.32016967542548,1.61052026048477,1.14941442466994
"544",2008,"1868",-0.0185679755631298,-0.014849820268322,0.0313587703246358,0.0499267458877657,0,0.0462085905929579,2.47696459763106,-0.559508815936449,-0.425565553533647,0.158849226567958,-0.0184569613787307,18876.280979448,"1",2003,0,2008.1,2008.9,5,"1384","1553",0.158835296482336,-0.479594876295728,-1.04887369111814,8501.437478,8501.437478,"0",-1.84982515649965,-2.99719843008107,-3.07458955460929,-1.06194724069491,-0.994340899656391,1.3705849239723,0.90435324518159
"545",2008,"1877",-0.0194843956151411,0.000949460600295535,0.0440756118101234,0.0635600074252645,1,0.0431261512098279,0.145898813199516,0.083854713266193,-1.19617529365476,0.111682006123092,0.0607482372535563,52540.4536111111,"1",2003,0,2008.1,2008.9,5,"1893","1524",-1.07527551307368,-0.405192613145785,1.72813588044726,15909.01712,15909.01712,"1",-0.769970222218304,-2.75577082049071,-3.14362570926626,-0.840852344672075,-0.0246810059270792,1.12844288839934,1.71390925811804
"546",2008,"1897",-0.0317384922471519,-0.00985833612903386,0.0379119824506912,0.0696504746978431,0,0.047770318579725,1.55476570178633,-0.201073028367307,2.30905417923151,0.111682006123092,0.102942963244135,19444.8983277962,"1",2003,0,2008.1,2008.9,5,"927","501",1.77555164766983,1.46631046762512,-0.113616819120252,3385.604369,3385.604369,"0",-1.24782760298581,-2.66426576330441,-3.04135078256912,-1.38171097837838,-0.623634717695872,0.434372513879544,0.466683480575277
"547",2008,"2968",-0.0381041192263419,-0.0194445367880318,0.0485883837377727,0.0866925029641146,1,0.0680329205258045,0.0171228362060022,-0.935948502140529,-2.57937363564835,-0.0830579040305069,-0.0946237732194918,16921.0113884535,"0",2003,0,2008.1,2008.9,5,"459","176",2.48317362020665,3.41956012910096,-1.04390587435327,2064.81357,2064.81357,"1",-0.460751478478494,-2.44538786993661,-2.68776356557744,-1.31640134290754,-0.873409510868865,-0.0148855141044914,0.314751830217523
"548",2008,"3002",-0.014588446803797,-0.0451503888316715,0.0525207221873888,0.0671091689911858,0,0.0976711110190603,0.66291993575903,0.533354689629059,1.00554232689208,-0.194671425677288,0.104549125487491,15649.8439857189,"0",2003,0,2008.1,2008.9,5,"1782","1495",-1.21251445735454,-0.315528347298485,0.669990909528793,5469.283321,5469.283321,"0",-0.213880814068842,-2.70143459767534,-2.3261494543539,-0.570662593429853,-1.54548515438564,1.0751853436725,-0.206171562139403
"549",2008,"3005",4.28952828225235e-05,0.000951174334355029,0.0437793160501115,0.043736420767289,0,0.0428281417157565,-0.788244512612291,0.475331819382618,-1.527368155882,0.313193447924714,0.17305191036253,21969.7404414557,"1",2004,0,2008.1,2008.9,4,"1437","1579",0.442031232734022,-0.361496790532294,-0.137932974864133,18202.39892,18202.39892,"0",-0.791367114957264,-3.12957409681909,-3.15055987574052,-0.0209840116739032,-0.0242333513365268,1.03910227628251,0.658394966973642
"550",2008,"3021",0.00639518812802024,0.00557054907390124,0.0499337688371467,0.0435385807091265,0,0.0443632197632455,-0.241226554785182,-0.0983296287038386,-0.904431931090245,0.93897637263888,0.258878799991861,18677.6133333333,"1",2004,0,2008.1,2008.9,4,"1558","1699",0.174626637997025,-0.855241863794457,-0.33821442970069,2994.527701,2994.527701,"0",-0.374109278411499,-3.13410782110882,-3.11534453655403,0.282944100050036,0.203874093574842,1.15448594591925,0.968124647604038
"551",2008,"3024",0.0319584611636512,0.0326858450461978,0.0862516822984186,0.0542932211347673,0,0.0535658372522208,0.562410215215741,0.694456766192567,0.348609718095867,0.93897637263888,-0.996708069316343,13473.742612172,"1",2004,1,2008.1,2008.9,4,"1791","1509",-0.88688443951509,0.117721233031228,0.669990909528793,NA,NA,"0",1.35972339059036,-2.91335590081588,-2.92684377880598,1.01070241774944,1.0518614214065,0.770374958950803,-0.182220726752022
"552",2008,"3094",-0.0591640871112406,-0.0137505041635299,0.0334703472878253,0.0926344343990659,0,0.0472208514513552,0.985504614937955,0.0034435859409016,-0.099616086951109,0.955554950121982,0.00265770637046059,40475.822,"0",2004,0,2008.1,2008.9,4,"1891","1523",-0.880518475072896,-0.00330363364570957,1.82696928766426,12165.11343,12165.11343,"0",-1.64310624528366,-2.37909434469248,-3.05291971590421,-2.2970009187587,-0.891333158429467,0.814455130770951,-0.287764629506036
"553",2008,"3455",-0.012916645770032,-0.0695410553747111,0.0502572521784947,0.0631738979485267,0,0.119798307553206,-0.66735798370139,-1.06600553350253,-0.715230607408185,0.872195060523875,0.0444373001951161,60268.6802777778,"0",2005,1,2008.1,2008.9,3,"1697","1796",-0.511764090344644,-0.87449919609147,1.78225893678038,NA,NA,"0",-0.353625296681561,-2.76186407028383,-2.12194572066931,-0.534083648929518,-2.13340860808767,-0.073786825818126,1.00984184459381
"554",2008,"3457",-0.0409162285170281,-0.0501442648671604,0.0461514936173678,0.0870677221343959,0,0.0962957584845282,0.43660337798446,0.0238915340565595,0.866334530249176,0.872195060523875,-0.162508947333271,16192.9918854425,"1",2005,0,2008.1,2008.9,3,"1717","1797",-0.362048878401895,-0.994687467333638,-0.681255250517338,19134.77121,19134.77121,"0",-0.623977234202288,-2.44106904779776,-2.34033100596085,-1.44097921494316,-1.81805861398272,-0.844183253830753,0.957356667822786
"555",2008,"3498",0.0415530563702347,0.027361114474556,0.0813802817346719,0.0398272253644371,1,0.0540191672601158,-0.317508079317215,0.357121892038114,0.134831102129694,0.546928040327282,0.285008942875648,15260.450426501,"0",2005,1,2008.1,2008.9,3,"2985","1752",-1.16364907567879,-0.862098818899839,0.0843114593539948,NA,NA,"1",1.17530294863945,-3.22320454616746,-2.91841634613605,1.57293153202357,0.894224048194517,-0.211661956793918,0.0913586671215667
"556",2008,"3501",-0.00315333481994417,0.00886947797407645,0.0405830859473448,0.043736420767289,0,0.0317136079732684,-0.129145638783763,0.475331819382618,0.318274196661531,1.28012146704465,-0.298245897408992,21969.7404414557,"0",2005,0,2008.1,2008.9,3,"1437","1623",0.678679782394674,-0.531104135399557,-0.137932974864133,13474.32264,13474.32264,"0",-1.03185144380901,-3.12957409681909,-3.45100941660577,-0.190314936609368,0.507759596962533,1.05509863025943,0.73596706341953
"557",2008,"3507",-0.00598924699082924,-0.0166935598431542,0.0562885757699219,0.0622778227607512,0,0.0729821356130762,-0.510315750257652,-1.93605938020789,-0.775634694176256,-0.146103198684548,0.477627372147019,48580.1919230769,"0",2004,0,2008.1,2008.9,4,"1760","2972",-0.672475575538598,-1.41398857798497,1.11343392180399,14805.14934,14805.14934,"0",0.00590084145621933,-2.77614989151067,-2.61754058541108,-0.249023367479183,-0.691331889754357,-1.18789345088421,1.11479413471313
"558",2008,"3517",-0.0400673222554784,0.0103958285024782,0.0492959634529258,0.0893632857084042,0,0.0389001349504476,-0.853124537495171,0.381077314694049,-0.725126354437134,-0.749003016450229,-1.2558285073228,0,"0",2005,0,2008.1,2008.9,3,"1828","1848",-0.992100395327695,-1.13586099228476,0.48016801630249,50246.56241,50246.56241,"0",-0.414888797047528,-2.41504535555513,-3.24675755920058,-1.35188194385719,0.484643436713906,-0.178229297604925,-0.177581970118097
"559",2008,"3567",0.00937314166485614,0.00798768084867899,0.0552085323000342,0.045835390635178,0,0.0472208514513552,0.985504614937955,1.49354918048791,1.15779189962853,1.75599669113699,-0.171231522549032,18416.0193059211,"0",2004,0,2008.1,2008.9,4,"1757","1523",-0.512775372513888,0.0994334132006955,0.447485011270412,9588.849475,9588.849475,"0",-0.0555575188624665,-3.08269876496529,-3.05291971590421,0.392415933852299,0.293854601429568,0.789268104189468,0.916680186269487
"560",2008,"3574",-0.00495456706957517,0.0473629050364437,0.0993803606550273,0.104334927724603,0,0.0520174556185836,-0.0936686249187542,-0.788801752063556,0.653108863568768,-0.749003016450229,-0.0895775058905502,27814.0594444444,"0",2005,0,2008.1,2008.9,3,"3090","1381",-1.25997938366663,0.97601863097055,-0.414823393495862,12711.9407,12711.9407,"0",1.80917557173785,-2.2601490955214,-2.95617593175754,-0.131842932011454,1.45686551003768,1.12125852950273,0.466841747587259
"561",2008,"3576",-0.0158529717595796,0.00125101975386273,0.0401511547043103,0.0560041264638899,0,0.0389001349504476,-0.853124537495171,0.673020025766192,-0.926606784913412,-0.749003016450229,0.168955094086682,12588.2127025765,"1",2005,0,2008.1,2008.9,3,"1864","1848",-0.96090972617289,-1.12059898958733,-0.0357005351237869,924.6893994,924.6893994,"0",-1.06579448496009,-2.88232990410655,-3.24675755920058,-0.766464597863206,-0.00129154046040596,-0.178229297604925,-0.290383920943131
"562",2008,"3578",0.00334678515289544,0.00922123945479827,0.0515375245479612,0.0481907393950658,0,0.0423162850931629,0.584823003018756,1.44621670844241,2.26975720510644,-0.749003016450229,-1.2558285073228,15756.8487832278,"1",2005,0,2008.1,2008.9,3,"1685","1608",-0.587661385287869,-0.159233555330552,0.669990909528793,5770.776347,5770.776347,"0",-0.273827751391815,-3.03258840511775,-3.16258327663758,0.126799006467499,0.39061063732983,0.958640269899459,-0.188884168125857
"563",2008,"3590",0.0161289929153974,-0.0735884492247137,0.0462098583284921,0.0300808654130946,1,0.119798307553206,-0.66735798370139,1.20934907761846,0.411301833567484,-0.749003016450229,0.0272100157112919,14820.5340569878,"0",2005,0,2008.1,2008.9,3,"2963","1796",-1.15214147998251,-0.755264800017881,-0.0861630948933245,6102.760698,6102.760698,"1",-0.61996810668893,-3.50386600993222,-2.12194572066931,0.935728081264721,-2.33224737951789,-0.189595379923457,-0.229393614196946
"564",2008,"3594",0.00741555638426766,0.00530147755263839,0.0558577809066916,0.048442224522424,0,0.0505563033540532,0.648820761506607,0.127847603919173,-1.97200175669663,-0.749003016450229,0.248335027574739,19091.7559569378,"0",2005,0,2008.1,2008.9,3,"1740","1187",-0.24560371355749,1.23248855915448,0.447485011270412,2725.106246,2725.106246,"0",-0.0184703766256172,-3.02738343809768,-2.98466764585817,0.294976490924022,0.159906982719066,0.862871101831533,0.757776609971011
"565",2008,"3600",-0.0115213393836699,-0.00249734430407227,0.0507564833770813,0.0622778227607512,0,0.0532538276811535,-0.87798051172884,-1.93605938020789,0.839259468442395,0.0923014155442411,-1.2558285073228,48580.1919230769,"1",2005,0,2008.1,2008.9,3,"1760","1829",-0.258079981219377,-1.11010636273285,1.11343392180399,NA,NA,"0",-0.322269735724715,-2.77614989151067,-2.93268559563973,-0.480096334420456,-0.189999361443403,-0.293075166944975,0.671998043838697
"566",2008,"3606",-0.0372532304097038,-0.0181866071118115,0.0363002109855592,0.073553441395263,0,0.0544868180973707,0.671589843859456,0.505873124066593,0.0876022799082481,-0.749003016450229,-0.222164394544728,18496.1403694581,"0",2005,0,2008.1,2008.9,3,"3003","1710",-1.23406101705749,-0.693262914059648,-0.33586125333838,6093.822529,6093.822529,"0",-1.38563935233365,-2.60974304315489,-2.90979647634116,-1.60053064626508,-1.03806632738681,-0.166620318391955,0.257633014767955
"567",2008,"3608",-0.0270977462358049,-0.00342483794960517,0.0495109377968988,0.0766086840327037,1,0.052935775746504,-0.875537325298186,0.70337474857807,0.340048647542133,-0.749003016450229,-0.256297897868316,16222.862311522,"0",2005,0,2008.1,2008.9,3,"1705","1750",-0.580383562485118,-0.744772173163478,0.579262887559741,6402.516632,6402.516632,"1",-0.401085278886363,-2.56904484008817,-2.93867587859494,-0.998186244924366,-0.234653030703333,-0.189595379923457,-0.233224929086111
"568",2008,"3615",0.0293093307313291,0.0352652775171983,0.0722410357484848,0.0429317050171558,3,0.0369757582312865,-0.270934947907471,0.888712110426615,0.749263471649197,0.0923014155442411,1.04006649679675,17286.3799818841,"1",2005,0,2008.1,2008.9,3,"1857","1606",-0.960909726172973,-0.0117138936703705,0.48016801630249,15015.8353,15015.8353,"1",0.797416090907754,-3.14814468131827,-3.29749276400225,1.1391969077133,1.50984365864549,0.808873339739831,-0.291782335668693
"569",2008,"3617",-0.0206608541908859,0.00908626380521039,0.0546814017553418,0.0753422559462276,0,0.0455951379501314,2.27195799003732,0.253669542334942,-0.723639131618718,0.0923014155442411,-0.780787884777864,13076.7228528529,"1",2005,0,2008.1,2008.9,3,"1827","1783",-0.705146239104089,-0.967025087444573,1.89468847409072,7278.929107,7278.929107,"0",-0.0859911206180068,-2.58571413362755,-3.08795419204716,-0.739087841223506,0.35410326157243,-0.615021343454538,-0.885077358762853
"570",2008,"3642",-0.0474286103945287,-0.00651231161745894,0.0452058240045372,0.0926344343990659,0,0.0517181356219961,-0.435747846070261,0.0034435859409016,0.918025041731428,0.872195060523875,0.0872364859104464,40475.822,"1",2005,1,2008.1,2008.9,3,"1891","510",-0.660439613315669,2.26470398373388,1.82696928766426,NA,NA,"0",-0.689652427467234,-2.37909434469248,-2.96194677325342,-1.62565065812014,-0.394973107935929,0.30419573914465,-0.0531946245198683
"571",2008,"3645",0.0296285801414712,0.00645868487696974,0.0785671002146544,0.0489385200731832,0,0.0721084153376846,-1.08257991232734,0.215497578571536,-0.783700009920146,0.0923014155442411,-0.780787884777864,11647.728,"0",2005,0,2008.1,2008.9,3,"1576","1512",0.337925982899599,0.322614140487318,0.296620260042353,26537.97426,26537.97426,"0",1.06370527002304,-3.01719046104104,-2.62958452391989,1.03419571840316,0.126896729319794,0.660550781855145,0.758214122009952
"572",2008,"3646",0.0294666674028697,0.0354392688733956,0.0849960895322794,0.0555294221294097,0,0.0495568206588839,0.107707147744891,-0.390626835153921,-0.903135370395272,0.0923014155442411,0.416513514209615,12910.8364322251,"0",2005,0,2008.1,2008.9,3,"1790","2964",-0.657320546400066,-0.862098818899763,1.36313208024904,NA,NA,"0",1.3132053502749,-2.89084227024036,-3.00463537563322,0.927661030836105,1.20135996779881,-0.88972371858368,-0.941569804844849
"573",2008,"3688",-0.00252447384450431,-0.00179708996195778,0.051768747290263,0.0542932211347673,0,0.0535658372522208,0.562410215215741,0.694456766192567,-1.0750048329563,-0.260285232335748,-1.1237084530367,13473.742612172,"0",2005,0,2008.1,2008.9,3,"1791","1509",-0.523200669034724,0.451387288246813,0.669990909528793,NA,NA,"0",-0.259627555460497,-2.91335590081588,-2.92684377880598,-0.129522372777178,-0.157068350785218,0.578830441254063,-0.298532907680952
"574",2008,"3691",0.0111625060770163,0.00466501932834653,0.0570770095190977,0.0459145034420814,0,0.0524119901907512,-2.5336086558896,-1.26820869546144,-0.292516388983531,-0.749003016450229,-0.886568115665623,24266.2541121751,"0",2005,0,2008.1,2008.9,3,"1043","1412",2.0729026936118,0.660285950167702,-0.615889240453205,11937.47563,11937.47563,"0",0.0500254358821126,-3.08097423269622,-2.94861989339636,0.462907537113398,0.1256740950063,0.557134137509176,0.648181136126167
"575",2008,"3699",0.0192657402559422,-0.00312981603469629,0.0678541239937149,0.0485883837377727,1,0.0709839400284112,-0.935395253997085,-2.4336157214922,-0.149895627980987,-0.260285232335748,0.527851033177361,12841.3616693069,"0",2005,0,2008.1,2008.9,3,"2968","1769",-0.979624127665808,-0.905023201486338,0.20929127059665,8129.739227,8129.739227,"1",0.598684215726294,-3.02437079438628,-2.64530162431011,0.72280110289641,-0.183044329663923,-0.79509673506264,-0.243111304130015
"576",2008,"4854",0.0079486834707761,0.00583460463914683,0.0563909079932001,0.048442224522424,1,0.0505563033540532,0.648820761506607,0.127847603919173,0.955396253509723,0.172158788772693,-0.0541008828619503,19091.7559569378,"1",2006,0,2008.1,2008.9,2,"1740","1187",0.0174375963141529,1.47381897680739,0.447485011270412,6102.760698,6102.760698,"1",0.011662631558942,-3.02738343809768,-2.98466764585817,0.316193882391243,0.182402841821659,0.837023212056254,0.72719734684439
"577",2008,"4870",-0.00557545505767941,-0.00164036424730108,0.0485447094849231,0.0541201645426025,1,0.0501850737322242,-0.180214913045909,0.489063288338812,-0.0720834069202843,-0.845438967161782,-0.623353990883329,0,"0",2006,0,2008.1,2008.9,2,"1536","1199",0.742100809676012,1.5583933022059,-0.975402295806019,NA,NA,"1",-0.463604125567747,-2.91654843535523,-2.99203763250904,-0.266016379282391,-0.15495486948496,0.832747211088842,0.758956332374562
"578",2008,"4875",0.0178047926619679,0.0237607394478372,0.0607364976791237,0.0429317050171558,1,0.0369757582312865,-0.270934947907471,0.888712110426615,0.779713402840933,0.164686753850744,0.00444896772608597,17286.3799818841,"0",2006,0,2008.1,2008.9,2,"1857","1606",-0.628209255189049,0.293526160277998,0.48016801630249,3135.300438,3135.300438,"1",0.247156354703843,-3.14814468131827,-3.29749276400225,0.751745506904574,1.09904612327641,0.76894018285081,-0.127600006589694
"579",2008,"4877",-0.0366855078896414,0.026365636601761,0.0633413948330475,0.100026902722689,1,0.0369757582312865,-0.270934947907471,0.773002196945418,-0.438149732208708,0.248280144540181,-0.714682011188356,20641.8694783933,"0",2006,0,2008.1,2008.9,2,"1503","1606",1.12990479616671,0.296387785783802,-0.0291639341173666,NA,NA,"1",0.380370316038876,-2.30231610194849,-3.29749276400225,-1.04371475825103,1.19849727950803,0.718217811260388,0.586675599916764
"580",2008,"4881",-0.00646332509450338,-0.000467024606448874,0.0493578747687614,0.0558211998632648,0,0.0498248993752103,0.502111144062518,-0.658782016717884,0.778664719550881,-0.480243260350964,0.692198180352193,18949.6778276334,"1",2005,0,2008.1,2008.9,3,"1707","1604",-0.231048067951981,-0.0419147282431044,1.72813588044726,11269.45079,11269.45079,"0",-0.410907304954547,-2.88560155588347,-2.99924043244959,-0.298034816761613,-0.0985562211937181,0.862212599911154,0.689375983990455
"581",2008,"4884",-0.0120608784626755,0.00391873854937926,0.0511130194858512,0.0631738979485267,0,0.047194280936472,-0.710232409262889,-1.06600553350253,-1.36297294399886,0.248280144540181,-0.151495905287114,60268.6802777778,"1",2006,1,2008.1,2008.9,2,"1697","1722",-0.0158324507841866,-0.0999525591974928,1.78225893678038,NA,NA,"0",-0.300064731529535,-2.76186407028383,-3.05348256033206,-0.496370338958081,0.112650172705188,0.624502472063252,0.654267145938123
"582",2008,"4886",0.0233078340549765,0.00798356299928113,0.0533886994680712,0.0300808654130946,1,0.04540513646879,1.44521282012006,1.20934907761846,0.167588119915097,0.172158788772693,-0.0430948118186246,14820.5340569878,"1",2006,1,2008.1,2008.9,2,"2963","1709",-0.869346079646142,-0.285958217072273,-0.0861630948933245,NA,NA,"1",-0.161884418695003,-3.50386600993222,-3.09213004225539,1.25827606165175,0.307334246162838,0.769963127042121,-0.0324038424236189
"583",2008,"4890",-0.00416476172219489,-0.0546111661519622,0.0477968005058601,0.051961562228055,0,0.102407966657822,0.606217801104069,0.938208789681826,1.15119472800738,0.248280144540181,-0.332964453239462,19265.1351801501,"1",2006,0,2008.1,2008.9,2,"1510","2966",0.968753005533796,-0.963063638657034,-1.4473448884692,1353.503049,1353.503049,"0",-0.512857248857498,-2.95725102165683,-2.27879077001015,-0.209782609660753,-1.88084184228106,-0.124771969406207,0.585876537701059
"584",2008,"4901",-0.0144541340424282,-0.0129028473088079,0.0402827151049169,0.0547368491473451,0,0.0531855624137248,-0.606074858289539,-0.0957922984661132,2.37910613562361,0.164686753850744,0.188004045653995,21503.1073975985,"0",2006,1,2008.1,2008.9,2,"1024","1616",2.42951601094768,0.132683520853273,-0.615889240453205,NA,NA,"0",-1.05541737632156,-2.90521813735975,-2.93396830266628,-0.708034209000382,-0.73429452009041,0.857627178810011,0.609342658623739
"585",2008,"4907",-0.00988006175582731,0.00861840829739934,0.0464085140140946,0.0562885757699219,0,0.0377901057166953,0.670809383841643,-0.668670163764026,0.909692769886937,0.248280144540181,-0.907285193421726,19169.6892307692,"0",2006,0,2008.1,2008.9,2,"3507","1587",-0.961350031611848,0.630715819941487,0.138695979727367,NA,NA,"0",-0.60636010754027,-2.87726368147984,-3.27570796414661,-0.454281579190936,0.410260718589477,0.600490004566358,0.156292242685949
"586",2008,"4912",0.0170870130216372,0.00894995626961548,0.0471678784347318,0.0300808654130946,1,0.0382179221651163,-0.0362708411232367,1.20934907761846,0.400815021472526,0.855149480858134,-0.280049614887822,14820.5340569878,"0",2006,0,2008.1,2008.9,2,"2963","1196",-0.75913904863268,1.69863380171898,-0.0861630948933245,4735.097159,4735.097159,"1",-0.554874809337828,-3.50386600993222,-3.26445070676778,0.981561871350713,0.42203764622131,0.731361406898869,-0.2133539298813
"587",2008,"4915",0.0281954219213636,0.0200583651693419,0.0582762873344583,0.0300808654130946,1,0.0382179221651163,-0.0362708411232367,1.20934907761846,0.232530148310017,0.855149480858134,0.0203909678189404,14820.5340569878,"1",2006,1,2008.1,2008.9,2,"2963","1196",-0.75913904863268,1.69863380171898,-0.0861630948933245,NA,NA,"1",0.115987644617801,-3.50386600993222,-3.26445070676778,1.45393260908313,0.922871388042636,0.731361406898869,-0.2133539298813
"588",2008,"4933",-0.0133703637355483,-0.00434021632012925,0.0400230034431163,0.0533933671786646,1,0.0443632197632455,-0.241226554785182,-0.253013757103238,0.605632163942401,0.855149480858134,-1.2558285073228,12323.0009046283,"1",2006,0,2008.1,2008.9,2,"3453","1699",-1.02455232651383,-0.202971077404999,1.3537193747998,1612.000653,1612.000653,"1",-1.07593543396461,-2.93006875086807,-3.11534453655403,-0.666974654394092,-0.320075663221338,0.6274096023406,0.0646032160523596
"589",2008,"4934",-0.00377976418698589,0.00525038322843318,0.0496136029916787,0.0533933671786646,1,0.0443632197632455,-0.241226554785182,-0.253013757103238,0.572474743214432,0.855149480858134,-0.2241901816815,12323.0009046283,"1",2006,0,2008.1,2008.9,2,"3453","1699",-1.02455232651383,-0.202971077404999,1.3537193747998,1675.192032,1675.192032,"1",-0.394514271504713,-2.93006875086807,-3.11534453655403,-0.187169270563577,0.18864070410364,0.6274096023406,0.0646032160523596
"590",2008,"4938",0.00330658113514674,0.00403396501769327,0.0575998022699141,0.0542932211347673,0,0.0535658372522208,0.562410215215741,0.694456766192567,-2.25128105106608,0.821992325891951,0.66157114937096,13473.742612172,"0",2006,0,2008.1,2008.9,2,"1791","1509",-0.140595127403244,0.802413350287405,0.669990909528793,7683.285908,7683.285908,"0",0.0789486603433871,-2.91335590081588,-2.92684377880598,0.108877459997646,0.0956964179880535,0.503991916543974,-0.211663673372318
"591",2008,"4948",0.0392519208694448,-0.0133074168477944,0.0829883416367338,0.043736420767289,1,0.0962957584845282,0.43660337798446,0.475331819382618,0.477635753719099,0.821992325891951,-0.539482453509551,21969.7404414557,"1",2006,0,2008.1,2008.9,2,"1437","1797",1.26402467353205,-0.473871625284197,-0.137932974864133,9228.830225,9228.830225,"1",1.23737368732934,-3.12957409681909,-2.34033100596085,1.40750223583244,-0.428463263435776,-0.717823742922275,0.46923352275128
"592",2008,"4950",0.00587336985343381,0.00517271227977591,0.0549976116549862,0.0491242418015524,1,0.0498248993752103,0.502111144062518,0.342513559536372,-1.19444019343143,0.821992325891951,-0.539482453509551,19192.9543577982,"0",2006,0,2008.1,2008.9,2,"1491","1604",0.990586473942146,0.247109447839255,-1.48525717430641,11831.86211,11831.86211,"1",-0.0676998917807192,-3.01340264297691,-2.99924043244959,0.229084998438779,0.157665977480758,0.730168657012954,0.526237273705947
"593",2008,"4951",0.00212179827185805,0.00750543119668194,0.0573303305718922,0.0552085323000342,0,0.0498248993752103,0.502111144062518,1.22317382733166,0.844369417245131,0.821992325891951,-0.539482453509551,11994.1830565088,"1",2006,1,2008.1,2008.9,2,"3567","1604",-1.05762920735522,0.247109447839255,2.26858205165767,NA,NA,"0",0.0640732210871485,-2.89663776699111,-2.99924043244959,0.0610613424604243,0.256041465332137,0.730168657012954,-0.0315381248080299
"594",2008,"4952",0.0457949391798914,0.0423370790107084,0.0895313599471803,0.043736420767289,1,0.047194280936472,-0.710232409262889,0.475331819382618,1.28044956233985,0.821992325891951,-0.539482453509551,21969.7404414557,"0",2006,0,2008.1,2008.9,2,"1437","1722",1.26506436250386,-0.0341351725648846,-0.137932974864133,11831.86211,11831.86211,"1",1.47810775234937,-3.12957409681909,-3.05348256033206,1.57700900614032,1.44014848991418,0.552788098475839,0.46923352275128
"595",2008,"4963",0.0218547800239429,-0.000540776266695561,0.0704431637617156,0.0485883837377727,2,0.0709839400284112,-0.935395253997085,-2.4336157214922,0.292762630844766,0.821992325891951,-0.539482453509551,12841.3616693069,"1",2006,1,2008.1,2008.9,2,"2968","1769",-0.588701074259679,-0.546366138096991,0.20929127059665,NA,NA,"1",0.717470296764205,-3.02437079438628,-2.64530162431011,0.806441301272949,-0.0943643370786719,-0.574569601352517,-0.156945241530972
"596",2008,"4964",0.00731759555749422,0.00831930519050564,0.0535920778503867,0.0462744822928925,0,0.0452727726598811,0.207911486183763,0.138873808773711,-0.105641230590818,0.821992325891951,-0.285275637037174,15402.0188756614,"0",2006,0,2008.1,2008.9,2,"2959","1831",-0.452501818950629,-0.717109793274334,0.579785815640249,27069.42512,27069.42512,"0",-0.149823252123052,-3.07316460820498,-3.09504947222886,0.304745433228109,0.323252352348656,-0.247986828299454,-0.412255685086396
"597",2008,"4971",0.0248234653448492,0.0404657791708409,0.0783777616215321,0.0535542962766829,0,0.0379119824506912,1.93559649569673,0.899141294006619,1.35545894199705,0.981473571257546,-0.294075558750625,18616.7646907216,"0",2006,0,2008.1,2008.9,2,"1669","1897",0.281518595157689,-0.71043266709415,-1.14195488944948,3385.604369,3385.604369,"0",1.05605138371035,-2.92705925605012,-3.27248805721284,0.827487582119875,1.64371201969318,-0.272632511522361,0.52426125471623
"598",2008,"4972",-0.0384867951253919,-0.0762047896010739,0.0327250959712075,0.0712118910965994,0,0.108929885572281,-1.44992231470776,1.79830918059628,0.195063584664443,0.821992325891951,-0.322061127243742,22953.4536752137,"1",2006,0,2008.1,2008.9,2,"1155","1808",2.16493221169973,-0.698986165071176,-0.865325934858006,53575.73929,53575.73929,"0",-1.71453659230964,-2.64209546472509,-2.21705085535854,-1.75985226393324,-2.92417098447431,-0.247986828299454,0.702389899609128
"599",2008,"4999",0.0071977655290596,0.00581230471288245,0.0530331561642376,0.045835390635178,0,0.0472208514513552,0.985504614937955,1.49354918048791,0.367524133097036,1.12320873368347,-0.362862862183538,18416.0193059211,"0",2007,0,2008.1,2008.9,1,"1757","1523",0.305431441509657,0.850107108716858,0.447485011270412,7566.835866,7566.835866,"0",-0.183080376435624,-3.08269876496529,-3.05291971590421,0.302623956444122,0.198652150391316,0.571656564094722,0.567011973950744
"600",2008,"5099",0.0100491837856595,-0.00554415573651437,0.0650367635286111,0.0549875797429517,0,0.0705809192651255,-0.280843416952759,0.0502910061932162,-0.472393972812528,1.24859881971763,0.266689026686426,60268.6802777778,"1",2006,0,2008.1,2008.9,2,"1753","1775",0.104771469947458,-0.273557839880562,1.78225893678038,5743.051037,5743.051037,"0",0.464159511449578,-2.90064794210691,-2.6509954363777,0.351729136773574,-0.269989892225995,-0.289083194278616,0.468220182194805
"601",2008,"5118",-0.0423554688129154,-0.0515835051630477,0.0447122533214805,0.0870677221343959,0,0.0962957584845282,0.43660337798446,0.0238915340565595,-0.834551558125911,1.24859881971763,0.266689026686426,16192.9918854425,"1",2006,0,2008.1,2008.9,2,"1717","1797",0.275280461326746,-0.409961988988737,-0.681255250517338,9228.830225,9228.830225,"0",-0.72447785512501,-2.44106904779776,-2.34033100596085,-1.51174417155671,-1.89308755879146,-0.776871731930336,0.459277867405589
"602",2008,"5123",-0.046018133948738,-0.0141321169976018,0.0368381463027444,0.0828562802514824,0,0.0509702633003462,-0.871312666118362,-0.130923191474264,0.522595605127119,-0.846606472618327,-0.160082374016298,17982.5829722443,"0",2007,0,2008.1,2008.9,1,"1042","1577",2.4186049581041,0.692962690232706,-0.865325934858006,17822.89079,17822.89079,"0",-1.33897530107163,-2.49064773530915,-2.97651288885294,-1.83368698257004,-0.845230839801496,0.490125712259756,0.61038124015338
"603",2008,"5125",-0.00519429127691723,-0.0193862331725959,0.0346329340875199,0.0398272253644371,1,0.0540191672601158,-0.317508079317215,0.357121892038114,-0.480611814094061,-0.375167769260896,-0.0994175876831677,15260.450426501,"0",2007,0,2008.1,2008.9,1,"2985","1752",-0.30902474083874,-0.0780134303198788,0.0843114593539948,3599.945181,3599.945181,"1",-1.53479107301472,-3.22320454616746,-2.91841634613605,-0.335312258912541,-1.1290022056367,-0.306084417994071,-0.236683841995845
"604",2008,"5126",0.0697907290149083,0.0555987871192296,0.109617954379345,0.0398272253644371,1,0.0540191672601158,-0.317508079317215,0.357121892038114,-0.214017771795099,-0.375167769260896,-1.2558285073228,15260.450426501,"1",2007,1,2008.1,2008.9,1,"2985","1752",-0.30902474083874,-0.0780134303198788,0.0843114593539948,NA,NA,"1",2.12019862116374,-3.22320454616746,-2.91841634613605,2.23825579227795,1.59963785174063,-0.306084417994071,-0.236683841995845
"605",2008,"5128",-0.0574404922076382,-0.0175966213228978,0.0334379268607782,0.0908784190684165,0,0.051034548183676,0.352619041137904,0.956679092101785,0.575792397317909,-0.375167769260896,-0.152633746080385,1658.35777777778,"0",2007,0,2008.1,2008.9,1,"1789","1801",0.0621442221026595,-0.184847449201838,1.36313208024904,128228.4368,128228.4368,"0",-1.64618042101767,-2.39823271997468,-2.97525246023384,-2.25641766686458,-1.07756040976525,-0.669962894394192,-0.702572086948966
"606",2008,"5134",0.0221981316831571,0.0406617466461541,0.0754983676492159,0.0533002359660588,0,0.0348366210030618,0.309931251344494,-0.159449534088121,-1.80206567131621,-0.375167769260896,-1.15806570766908,12323.0009046283,"0",2007,0,2008.1,2008.9,1,"3085","1729",-0.666879435444394,0.261566129697577,1.3537193747998,2643.42506,2643.42506,"0",0.937318698850094,-2.93181452068958,-3.35708611783615,0.754506434704668,1.75541769726248,0.368055541933446,-0.219979233695774
"607",2008,"5136",0.0388087021979792,0.0136323267734664,0.0688895676110739,0.0300808654130946,1,0.0552572408376075,-0.00766526710952278,1.20934907761846,2.727058851796,-0.375167769260896,-1.15806570766908,14820.5340569878,"0",2007,1,2008.1,2008.9,1,"2963","1533",-0.385890707747575,0.959802753104621,-0.0861630948933245,NA,NA,"1",0.646725787592211,-3.50386600993222,-2.89575589128705,1.82763837642979,0.445949012500376,0.423915809190506,-0.356863995253845
"608",2008,"5137",-0.0544987042635481,-0.0309288949515159,0.048587702520847,0.103086406784395,0,0.0795165974723629,0.0412153088945864,0.636825687340397,0.796911775508885,-0.375167769260896,-1.15806570766908,8128.39944444445,"0",2007,0,2008.1,2008.9,1,"1776","2991",0.0818983125673009,-0.519657633376499,1.00205024065468,8546.223577,8546.223577,"0",-0.460795953460266,-2.27218774161376,-2.53178950587468,-1.70329590019952,-1.24282173559385,-0.237665235683572,-0.544279365299831
"609",2008,"5146",0.0304725284879076,0.0358561614127315,0.0856810607879418,0.0552085323000342,0,0.0498248993752103,0.502111144062518,1.22317382733166,-0.414487655567125,-0.271726785810012,-1.2558285073228,11994.1830565088,"1",2007,0,2008.1,2008.9,1,"3567","1604",-0.722849358427592,0.554257252124852,2.26858205165767,NA,NA,"0",1.33866714709422,-2.89663776699111,-2.99924043244959,0.958534244077062,1.20759217666033,0.527367637065229,-0.285711426512037
"610",2008,"5155",-0.000156154469970193,-0.0174808266646817,0.0626452827786062,0.0628014372485764,1,0.0801261094432879,1.60259437112729,1.60177770038736,0.406058437922783,-0.271726785810012,-0.0580396208201306,18942.1575,"0",2007,0,2008.1,2008.9,1,"1361","1698",1.68925746300842,0.263473880034809,-1.04887369111814,5214.878409,5214.878409,"1",0.34531541839565,-2.76777731964604,-2.52415351743107,-0.0287343665830975,-0.659101245747471,0.334786095096468,0.311555848028826
"611",2008,"5160",-0.0159664722746964,-0.0167102634043616,0.0395629498547133,0.0555294221294097,1,0.0562732132590749,0.648379619052284,-0.390626835153921,-0.323137903603032,-0.462497177411317,-0.0359712491745947,12910.8364322251,"0",2007,0,2008.1,2008.9,1,"1790","1731",0.116208048637538,0.000204333504362864,1.36313208024904,1920.436609,1920.436609,"1",-1.11261013564949,-2.89084227024036,-2.87753664286531,-0.780415258025056,-0.910633802256686,-0.34907762713432,-0.758772372730029
"612",2008,"5172",-0.0421443709903711,-0.0308742784608747,0.0444870118470726,0.0866313828374437,0,0.0753612903079472,0.704046824030432,0.392495310942859,0.331068116155714,-0.127189610288336,-0.727142167046885,13076.9022440393,"1",2007,0,2008.1,2008.9,1,"3022","3696",-0.445223996147878,-0.9566002222141,-0.01373755574224,11937.47563,11937.47563,"0",-0.74049841762854,-2.44609314063744,-2.58546152693986,-1.51180272986025,-1.32452767257843,-0.140678218371,-0.193757782143141
"613",2008,"5213",0.00120206683353579,0.000501409259877898,0.0503263086350882,0.0491242418015524,0,0.0498248993752103,0.502111144062518,0.342513559536372,-0.720893484691129,-0.834464415870158,-0.423594683744208,19192.9543577982,"0",2007,0,2008.1,2008.9,1,"1491","1604",1.4147795744467,0.636290516623473,-1.48525717430641,5596.772035,5596.772035,"0",-0.349269504962902,-3.01340264297691,-2.99924043244959,0.0308249152911,-0.0525403951098043,0.451668261021708,0.316376203866592
"614",2008,"5216",-0.00643412746501915,-0.00113766281361362,0.0450138308037542,0.0514479582687733,0,0.0461514936173678,0.651806859741567,-1.99381171182931,0.792335718101793,-0.834464415870158,-0.423594683744208,10991.5580300958,"0",2007,0,2008.1,2008.9,1,"3595","3457",-0.89436963197612,-0.908838702160637,-0.536404172215191,19134.77121,19134.77121,"0",-0.703153712194074,-2.96718450128399,-3.07582595415032,-0.321587408223704,-0.135362928248927,-0.770587366027621,-0.685788510877891
"615",2009,"912",-0.000817512242067657,-0.0305564678541943,0.0412596809841281,0.0420771932261958,0,0.0718161488383224,-0.623312868113173,0.628859201249281,-0.749818056478648,0.203681436099713,0.552847093933594,14812.2455905512,"0",1994,1,2009.1,2009.9,15,"64","178",0.822156860506563,0.159214802864864,-0.19205603119725,NA,NA,"0",-0.979401122759617,-3.16824941367568,-2.6336459140346,-0.0669974220871298,-1.38877032459576,-1.04446578785628,-1.12732827703137
"616",2009,"1042",0.0369417768094009,0.0361918302891299,0.0828562802514824,0.0459145034420814,0,0.0466644499623525,-1.01435749465966,-1.26820869546144,-0.226068079880073,-1.0427473893198,0.370281014121953,24266.2541121751,"0",1996,0,2009.1,2009.9,13,"1043","559",-1.37731084074928,-0.794855831946977,-0.615889240453205,29031.561405,29031.561405,"0",1.23232167617851,-3.08097423269622,-3.06477264697587,1.29539137035533,1.28339366425291,-1.48231866897484,-0.726126325848039
"617",2009,"1305",-0.007619151656277,-0.0240739648231035,0.0413510892983211,0.0489702409545981,0,0.0654250541214246,0.0470178650963795,-0.606692042842362,1.12047788232616,4.04220587616556,-0.198506546223457,6837.80397435898,"0",1998,0,2009.1,2009.9,12,"1177","854",-1.23691306002943,-0.643661405292967,-0.865325934858006,64629.48309,64629.48309,"0",-0.972381092925856,-3.01654249282672,-2.72685000333777,-0.400910033508227,-1.16280283349653,0.149375841236728,2.86749636085054
"618",2009,"1384",-0.0373555381947066,0.00126145795222511,0.0499267458877657,0.0872822840824722,1,0.0486652879355406,-0.598592617202176,-0.524023447908447,-0.664073987321577,-1.20666515542031,0.45109536882579,34968.4026923077,"0",1998,0,2009.1,2009.9,11,"1246","609",-1.14389498521406,-0.0579820517794896,-0.247747871771891,15234.23832,15234.23832,"1",-0.374555463951292,-2.43860776820221,-3.02278927643485,-1.27085278082913,-0.0156491180866203,-0.110501928019859,2.22375897827764
"619",2009,"1503",0.0468270164248198,0.050797124229002,0.100026902722689,0.0531998862978691,0,0.0492297784936869,2.8303774660272,-0.147658394453206,0.697725527315702,-0.296010899306371,0.610752091862724,24429.6402062589,"0",1999,1,2009.1,2009.9,10,"1186","1184",-0.806476144333436,-0.964590881413261,-0.865325934858006,NA,NA,"0",1.82974617787978,-2.93369901989492,-3.01125658463944,1.38709580550917,1.60266498313824,1.40457685201103,1.39632784414493
"620",2009,"1510",-0.0124730788531426,0.00639197449481063,0.051961562228055,0.0644346410811976,0,0.0455695877332443,1.07549510222712,0.0280333462457904,0.866563349763976,-1.56252081857866,0.486258255002456,34968.4026923077,"0",1999,0,2009.1,2009.9,10,"1247","1020",-0.823670781892028,-0.557812640120046,-0.247747871771891,5675.233309,5675.233309,"0",-0.247834529468611,-2.74210388550332,-3.0885147206368,-0.503730510918934,0.234606180852689,0.869908070036789,1.63504461394056
"621",2009,"1533",0.00545361803588099,-0.0107545335081861,0.0552572408376075,0.0498036228017265,1,0.0660117743457937,-1.49953245679788,0.897480827314441,0.125221369091465,-1.20269563686801,0.504838030299769,17276.4077385798,"1",1999,0,2009.1,2009.9,10,"677","1028",0.571591818296727,-0.369899231908122,-1.66148393743936,11430.434375,11430.434375,"1",-0.0527600379313141,-2.99966755057485,-2.71792215368826,0.208925541853706,-0.497400852836648,0.571339627611491,-0.19379041390536
"622",2009,"1539",-0.0260345101897947,-0.00737492775148461,0.0606579927743199,0.0866925029641146,0,0.0680329205258045,0.0171228362060022,-0.935948502140529,0.00523305933057501,-1.14105134876183,0.538814208526064,16921.0113884535,"1",1999,1,2009.1,2009.9,10,"459","176",0.954830831624201,2.01736363127556,-1.04390587435327,NA,NA,"0",0.243053485917576,-2.44538786993661,-2.68776356557744,-0.820834974136662,-0.347982470269836,-0.506799409076634,-0.192452387812421
"623",2009,"1542",-0.0008916885173487,-0.0112876300468504,0.0388974436853738,0.0397891322027225,0,0.0501850737322242,-0.180214913045909,-0.108852113398934,0.347942379858258,-1.14105134876183,0.292172989466317,21884.2153401361,"1",1999,0,2009.1,2009.9,10,"1022","1199",-0.269516559909541,-0.70992184869798,1.09957632767038,11921.986235,11921.986235,"0",-1.1664249407671,-3.22416146421258,-2.99203763250904,-0.0737992228731064,-0.679647191481399,0.984204927557143,0.675045734774897
"624",2009,"1543",0.0149131245658531,0.000452688503166862,0.0491179764387074,0.0342048518728543,1,0.0486652879355406,-0.598592617202176,-0.0970796217721856,0.959667239035972,-0.644861529725396,0.748022946627152,10644.0812583286,"1",1999,0,2009.1,2009.9,10,"199","609",2.93896360714184,0.176671239693312,-0.600462862078055,14766.84764,14766.84764,"1",-0.426362984094601,-3.37538777734852,-3.02278927643485,0.785078677036686,-0.054326128574933,-0.154752540723629,-0.582821691890078
"625",2009,"1566",-0.0319242170303055,-0.047435395070725,0.0422000444364216,0.0741242614667271,0,0.0896354395071466,-0.212773681080485,1.90237719958215,1.70896014650053,-0.572009189236297,0.433130466261528,6837.80397435898,"1",1999,1,2009.1,2009.9,10,"1160","1179",-0.517456813567363,-0.974656088793249,-0.865325934858006,NA,NA,"0",-0.907914147454827,-2.60201238506326,-2.41200450698902,-1.28141994244418,-1.86029453808559,1.81788841635787,0.984074191699178
"626",2009,"1604",-0.0146097417059873,0.000297517673779828,0.0498248993752103,0.0644346410811976,0,0.0495273817014305,-0.234643538565577,0.0280333462457904,0.698106851562589,0.548095545783827,0.239358157811557,34968.4026923077,"1",2000,0,2009.1,2009.9,9,"1247","494",-0.300545310289867,1.78123782758895,-0.247747871771891,22054.98154,22054.98154,"0",-0.381033091876637,-2.74210388550332,-3.00522959666177,-0.597518891560278,-0.0620699792836802,-0.243283285235244,0.897797421298048
"627",2009,"1698",-0.0058471414744056,0.0363758505025773,0.0801261094432879,0.0859732509176935,0,0.0437502589407106,0.179339847629122,-1.15859959185701,1.93482720713748,0.129661590154048,0.290686088358498,21880.6309090909,"1",2001,0,2009.1,2009.9,8,"1552","1504",-1.0066560409332,-1.04047347542586,-0.33821442970069,32604.076035,32604.076035,"0",1.12603483083496,-2.45371906695108,-3.12925774755122,-0.180497386392244,1.35675913521185,0.573344886065711,0.963980465421426
"628",2009,"1716",0.0475192580674012,0.0410217713187314,0.0934337615094826,0.0459145034420814,1,0.0524119901907512,-2.5336086558896,-1.26820869546144,-0.683732013731955,0.328371018859941,0.225346619205495,24266.2541121751,"0",2002,0,2009.1,2009.9,7,"1043","1412",0.915728867970815,-0.401377112471486,-0.615889240453205,35222.44175,35222.44175,"1",1.61344560127534,-3.08097423269622,-2.94861989339636,1.56375009069202,1.29284862811051,1.12939453777886,1.06006239496205
"629",2009,"1750",-0.0300334032275646,0.00237947239245072,0.052935775746504,0.0829691789740685,0,0.0505563033540532,0.648820761506607,-1.38212754511904,-0.850091124547683,0.328371018859941,0.159338621536349,0,"1",2002,0,2009.1,2009.9,7,"1362","1187",-0.243524335613781,0.16414837033519,-1.04887369111814,11343.5326645,11343.5326645,"0",-0.188910569697462,-2.48928607781027,-2.98466764585817,-1.02693957192004,0.0326645067843983,1.49890491150844,1.19256042061526
"630",2009,"1752",0.00459735890823288,0.00781057666715795,0.0540191672601158,0.0494218083518829,0,0.0462085905929579,2.47696459763106,-0.420365868325012,-0.22297922448584,0.247346140174924,0.15247854512607,6837.80397435898,"1",2002,0,2009.1,2009.9,7,"1200","1553",0.564876450183683,-0.819174436313341,-0.865325934858006,29290.407075,29290.407075,"0",-0.124643399769742,-3.00736348759208,-3.07458955460929,0.175500498062387,0.293597081445882,1.98526186839629,1.38737280423339
"631",2009,"1753",0.00350760733345905,-0.00239322808669298,0.0549875797429517,0.0514799724094926,0,0.0573808078296446,0.161474078096692,0.715539031599091,-0.0408708064292188,1.32168466129804,4.19408238678347,21815.4118435078,"0",2002,0,2009.1,2009.9,7,"1244","1188",0.0486282654689617,-0.0180339682163729,1.67375136007389,32954.13025,32954.13025,"0",-0.0682785728221373,-2.9665624322005,-2.8580453899354,0.124054311217277,-0.177145272581482,1.6492644133319,2.05523886109328
"632",2009,"1776",0.0511248445563402,0.0641889630990214,0.103086406784395,0.051961562228055,0,0.0388974436853738,0.190520794564729,0.938208789681826,0.558555867258599,0.624917404825241,-0.520802412844688,19265.1351801501,"0",2002,1,2009.1,2009.9,7,"1510","1542",-0.468097153528035,-0.740002797320446,-1.4473448884692,NA,NA,"0",1.92531918565796,-2.95725102165683,-3.24682674554601,1.50699732682685,2.23189435670485,2.31699665103246,2.09666577519642
"633",2009,"1829",-0.0366164422686946,-0.00422270181828482,0.0532538276811535,0.0898702699498481,0,0.0574765294994384,-0.201032845354227,-0.430272683737408,-0.852836771475272,0.158849226567958,-1.2558285073228,6837.80397435898,"1",2003,0,2009.1,2009.9,6,"1190","1489",0.947473469774417,-0.409961988988817,-0.865325934858006,29206.39682,29206.39682,"0",-0.169908229274312,-2.40938809353481,-2.8563785971265,-1.19202127925718,-0.256964413308834,1.16443453507831,1.14302396677374
"634",2009,"1831",-0.000562617975296983,-0.00194807879147414,0.0452727726598811,0.045835390635178,1,0.0472208514513552,0.985504614937955,1.49354918048791,0.367485996511236,0.158849226567958,0.281577028691626,18416.0193059211,"1",2003,1,2009.1,2009.9,6,"1757","1523",-1.02225137551061,-0.36799148157089,0.447485011270412,NA,NA,"1",-0.684957965394824,-3.08269876496529,-3.05291971590421,-0.0507603856816987,-0.176025593656835,1.18129870595574,1.7929588057683
"635",2009,"1851",0.0062249877592879,0.0224274207469212,0.0820220002977346,0.0757970125384467,0,0.0595945795508133,0.889847313283284,1.57078863992652,-0.506161537302183,1.94583307837304,-0.0666313710656704,5811.12861111111,"0",2002,0,2009.1,2009.9,6,"1195","1045",0.571486713127462,0.424253970268135,-0.877353280709807,15609.1698,15609.1698,"0",1.20021895713786,-2.57969639953205,-2.82019065618078,0.153122948048591,0.680206277029353,1.46615687614841,1.52680654863134
"636",2009,"1864",-0.044022776258799,0.0249487664921797,0.0560041264638899,0.100026902722689,0,0.0310553599717103,1.01920015605379,0.773002196945418,0.595545754790008,-0.301848426589157,-0.117515253591337,20641.8694783933,"0",2003,0,2009.1,2009.9,6,"1503","1209",-0.0147927618124633,0.278735882732163,-0.0291639341173666,11921.986235,11921.986235,"0",-0.0101702002177835,-2.30231610194849,-3.47198386161283,-1.3187039318004,1.32016967542548,1.61052026048477,1.14941442466994
"637",2009,"1868",-0.0185679755631298,-0.014849820268322,0.0313587703246358,0.0499267458877657,0,0.0462085905929579,2.47696459763106,-0.559508815936449,-0.425565553533647,0.158849226567958,-0.0184569613787307,18876.280979448,"1",2003,0,2009.1,2009.9,6,"1384","1553",0.158835296482336,-0.479594876295728,-1.04887369111814,15234.23832,15234.23832,"0",-1.84982515649965,-2.99719843008107,-3.07458955460929,-1.06194724069491,-0.994340899656391,1.3705849239723,0.90435324518159
"638",2009,"1877",-0.0194843956151411,0.000949460600295535,0.0440756118101234,0.0635600074252645,1,0.0431261512098279,0.145898813199516,0.083854713266193,-1.19617529365476,0.111682006123092,0.0607482372535563,52540.4536111111,"1",2003,0,2009.1,2009.9,6,"1893","1524",-1.07527551307368,-0.405192613145785,1.72813588044726,18021.273185,18021.273185,"1",-0.769970222218304,-2.75577082049071,-3.14362570926626,-0.840852344672075,-0.0246810059270792,1.12844288839934,1.71390925811804
"639",2009,"1897",-0.0317384922471519,-0.00985833612903386,0.0379119824506912,0.0696504746978431,0,0.047770318579725,1.55476570178633,-0.201073028367307,2.30905417923151,0.111682006123092,0.102942963244135,19444.8983277962,"1",2003,0,2009.1,2009.9,6,"927","501",1.77555164766983,1.46631046762512,-0.113616819120252,25379.691232,25379.691232,"0",-1.24782760298581,-2.66426576330441,-3.04135078256912,-1.38171097837838,-0.623634717695872,0.434372513879544,0.466683480575277
"640",2009,"2968",-0.0381041192263419,-0.0194445367880318,0.0485883837377727,0.0866925029641146,1,0.0680329205258045,0.0171228362060022,-0.935948502140529,-2.57937363564835,-0.0830579040305069,-0.0946237732194918,16921.0113884535,"0",2003,0,2009.1,2009.9,6,"459","176",2.48317362020665,3.41956012910096,-1.04390587435327,26722.70766,26722.70766,"1",-0.460751478478494,-2.44538786993661,-2.68776356557744,-1.31640134290754,-0.873409510868865,-0.0148855141044914,0.314751830217523
"641",2009,"3002",-0.014588446803797,-0.0451503888316715,0.0525207221873888,0.0671091689911858,0,0.0976711110190603,0.66291993575903,0.533354689629059,1.00554232689208,-0.194671425677288,0.104549125487491,15649.8439857189,"0",2003,0,2009.1,2009.9,6,"1782","1495",-1.21251445735454,-0.315528347298485,0.669990909528793,13795.6911425,13795.6911425,"0",-0.213880814068842,-2.70143459767534,-2.3261494543539,-0.570662593429853,-1.54548515438564,1.0751853436725,-0.206171562139403
"642",2009,"3005",4.28952828225235e-05,0.000951174334355029,0.0437793160501115,0.043736420767289,0,0.0428281417157565,-0.788244512612291,0.475331819382618,-1.527368155882,0.313193447924714,0.17305191036253,21969.7404414557,"1",2004,0,2009.1,2009.9,5,"1437","1579",0.442031232734022,-0.361496790532294,-0.137932974864133,34959.96973,34959.96973,"0",-0.791367114957264,-3.12957409681909,-3.15055987574052,-0.0209840116739032,-0.0242333513365268,1.03910227628251,0.658394966973642
"643",2009,"3021",0.00639518812802024,0.00557054907390124,0.0499337688371467,0.0435385807091265,0,0.0443632197632455,-0.241226554785182,-0.0983296287038386,-0.904431931090245,0.93897637263888,0.258878799991861,18677.6133333333,"1",2004,1,2009.1,2009.9,5,"1558","1699",0.174626637997025,-0.855241863794457,-0.33821442970069,NA,NA,"0",-0.374109278411499,-3.13410782110882,-3.11534453655403,0.282944100050036,0.203874093574842,1.15448594591925,0.968124647604038
"644",2009,"3094",-0.0591640871112406,-0.0137505041635299,0.0334703472878253,0.0926344343990659,0,0.0472208514513552,0.985504614937955,0.0034435859409016,-0.099616086951109,0.955554950121982,0.00265770637046059,40475.822,"0",2004,0,2009.1,2009.9,5,"1891","1523",-0.880518475072896,-0.00330363364570957,1.82696928766426,20547.520855,20547.520855,"0",-1.64310624528366,-2.37909434469248,-3.05291971590421,-2.2970009187587,-0.891333158429467,0.814455130770951,-0.287764629506036
"645",2009,"3457",-0.0409162285170281,-0.0501442648671604,0.0461514936173678,0.0870677221343959,0,0.0962957584845282,0.43660337798446,0.0238915340565595,0.866334530249176,0.872195060523875,-0.162508947333271,16192.9918854425,"1",2005,1,2009.1,2009.9,4,"1717","1797",-0.362048878401895,-0.994687467333638,-0.681255250517338,NA,NA,"0",-0.623977234202288,-2.44106904779776,-2.34033100596085,-1.44097921494316,-1.81805861398272,-0.844183253830753,0.957356667822786
"646",2009,"3501",-0.00315333481994417,0.00886947797407645,0.0405830859473448,0.043736420767289,0,0.0317136079732684,-0.129145638783763,0.475331819382618,0.318274196661531,1.28012146704465,-0.298245897408992,21969.7404414557,"0",2005,1,2009.1,2009.9,4,"1437","1623",0.678679782394674,-0.531104135399557,-0.137932974864133,NA,NA,"0",-1.03185144380901,-3.12957409681909,-3.45100941660577,-0.190314936609368,0.507759596962533,1.05509863025943,0.73596706341953
"647",2009,"3507",-0.00598924699082924,-0.0166935598431542,0.0562885757699219,0.0622778227607512,0,0.0729821356130762,-0.510315750257652,-1.93605938020789,-0.775634694176256,-0.146103198684548,0.477627372147019,48580.1919230769,"0",2004,0,2009.1,2009.9,5,"1760","2972",-0.672475575538598,-1.41398857798497,1.11343392180399,37708.2353455,37708.2353455,"0",0.00590084145621933,-2.77614989151067,-2.61754058541108,-0.249023367479183,-0.691331889754357,-1.18789345088421,1.11479413471313
"648",2009,"3517",-0.0400673222554784,0.0103958285024782,0.0492959634529258,0.0893632857084042,0,0.0389001349504476,-0.853124537495171,0.381077314694049,-0.725126354437134,-0.749003016450229,-1.2558285073228,0,"0",2005,0,2009.1,2009.9,4,"1828","1848",-0.992100395327695,-1.13586099228476,0.48016801630249,30730.61493,30730.61493,"0",-0.414888797047528,-2.41504535555513,-3.24675755920058,-1.35188194385719,0.484643436713906,-0.178229297604925,-0.177581970118097
"649",2009,"3567",0.00937314166485614,0.00798768084867899,0.0552085323000342,0.045835390635178,0,0.0472208514513552,0.985504614937955,1.49354918048791,1.15779189962853,1.75599669113699,-0.171231522549032,18416.0193059211,"0",2004,0,2009.1,2009.9,5,"1757","1523",-0.512775372513888,0.0994334132006955,0.447485011270412,22054.98154,22054.98154,"0",-0.0555575188624665,-3.08269876496529,-3.05291971590421,0.392415933852299,0.293854601429568,0.789268104189468,0.916680186269487
"650",2009,"3574",-0.00495456706957517,0.0473629050364437,0.0993803606550273,0.104334927724603,0,0.0520174556185836,-0.0936686249187542,-0.788801752063556,0.653108863568768,-0.749003016450229,-0.0895775058905502,27814.0594444444,"0",2005,0,2009.1,2009.9,4,"3090","1381",-1.25997938366663,0.97601863097055,-0.414823393495862,32081.16282,32081.16282,"0",1.80917557173785,-2.2601490955214,-2.95617593175754,-0.131842932011454,1.45686551003768,1.12125852950273,0.466841747587259
"651",2009,"3576",-0.0158529717595796,0.00125101975386273,0.0401511547043103,0.0560041264638899,0,0.0389001349504476,-0.853124537495171,0.673020025766192,-0.926606784913412,-0.749003016450229,0.168955094086682,12588.2127025765,"1",2005,0,2009.1,2009.9,4,"1864","1848",-0.96090972617289,-1.12059898958733,-0.0357005351237869,6284.9336075,6284.9336075,"0",-1.06579448496009,-2.88232990410655,-3.24675755920058,-0.766464597863206,-0.00129154046040596,-0.178229297604925,-0.290383920943131
"652",2009,"3578",0.00334678515289544,0.00922123945479827,0.0515375245479612,0.0481907393950658,0,0.0423162850931629,0.584823003018756,1.44621670844241,2.26975720510644,-0.749003016450229,-1.2558285073228,15756.8487832278,"1",2005,1,2009.1,2009.9,4,"1685","1608",-0.587661385287869,-0.159233555330552,0.669990909528793,NA,NA,"0",-0.273827751391815,-3.03258840511775,-3.16258327663758,0.126799006467499,0.39061063732983,0.958640269899459,-0.188884168125857
"653",2009,"3590",0.0161289929153974,-0.0735884492247137,0.0462098583284921,0.0300808654130946,1,0.119798307553206,-0.66735798370139,1.20934907761846,0.411301833567484,-0.749003016450229,0.0272100157112919,14820.5340569878,"0",2005,0,2009.1,2009.9,4,"2963","1796",-1.15214147998251,-0.755264800017881,-0.0861630948933245,5088.5069825,5088.5069825,"1",-0.61996810668893,-3.50386600993222,-2.12194572066931,0.935728081264721,-2.33224737951789,-0.189595379923457,-0.229393614196946
"654",2009,"3594",0.00741555638426766,0.00530147755263839,0.0558577809066916,0.048442224522424,0,0.0505563033540532,0.648820761506607,0.127847603919173,-1.97200175669663,-0.749003016450229,0.248335027574739,19091.7559569378,"0",2005,0,2009.1,2009.9,4,"1740","1187",-0.24560371355749,1.23248855915448,0.447485011270412,23012.674135,23012.674135,"0",-0.0184703766256172,-3.02738343809768,-2.98466764585817,0.294976490924022,0.159906982719066,0.862871101831533,0.757776609971011
"655",2009,"3600",-0.0115213393836699,-0.00249734430407227,0.0507564833770813,0.0622778227607512,0,0.0532538276811535,-0.87798051172884,-1.93605938020789,0.839259468442395,0.0923014155442411,-1.2558285073228,48580.1919230769,"1",2005,1,2009.1,2009.9,4,"1760","1829",-0.258079981219377,-1.11010636273285,1.11343392180399,NA,NA,"0",-0.322269735724715,-2.77614989151067,-2.93268559563973,-0.480096334420456,-0.189999361443403,-0.293075166944975,0.671998043838697
"656",2009,"3606",-0.0372532304097038,-0.0181866071118115,0.0363002109855592,0.073553441395263,0,0.0544868180973707,0.671589843859456,0.505873124066593,0.0876022799082481,-0.749003016450229,-0.222164394544728,18496.1403694581,"0",2005,0,2009.1,2009.9,4,"3003","1710",-1.23406101705749,-0.693262914059648,-0.33586125333838,17395.64586,17395.64586,"0",-1.38563935233365,-2.60974304315489,-2.90979647634116,-1.60053064626508,-1.03806632738681,-0.166620318391955,0.257633014767955
"657",2009,"3608",-0.0270977462358049,-0.00342483794960517,0.0495109377968988,0.0766086840327037,1,0.052935775746504,-0.875537325298186,0.70337474857807,0.340048647542133,-0.749003016450229,-0.256297897868316,16222.862311522,"0",2005,0,2009.1,2009.9,4,"1705","1750",-0.580383562485118,-0.744772173163478,0.579262887559741,36841.143075,36841.143075,"1",-0.401085278886363,-2.56904484008817,-2.93867587859494,-0.998186244924366,-0.234653030703333,-0.189595379923457,-0.233224929086111
"658",2009,"3615",0.0293093307313291,0.0352652775171983,0.0722410357484848,0.0429317050171558,3,0.0369757582312865,-0.270934947907471,0.888712110426615,0.749263471649197,0.0923014155442411,1.04006649679675,17286.3799818841,"1",2005,0,2009.1,2009.9,4,"1857","1606",-0.960909726172973,-0.0117138936703705,0.48016801630249,17075.764885,17075.764885,"1",0.797416090907754,-3.14814468131827,-3.29749276400225,1.1391969077133,1.50984365864549,0.808873339739831,-0.291782335668693
"659",2009,"3617",-0.0206608541908859,0.00908626380521039,0.0546814017553418,0.0753422559462276,0,0.0455951379501314,2.27195799003732,0.253669542334942,-0.723639131618718,0.0923014155442411,-0.780787884777864,13076.7228528529,"1",2005,0,2009.1,2009.9,4,"1827","1783",-0.705146239104089,-0.967025087444573,1.89468847409072,52117.68396,52117.68396,"0",-0.0859911206180068,-2.58571413362755,-3.08795419204716,-0.739087841223506,0.35410326157243,-0.615021343454538,-0.885077358762853
"660",2009,"3645",0.0296285801414712,0.00645868487696974,0.0785671002146544,0.0489385200731832,0,0.0721084153376846,-1.08257991232734,0.215497578571536,-0.783700009920146,0.0923014155442411,-0.780787884777864,11647.728,"0",2005,0,2009.1,2009.9,4,"1576","1512",0.337925982899599,0.322614140487318,0.296620260042353,26264.584335,26264.584335,"0",1.06370527002304,-3.01719046104104,-2.62958452391989,1.03419571840316,0.126896729319794,0.660550781855145,0.758214122009952
"661",2009,"3646",0.0294666674028697,0.0354392688733956,0.0849960895322794,0.0555294221294097,0,0.0495568206588839,0.107707147744891,-0.390626835153921,-0.903135370395272,0.0923014155442411,0.416513514209615,12910.8364322251,"0",2005,1,2009.1,2009.9,4,"1790","2964",-0.657320546400066,-0.862098818899763,1.36313208024904,NA,NA,"0",1.3132053502749,-2.89084227024036,-3.00463537563322,0.927661030836105,1.20135996779881,-0.88972371858368,-0.941569804844849
"662",2009,"3688",-0.00252447384450431,-0.00179708996195778,0.051768747290263,0.0542932211347673,0,0.0535658372522208,0.562410215215741,0.694456766192567,-1.0750048329563,-0.260285232335748,-1.1237084530367,13473.742612172,"0",2005,1,2009.1,2009.9,4,"1791","1509",-0.523200669034724,0.451387288246813,0.669990909528793,NA,NA,"0",-0.259627555460497,-2.91335590081588,-2.92684377880598,-0.129522372777178,-0.157068350785218,0.578830441254063,-0.298532907680952
"663",2009,"3691",0.0111625060770163,0.00466501932834653,0.0570770095190977,0.0459145034420814,0,0.0524119901907512,-2.5336086558896,-1.26820869546144,-0.292516388983531,-0.749003016450229,-0.886568115665623,24266.2541121751,"0",2005,1,2009.1,2009.9,4,"1043","1412",2.0729026936118,0.660285950167702,-0.615889240453205,NA,NA,"0",0.0500254358821126,-3.08097423269622,-2.94861989339636,0.462907537113398,0.1256740950063,0.557134137509176,0.648181136126167
"664",2009,"3699",0.0192657402559422,-0.00312981603469629,0.0678541239937149,0.0485883837377727,1,0.0709839400284112,-0.935395253997085,-2.4336157214922,-0.149895627980987,-0.260285232335748,0.527851033177361,12841.3616693069,"0",2005,0,2009.1,2009.9,4,"2968","1769",-0.979624127665808,-0.905023201486338,0.20929127059665,24453.67588,24453.67588,"1",0.598684215726294,-3.02437079438628,-2.64530162431011,0.72280110289641,-0.183044329663923,-0.79509673506264,-0.243111304130015
"665",2009,"4854",0.0079486834707761,0.00583460463914683,0.0563909079932001,0.048442224522424,1,0.0505563033540532,0.648820761506607,0.127847603919173,0.955396253509723,0.172158788772693,-0.0541008828619503,19091.7559569378,"1",2006,0,2009.1,2009.9,3,"1740","1187",0.0174375963141529,1.47381897680739,0.447485011270412,5088.5069825,5088.5069825,"1",0.011662631558942,-3.02738343809768,-2.98466764585817,0.316193882391243,0.182402841821659,0.837023212056254,0.72719734684439
"666",2009,"4870",-0.00557545505767941,-0.00164036424730108,0.0485447094849231,0.0541201645426025,1,0.0501850737322242,-0.180214913045909,0.489063288338812,-0.0720834069202843,-0.845438967161782,-0.623353990883329,0,"0",2006,1,2009.1,2009.9,3,"1536","1199",0.742100809676012,1.5583933022059,-0.975402295806019,NA,NA,"1",-0.463604125567747,-2.91654843535523,-2.99203763250904,-0.266016379282391,-0.15495486948496,0.832747211088842,0.758956332374562
"667",2009,"4875",0.0178047926619679,0.0237607394478372,0.0607364976791237,0.0429317050171558,1,0.0369757582312865,-0.270934947907471,0.888712110426615,0.779713402840933,0.164686753850744,0.00444896772608597,17286.3799818841,"0",2006,0,2009.1,2009.9,3,"1857","1606",-0.628209255189049,0.293526160277998,0.48016801630249,17734.868063,17734.868063,"1",0.247156354703843,-3.14814468131827,-3.29749276400225,0.751745506904574,1.09904612327641,0.76894018285081,-0.127600006589694
"668",2009,"4877",-0.0366855078896414,0.026365636601761,0.0633413948330475,0.100026902722689,1,0.0369757582312865,-0.270934947907471,0.773002196945418,-0.438149732208708,0.248280144540181,-0.714682011188356,20641.8694783933,"0",2006,1,2009.1,2009.9,3,"1503","1606",1.12990479616671,0.296387785783802,-0.0291639341173666,NA,NA,"1",0.380370316038876,-2.30231610194849,-3.29749276400225,-1.04371475825103,1.19849727950803,0.718217811260388,0.586675599916764
"669",2009,"4881",-0.00646332509450338,-0.000467024606448874,0.0493578747687614,0.0558211998632648,0,0.0498248993752103,0.502111144062518,-0.658782016717884,0.778664719550881,-0.480243260350964,0.692198180352193,18949.6778276334,"1",2005,0,2009.1,2009.9,4,"1707","1604",-0.231048067951981,-0.0419147282431044,1.72813588044726,18742.25858,18742.25858,"0",-0.410907304954547,-2.88560155588347,-2.99924043244959,-0.298034816761613,-0.0985562211937181,0.862212599911154,0.689375983990455
"670",2009,"4890",-0.00416476172219489,-0.0546111661519622,0.0477968005058601,0.051961562228055,0,0.102407966657822,0.606217801104069,0.938208789681826,1.15119472800738,0.248280144540181,-0.332964453239462,19265.1351801501,"1",2006,0,2009.1,2009.9,3,"1510","2966",0.968753005533796,-0.963063638657034,-1.4473448884692,3913.2914375,3913.2914375,"0",-0.512857248857498,-2.95725102165683,-2.27879077001015,-0.209782609660753,-1.88084184228106,-0.124771969406207,0.585876537701059
"671",2009,"4907",-0.00988006175582731,0.00861840829739934,0.0464085140140946,0.0562885757699219,0,0.0377901057166953,0.670809383841643,-0.668670163764026,0.909692769886937,0.248280144540181,-0.907285193421726,19169.6892307692,"0",2006,1,2009.1,2009.9,3,"3507","1587",-0.961350031611848,0.630715819941487,0.138695979727367,NA,NA,"0",-0.60636010754027,-2.87726368147984,-3.27570796414661,-0.454281579190936,0.410260718589477,0.600490004566358,0.156292242685949
"672",2009,"4912",0.0170870130216372,0.00894995626961548,0.0471678784347318,0.0300808654130946,1,0.0382179221651163,-0.0362708411232367,1.20934907761846,0.400815021472526,0.855149480858134,-0.280049614887822,14820.5340569878,"0",2006,1,2009.1,2009.9,3,"2963","1196",-0.75913904863268,1.69863380171898,-0.0861630948933245,NA,NA,"1",-0.554874809337828,-3.50386600993222,-3.26445070676778,0.981561871350713,0.42203764622131,0.731361406898869,-0.2133539298813
"673",2009,"4933",-0.0133703637355483,-0.00434021632012925,0.0400230034431163,0.0533933671786646,1,0.0443632197632455,-0.241226554785182,-0.253013757103238,0.605632163942401,0.855149480858134,-1.2558285073228,12323.0009046283,"1",2006,0,2009.1,2009.9,3,"3453","1699",-1.02455232651383,-0.202971077404999,1.3537193747998,12708.18817,12708.18817,"1",-1.07593543396461,-2.93006875086807,-3.11534453655403,-0.666974654394092,-0.320075663221338,0.6274096023406,0.0646032160523596
"674",2009,"4934",-0.00377976418698589,0.00525038322843318,0.0496136029916787,0.0533933671786646,1,0.0443632197632455,-0.241226554785182,-0.253013757103238,0.572474743214432,0.855149480858134,-0.2241901816815,12323.0009046283,"1",2006,0,2009.1,2009.9,3,"3453","1699",-1.02455232651383,-0.202971077404999,1.3537193747998,20690.651235,20690.651235,"1",-0.394514271504713,-2.93006875086807,-3.11534453655403,-0.187169270563577,0.18864070410364,0.6274096023406,0.0646032160523596
"675",2009,"4938",0.00330658113514674,0.00403396501769327,0.0575998022699141,0.0542932211347673,0,0.0535658372522208,0.562410215215741,0.694456766192567,-2.25128105106608,0.821992325891951,0.66157114937096,13473.742612172,"0",2006,0,2009.1,2009.9,3,"1791","1509",-0.140595127403244,0.802413350287405,0.669990909528793,16912.87493,16912.87493,"0",0.0789486603433871,-2.91335590081588,-2.92684377880598,0.108877459997646,0.0956964179880535,0.503991916543974,-0.211663673372318
"676",2009,"4948",0.0392519208694448,-0.0133074168477944,0.0829883416367338,0.043736420767289,1,0.0962957584845282,0.43660337798446,0.475331819382618,0.477635753719099,0.821992325891951,-0.539482453509551,21969.7404414557,"1",2006,0,2009.1,2009.9,3,"1437","1797",1.26402467353205,-0.473871625284197,-0.137932974864133,10765.6655125,10765.6655125,"1",1.23737368732934,-3.12957409681909,-2.34033100596085,1.40750223583244,-0.428463263435776,-0.717823742922275,0.46923352275128
"677",2009,"4950",0.00587336985343381,0.00517271227977591,0.0549976116549862,0.0491242418015524,1,0.0498248993752103,0.502111144062518,0.342513559536372,-1.19444019343143,0.821992325891951,-0.539482453509551,19192.9543577982,"0",2006,1,2009.1,2009.9,3,"1491","1604",0.990586473942146,0.247109447839255,-1.48525717430641,NA,NA,"1",-0.0676998917807192,-3.01340264297691,-2.99924043244959,0.229084998438779,0.157665977480758,0.730168657012954,0.526237273705947
"678",2009,"4952",0.0457949391798914,0.0423370790107084,0.0895313599471803,0.043736420767289,1,0.047194280936472,-0.710232409262889,0.475331819382618,1.28044956233985,0.821992325891951,-0.539482453509551,21969.7404414557,"0",2006,1,2009.1,2009.9,3,"1437","1722",1.26506436250386,-0.0341351725648846,-0.137932974864133,NA,NA,"1",1.47810775234937,-3.12957409681909,-3.05348256033206,1.57700900614032,1.44014848991418,0.552788098475839,0.46923352275128
"679",2009,"4964",0.00731759555749422,0.00831930519050564,0.0535920778503867,0.0462744822928925,0,0.0452727726598811,0.207911486183763,0.138873808773711,-0.105641230590818,0.821992325891951,-0.285275637037174,15402.0188756614,"0",2006,0,2009.1,2009.9,3,"2959","1831",-0.452501818950629,-0.717109793274334,0.579785815640249,17528.775765,17528.775765,"0",-0.149823252123052,-3.07316460820498,-3.09504947222886,0.304745433228109,0.323252352348656,-0.247986828299454,-0.412255685086396
"680",2009,"4971",0.0248234653448492,0.0404657791708409,0.0783777616215321,0.0535542962766829,0,0.0379119824506912,1.93559649569673,0.899141294006619,1.35545894199705,0.981473571257546,-0.294075558750625,18616.7646907216,"0",2006,0,2009.1,2009.9,3,"1669","1897",0.281518595157689,-0.71043266709415,-1.14195488944948,25379.691232,25379.691232,"0",1.05605138371035,-2.92705925605012,-3.27248805721284,0.827487582119875,1.64371201969318,-0.272632511522361,0.52426125471623
"681",2009,"4972",-0.0384867951253919,-0.0762047896010739,0.0327250959712075,0.0712118910965994,0,0.108929885572281,-1.44992231470776,1.79830918059628,0.195063584664443,0.821992325891951,-0.322061127243742,22953.4536752137,"1",2006,0,2009.1,2009.9,3,"1155","1808",2.16493221169973,-0.698986165071176,-0.865325934858006,41644.418205,41644.418205,"0",-1.71453659230964,-2.64209546472509,-2.21705085535854,-1.75985226393324,-2.92417098447431,-0.247986828299454,0.702389899609128
"682",2009,"4999",0.0071977655290596,0.00581230471288245,0.0530331561642376,0.045835390635178,0,0.0472208514513552,0.985504614937955,1.49354918048791,0.367524133097036,1.12320873368347,-0.362862862183538,18416.0193059211,"0",2007,0,2009.1,2009.9,2,"1757","1523",0.305431441509657,0.850107108716858,0.447485011270412,11028.735585,11028.735585,"0",-0.183080376435624,-3.08269876496529,-3.05291971590421,0.302623956444122,0.198652150391316,0.571656564094722,0.567011973950744
"683",2009,"5099",0.0100491837856595,-0.00554415573651437,0.0650367635286111,0.0549875797429517,0,0.0705809192651255,-0.280843416952759,0.0502910061932162,-0.472393972812528,1.24859881971763,0.266689026686426,60268.6802777778,"1",2006,0,2009.1,2009.9,3,"1753","1775",0.104771469947458,-0.273557839880562,1.78225893678038,23012.674135,23012.674135,"0",0.464159511449578,-2.90064794210691,-2.6509954363777,0.351729136773574,-0.269989892225995,-0.289083194278616,0.468220182194805
"684",2009,"5118",-0.0423554688129154,-0.0515835051630477,0.0447122533214805,0.0870677221343959,0,0.0962957584845282,0.43660337798446,0.0238915340565595,-0.834551558125911,1.24859881971763,0.266689026686426,16192.9918854425,"1",2006,0,2009.1,2009.9,3,"1717","1797",0.275280461326746,-0.409961988988737,-0.681255250517338,10765.6655125,10765.6655125,"0",-0.72447785512501,-2.44106904779776,-2.34033100596085,-1.51174417155671,-1.89308755879146,-0.776871731930336,0.459277867405589
"685",2009,"5123",-0.046018133948738,-0.0141321169976018,0.0368381463027444,0.0828562802514824,0,0.0509702633003462,-0.871312666118362,-0.130923191474264,0.522595605127119,-0.846606472618327,-0.160082374016298,17982.5829722443,"0",2007,0,2009.1,2009.9,2,"1042","1577",2.4186049581041,0.692962690232706,-0.865325934858006,29031.561405,29031.561405,"0",-1.33897530107163,-2.49064773530915,-2.97651288885294,-1.83368698257004,-0.845230839801496,0.490125712259756,0.61038124015338
"686",2009,"5125",-0.00519429127691723,-0.0193862331725959,0.0346329340875199,0.0398272253644371,1,0.0540191672601158,-0.317508079317215,0.357121892038114,-0.480611814094061,-0.375167769260896,-0.0994175876831677,15260.450426501,"0",2007,0,2009.1,2009.9,2,"2985","1752",-0.30902474083874,-0.0780134303198788,0.0843114593539948,29290.407075,29290.407075,"1",-1.53479107301472,-3.22320454616746,-2.91841634613605,-0.335312258912541,-1.1290022056367,-0.306084417994071,-0.236683841995845
"687",2009,"5128",-0.0574404922076382,-0.0175966213228978,0.0334379268607782,0.0908784190684165,0,0.051034548183676,0.352619041137904,0.956679092101785,0.575792397317909,-0.375167769260896,-0.152633746080385,1658.35777777778,"0",2007,0,2009.1,2009.9,2,"1789","1801",0.0621442221026595,-0.184847449201838,1.36313208024904,19777.8916535,19777.8916535,"0",-1.64618042101767,-2.39823271997468,-2.97525246023384,-2.25641766686458,-1.07756040976525,-0.669962894394192,-0.702572086948966
"688",2009,"5134",0.0221981316831571,0.0406617466461541,0.0754983676492159,0.0533002359660588,0,0.0348366210030618,0.309931251344494,-0.159449534088121,-1.80206567131621,-0.375167769260896,-1.15806570766908,12323.0009046283,"0",2007,1,2009.1,2009.9,2,"3085","1729",-0.666879435444394,0.261566129697577,1.3537193747998,NA,NA,"0",0.937318698850094,-2.93181452068958,-3.35708611783615,0.754506434704668,1.75541769726248,0.368055541933446,-0.219979233695774
"689",2009,"5137",-0.0544987042635481,-0.0309288949515159,0.048587702520847,0.103086406784395,0,0.0795165974723629,0.0412153088945864,0.636825687340397,0.796911775508885,-0.375167769260896,-1.15806570766908,8128.39944444445,"0",2007,1,2009.1,2009.9,2,"1776","2991",0.0818983125673009,-0.519657633376499,1.00205024065468,NA,NA,"0",-0.460795953460266,-2.27218774161376,-2.53178950587468,-1.70329590019952,-1.24282173559385,-0.237665235683572,-0.544279365299831
"690",2009,"5146",0.0304725284879076,0.0358561614127315,0.0856810607879418,0.0552085323000342,0,0.0498248993752103,0.502111144062518,1.22317382733166,-0.414487655567125,-0.271726785810012,-1.2558285073228,11994.1830565088,"1",2007,1,2009.1,2009.9,2,"3567","1604",-0.722849358427592,0.554257252124852,2.26858205165767,NA,NA,"0",1.33866714709422,-2.89663776699111,-2.99924043244959,0.958534244077062,1.20759217666033,0.527367637065229,-0.285711426512037
"691",2009,"5155",-0.000156154469970193,-0.0174808266646817,0.0626452827786062,0.0628014372485764,1,0.0801261094432879,1.60259437112729,1.60177770038736,0.406058437922783,-0.271726785810012,-0.0580396208201306,18942.1575,"0",2007,0,2009.1,2009.9,2,"1361","1698",1.68925746300842,0.263473880034809,-1.04887369111814,38950.91277,38950.91277,"1",0.34531541839565,-2.76777731964604,-2.52415351743107,-0.0287343665830975,-0.659101245747471,0.334786095096468,0.311555848028826
"692",2009,"5160",-0.0159664722746964,-0.0167102634043616,0.0395629498547133,0.0555294221294097,1,0.0562732132590749,0.648379619052284,-0.390626835153921,-0.323137903603032,-0.462497177411317,-0.0359712491745947,12910.8364322251,"0",2007,0,2009.1,2009.9,2,"1790","1731",0.116208048637538,0.000204333504362864,1.36313208024904,11343.5326645,11343.5326645,"1",-1.11261013564949,-2.89084227024036,-2.87753664286531,-0.780415258025056,-0.910633802256686,-0.34907762713432,-0.758772372730029
"693",2009,"5172",-0.0421443709903711,-0.0308742784608747,0.0444870118470726,0.0866313828374437,0,0.0753612903079472,0.704046824030432,0.392495310942859,0.331068116155714,-0.127189610288336,-0.727142167046885,13076.9022440393,"1",2007,0,2009.1,2009.9,2,"3022","3696",-0.445223996147878,-0.9566002222141,-0.01373755574224,36598.34086,36598.34086,"0",-0.74049841762854,-2.44609314063744,-2.58546152693986,-1.51180272986025,-1.32452767257843,-0.140678218371,-0.193757782143141
"694",2009,"5198",0.00962064335333095,0.0138332032873421,0.0574566245241591,0.0478359811708281,0,0.043623421236817,0.52452395037915,-1.07268469628758,-0.356962662568608,-1.1340463160225,-0.999829606459639,11451.2392160494,"0",2008,0,2009.1,2009.9,1,"3462","3093",-0.574531761168248,-0.587898801175202,1.27894065928643,16589.38596,16589.38596,"0",0.0710536152489567,-3.03997717849493,-3.13216108852834,0.386142161614274,0.576036459000602,-0.571342603175656,-0.901426898709811
"695",2009,"5213",0.00120206683353579,0.000501409259877898,0.0503263086350882,0.0491242418015524,0,0.0498248993752103,0.502111144062518,0.342513559536372,-0.720893484691129,-0.834464415870158,-0.423594683744208,19192.9543577982,"0",2007,0,2009.1,2009.9,2,"1491","1604",1.4147795744467,0.636290516623473,-1.48525717430641,14113.835765,14113.835765,"0",-0.349269504962902,-3.01340264297691,-2.99924043244959,0.0308249152911,-0.0525403951098043,0.451668261021708,0.316376203866592
"696",2009,"5216",-0.00643412746501915,-0.00113766281361362,0.0450138308037542,0.0514479582687733,0,0.0461514936173678,0.651806859741567,-1.99381171182931,0.792335718101793,-0.834464415870158,-0.423594683744208,10991.5580300958,"0",2007,0,2009.1,2009.9,2,"3595","3457",-0.89436963197612,-0.908838702160637,-0.536404172215191,15975.59747,15975.59747,"0",-0.703153712194074,-2.96718450128399,-3.07582595415032,-0.321587408223704,-0.135362928248927,-0.770587366027621,-0.685788510877891
"697",2009,"5236",0.0614805423558957,0.047288600460217,0.101307767720333,0.0398272253644371,1,0.0540191672601158,-0.317508079317215,0.357121892038114,-0.20951796675405,-1.49340449555053,-0.748768165926311,15260.450426501,"1",2008,0,2009.1,2009.9,1,"2985","1752",-0.0121054782949931,0.194398723017718,0.0843114593539948,36007.291855,36007.291855,"1",1.87010889568504,-3.22320454616746,-2.91841634613605,2.06216147156123,1.41293285392173,-0.54297613196909,-0.557151587221437
"698",2009,"5237",-0.00578911889913634,-0.00149849700406218,0.0475391691522493,0.0533282880513856,0,0.0490376661563115,0.990136481113029,-1.41074718884799,-1.32842363151419,-1.49340449555053,0.25462771668314,10176.2735597927,"1",2008,0,2009.1,2009.9,1,"4896","2990",-1.06323102880992,-0.354837907866327,0.580308743720781,15730.3751105,15730.3751105,"0",-0.530002061246213,-2.93128835592771,-3.0151665791002,-0.279845418372234,-0.149750227418107,-0.583899739696814,-1.32764478171541
"699",2009,"5261",0.000776107694041989,0.00139106634558744,0.0483611077769412,0.0475850000828992,1,0.0469700414313538,0.176353730880544,0.151075408169151,1.37347719924581,-1.49340449555053,-0.932125165847559,14815.1573782051,"1",2008,0,2009.1,2009.9,1,"3641","3515",-0.721204604562351,-0.708949730015189,0.0108400640418938,52117.68396,52117.68396,"1",-0.475624476327663,-3.0452376917157,-3.05824529686243,0.0129626714444422,-0.00713516414576594,-0.955009800425815,-0.814760402158695
"700",2009,"5265",-0.00471213326845277,-0.00545592439811792,0.050817288860957,0.0555294221294097,2,0.0562732132590749,0.648379619052284,-0.390626835153921,0.57691735377956,-1.49340449555053,0.729719582223711,12910.8364322251,"0",2008,0,2009.1,2009.9,1,"1790","1731",0.373573679367943,0.236327530974684,1.36313208024904,5248.064441,5248.064441,"1",-0.318471770605006,-2.89084227024036,-2.87753664286531,-0.221242922256674,-0.317768176011034,-0.525184709452298,-0.89675496758646
"701",2009,"5269",-0.00240853561142049,0.00194106500644632,0.0529756131901223,0.0553841488015428,0,0.051034548183676,0.352619041137904,-2.77066700748754,0.584334389175963,-1.49340449555053,-0.932125165847559,12162.3832440476,"1",2008,0,2009.1,2009.9,1,"3451","1801",-0.535123004047732,0.101823313554744,1.27894065928643,23009.727495,23009.727495,"0",-0.186524195351901,-2.89346184888565,-2.97525246023384,-0.122484249598247,0.0121489411791853,-0.874368887905292,-0.94999649303021
"702",2009,"5290",0.0144444625949552,0.0148699879550614,0.0535886473274833,0.0391441847325281,0,0.0387186593724219,-0.291413562652299,-1.22664118592293,-0.949334588022344,-0.0328551693985833,0.874812026758458,13152.3706116643,"1",2008,0,2009.1,2009.9,1,"5079","1867",-0.893131095386776,-0.0177368595572878,0.48670461730891,12999.19286,12999.19286,"0",-0.150026316332594,-3.24050340570009,-3.2514336408193,0.678373707319875,0.693450999346418,-0.592299296881454,-1.08498129724575
"703",2009,"5291",0.0110189617571309,-0.0184278251087349,0.0569334651992124,0.0459145034420814,0,0.0753612903079472,0.704046824030432,-1.26820869546144,0.184042901979398,-0.0328551693985833,-0.26923545508108,24266.2541121751,"1",2008,0,2009.1,2009.9,1,"1043","3696",3.29161701620801,-0.469941451092323,-0.615889240453205,43627.462215,43627.462215,"0",0.0420375612493504,-3.08097423269622,-2.58546152693986,0.457283078312725,-0.740323831537191,-0.598171761865867,0.314119952772331
"704",2009,"5293",-0.0297321770454991,-0.0184620845160027,0.0568992057919446,0.0866313828374437,0,0.0753612903079472,0.704046824030432,0.392495310942859,0.183509010583755,-0.272193787992629,-0.220063539318471,13076.9022440393,"0",2008,0,2009.1,2009.9,1,"3022","3696",0.117358524139106,-0.440452113571639,-0.01373755574224,40297.32689,40297.32689,"0",0.0401281358982273,-2.44609314063744,-2.58546152693986,-0.962144392583055,-0.741749316951814,-0.650382812220598,-0.565583537828902
"705",2009,"5322",-0.000963750881811255,0.0111658174633273,0.0524296162968533,0.0533933671786646,0,0.041263798833526,0.165359419713026,-0.253013757103238,-0.157331721267512,-0.0328551693985833,0.668720313587086,12323.0009046283,"1",2008,0,2009.1,2009.9,1,"3453","1744",-0.22274191889841,0.650940058488525,1.3537193747998,10362.64497,10362.64497,"0",-0.219388288325097,-2.93006875086807,-3.18776970496346,-0.0638587627494951,0.49089923220748,0.100029892390485,-0.543408810648489
"706",2010,"1042",0.0369417768094009,0.0361918302891299,0.0828562802514824,0.0459145034420814,0,0.0466644499623525,-1.01435749465966,-1.26820869546144,-0.226068079880073,-1.0427473893198,0.370281014121953,24266.2541121751,"0",1996,0,2010.1,2010.9,14,"1043","559",-1.37731084074928,-0.794855831946977,-0.615889240453205,25069.71699,25069.71699,"0",1.23232167617851,-3.08097423269622,-3.06477264697587,1.29539137035533,1.28339366425291,-1.48231866897484,-0.726126325848039
"707",2010,"1305",-0.007619151656277,-0.0240739648231035,0.0413510892983211,0.0489702409545981,0,0.0654250541214246,0.0470178650963795,-0.606692042842362,1.12047788232616,4.04220587616556,-0.198506546223457,6837.80397435898,"0",1998,1,2010.1,2010.9,13,"1177","854",-1.23691306002943,-0.643661405292967,-0.865325934858006,NA,NA,"0",-0.972381092925856,-3.01654249282672,-2.72685000333777,-0.400910033508227,-1.16280283349653,0.149375841236728,2.86749636085054
"708",2010,"1384",-0.0373555381947066,0.00126145795222511,0.0499267458877657,0.0872822840824722,1,0.0486652879355406,-0.598592617202176,-0.524023447908447,-0.664073987321577,-1.20666515542031,0.45109536882579,34968.4026923077,"0",1998,1,2010.1,2010.9,12,"1246","609",-1.14389498521406,-0.0579820517794896,-0.247747871771891,NA,NA,"1",-0.374555463951292,-2.43860776820221,-3.02278927643485,-1.27085278082913,-0.0156491180866203,-0.110501928019859,2.22375897827764
"709",2010,"1510",-0.0124730788531426,0.00639197449481063,0.051961562228055,0.0644346410811976,0,0.0455695877332443,1.07549510222712,0.0280333462457904,0.866563349763976,-1.56252081857866,0.486258255002456,34968.4026923077,"0",1999,1,2010.1,2010.9,11,"1247","1020",-0.823670781892028,-0.557812640120046,-0.247747871771891,NA,NA,"0",-0.247834529468611,-2.74210388550332,-3.0885147206368,-0.503730510918934,0.234606180852689,0.869908070036789,1.63504461394056
"710",2010,"1533",0.00545361803588099,-0.0107545335081861,0.0552572408376075,0.0498036228017265,1,0.0660117743457937,-1.49953245679788,0.897480827314441,0.125221369091465,-1.20269563686801,0.504838030299769,17276.4077385798,"1",1999,0,2010.1,2010.9,11,"677","1028",0.571591818296727,-0.369899231908122,-1.66148393743936,16624.43502,16624.43502,"1",-0.0527600379313141,-2.99966755057485,-2.71792215368826,0.208925541853706,-0.497400852836648,0.571339627611491,-0.19379041390536
"711",2010,"1542",-0.0008916885173487,-0.0112876300468504,0.0388974436853738,0.0397891322027225,0,0.0501850737322242,-0.180214913045909,-0.108852113398934,0.347942379858258,-1.14105134876183,0.292172989466317,21884.2153401361,"1",1999,0,2010.1,2010.9,11,"1022","1199",-0.269516559909541,-0.70992184869798,1.09957632767038,15405.20166,15405.20166,"0",-1.1664249407671,-3.22416146421258,-2.99203763250904,-0.0737992228731064,-0.679647191481399,0.984204927557143,0.675045734774897
"712",2010,"1543",0.0149131245658531,0.000452688503166862,0.0491179764387074,0.0342048518728543,1,0.0486652879355406,-0.598592617202176,-0.0970796217721856,0.959667239035972,-0.644861529725396,0.748022946627152,10644.0812583286,"1",1999,1,2010.1,2010.9,11,"199","609",2.93896360714184,0.176671239693312,-0.600462862078055,NA,NA,"1",-0.426362984094601,-3.37538777734852,-3.02278927643485,0.785078677036686,-0.054326128574933,-0.154752540723629,-0.582821691890078
"713",2010,"1604",-0.0146097417059873,0.000297517673779828,0.0498248993752103,0.0644346410811976,0,0.0495273817014305,-0.234643538565577,0.0280333462457904,0.698106851562589,0.548095545783827,0.239358157811557,34968.4026923077,"1",2000,0,2010.1,2010.9,10,"1247","494",-0.300545310289867,1.78123782758895,-0.247747871771891,24896.5355,24896.5355,"0",-0.381033091876637,-2.74210388550332,-3.00522959666177,-0.597518891560278,-0.0620699792836802,-0.243283285235244,0.897797421298048
"714",2010,"1698",-0.0058471414744056,0.0363758505025773,0.0801261094432879,0.0859732509176935,0,0.0437502589407106,0.179339847629122,-1.15859959185701,1.93482720713748,0.129661590154048,0.290686088358498,21880.6309090909,"1",2001,0,2010.1,2010.9,9,"1552","1504",-1.0066560409332,-1.04047347542586,-0.33821442970069,28835.48319,28835.48319,"0",1.12603483083496,-2.45371906695108,-3.12925774755122,-0.180497386392244,1.35675913521185,0.573344886065711,0.963980465421426
"715",2010,"1716",0.0475192580674012,0.0410217713187314,0.0934337615094826,0.0459145034420814,1,0.0524119901907512,-2.5336086558896,-1.26820869546144,-0.683732013731955,0.328371018859941,0.225346619205495,24266.2541121751,"0",2002,0,2010.1,2010.9,8,"1043","1412",0.915728867970815,-0.401377112471486,-0.615889240453205,29681.02248,29681.02248,"1",1.61344560127534,-3.08097423269622,-2.94861989339636,1.56375009069202,1.29284862811051,1.12939453777886,1.06006239496205
"716",2010,"1750",-0.0300334032275646,0.00237947239245072,0.052935775746504,0.0829691789740685,0,0.0505563033540532,0.648820761506607,-1.38212754511904,-0.850091124547683,0.328371018859941,0.159338621536349,0,"1",2002,0,2010.1,2010.9,8,"1362","1187",-0.243524335613781,0.16414837033519,-1.04887369111814,12434.81997,12434.81997,"0",-0.188910569697462,-2.48928607781027,-2.98466764585817,-1.02693957192004,0.0326645067843983,1.49890491150844,1.19256042061526
"717",2010,"1752",0.00459735890823288,0.00781057666715795,0.0540191672601158,0.0494218083518829,0,0.0462085905929579,2.47696459763106,-0.420365868325012,-0.22297922448584,0.247346140174924,0.15247854512607,6837.80397435898,"1",2002,0,2010.1,2010.9,8,"1200","1553",0.564876450183683,-0.819174436313341,-0.865325934858006,53869.95534,53869.95534,"0",-0.124643399769742,-3.00736348759208,-3.07458955460929,0.175500498062387,0.293597081445882,1.98526186839629,1.38737280423339
"718",2010,"1753",0.00350760733345905,-0.00239322808669298,0.0549875797429517,0.0514799724094926,0,0.0573808078296446,0.161474078096692,0.715539031599091,-0.0408708064292188,1.32168466129804,4.19408238678347,21815.4118435078,"0",2002,0,2010.1,2010.9,8,"1244","1188",0.0486282654689617,-0.0180339682163729,1.67375136007389,16574.91549,16574.91549,"0",-0.0682785728221373,-2.9665624322005,-2.8580453899354,0.124054311217277,-0.177145272581482,1.6492644133319,2.05523886109328
"719",2010,"1829",-0.0366164422686946,-0.00422270181828482,0.0532538276811535,0.0898702699498481,0,0.0574765294994384,-0.201032845354227,-0.430272683737408,-0.852836771475272,0.158849226567958,-1.2558285073228,6837.80397435898,"1",2003,0,2010.1,2010.9,7,"1190","1489",0.947473469774417,-0.409961988988817,-0.865325934858006,5482.831358,5482.831358,"0",-0.169908229274312,-2.40938809353481,-2.8563785971265,-1.19202127925718,-0.256964413308834,1.16443453507831,1.14302396677374
"720",2010,"1851",0.0062249877592879,0.0224274207469212,0.0820220002977346,0.0757970125384467,0,0.0595945795508133,0.889847313283284,1.57078863992652,-0.506161537302183,1.94583307837304,-0.0666313710656704,5811.12861111111,"0",2002,1,2010.1,2010.9,7,"1195","1045",0.571486713127462,0.424253970268135,-0.877353280709807,NA,NA,"0",1.20021895713786,-2.57969639953205,-2.82019065618078,0.153122948048591,0.680206277029353,1.46615687614841,1.52680654863134
"721",2010,"1864",-0.044022776258799,0.0249487664921797,0.0560041264638899,0.100026902722689,0,0.0310553599717103,1.01920015605379,0.773002196945418,0.595545754790008,-0.301848426589157,-0.117515253591337,20641.8694783933,"0",2003,0,2010.1,2010.9,7,"1503","1209",-0.0147927618124633,0.278735882732163,-0.0291639341173666,15405.20166,15405.20166,"0",-0.0101702002177835,-2.30231610194849,-3.47198386161283,-1.3187039318004,1.32016967542548,1.61052026048477,1.14941442466994
"722",2010,"1868",-0.0185679755631298,-0.014849820268322,0.0313587703246358,0.0499267458877657,0,0.0462085905929579,2.47696459763106,-0.559508815936449,-0.425565553533647,0.158849226567958,-0.0184569613787307,18876.280979448,"1",2003,0,2010.1,2010.9,7,"1384","1553",0.158835296482336,-0.479594876295728,-1.04887369111814,20869.10557,20869.10557,"0",-1.84982515649965,-2.99719843008107,-3.07458955460929,-1.06194724069491,-0.994340899656391,1.3705849239723,0.90435324518159
"723",2010,"1877",-0.0194843956151411,0.000949460600295535,0.0440756118101234,0.0635600074252645,1,0.0431261512098279,0.145898813199516,0.083854713266193,-1.19617529365476,0.111682006123092,0.0607482372535563,52540.4536111111,"1",2003,0,2010.1,2010.9,7,"1893","1524",-1.07527551307368,-0.405192613145785,1.72813588044726,13305.06962,13305.06962,"1",-0.769970222218304,-2.75577082049071,-3.14362570926626,-0.840852344672075,-0.0246810059270792,1.12844288839934,1.71390925811804
"724",2010,"1897",-0.0317384922471519,-0.00985833612903386,0.0379119824506912,0.0696504746978431,0,0.047770318579725,1.55476570178633,-0.201073028367307,2.30905417923151,0.111682006123092,0.102942963244135,19444.8983277962,"1",2003,0,2010.1,2010.9,7,"927","501",1.77555164766983,1.46631046762512,-0.113616819120252,NA,NA,"0",-1.24782760298581,-2.66426576330441,-3.04135078256912,-1.38171097837838,-0.623634717695872,0.434372513879544,0.466683480575277
"725",2010,"2968",-0.0381041192263419,-0.0194445367880318,0.0485883837377727,0.0866925029641146,1,0.0680329205258045,0.0171228362060022,-0.935948502140529,-2.57937363564835,-0.0830579040305069,-0.0946237732194918,16921.0113884535,"0",2003,0,2010.1,2010.9,7,"459","176",2.48317362020665,3.41956012910096,-1.04390587435327,33707.4574,33707.4574,"1",-0.460751478478494,-2.44538786993661,-2.68776356557744,-1.31640134290754,-0.873409510868865,-0.0148855141044914,0.314751830217523
"726",2010,"3002",-0.014588446803797,-0.0451503888316715,0.0525207221873888,0.0671091689911858,0,0.0976711110190603,0.66291993575903,0.533354689629059,1.00554232689208,-0.194671425677288,0.104549125487491,15649.8439857189,"0",2003,0,2010.1,2010.9,7,"1782","1495",-1.21251445735454,-0.315528347298485,0.669990909528793,12532.65405,12532.65405,"0",-0.213880814068842,-2.70143459767534,-2.3261494543539,-0.570662593429853,-1.54548515438564,1.0751853436725,-0.206171562139403
"727",2010,"3005",4.28952828225235e-05,0.000951174334355029,0.0437793160501115,0.043736420767289,0,0.0428281417157565,-0.788244512612291,0.475331819382618,-1.527368155882,0.313193447924714,0.17305191036253,21969.7404414557,"1",2004,1,2010.1,2010.9,6,"1437","1579",0.442031232734022,-0.361496790532294,-0.137932974864133,NA,NA,"0",-0.791367114957264,-3.12957409681909,-3.15055987574052,-0.0209840116739032,-0.0242333513365268,1.03910227628251,0.658394966973642
"728",2010,"3094",-0.0591640871112406,-0.0137505041635299,0.0334703472878253,0.0926344343990659,0,0.0472208514513552,0.985504614937955,0.0034435859409016,-0.099616086951109,0.955554950121982,0.00265770637046059,40475.822,"0",2004,0,2010.1,2010.9,6,"1891","1523",-0.880518475072896,-0.00330363364570957,1.82696928766426,29769.57144,29769.57144,"0",-1.64310624528366,-2.37909434469248,-3.05291971590421,-2.2970009187587,-0.891333158429467,0.814455130770951,-0.287764629506036
"729",2010,"3507",-0.00598924699082924,-0.0166935598431542,0.0562885757699219,0.0622778227607512,0,0.0729821356130762,-0.510315750257652,-1.93605938020789,-0.775634694176256,-0.146103198684548,0.477627372147019,48580.1919230769,"0",2004,0,2010.1,2010.9,6,"1760","2972",-0.672475575538598,-1.41398857798497,1.11343392180399,35744.762,35744.762,"0",0.00590084145621933,-2.77614989151067,-2.61754058541108,-0.249023367479183,-0.691331889754357,-1.18789345088421,1.11479413471313
"730",2010,"3517",-0.0400673222554784,0.0103958285024782,0.0492959634529258,0.0893632857084042,0,0.0389001349504476,-0.853124537495171,0.381077314694049,-0.725126354437134,-0.749003016450229,-1.2558285073228,0,"0",2005,0,2010.1,2010.9,5,"1828","1848",-0.992100395327695,-1.13586099228476,0.48016801630249,37658.52934,37658.52934,"0",-0.414888797047528,-2.41504535555513,-3.24675755920058,-1.35188194385719,0.484643436713906,-0.178229297604925,-0.177581970118097
"731",2010,"3567",0.00937314166485614,0.00798768084867899,0.0552085323000342,0.045835390635178,0,0.0472208514513552,0.985504614937955,1.49354918048791,1.15779189962853,1.75599669113699,-0.171231522549032,18416.0193059211,"0",2004,0,2010.1,2010.9,6,"1757","1523",-0.512775372513888,0.0994334132006955,0.447485011270412,24896.5355,24896.5355,"0",-0.0555575188624665,-3.08269876496529,-3.05291971590421,0.392415933852299,0.293854601429568,0.789268104189468,0.916680186269487
"732",2010,"3574",-0.00495456706957517,0.0473629050364437,0.0993803606550273,0.104334927724603,0,0.0520174556185836,-0.0936686249187542,-0.788801752063556,0.653108863568768,-0.749003016450229,-0.0895775058905502,27814.0594444444,"0",2005,0,2010.1,2010.9,5,"3090","1381",-1.25997938366663,0.97601863097055,-0.414823393495862,15323.10752,15323.10752,"0",1.80917557173785,-2.2601490955214,-2.95617593175754,-0.131842932011454,1.45686551003768,1.12125852950273,0.466841747587259
"733",2010,"3576",-0.0158529717595796,0.00125101975386273,0.0401511547043103,0.0560041264638899,0,0.0389001349504476,-0.853124537495171,0.673020025766192,-0.926606784913412,-0.749003016450229,0.168955094086682,12588.2127025765,"1",2005,0,2010.1,2010.9,5,"1864","1848",-0.96090972617289,-1.12059898958733,-0.0357005351237869,NA,NA,"0",-1.06579448496009,-2.88232990410655,-3.24675755920058,-0.766464597863206,-0.00129154046040596,-0.178229297604925,-0.290383920943131
"734",2010,"3590",0.0161289929153974,-0.0735884492247137,0.0462098583284921,0.0300808654130946,1,0.119798307553206,-0.66735798370139,1.20934907761846,0.411301833567484,-0.749003016450229,0.0272100157112919,14820.5340569878,"0",2005,0,2010.1,2010.9,5,"2963","1796",-1.15214147998251,-0.755264800017881,-0.0861630948933245,3504.186439,3504.186439,"1",-0.61996810668893,-3.50386600993222,-2.12194572066931,0.935728081264721,-2.33224737951789,-0.189595379923457,-0.229393614196946
"735",2010,"3594",0.00741555638426766,0.00530147755263839,0.0558577809066916,0.048442224522424,0,0.0505563033540532,0.648820761506607,0.127847603919173,-1.97200175669663,-0.749003016450229,0.248335027574739,19091.7559569378,"0",2005,0,2010.1,2010.9,5,"1740","1187",-0.24560371355749,1.23248855915448,0.447485011270412,10464.04087,10464.04087,"0",-0.0184703766256172,-3.02738343809768,-2.98466764585817,0.294976490924022,0.159906982719066,0.862871101831533,0.757776609971011
"736",2010,"3606",-0.0372532304097038,-0.0181866071118115,0.0363002109855592,0.073553441395263,0,0.0544868180973707,0.671589843859456,0.505873124066593,0.0876022799082481,-0.749003016450229,-0.222164394544728,18496.1403694581,"0",2005,0,2010.1,2010.9,5,"3003","1710",-1.23406101705749,-0.693262914059648,-0.33586125333838,24867.94354,24867.94354,"0",-1.38563935233365,-2.60974304315489,-2.90979647634116,-1.60053064626508,-1.03806632738681,-0.166620318391955,0.257633014767955
"737",2010,"3608",-0.0270977462358049,-0.00342483794960517,0.0495109377968988,0.0766086840327037,1,0.052935775746504,-0.875537325298186,0.70337474857807,0.340048647542133,-0.749003016450229,-0.256297897868316,16222.862311522,"0",2005,0,2010.1,2010.9,5,"1705","1750",-0.580383562485118,-0.744772173163478,0.579262887559741,15633.38449,15633.38449,"1",-0.401085278886363,-2.56904484008817,-2.93867587859494,-0.998186244924366,-0.234653030703333,-0.189595379923457,-0.233224929086111
"738",2010,"3615",0.0293093307313291,0.0352652775171983,0.0722410357484848,0.0429317050171558,3,0.0369757582312865,-0.270934947907471,0.888712110426615,0.749263471649197,0.0923014155442411,1.04006649679675,17286.3799818841,"1",2005,1,2010.1,2010.9,5,"1857","1606",-0.960909726172973,-0.0117138936703705,0.48016801630249,NA,NA,"1",0.797416090907754,-3.14814468131827,-3.29749276400225,1.1391969077133,1.50984365864549,0.808873339739831,-0.291782335668693
"739",2010,"3617",-0.0206608541908859,0.00908626380521039,0.0546814017553418,0.0753422559462276,0,0.0455951379501314,2.27195799003732,0.253669542334942,-0.723639131618718,0.0923014155442411,-0.780787884777864,13076.7228528529,"1",2005,1,2010.1,2010.9,5,"1827","1783",-0.705146239104089,-0.967025087444573,1.89468847409072,NA,NA,"0",-0.0859911206180068,-2.58571413362755,-3.08795419204716,-0.739087841223506,0.35410326157243,-0.615021343454538,-0.885077358762853
"740",2010,"3645",0.0296285801414712,0.00645868487696974,0.0785671002146544,0.0489385200731832,0,0.0721084153376846,-1.08257991232734,0.215497578571536,-0.783700009920146,0.0923014155442411,-0.780787884777864,11647.728,"0",2005,0,2010.1,2010.9,5,"1576","1512",0.337925982899599,0.322614140487318,0.296620260042353,24551.35035,24551.35035,"0",1.06370527002304,-3.01719046104104,-2.62958452391989,1.03419571840316,0.126896729319794,0.660550781855145,0.758214122009952
"741",2010,"3699",0.0192657402559422,-0.00312981603469629,0.0678541239937149,0.0485883837377727,1,0.0709839400284112,-0.935395253997085,-2.4336157214922,-0.149895627980987,-0.260285232335748,0.527851033177361,12841.3616693069,"0",2005,0,2010.1,2010.9,5,"2968","1769",-0.979624127665808,-0.905023201486338,0.20929127059665,59725.19222,59725.19222,"1",0.598684215726294,-3.02437079438628,-2.64530162431011,0.72280110289641,-0.183044329663923,-0.79509673506264,-0.243111304130015
"742",2010,"4854",0.0079486834707761,0.00583460463914683,0.0563909079932001,0.048442224522424,1,0.0505563033540532,0.648820761506607,0.127847603919173,0.955396253509723,0.172158788772693,-0.0541008828619503,19091.7559569378,"1",2006,0,2010.1,2010.9,4,"1740","1187",0.0174375963141529,1.47381897680739,0.447485011270412,3504.186439,3504.186439,"1",0.011662631558942,-3.02738343809768,-2.98466764585817,0.316193882391243,0.182402841821659,0.837023212056254,0.72719734684439
"743",2010,"4875",0.0178047926619679,0.0237607394478372,0.0607364976791237,0.0429317050171558,1,0.0369757582312865,-0.270934947907471,0.888712110426615,0.779713402840933,0.164686753850744,0.00444896772608597,17286.3799818841,"0",2006,1,2010.1,2010.9,4,"1857","1606",-0.628209255189049,0.293526160277998,0.48016801630249,NA,NA,"1",0.247156354703843,-3.14814468131827,-3.29749276400225,0.751745506904574,1.09904612327641,0.76894018285081,-0.127600006589694
"744",2010,"4881",-0.00646332509450338,-0.000467024606448874,0.0493578747687614,0.0558211998632648,0,0.0498248993752103,0.502111144062518,-0.658782016717884,0.778664719550881,-0.480243260350964,0.692198180352193,18949.6778276334,"1",2005,1,2010.1,2010.9,5,"1707","1604",-0.231048067951981,-0.0419147282431044,1.72813588044726,NA,NA,"0",-0.410907304954547,-2.88560155588347,-2.99924043244959,-0.298034816761613,-0.0985562211937181,0.862212599911154,0.689375983990455
"745",2010,"4890",-0.00416476172219489,-0.0546111661519622,0.0477968005058601,0.051961562228055,0,0.102407966657822,0.606217801104069,0.938208789681826,1.15119472800738,0.248280144540181,-0.332964453239462,19265.1351801501,"1",2006,0,2010.1,2010.9,4,"1510","2966",0.968753005533796,-0.963063638657034,-1.4473448884692,10357.30578,10357.30578,"0",-0.512857248857498,-2.95725102165683,-2.27879077001015,-0.209782609660753,-1.88084184228106,-0.124771969406207,0.585876537701059
"746",2010,"4933",-0.0133703637355483,-0.00434021632012925,0.0400230034431163,0.0533933671786646,1,0.0443632197632455,-0.241226554785182,-0.253013757103238,0.605632163942401,0.855149480858134,-1.2558285073228,12323.0009046283,"1",2006,0,2010.1,2010.9,4,"3453","1699",-1.02455232651383,-0.202971077404999,1.3537193747998,8163.64361,8163.64361,"1",-1.07593543396461,-2.93006875086807,-3.11534453655403,-0.666974654394092,-0.320075663221338,0.6274096023406,0.0646032160523596
"747",2010,"4934",-0.00377976418698589,0.00525038322843318,0.0496136029916787,0.0533933671786646,1,0.0443632197632455,-0.241226554785182,-0.253013757103238,0.572474743214432,0.855149480858134,-0.2241901816815,12323.0009046283,"1",2006,0,2010.1,2010.9,4,"3453","1699",-1.02455232651383,-0.202971077404999,1.3537193747998,16505.09486,16505.09486,"1",-0.394514271504713,-2.93006875086807,-3.11534453655403,-0.187169270563577,0.18864070410364,0.6274096023406,0.0646032160523596
"748",2010,"4938",0.00330658113514674,0.00403396501769327,0.0575998022699141,0.0542932211347673,0,0.0535658372522208,0.562410215215741,0.694456766192567,-2.25128105106608,0.821992325891951,0.66157114937096,13473.742612172,"0",2006,1,2010.1,2010.9,4,"1791","1509",-0.140595127403244,0.802413350287405,0.669990909528793,NA,NA,"0",0.0789486603433871,-2.91335590081588,-2.92684377880598,0.108877459997646,0.0956964179880535,0.503991916543974,-0.211663673372318
"749",2010,"4948",0.0392519208694448,-0.0133074168477944,0.0829883416367338,0.043736420767289,1,0.0962957584845282,0.43660337798446,0.475331819382618,0.477635753719099,0.821992325891951,-0.539482453509551,21969.7404414557,"1",2006,0,2010.1,2010.9,4,"1437","1797",1.26402467353205,-0.473871625284197,-0.137932974864133,10020.84222,10020.84222,"1",1.23737368732934,-3.12957409681909,-2.34033100596085,1.40750223583244,-0.428463263435776,-0.717823742922275,0.46923352275128
"750",2010,"4964",0.00731759555749422,0.00831930519050564,0.0535920778503867,0.0462744822928925,0,0.0452727726598811,0.207911486183763,0.138873808773711,-0.105641230590818,0.821992325891951,-0.285275637037174,15402.0188756614,"0",2006,0,2010.1,2010.9,4,"2959","1831",-0.452501818950629,-0.717109793274334,0.579785815640249,36751.61124,36751.61124,"0",-0.149823252123052,-3.07316460820498,-3.09504947222886,0.304745433228109,0.323252352348656,-0.247986828299454,-0.412255685086396
"751",2010,"4971",0.0248234653448492,0.0404657791708409,0.0783777616215321,0.0535542962766829,0,0.0379119824506912,1.93559649569673,0.899141294006619,1.35545894199705,0.981473571257546,-0.294075558750625,18616.7646907216,"0",2006,0,2010.1,2010.9,4,"1669","1897",0.281518595157689,-0.71043266709415,-1.14195488944948,19071.2325,19071.2325,"0",1.05605138371035,-2.92705925605012,-3.27248805721284,0.827487582119875,1.64371201969318,-0.272632511522361,0.52426125471623
"752",2010,"4972",-0.0384867951253919,-0.0762047896010739,0.0327250959712075,0.0712118910965994,0,0.108929885572281,-1.44992231470776,1.79830918059628,0.195063584664443,0.821992325891951,-0.322061127243742,22953.4536752137,"1",2006,0,2010.1,2010.9,4,"1155","1808",2.16493221169973,-0.698986165071176,-0.865325934858006,21028.65961,21028.65961,"0",-1.71453659230964,-2.64209546472509,-2.21705085535854,-1.75985226393324,-2.92417098447431,-0.247986828299454,0.702389899609128
"753",2010,"4999",0.0071977655290596,0.00581230471288245,0.0530331561642376,0.045835390635178,0,0.0472208514513552,0.985504614937955,1.49354918048791,0.367524133097036,1.12320873368347,-0.362862862183538,18416.0193059211,"0",2007,0,2010.1,2010.9,3,"1757","1523",0.305431441509657,0.850107108716858,0.447485011270412,17355.30255,17355.30255,"0",-0.183080376435624,-3.08269876496529,-3.05291971590421,0.302623956444122,0.198652150391316,0.571656564094722,0.567011973950744
"754",2010,"5099",0.0100491837856595,-0.00554415573651437,0.0650367635286111,0.0549875797429517,0,0.0705809192651255,-0.280843416952759,0.0502910061932162,-0.472393972812528,1.24859881971763,0.266689026686426,60268.6802777778,"1",2006,1,2010.1,2010.9,4,"1753","1775",0.104771469947458,-0.273557839880562,1.78225893678038,NA,NA,"0",0.464159511449578,-2.90064794210691,-2.6509954363777,0.351729136773574,-0.269989892225995,-0.289083194278616,0.468220182194805
"755",2010,"5118",-0.0423554688129154,-0.0515835051630477,0.0447122533214805,0.0870677221343959,0,0.0962957584845282,0.43660337798446,0.0238915340565595,-0.834551558125911,1.24859881971763,0.266689026686426,16192.9918854425,"1",2006,0,2010.1,2010.9,4,"1717","1797",0.275280461326746,-0.409961988988737,-0.681255250517338,10020.84222,10020.84222,"0",-0.72447785512501,-2.44106904779776,-2.34033100596085,-1.51174417155671,-1.89308755879146,-0.776871731930336,0.459277867405589
"756",2010,"5123",-0.046018133948738,-0.0141321169976018,0.0368381463027444,0.0828562802514824,0,0.0509702633003462,-0.871312666118362,-0.130923191474264,0.522595605127119,-0.846606472618327,-0.160082374016298,17982.5829722443,"0",2007,0,2010.1,2010.9,3,"1042","1577",2.4186049581041,0.692962690232706,-0.865325934858006,25069.71699,25069.71699,"0",-1.33897530107163,-2.49064773530915,-2.97651288885294,-1.83368698257004,-0.845230839801496,0.490125712259756,0.61038124015338
"757",2010,"5125",-0.00519429127691723,-0.0193862331725959,0.0346329340875199,0.0398272253644371,1,0.0540191672601158,-0.317508079317215,0.357121892038114,-0.480611814094061,-0.375167769260896,-0.0994175876831677,15260.450426501,"0",2007,0,2010.1,2010.9,3,"2985","1752",-0.30902474083874,-0.0780134303198788,0.0843114593539948,13248.09287,13248.09287,"1",-1.53479107301472,-3.22320454616746,-2.91841634613605,-0.335312258912541,-1.1290022056367,-0.306084417994071,-0.236683841995845
"758",2010,"5128",-0.0574404922076382,-0.0175966213228978,0.0334379268607782,0.0908784190684165,0,0.051034548183676,0.352619041137904,0.956679092101785,0.575792397317909,-0.375167769260896,-0.152633746080385,1658.35777777778,"0",2007,0,2010.1,2010.9,3,"1789","1801",0.0621442221026595,-0.184847449201838,1.36313208024904,29545.51097,29545.51097,"0",-1.64618042101767,-2.39823271997468,-2.97525246023384,-2.25641766686458,-1.07756040976525,-0.669962894394192,-0.702572086948966
"759",2010,"5155",-0.000156154469970193,-0.0174808266646817,0.0626452827786062,0.0628014372485764,1,0.0801261094432879,1.60259437112729,1.60177770038736,0.406058437922783,-0.271726785810012,-0.0580396208201306,18942.1575,"0",2007,0,2010.1,2010.9,3,"1361","1698",1.68925746300842,0.263473880034809,-1.04887369111814,32515.83264,32515.83264,"1",0.34531541839565,-2.76777731964604,-2.52415351743107,-0.0287343665830975,-0.659101245747471,0.334786095096468,0.311555848028826
"760",2010,"5160",-0.0159664722746964,-0.0167102634043616,0.0395629498547133,0.0555294221294097,1,0.0562732132590749,0.648379619052284,-0.390626835153921,-0.323137903603032,-0.462497177411317,-0.0359712491745947,12910.8364322251,"0",2007,0,2010.1,2010.9,3,"1790","1731",0.116208048637538,0.000204333504362864,1.36313208024904,12434.81997,12434.81997,"1",-1.11261013564949,-2.89084227024036,-2.87753664286531,-0.780415258025056,-0.910633802256686,-0.34907762713432,-0.758772372730029
"761",2010,"5172",-0.0421443709903711,-0.0308742784608747,0.0444870118470726,0.0866313828374437,0,0.0753612903079472,0.704046824030432,0.392495310942859,0.331068116155714,-0.127189610288336,-0.727142167046885,13076.9022440393,"1",2007,0,2010.1,2010.9,3,"3022","3696",-0.445223996147878,-0.9566002222141,-0.01373755574224,NA,NA,"0",-0.74049841762854,-2.44609314063744,-2.58546152693986,-1.51180272986025,-1.32452767257843,-0.140678218371,-0.193757782143141
"762",2010,"5198",0.00962064335333095,0.0138332032873421,0.0574566245241591,0.0478359811708281,0,0.043623421236817,0.52452395037915,-1.07268469628758,-0.356962662568608,-1.1340463160225,-0.999829606459639,11451.2392160494,"0",2008,1,2010.1,2010.9,2,"3462","3093",-0.574531761168248,-0.587898801175202,1.27894065928643,NA,NA,"0",0.0710536152489567,-3.03997717849493,-3.13216108852834,0.386142161614274,0.576036459000602,-0.571342603175656,-0.901426898709811
"763",2010,"5213",0.00120206683353579,0.000501409259877898,0.0503263086350882,0.0491242418015524,0,0.0498248993752103,0.502111144062518,0.342513559536372,-0.720893484691129,-0.834464415870158,-0.423594683744208,19192.9543577982,"0",2007,0,2010.1,2010.9,3,"1491","1604",1.4147795744467,0.636290516623473,-1.48525717430641,NA,NA,"0",-0.349269504962902,-3.01340264297691,-2.99924043244959,0.0308249152911,-0.0525403951098043,0.451668261021708,0.316376203866592
"764",2010,"5216",-0.00643412746501915,-0.00113766281361362,0.0450138308037542,0.0514479582687733,0,0.0461514936173678,0.651806859741567,-1.99381171182931,0.792335718101793,-0.834464415870158,-0.423594683744208,10991.5580300958,"0",2007,0,2010.1,2010.9,3,"3595","3457",-0.89436963197612,-0.908838702160637,-0.536404172215191,11017.20092,11017.20092,"0",-0.703153712194074,-2.96718450128399,-3.07582595415032,-0.321587408223704,-0.135362928248927,-0.770587366027621,-0.685788510877891
"765",2010,"5236",0.0614805423558957,0.047288600460217,0.101307767720333,0.0398272253644371,1,0.0540191672601158,-0.317508079317215,0.357121892038114,-0.20951796675405,-1.49340449555053,-0.748768165926311,15260.450426501,"1",2008,1,2010.1,2010.9,2,"2985","1752",-0.0121054782949931,0.194398723017718,0.0843114593539948,NA,NA,"1",1.87010889568504,-3.22320454616746,-2.91841634613605,2.06216147156123,1.41293285392173,-0.54297613196909,-0.557151587221437
"766",2010,"5237",-0.00578911889913634,-0.00149849700406218,0.0475391691522493,0.0533282880513856,0,0.0490376661563115,0.990136481113029,-1.41074718884799,-1.32842363151419,-1.49340449555053,0.25462771668314,10176.2735597927,"1",2008,0,2010.1,2010.9,2,"4896","2990",-1.06323102880992,-0.354837907866327,0.580308743720781,15633.38449,15633.38449,"0",-0.530002061246213,-2.93128835592771,-3.0151665791002,-0.279845418372234,-0.149750227418107,-0.583899739696814,-1.32764478171541
"767",2010,"5261",0.000776107694041989,0.00139106634558744,0.0483611077769412,0.0475850000828992,1,0.0469700414313538,0.176353730880544,0.151075408169151,1.37347719924581,-1.49340449555053,-0.932125165847559,14815.1573782051,"1",2008,1,2010.1,2010.9,2,"3641","3515",-0.721204604562351,-0.708949730015189,0.0108400640418938,NA,NA,"1",-0.475624476327663,-3.0452376917157,-3.05824529686243,0.0129626714444422,-0.00713516414576594,-0.955009800425815,-0.814760402158695
"768",2010,"5265",-0.00471213326845277,-0.00545592439811792,0.050817288860957,0.0555294221294097,2,0.0562732132590749,0.648379619052284,-0.390626835153921,0.57691735377956,-1.49340449555053,0.729719582223711,12910.8364322251,"0",2008,0,2010.1,2010.9,2,"1790","1731",0.373573679367943,0.236327530974684,1.36313208024904,NA,NA,"1",-0.318471770605006,-2.89084227024036,-2.87753664286531,-0.221242922256674,-0.317768176011034,-0.525184709452298,-0.89675496758646
"769",2010,"5269",-0.00240853561142049,0.00194106500644632,0.0529756131901223,0.0553841488015428,0,0.051034548183676,0.352619041137904,-2.77066700748754,0.584334389175963,-1.49340449555053,-0.932125165847559,12162.3832440476,"1",2008,0,2010.1,2010.9,2,"3451","1801",-0.535123004047732,0.101823313554744,1.27894065928643,12532.65405,12532.65405,"0",-0.186524195351901,-2.89346184888565,-2.97525246023384,-0.122484249598247,0.0121489411791853,-0.874368887905292,-0.94999649303021
"770",2010,"5281",0.0100823343061829,0.0144319349240497,0.0654664831077257,0.0553841488015428,0,0.051034548183676,0.352619041137904,-2.77066700748754,-0.106823381528391,0.252716665275092,-1.25191799533665,12162.3832440476,"1",2009,1,2010.1,2010.9,1,"3451","1801",-0.31422318569796,0.304490512284156,1.27894065928643,NA,NA,"0",0.485050315133149,-2.89346184888565,-2.97525246023384,0.350387864632624,0.513514270263914,-0.719517286652852,-0.695884585380636
"771",2010,"5283",-0.0376084560159576,-0.00579797471916928,0.0494592661184383,0.0870677221343959,0,0.0552572408376075,-0.00766526710952278,0.0238915340565595,-0.42032213708339,0.252716665275092,-0.476955232234136,16192.9918854425,"1",2009,0,2010.1,2010.9,1,"1717","1533",1.07584096963183,1.45581784077072,-0.681255250517338,10519.59693,10519.59693,"0",-0.40439764166769,-2.44106904779776,-2.89575589128705,-1.28636782850326,-0.338769340849473,0.235115439773495,0.151885471116148
"772",2010,"5287",0.00758907730366429,0.0068884197300064,0.0567133191052167,0.0491242418015524,0,0.0498248993752103,0.502111144062518,0.342513559536372,-0.707336895897617,0.29451336061981,0.0758961611707996,19192.9543577982,"0",2009,0,2010.1,2010.9,1,"1491","1604",1.86600458821865,1.05027233979095,-1.48525717430641,62874.58848,62874.58848,"0",0.0297477806855089,-3.01340264297691,-2.99924043244959,0.297700299029477,0.230415737353693,0.329245979704074,0.225790248820378
"773",2010,"5289",-0.00541307188227728,0.0140435282494282,0.0488801492524901,0.0542932211347673,0,0.0348366210030618,0.309931251344494,0.694456766192567,-1.28140455011187,0.29451336061981,0.229813111160295,13473.742612172,"0",2009,1,2010.1,2010.9,1,"1791","1729",0.750418321450577,0.772843220061112,0.669990909528793,NA,NA,"0",-0.441759921121555,-2.91335590081588,-3.35708611783615,-0.257766246651739,0.725863723219582,0.149027304034055,-0.38783331974989
"774",2010,"5290",0.0144444625949552,0.0148699879550614,0.0535886473274833,0.0391441847325281,0,0.0387186593724219,-0.291413562652299,-1.22664118592293,-0.949334588022344,-0.0328551693985833,0.874812026758458,13152.3706116643,"1",2008,0,2010.1,2010.9,2,"5079","1867",-0.893131095386776,-0.0177368595572878,0.48670461730891,24957.17595,24957.17595,"0",-0.150026316332594,-3.24050340570009,-3.2514336408193,0.678373707319875,0.693450999346418,-0.592299296881454,-1.08498129724575
"775",2010,"5291",0.0110189617571309,-0.0184278251087349,0.0569334651992124,0.0459145034420814,0,0.0753612903079472,0.704046824030432,-1.26820869546144,0.184042901979398,-0.0328551693985833,-0.26923545508108,24266.2541121751,"1",2008,0,2010.1,2010.9,2,"1043","3696",3.29161701620801,-0.469941451092323,-0.615889240453205,23244.06223,23244.06223,"0",0.0420375612493504,-3.08097423269622,-2.58546152693986,0.457283078312725,-0.740323831537191,-0.598171761865867,0.314119952772331
"776",2010,"5291",0.0110189617571309,-0.0184278251087349,0.0569334651992124,0.0459145034420814,0,0.0753612903079472,0.704046824030432,-1.26820869546144,0.184042901979398,-0.0328551693985833,-0.26923545508108,24266.2541121751,"1",2008,0,2010.1,2010.9,2,"1043","3696",3.29161701620801,-0.469941451092323,-0.615889240453205,23244.06223,23244.06223,"0",0.0420375612493504,-3.08097423269622,-2.58546152693986,0.457283078312725,-0.740323831537191,-0.598171761865867,0.314119952772331
"777",2010,"5293",-0.0297321770454991,-0.0184620845160027,0.0568992057919446,0.0866313828374437,0,0.0753612903079472,0.704046824030432,0.392495310942859,0.183509010583755,-0.272193787992629,-0.220063539318471,13076.9022440393,"0",2008,1,2010.1,2010.9,2,"3022","3696",0.117358524139106,-0.440452113571639,-0.01373755574224,NA,NA,"0",0.0401281358982273,-2.44609314063744,-2.58546152693986,-0.962144392583055,-0.741749316951814,-0.650382812220598,-0.565583537828902
"778",2010,"5294",0.0266821275415721,0.0252966667253949,0.0725175181767501,0.045835390635178,0,0.0472208514513552,0.985504614937955,1.49354918048791,0.128805958489985,0.29451336061981,-1.2558285073228,18416.0193059211,"1",2009,1,2010.1,2010.9,1,"1757","1523",1.06232501299813,1.54452823144944,0.447485011270412,NA,NA,"0",0.809533606294415,-3.08269876496529,-3.05291971590421,1.00154785141099,0.939690156354509,0.239154857041624,0.14783524994194
"779",2010,"5317",0.0056619787715852,0.00665055283159156,0.0380093231562274,0.0323473443846422,1,0.0313587703246358,-0.497777496040853,-2.10863169187277,2.33494709010072,0.582887208389214,-0.650423619779101,12557.4428189202,"1",2009,0,2010.1,2010.9,1,"4973","1868",-0.826789848807544,0.169994113513133,1.40130583012652,17355.30255,17355.30255,"1",-1.23969329124368,-3.43122335152406,-3.46226129585559,0.337108269020468,0.379241630080206,-0.467131816105173,-0.661867612782536
"780",2010,"5322",-0.000963750881811255,0.0111658174633273,0.0524296162968533,0.0533933671786646,0,0.041263798833526,0.165359419713026,-0.253013757103238,-0.157331721267512,-0.0328551693985833,0.668720313587086,12323.0009046283,"1",2008,1,2010.1,2010.9,2,"3453","1744",-0.22274191889841,0.650940058488525,1.3537193747998,NA,NA,"0",-0.219388288325097,-2.93006875086807,-3.18776970496346,-0.0638587627494951,0.49089923220748,0.100029892390485,-0.543408810648489
"781",2010,"5323",-0.00798687744037659,-0.01106366547233,0.0445338447470122,0.0525207221873888,0,0.0555975102193422,-0.911676034331063,1.07419871741475,0.286070128161893,0.29451336061981,0.229813111160295,15043.945892317,"0",2008,0,2010.1,2010.9,1,"3002","1581",0.245129481143748,1.27673950584148,0.0843114593539948,11302.76178,11302.76178,"0",-0.737160703981768,-2.94654747893019,-2.88961685895592,-0.391627829117907,-0.601732793663809,0.268093788485441,-0.384464592267624
"782",2010,"5324",0.0302984607620998,0.0272216727301465,0.0828191829494886,0.0525207221873888,0,0.0555975102193422,-0.911676034331063,1.07419871741475,0.0874306756749267,0.29451336061981,-0.274814115523701,15043.945892317,"0",2008,0,2010.1,2010.9,1,"3002","1581",0.245129481143748,1.27673950584148,0.0843114593539948,9998.066293,9998.066293,"0",1.2309010693694,-2.94654747893019,-2.88961685895592,0.994132823157836,0.867527762313247,0.268093788485441,-0.384464592267624
"783",2010,"5326",-0.0159156070593227,-0.0683752885444355,0.0541521603546153,0.070067767413938,1,0.122527448899051,-0.271189454593705,0.363054768050947,1.16768764665748,0.775292107629682,-0.410929590351522,3854.42,"0",2009,0,2010.1,2010.9,1,"4935","3486",-0.794559490680928,-0.524427009219374,0.580308743720781,10020.84222,10020.84222,"1",-0.116843178852117,-2.65829239933168,-2.09942020145257,-0.598699279917667,-2.00998354772961,-0.527178000858455,-0.699250870483707
"784",2010,"5333",-0.000951791400807825,-0.018731669241048,0.041979913616348,0.0429317050171558,1,0.060711582857396,0.393898611204706,0.888712110426615,-0.544772094493973,0.0297231230728393,-0.578931643836648,17286.3799818841,"1",2009,0,2010.1,2010.9,1,"1857","3618",0.433313185044055,-0.257451423099521,0.48016801630249,37658.52934,37658.52934,"1",-0.924504777884582,-3.14814468131827,-2.80162077774686,-0.0732498856827083,-0.949987923316382,-0.472790314934764,-0.470493761346356
"785",2010,"5336",-0.0413348592286989,-0.00944884227756265,0.0415214210227835,0.0828562802514824,1,0.0509702633003462,-0.871312666118362,-0.130923191474264,-0.106689913880869,0.0297231230728393,-0.623794866605243,17982.5829722443,"0",2009,0,2010.1,2010.9,1,"1042","1577",3.12559345894494,1.34159780487299,-0.865325934858006,24957.17595,24957.17595,"1",-0.959341158329107,-2.49064773530915,-2.97651288885294,-1.56637725459477,-0.561814191408403,0.239113285404929,0.420044774474099
"786",2010,"5337",-0.0184028614104564,-0.0178732748190905,0.0366135432782802,0.0550164046887367,1,0.0544868180973707,0.671589843859456,-0.572699228000695,0.689602996290334,0.0297231230728393,-0.602827789275932,13425.9367563025,"0",2009,0,2010.1,2010.9,1,"4936","1710",-0.737376597230617,0.608776691063873,1.25985378434768,10787.548,10787.548,"1",-1.35837544340614,-2.90012387115451,-2.90979647634116,-0.932733082101672,-1.01771240022285,-0.403146136444439,-0.697703672712053
"787",2010,"5340",0.0273247442112542,0.0339109296803366,0.0677027441517928,0.0403779999405386,0,0.0337918144714562,0.0298816616499622,-0.100195325276279,-0.796226994119285,-0.217788033717103,-1.2558285073228,14197.5499191919,"1",2009,1,2010.1,2010.9,1,"3491","5169",-0.148912639177809,-1.20644775476033,0.914721251208976,NA,NA,"0",0.591599271200477,-3.20947019826672,-3.38753668122307,1.13125411859533,1.56943341798624,-0.824103417567167,-0.708252928437783
"788",2010,"5447",0.00487099122263446,-0.00428054416127331,0.0519926690978016,0.0471216778751671,0,0.0562732132590749,0.648379619052284,1.14761350295148,-0.0679840048218003,0.0297231230728393,-0.387923325072392,17903.6276896552,"1",2009,0,2010.1,2010.9,1,"2989","1731",0.217245363801085,0.546774805105637,-0.602031646319602,27657.75042,27657.75042,"0",-0.245936058742089,-3.0550221317166,-2.87753664286531,0.196546649210639,-0.263616491453678,-0.404376337753086,-0.420239611201344
"789",2010,"5448",-0.0105734306138596,-0.00862947272656776,0.044414149129092,0.0549875797429517,1,0.0530436218556598,-0.744691433410196,0.0502910061932162,0.621495860135138,0.0297231230728393,-0.387923325072392,60268.6802777778,"0",2009,0,2010.1,2010.9,1,"1753","4860",1.03113434384333,-0.770526802715315,1.78225893678038,NA,NA,"1",-0.745698231341562,-2.90064794210691,-2.93664065007275,-0.500161427594372,-0.496744382157403,-0.76284561720024,0.130038873648479
"790",2010,"5449",-0.0136248486612067,-0.00579711021517848,0.0494601306224291,0.0630849792836358,0,0.0552572408376075,-0.00766526710952278,-0.368760966600767,-0.274021455620605,0.775292107629682,-0.410929590351522,0,"0",2009,1,2010.1,2010.9,1,"3604","1533",-0.396358614472132,1.5063732247059,0.40565076482935,NA,NA,"0",-0.404342195019717,-2.7632725839906,-2.89575589128705,-0.56664857907721,-0.338727947040634,0.249093983028886,-0.526999418496282
"791",2010,"5451",-0.038112379363413,0.00189411296991433,0.0466063662913948,0.0847187456548078,0,0.0447122533214805,-0.861709597691108,-0.859119502462442,0.592552251263054,0.0297231230728393,-0.602827789275932,18023.4985947712,"0",2009,1,2010.1,2010.9,1,"3518","5118",-0.31318349672615,-0.985148715647811,-0.536404172215191,NA,NA,"0",-0.592864916727075,-2.46841838357282,-3.10750769140455,-1.35798424898802,0.0220023431629982,-0.651228448689871,-0.616490112447363
"792",2010,"5456",0.018448362424389,-0.00767391172178594,0.0500270772272489,0.0315787148028598,0,0.0577009889490348,0.178559387611309,-1.07546457277998,0.362242580060979,-0.217788033717103,-0.620043501759585,12608.5513549832,"1",2009,0,2010.1,2010.9,1,"4958","4888",-0.706185928075896,-0.780065554401221,1.40130583012652,12011.75893,12011.75893,"0",-0.368187111384794,-3.45527196753566,-2.85248096611696,1.00447264985361,-0.414220320763199,-0.859825187778146,-0.788577471090035
"793",2010,"5464",0.00463214984798974,-0.047827531637123,0.0746999172619277,0.070067767413938,1,0.122527448899051,-0.271189454593705,0.363054768050947,0.691223686756272,-0.217788033717103,-0.858020609537949,3854.42,"0",2009,1,2010.1,2010.9,1,"4935","3486",-0.610534542667942,-0.35559110437918,0.580308743720781,NA,NA,"1",0.903591769252015,-2.65829239933168,-2.09942020145257,0.119814040363885,-1.24817574296902,-0.667752673906486,-0.855346875924956
"794",2010,"5466",0.096590038086823,0.104110401069749,0.149110760274212,0.0525207221873888,0,0.045000359204463,-0.646692733188473,1.07419871741475,-1.23688321742666,-0.217788033717103,-0.858020609537949,15043.945892317,"0",2009,1,2010.1,2010.9,1,"3002","1886",0.431233807100438,0.651701073650451,0.0843114593539948,NA,NA,"0",3.09624535111169,-2.94654747893019,-3.10108480692228,2.3075675656987,2.76090445817745,-0.45499171723816,-0.4716776914562
"795",2010,"5498",0.0168148561681103,0.0134528368053135,0.0584531960097764,0.0416383398416661,0,0.045000359204463,-0.646692733188473,-0.591766551695188,0.0495065146108657,-0.307218951689325,-0.147317948846114,6359.09583333333,"1",2009,0,2010.1,2010.9,1,"4868","1886",-0.419231771852202,0.702256457585625,-0.218725363303416,12011.75893,12011.75893,"0",0.125602851930342,-3.17873390534655,-3.10108480692228,0.734481396291487,0.543165203720903,-0.51416051382146,-1.00474243821654
"796",2010,"5499",0.0037796419956091,0.0081292426134759,0.0591637907971519,0.0553841488015428,0,0.051034548183676,0.352619041137904,-2.77066700748754,-0.470163138584903,-0.331503065185686,0.385830859264305,12162.3832440476,"1",2010,0,2010.1,2010.9,1,"3451","1801",0.0351123088351766,0.624992568929959,1.27894065928643,13895.68738,13895.68738,"0",0.163933574400286,-2.89346184888565,-2.97525246023384,0.124281677255735,0.273783908437248,-0.777453289136864,-0.788969180004232
"797",2010,"5507",0.0794784523793132,0.0667402090741806,0.112948799667138,0.0334703472878253,0,0.0462085905929579,2.47696459763106,-0.00719082751936455,0.0113154182517621,-0.144235189954056,-0.642548415012914,13917.1639171375,"1",2009,0,2010.1,2010.9,1,"3094","1553",0.22504019040958,1.70191763426658,1.37228332165803,29769.57144,29769.57144,"0",2.21515329527818,-3.39709538771995,-3.07458955460929,2.69352174360498,2.04037710613262,0.152332064744295,-0.525911522714636
"798",2010,"5508",-0.0051604778681747,-0.000869855973100547,0.0481678101832109,0.0533282880513856,1,0.0490376661563115,0.990136481113029,-1.41074718884799,-3.39898352068882,-0.144235189954056,-0.507998137356993,10176.2735597927,"1",2009,0,2010.1,2010.9,1,"4896","2990",-0.510724401372833,0.152065951533005,0.580308743720781,13248.09287,13248.09287,"1",-0.488329027970705,-2.93128835592771,-3.0151665791002,-0.250502411686096,-0.118639138900106,-0.576186785539836,-0.973402757067676
"799",2010,"5518",0.0053603585223296,-0.0013655588956823,0.0515702168508217,0.0462098583284921,0,0.052935775746504,-0.875537325298186,0.492738676384933,-0.490450366647089,-0.144235189954056,-0.58225423410681,14188.6794172063,"0",2009,0,2010.1,2010.9,1,"3590","1750",-0.145793572262294,0.71084133410288,-0.536404172215191,3504.186439,3504.186439,"0",-0.271816140366792,-3.07456211992392,-2.93867587859494,0.221968752992367,-0.138146890040618,-0.519541881954859,-0.806294508588822
"800",2010,"5519",0.0306945318908305,0.0278700201754001,0.0789702401145324,0.0482757082237019,0,0.0511002199391324,0.364851913250285,0.233576089597224,-0.829880169657097,-0.144235189954056,-0.642548415012914,12788.3485326087,"1",2009,0,2010.1,2010.9,1,"5147","5159",-0.91516341141266,-1.09961373587845,-0.117800243764363,18811.66026,18811.66026,"0",1.07994066935771,-3.03082678016509,-2.97396647768913,1.07608581481628,0.954585410913857,-1.02580976606994,-1.11073318022111
"801",2010,"5522",0.0114477374078598,0.00409756562931304,0.0572831280430378,0.045835390635178,0,0.0531855624137248,-0.606074858289539,1.49354918048791,-2.73851590213618,-0.144235189954056,-0.545057258532789,18416.0193059211,"1",2009,0,2010.1,2010.9,1,"1757","1616",1.34719979127812,1.3088116037231,0.447485011270412,14448.74197,14448.74197,"0",0.0614603413225292,-3.08269876496529,-2.93396830266628,0.474811084478974,0.0995128322011307,0.17308186429436,-0.0105608497087514
"802",2010,"5524",0.00701664430602656,0.0103189915099675,0.0565275821029254,0.0495109377968988,0,0.0462085905929579,2.47696459763106,0.42301794726058,-0.456244262629069,-0.144235189954056,-0.547545393956902,11053.4634234499,"0",2009,0,2010.1,2010.9,1,"3608","1553",-0.146833261234104,1.70382538460373,-0.536404172215191,13248.09287,13248.09287,"0",0.0193417462875666,-3.00556166822288,-3.07458955460929,0.272859397815565,0.401089487737771,0.152332064744295,-0.806294508588822
"803",2010,"5530",0.0345763472609279,0.0435279531141301,0.0904341281676196,0.0558577809066916,1,0.0469061750534895,0.536960416732348,-1.83930671424198,0.237544745245475,-0.144235189954056,-0.642548415012914,16634.024469697,"0",2009,0,2010.1,2010.9,1,"3594","5197",-0.124999792825842,-1.28431367938308,-0.536404172215191,10464.04087,10464.04087,"1",1.50993363296904,-2.88494644523538,-3.05960594794337,1.05301321688139,1.4784096221656,-0.731666866017327,-0.806294508588822
"804",2010,"5549",0.0199305590987873,0.00715510240985299,0.0567687054015317,0.0368381463027444,1,0.0496136029916787,0.390318670206405,0.601638829949661,-1.50021682090362,-0.331503065185686,-0.57761184111889,12117.4776353276,"0",2009,0,2010.1,2010.9,1,"5123","4934",-0.802877002455664,-0.680862536868018,-0.645696141042442,15528.58363,15528.58363,"1",0.0328442375689024,-3.30122138637608,-3.00349022898748,0.94275824341267,0.242791805913855,-0.865669442816425,-1.02889561353664
"805",2011,"1042",0.0369417768094009,0.0361918302891299,0.0828562802514824,0.0459145034420814,0,0.0466644499623525,-1.01435749465966,-1.26820869546144,-0.226068079880073,-1.0427473893198,0.370281014121953,24266.2541121751,"0",1996,0,2011.1,2011.9,15,"1043","559",-1.37731084074928,-0.794855831946977,-0.615889240453205,33555.9305,33555.9305,"0",1.23232167617851,-3.08097423269622,-3.06477264697587,1.29539137035533,1.28339366425291,-1.48231866897484,-0.726126325848039
"806",2011,"1533",0.00545361803588099,-0.0107545335081861,0.0552572408376075,0.0498036228017265,1,0.0660117743457937,-1.49953245679788,0.897480827314441,0.125221369091465,-1.20269563686801,0.504838030299769,17276.4077385798,"1",1999,0,2011.1,2011.9,12,"677","1028",0.571591818296727,-0.369899231908122,-1.66148393743936,4089.407035,4089.407035,"1",-0.0527600379313141,-2.99966755057485,-2.71792215368826,0.208925541853706,-0.497400852836648,0.571339627611491,-0.19379041390536
"807",2011,"1542",-0.0008916885173487,-0.0112876300468504,0.0388974436853738,0.0397891322027225,0,0.0501850737322242,-0.180214913045909,-0.108852113398934,0.347942379858258,-1.14105134876183,0.292172989466317,21884.2153401361,"1",1999,0,2011.1,2011.9,12,"1022","1199",-0.269516559909541,-0.70992184869798,1.09957632767038,77611.45903,77611.45903,"0",-1.1664249407671,-3.22416146421258,-2.99203763250904,-0.0737992228731064,-0.679647191481399,0.984204927557143,0.675045734774897
"808",2011,"1604",-0.0146097417059873,0.000297517673779828,0.0498248993752103,0.0644346410811976,0,0.0495273817014305,-0.234643538565577,0.0280333462457904,0.698106851562589,0.548095545783827,0.239358157811557,34968.4026923077,"1",2000,0,2011.1,2011.9,11,"1247","494",-0.300545310289867,1.78123782758895,-0.247747871771891,43888.0765,43888.0765,"0",-0.381033091876637,-2.74210388550332,-3.00522959666177,-0.597518891560278,-0.0620699792836802,-0.243283285235244,0.897797421298048
"809",2011,"1698",-0.0058471414744056,0.0363758505025773,0.0801261094432879,0.0859732509176935,0,0.0437502589407106,0.179339847629122,-1.15859959185701,1.93482720713748,0.129661590154048,0.290686088358498,21880.6309090909,"1",2001,1,2011.1,2011.9,10,"1552","1504",-1.0066560409332,-1.04047347542586,-0.33821442970069,NA,NA,"0",1.12603483083496,-2.45371906695108,-3.12925774755122,-0.180497386392244,1.35675913521185,0.573344886065711,0.963980465421426
"810",2011,"1716",0.0475192580674012,0.0410217713187314,0.0934337615094826,0.0459145034420814,1,0.0524119901907512,-2.5336086558896,-1.26820869546144,-0.683732013731955,0.328371018859941,0.225346619205495,24266.2541121751,"0",2002,0,2011.1,2011.9,9,"1043","1412",0.915728867970815,-0.401377112471486,-0.615889240453205,27315.92288,27315.92288,"1",1.61344560127534,-3.08097423269622,-2.94861989339636,1.56375009069202,1.29284862811051,1.12939453777886,1.06006239496205
"811",2011,"1750",-0.0300334032275646,0.00237947239245072,0.052935775746504,0.0829691789740685,0,0.0505563033540532,0.648820761506607,-1.38212754511904,-0.850091124547683,0.328371018859941,0.159338621536349,0,"1",2002,0,2011.1,2011.9,9,"1362","1187",-0.243524335613781,0.16414837033519,-1.04887369111814,52447.26801,52447.26801,"0",-0.188910569697462,-2.48928607781027,-2.98466764585817,-1.02693957192004,0.0326645067843983,1.49890491150844,1.19256042061526
"812",2011,"1752",0.00459735890823288,0.00781057666715795,0.0540191672601158,0.0494218083518829,0,0.0462085905929579,2.47696459763106,-0.420365868325012,-0.22297922448584,0.247346140174924,0.15247854512607,6837.80397435898,"1",2002,1,2011.1,2011.9,9,"1200","1553",0.564876450183683,-0.819174436313341,-0.865325934858006,NA,NA,"0",-0.124643399769742,-3.00736348759208,-3.07458955460929,0.175500498062387,0.293597081445882,1.98526186839629,1.38737280423339
"813",2011,"1753",0.00350760733345905,-0.00239322808669298,0.0549875797429517,0.0514799724094926,0,0.0573808078296446,0.161474078096692,0.715539031599091,-0.0408708064292188,1.32168466129804,4.19408238678347,21815.4118435078,"0",2002,0,2011.1,2011.9,9,"1244","1188",0.0486282654689617,-0.0180339682163729,1.67375136007389,NA,NA,"0",-0.0682785728221373,-2.9665624322005,-2.8580453899354,0.124054311217277,-0.177145272581482,1.6492644133319,2.05523886109328
"814",2011,"1829",-0.0366164422686946,-0.00422270181828482,0.0532538276811535,0.0898702699498481,0,0.0574765294994384,-0.201032845354227,-0.430272683737408,-0.852836771475272,0.158849226567958,-1.2558285073228,6837.80397435898,"1",2003,0,2011.1,2011.9,8,"1190","1489",0.947473469774417,-0.409961988988817,-0.865325934858006,11828.00249,11828.00249,"0",-0.169908229274312,-2.40938809353481,-2.8563785971265,-1.19202127925718,-0.256964413308834,1.16443453507831,1.14302396677374
"815",2011,"1864",-0.044022776258799,0.0249487664921797,0.0560041264638899,0.100026902722689,0,0.0310553599717103,1.01920015605379,0.773002196945418,0.595545754790008,-0.301848426589157,-0.117515253591337,20641.8694783933,"0",2003,0,2011.1,2011.9,8,"1503","1209",-0.0147927618124633,0.278735882732163,-0.0291639341173666,77611.45903,77611.45903,"0",-0.0101702002177835,-2.30231610194849,-3.47198386161283,-1.3187039318004,1.32016967542548,1.61052026048477,1.14941442466994
"816",2011,"1868",-0.0185679755631298,-0.014849820268322,0.0313587703246358,0.0499267458877657,0,0.0462085905929579,2.47696459763106,-0.559508815936449,-0.425565553533647,0.158849226567958,-0.0184569613787307,18876.280979448,"1",2003,0,2011.1,2011.9,8,"1384","1553",0.158835296482336,-0.479594876295728,-1.04887369111814,50775.51759,50775.51759,"0",-1.84982515649965,-2.99719843008107,-3.07458955460929,-1.06194724069491,-0.994340899656391,1.3705849239723,0.90435324518159
"817",2011,"1877",-0.0194843956151411,0.000949460600295535,0.0440756118101234,0.0635600074252645,1,0.0431261512098279,0.145898813199516,0.083854713266193,-1.19617529365476,0.111682006123092,0.0607482372535563,52540.4536111111,"1",2003,0,2011.1,2011.9,8,"1893","1524",-1.07527551307368,-0.405192613145785,1.72813588044726,35837.17875,35837.17875,"1",-0.769970222218304,-2.75577082049071,-3.14362570926626,-0.840852344672075,-0.0246810059270792,1.12844288839934,1.71390925811804
"818",2011,"1897",-0.0317384922471519,-0.00985833612903386,0.0379119824506912,0.0696504746978431,0,0.047770318579725,1.55476570178633,-0.201073028367307,2.30905417923151,0.111682006123092,0.102942963244135,19444.8983277962,"1",2003,1,2011.1,2011.9,8,"927","501",1.77555164766983,1.46631046762512,-0.113616819120252,NA,NA,"0",-1.24782760298581,-2.66426576330441,-3.04135078256912,-1.38171097837838,-0.623634717695872,0.434372513879544,0.466683480575277
"819",2011,"2968",-0.0381041192263419,-0.0194445367880318,0.0485883837377727,0.0866925029641146,1,0.0680329205258045,0.0171228362060022,-0.935948502140529,-2.57937363564835,-0.0830579040305069,-0.0946237732194918,16921.0113884535,"0",2003,0,2011.1,2011.9,8,"459","176",2.48317362020665,3.41956012910096,-1.04390587435327,22859.85541,22859.85541,"1",-0.460751478478494,-2.44538786993661,-2.68776356557744,-1.31640134290754,-0.873409510868865,-0.0148855141044914,0.314751830217523
"820",2011,"3002",-0.014588446803797,-0.0451503888316715,0.0525207221873888,0.0671091689911858,0,0.0976711110190603,0.66291993575903,0.533354689629059,1.00554232689208,-0.194671425677288,0.104549125487491,15649.8439857189,"0",2003,0,2011.1,2011.9,8,"1782","1495",-1.21251445735454,-0.315528347298485,0.669990909528793,21286.15148,21286.15148,"0",-0.213880814068842,-2.70143459767534,-2.3261494543539,-0.570662593429853,-1.54548515438564,1.0751853436725,-0.206171562139403
"821",2011,"3094",-0.0591640871112406,-0.0137505041635299,0.0334703472878253,0.0926344343990659,0,0.0472208514513552,0.985504614937955,0.0034435859409016,-0.099616086951109,0.955554950121982,0.00265770637046059,40475.822,"0",2004,0,2011.1,2011.9,7,"1891","1523",-0.880518475072896,-0.00330363364570957,1.82696928766426,54153.30042,54153.30042,"0",-1.64310624528366,-2.37909434469248,-3.05291971590421,-2.2970009187587,-0.891333158429467,0.814455130770951,-0.287764629506036
"822",2011,"3507",-0.00598924699082924,-0.0166935598431542,0.0562885757699219,0.0622778227607512,0,0.0729821356130762,-0.510315750257652,-1.93605938020789,-0.775634694176256,-0.146103198684548,0.477627372147019,48580.1919230769,"0",2004,0,2011.1,2011.9,7,"1760","2972",-0.672475575538598,-1.41398857798497,1.11343392180399,NA,NA,"0",0.00590084145621933,-2.77614989151067,-2.61754058541108,-0.249023367479183,-0.691331889754357,-1.18789345088421,1.11479413471313
"823",2011,"3517",-0.0400673222554784,0.0103958285024782,0.0492959634529258,0.0893632857084042,0,0.0389001349504476,-0.853124537495171,0.381077314694049,-0.725126354437134,-0.749003016450229,-1.2558285073228,0,"0",2005,0,2011.1,2011.9,6,"1828","1848",-0.992100395327695,-1.13586099228476,0.48016801630249,102680.0184,102680.0184,"0",-0.414888797047528,-2.41504535555513,-3.24675755920058,-1.35188194385719,0.484643436713906,-0.178229297604925,-0.177581970118097
"824",2011,"3567",0.00937314166485614,0.00798768084867899,0.0552085323000342,0.045835390635178,0,0.0472208514513552,0.985504614937955,1.49354918048791,1.15779189962853,1.75599669113699,-0.171231522549032,18416.0193059211,"0",2004,0,2011.1,2011.9,7,"1757","1523",-0.512775372513888,0.0994334132006955,0.447485011270412,43888.0765,43888.0765,"0",-0.0555575188624665,-3.08269876496529,-3.05291971590421,0.392415933852299,0.293854601429568,0.789268104189468,0.916680186269487
"825",2011,"3574",-0.00495456706957517,0.0473629050364437,0.0993803606550273,0.104334927724603,0,0.0520174556185836,-0.0936686249187542,-0.788801752063556,0.653108863568768,-0.749003016450229,-0.0895775058905502,27814.0594444444,"0",2005,0,2011.1,2011.9,6,"3090","1381",-1.25997938366663,0.97601863097055,-0.414823393495862,18924.05562,18924.05562,"0",1.80917557173785,-2.2601490955214,-2.95617593175754,-0.131842932011454,1.45686551003768,1.12125852950273,0.466841747587259
"826",2011,"3576",-0.0158529717595796,0.00125101975386273,0.0401511547043103,0.0560041264638899,0,0.0389001349504476,-0.853124537495171,0.673020025766192,-0.926606784913412,-0.749003016450229,0.168955094086682,12588.2127025765,"1",2005,1,2011.1,2011.9,6,"1864","1848",-0.96090972617289,-1.12059898958733,-0.0357005351237869,NA,NA,"0",-1.06579448496009,-2.88232990410655,-3.24675755920058,-0.766464597863206,-0.00129154046040596,-0.178229297604925,-0.290383920943131
"827",2011,"3590",0.0161289929153974,-0.0735884492247137,0.0462098583284921,0.0300808654130946,1,0.119798307553206,-0.66735798370139,1.20934907761846,0.411301833567484,-0.749003016450229,0.0272100157112919,14820.5340569878,"0",2005,1,2011.1,2011.9,6,"2963","1796",-1.15214147998251,-0.755264800017881,-0.0861630948933245,NA,NA,"1",-0.61996810668893,-3.50386600993222,-2.12194572066931,0.935728081264721,-2.33224737951789,-0.189595379923457,-0.229393614196946
"828",2011,"3594",0.00741555638426766,0.00530147755263839,0.0558577809066916,0.048442224522424,0,0.0505563033540532,0.648820761506607,0.127847603919173,-1.97200175669663,-0.749003016450229,0.248335027574739,19091.7559569378,"0",2005,0,2011.1,2011.9,6,"1740","1187",-0.24560371355749,1.23248855915448,0.447485011270412,30440.90397,30440.90397,"0",-0.0184703766256172,-3.02738343809768,-2.98466764585817,0.294976490924022,0.159906982719066,0.862871101831533,0.757776609971011
"829",2011,"3606",-0.0372532304097038,-0.0181866071118115,0.0363002109855592,0.073553441395263,0,0.0544868180973707,0.671589843859456,0.505873124066593,0.0876022799082481,-0.749003016450229,-0.222164394544728,18496.1403694581,"0",2005,0,2011.1,2011.9,6,"3003","1710",-1.23406101705749,-0.693262914059648,-0.33586125333838,11847.20943,11847.20943,"0",-1.38563935233365,-2.60974304315489,-2.90979647634116,-1.60053064626508,-1.03806632738681,-0.166620318391955,0.257633014767955
"830",2011,"3608",-0.0270977462358049,-0.00342483794960517,0.0495109377968988,0.0766086840327037,1,0.052935775746504,-0.875537325298186,0.70337474857807,0.340048647542133,-0.749003016450229,-0.256297897868316,16222.862311522,"0",2005,0,2011.1,2011.9,6,"1705","1750",-0.580383562485118,-0.744772173163478,0.579262887559741,31376.00397,31376.00397,"1",-0.401085278886363,-2.56904484008817,-2.93867587859494,-0.998186244924366,-0.234653030703333,-0.189595379923457,-0.233224929086111
"831",2011,"3645",0.0296285801414712,0.00645868487696974,0.0785671002146544,0.0489385200731832,0,0.0721084153376846,-1.08257991232734,0.215497578571536,-0.783700009920146,0.0923014155442411,-0.780787884777864,11647.728,"0",2005,0,2011.1,2011.9,6,"1576","1512",0.337925982899599,0.322614140487318,0.296620260042353,96326.0932,96326.0932,"0",1.06370527002304,-3.01719046104104,-2.62958452391989,1.03419571840316,0.126896729319794,0.660550781855145,0.758214122009952
"832",2011,"3699",0.0192657402559422,-0.00312981603469629,0.0678541239937149,0.0485883837377727,1,0.0709839400284112,-0.935395253997085,-2.4336157214922,-0.149895627980987,-0.260285232335748,0.527851033177361,12841.3616693069,"0",2005,0,2011.1,2011.9,6,"2968","1769",-0.979624127665808,-0.905023201486338,0.20929127059665,23984.88371,23984.88371,"1",0.598684215726294,-3.02437079438628,-2.64530162431011,0.72280110289641,-0.183044329663923,-0.79509673506264,-0.243111304130015
"833",2011,"4854",0.0079486834707761,0.00583460463914683,0.0563909079932001,0.048442224522424,1,0.0505563033540532,0.648820761506607,0.127847603919173,0.955396253509723,0.172158788772693,-0.0541008828619503,19091.7559569378,"1",2006,0,2011.1,2011.9,5,"1740","1187",0.0174375963141529,1.47381897680739,0.447485011270412,56925.12613,56925.12613,"1",0.011662631558942,-3.02738343809768,-2.98466764585817,0.316193882391243,0.182402841821659,0.837023212056254,0.72719734684439
"834",2011,"4890",-0.00416476172219489,-0.0546111661519622,0.0477968005058601,0.051961562228055,0,0.102407966657822,0.606217801104069,0.938208789681826,1.15119472800738,0.248280144540181,-0.332964453239462,19265.1351801501,"1",2006,0,2011.1,2011.9,5,"1510","2966",0.968753005533796,-0.963063638657034,-1.4473448884692,42700.41813,42700.41813,"0",-0.512857248857498,-2.95725102165683,-2.27879077001015,-0.209782609660753,-1.88084184228106,-0.124771969406207,0.585876537701059
"835",2011,"4933",-0.0133703637355483,-0.00434021632012925,0.0400230034431163,0.0533933671786646,1,0.0443632197632455,-0.241226554785182,-0.253013757103238,0.605632163942401,0.855149480858134,-1.2558285073228,12323.0009046283,"1",2006,0,2011.1,2011.9,5,"3453","1699",-1.02455232651383,-0.202971077404999,1.3537193747998,27629.34673,27629.34673,"1",-1.07593543396461,-2.93006875086807,-3.11534453655403,-0.666974654394092,-0.320075663221338,0.6274096023406,0.0646032160523596
"836",2011,"4934",-0.00377976418698589,0.00525038322843318,0.0496136029916787,0.0533933671786646,1,0.0443632197632455,-0.241226554785182,-0.253013757103238,0.572474743214432,0.855149480858134,-0.2241901816815,12323.0009046283,"1",2006,0,2011.1,2011.9,5,"3453","1699",-1.02455232651383,-0.202971077404999,1.3537193747998,38488.82223,38488.82223,"1",-0.394514271504713,-2.93006875086807,-3.11534453655403,-0.187169270563577,0.18864070410364,0.6274096023406,0.0646032160523596
"837",2011,"4948",0.0392519208694448,-0.0133074168477944,0.0829883416367338,0.043736420767289,1,0.0962957584845282,0.43660337798446,0.475331819382618,0.477635753719099,0.821992325891951,-0.539482453509551,21969.7404414557,"1",2006,0,2011.1,2011.9,5,"1437","1797",1.26402467353205,-0.473871625284197,-0.137932974864133,32209.55138,32209.55138,"1",1.23737368732934,-3.12957409681909,-2.34033100596085,1.40750223583244,-0.428463263435776,-0.717823742922275,0.46923352275128
"838",2011,"4964",0.00731759555749422,0.00831930519050564,0.0535920778503867,0.0462744822928925,0,0.0452727726598811,0.207911486183763,0.138873808773711,-0.105641230590818,0.821992325891951,-0.285275637037174,15402.0188756614,"0",2006,1,2011.1,2011.9,5,"2959","1831",-0.452501818950629,-0.717109793274334,0.579785815640249,NA,NA,"0",-0.149823252123052,-3.07316460820498,-3.09504947222886,0.304745433228109,0.323252352348656,-0.247986828299454,-0.412255685086396
"839",2011,"4971",0.0248234653448492,0.0404657791708409,0.0783777616215321,0.0535542962766829,0,0.0379119824506912,1.93559649569673,0.899141294006619,1.35545894199705,0.981473571257546,-0.294075558750625,18616.7646907216,"0",2006,0,2011.1,2011.9,5,"1669","1897",0.281518595157689,-0.71043266709415,-1.14195488944948,84333.18994,84333.18994,"0",1.05605138371035,-2.92705925605012,-3.27248805721284,0.827487582119875,1.64371201969318,-0.272632511522361,0.52426125471623
"840",2011,"4972",-0.0384867951253919,-0.0762047896010739,0.0327250959712075,0.0712118910965994,0,0.108929885572281,-1.44992231470776,1.79830918059628,0.195063584664443,0.821992325891951,-0.322061127243742,22953.4536752137,"1",2006,0,2011.1,2011.9,5,"1155","1808",2.16493221169973,-0.698986165071176,-0.865325934858006,22271.03659,22271.03659,"0",-1.71453659230964,-2.64209546472509,-2.21705085535854,-1.75985226393324,-2.92417098447431,-0.247986828299454,0.702389899609128
"841",2011,"4999",0.0071977655290596,0.00581230471288245,0.0530331561642376,0.045835390635178,0,0.0472208514513552,0.985504614937955,1.49354918048791,0.367524133097036,1.12320873368347,-0.362862862183538,18416.0193059211,"0",2007,0,2011.1,2011.9,4,"1757","1523",0.305431441509657,0.850107108716858,0.447485011270412,31038.41371,31038.41371,"0",-0.183080376435624,-3.08269876496529,-3.05291971590421,0.302623956444122,0.198652150391316,0.571656564094722,0.567011973950744
"842",2011,"5118",-0.0423554688129154,-0.0515835051630477,0.0447122533214805,0.0870677221343959,0,0.0962957584845282,0.43660337798446,0.0238915340565595,-0.834551558125911,1.24859881971763,0.266689026686426,16192.9918854425,"1",2006,0,2011.1,2011.9,5,"1717","1797",0.275280461326746,-0.409961988988737,-0.681255250517338,32209.55138,32209.55138,"0",-0.72447785512501,-2.44106904779776,-2.34033100596085,-1.51174417155671,-1.89308755879146,-0.776871731930336,0.459277867405589
"843",2011,"5123",-0.046018133948738,-0.0141321169976018,0.0368381463027444,0.0828562802514824,0,0.0509702633003462,-0.871312666118362,-0.130923191474264,0.522595605127119,-0.846606472618327,-0.160082374016298,17982.5829722443,"0",2007,0,2011.1,2011.9,4,"1042","1577",2.4186049581041,0.692962690232706,-0.865325934858006,33555.9305,33555.9305,"0",-1.33897530107163,-2.49064773530915,-2.97651288885294,-1.83368698257004,-0.845230839801496,0.490125712259756,0.61038124015338
"844",2011,"5125",-0.00519429127691723,-0.0193862331725959,0.0346329340875199,0.0398272253644371,1,0.0540191672601158,-0.317508079317215,0.357121892038114,-0.480611814094061,-0.375167769260896,-0.0994175876831677,15260.450426501,"0",2007,0,2011.1,2011.9,4,"2985","1752",-0.30902474083874,-0.0780134303198788,0.0843114593539948,42565.27361,42565.27361,"1",-1.53479107301472,-3.22320454616746,-2.91841634613605,-0.335312258912541,-1.1290022056367,-0.306084417994071,-0.236683841995845
"845",2011,"5128",-0.0574404922076382,-0.0175966213228978,0.0334379268607782,0.0908784190684165,0,0.051034548183676,0.352619041137904,0.956679092101785,0.575792397317909,-0.375167769260896,-0.152633746080385,1658.35777777778,"0",2007,0,2011.1,2011.9,4,"1789","1801",0.0621442221026595,-0.184847449201838,1.36313208024904,25002.58977,25002.58977,"0",-1.64618042101767,-2.39823271997468,-2.97525246023384,-2.25641766686458,-1.07756040976525,-0.669962894394192,-0.702572086948966
"846",2011,"5155",-0.000156154469970193,-0.0174808266646817,0.0626452827786062,0.0628014372485764,1,0.0801261094432879,1.60259437112729,1.60177770038736,0.406058437922783,-0.271726785810012,-0.0580396208201306,18942.1575,"0",2007,1,2011.1,2011.9,4,"1361","1698",1.68925746300842,0.263473880034809,-1.04887369111814,NA,NA,"1",0.34531541839565,-2.76777731964604,-2.52415351743107,-0.0287343665830975,-0.659101245747471,0.334786095096468,0.311555848028826
"847",2011,"5160",-0.0159664722746964,-0.0167102634043616,0.0395629498547133,0.0555294221294097,1,0.0562732132590749,0.648379619052284,-0.390626835153921,-0.323137903603032,-0.462497177411317,-0.0359712491745947,12910.8364322251,"0",2007,0,2011.1,2011.9,4,"1790","1731",0.116208048637538,0.000204333504362864,1.36313208024904,52447.26801,52447.26801,"1",-1.11261013564949,-2.89084227024036,-2.87753664286531,-0.780415258025056,-0.910633802256686,-0.34907762713432,-0.758772372730029
"848",2011,"5172",-0.0421443709903711,-0.0308742784608747,0.0444870118470726,0.0866313828374437,0,0.0753612903079472,0.704046824030432,0.392495310942859,0.331068116155714,-0.127189610288336,-0.727142167046885,13076.9022440393,"1",2007,1,2011.1,2011.9,4,"3022","3696",-0.445223996147878,-0.9566002222141,-0.01373755574224,NA,NA,"0",-0.74049841762854,-2.44609314063744,-2.58546152693986,-1.51180272986025,-1.32452767257843,-0.140678218371,-0.193757782143141
"849",2011,"5213",0.00120206683353579,0.000501409259877898,0.0503263086350882,0.0491242418015524,0,0.0498248993752103,0.502111144062518,0.342513559536372,-0.720893484691129,-0.834464415870158,-0.423594683744208,19192.9543577982,"0",2007,1,2011.1,2011.9,4,"1491","1604",1.4147795744467,0.636290516623473,-1.48525717430641,NA,NA,"0",-0.349269504962902,-3.01340264297691,-2.99924043244959,0.0308249152911,-0.0525403951098043,0.451668261021708,0.316376203866592
"850",2011,"5216",-0.00643412746501915,-0.00113766281361362,0.0450138308037542,0.0514479582687733,0,0.0461514936173678,0.651806859741567,-1.99381171182931,0.792335718101793,-0.834464415870158,-0.423594683744208,10991.5580300958,"0",2007,0,2011.1,2011.9,4,"3595","3457",-0.89436963197612,-0.908838702160637,-0.536404172215191,38520.51158,38520.51158,"0",-0.703153712194074,-2.96718450128399,-3.07582595415032,-0.321587408223704,-0.135362928248927,-0.770587366027621,-0.685788510877891
"851",2011,"5237",-0.00578911889913634,-0.00149849700406218,0.0475391691522493,0.0533282880513856,0,0.0490376661563115,0.990136481113029,-1.41074718884799,-1.32842363151419,-1.49340449555053,0.25462771668314,10176.2735597927,"1",2008,0,2011.1,2011.9,3,"4896","2990",-1.06323102880992,-0.354837907866327,0.580308743720781,31376.00397,31376.00397,"0",-0.530002061246213,-2.93128835592771,-3.0151665791002,-0.279845418372234,-0.149750227418107,-0.583899739696814,-1.32764478171541
"852",2011,"5265",-0.00471213326845277,-0.00545592439811792,0.050817288860957,0.0555294221294097,2,0.0562732132590749,0.648379619052284,-0.390626835153921,0.57691735377956,-1.49340449555053,0.729719582223711,12910.8364322251,"0",2008,1,2011.1,2011.9,3,"1790","1731",0.373573679367943,0.236327530974684,1.36313208024904,NA,NA,"1",-0.318471770605006,-2.89084227024036,-2.87753664286531,-0.221242922256674,-0.317768176011034,-0.525184709452298,-0.89675496758646
"853",2011,"5269",-0.00240853561142049,0.00194106500644632,0.0529756131901223,0.0553841488015428,0,0.051034548183676,0.352619041137904,-2.77066700748754,0.584334389175963,-1.49340449555053,-0.932125165847559,12162.3832440476,"1",2008,1,2011.1,2011.9,3,"3451","1801",-0.535123004047732,0.101823313554744,1.27894065928643,NA,NA,"0",-0.186524195351901,-2.89346184888565,-2.97525246023384,-0.122484249598247,0.0121489411791853,-0.874368887905292,-0.94999649303021
"854",2011,"5283",-0.0376084560159576,-0.00579797471916928,0.0494592661184383,0.0870677221343959,0,0.0552572408376075,-0.00766526710952278,0.0238915340565595,-0.42032213708339,0.252716665275092,-0.476955232234136,16192.9918854425,"1",2009,0,2011.1,2011.9,2,"1717","1533",1.07584096963183,1.45581784077072,-0.681255250517338,26521.61257,26521.61257,"0",-0.40439764166769,-2.44106904779776,-2.89575589128705,-1.28636782850326,-0.338769340849473,0.235115439773495,0.151885471116148
"855",2011,"5287",0.00758907730366429,0.0068884197300064,0.0567133191052167,0.0491242418015524,0,0.0498248993752103,0.502111144062518,0.342513559536372,-0.707336895897617,0.29451336061981,0.0758961611707996,19192.9543577982,"0",2009,1,2011.1,2011.9,2,"1491","1604",1.86600458821865,1.05027233979095,-1.48525717430641,NA,NA,"0",0.0297477806855089,-3.01340264297691,-2.99924043244959,0.297700299029477,0.230415737353693,0.329245979704074,0.225790248820378
"856",2011,"5290",0.0144444625949552,0.0148699879550614,0.0535886473274833,0.0391441847325281,0,0.0387186593724219,-0.291413562652299,-1.22664118592293,-0.949334588022344,-0.0328551693985833,0.874812026758458,13152.3706116643,"1",2008,0,2011.1,2011.9,3,"5079","1867",-0.893131095386776,-0.0177368595572878,0.48670461730891,12068.65142,12068.65142,"0",-0.150026316332594,-3.24050340570009,-3.2514336408193,0.678373707319875,0.693450999346418,-0.592299296881454,-1.08498129724575
"857",2011,"5291",0.0110189617571309,-0.0184278251087349,0.0569334651992124,0.0459145034420814,0,0.0753612903079472,0.704046824030432,-1.26820869546144,0.184042901979398,-0.0328551693985833,-0.26923545508108,24266.2541121751,"1",2008,0,2011.1,2011.9,3,"1043","3696",3.29161701620801,-0.469941451092323,-0.615889240453205,32354.714,32354.714,"0",0.0420375612493504,-3.08097423269622,-2.58546152693986,0.457283078312725,-0.740323831537191,-0.598171761865867,0.314119952772331
"858",2011,"5317",0.0056619787715852,0.00665055283159156,0.0380093231562274,0.0323473443846422,1,0.0313587703246358,-0.497777496040853,-2.10863169187277,2.33494709010072,0.582887208389214,-0.650423619779101,12557.4428189202,"1",2009,1,2011.1,2011.9,2,"4973","1868",-0.826789848807544,0.169994113513133,1.40130583012652,NA,NA,"1",-1.23969329124368,-3.43122335152406,-3.46226129585559,0.337108269020468,0.379241630080206,-0.467131816105173,-0.661867612782536
"859",2011,"5323",-0.00798687744037659,-0.01106366547233,0.0445338447470122,0.0525207221873888,0,0.0555975102193422,-0.911676034331063,1.07419871741475,0.286070128161893,0.29451336061981,0.229813111160295,15043.945892317,"0",2008,0,2011.1,2011.9,2,"3002","1581",0.245129481143748,1.27673950584148,0.0843114593539948,37525.65021,37525.65021,"0",-0.737160703981768,-2.94654747893019,-2.88961685895592,-0.391627829117907,-0.601732793663809,0.268093788485441,-0.384464592267624
"860",2011,"5324",0.0302984607620998,0.0272216727301465,0.0828191829494886,0.0525207221873888,0,0.0555975102193422,-0.911676034331063,1.07419871741475,0.0874306756749267,0.29451336061981,-0.274814115523701,15043.945892317,"0",2008,0,2011.1,2011.9,2,"3002","1581",0.245129481143748,1.27673950584148,0.0843114593539948,8035.332835,8035.332835,"0",1.2309010693694,-2.94654747893019,-2.88961685895592,0.994132823157836,0.867527762313247,0.268093788485441,-0.384464592267624
"861",2011,"5326",-0.0159156070593227,-0.0683752885444355,0.0541521603546153,0.070067767413938,1,0.122527448899051,-0.271189454593705,0.363054768050947,1.16768764665748,0.775292107629682,-0.410929590351522,3854.42,"0",2009,1,2011.1,2011.9,2,"4935","3486",-0.794559490680928,-0.524427009219374,0.580308743720781,NA,NA,"1",-0.116843178852117,-2.65829239933168,-2.09942020145257,-0.598699279917667,-2.00998354772961,-0.527178000858455,-0.699250870483707
"862",2011,"5333",-0.000951791400807825,-0.018731669241048,0.041979913616348,0.0429317050171558,1,0.060711582857396,0.393898611204706,0.888712110426615,-0.544772094493973,0.0297231230728393,-0.578931643836648,17286.3799818841,"1",2009,0,2011.1,2011.9,2,"1857","3618",0.433313185044055,-0.257451423099521,0.48016801630249,102680.0184,102680.0184,"1",-0.924504777884582,-3.14814468131827,-2.80162077774686,-0.0732498856827083,-0.949987923316382,-0.472790314934764,-0.470493761346356
"863",2011,"5336",-0.0413348592286989,-0.00944884227756265,0.0415214210227835,0.0828562802514824,1,0.0509702633003462,-0.871312666118362,-0.130923191474264,-0.106689913880869,0.0297231230728393,-0.623794866605243,17982.5829722443,"0",2009,1,2011.1,2011.9,2,"1042","1577",3.12559345894494,1.34159780487299,-0.865325934858006,NA,NA,"1",-0.959341158329107,-2.49064773530915,-2.97651288885294,-1.56637725459477,-0.561814191408403,0.239113285404929,0.420044774474099
"864",2011,"5337",-0.0184028614104564,-0.0178732748190905,0.0366135432782802,0.0550164046887367,1,0.0544868180973707,0.671589843859456,-0.572699228000695,0.689602996290334,0.0297231230728393,-0.602827789275932,13425.9367563025,"0",2009,0,2011.1,2011.9,2,"4936","1710",-0.737376597230617,0.608776691063873,1.25985378434768,20777.7387,20777.7387,"1",-1.35837544340614,-2.90012387115451,-2.90979647634116,-0.932733082101672,-1.01771240022285,-0.403146136444439,-0.697703672712053
"865",2011,"5447",0.00487099122263446,-0.00428054416127331,0.0519926690978016,0.0471216778751671,0,0.0562732132590749,0.648379619052284,1.14761350295148,-0.0679840048218003,0.0297231230728393,-0.387923325072392,17903.6276896552,"1",2009,0,2011.1,2011.9,2,"2989","1731",0.217245363801085,0.546774805105637,-0.602031646319602,72025.69068,72025.69068,"0",-0.245936058742089,-3.0550221317166,-2.87753664286531,0.196546649210639,-0.263616491453678,-0.404376337753086,-0.420239611201344
"866",2011,"5448",-0.0105734306138596,-0.00862947272656776,0.044414149129092,0.0549875797429517,1,0.0530436218556598,-0.744691433410196,0.0502910061932162,0.621495860135138,0.0297231230728393,-0.387923325072392,60268.6802777778,"0",2009,1,2011.1,2011.9,2,"1753","4860",1.03113434384333,-0.770526802715315,1.78225893678038,NA,NA,"1",-0.745698231341562,-2.90064794210691,-2.93664065007275,-0.500161427594372,-0.496744382157403,-0.76284561720024,0.130038873648479
"867",2011,"5456",0.018448362424389,-0.00767391172178594,0.0500270772272489,0.0315787148028598,0,0.0577009889490348,0.178559387611309,-1.07546457277998,0.362242580060979,-0.217788033717103,-0.620043501759585,12608.5513549832,"1",2009,0,2011.1,2011.9,2,"4958","4888",-0.706185928075896,-0.780065554401221,1.40130583012652,15908.60957,15908.60957,"0",-0.368187111384794,-3.45527196753566,-2.85248096611696,1.00447264985361,-0.414220320763199,-0.859825187778146,-0.788577471090035
"868",2011,"5498",0.0168148561681103,0.0134528368053135,0.0584531960097764,0.0416383398416661,0,0.045000359204463,-0.646692733188473,-0.591766551695188,0.0495065146108657,-0.307218951689325,-0.147317948846114,6359.09583333333,"1",2009,0,2011.1,2011.9,2,"4868","1886",-0.419231771852202,0.702256457585625,-0.218725363303416,8529.269203,8529.269203,"0",0.125602851930342,-3.17873390534655,-3.10108480692228,0.734481396291487,0.543165203720903,-0.51416051382146,-1.00474243821654
"869",2011,"5499",0.0037796419956091,0.0081292426134759,0.0591637907971519,0.0553841488015428,0,0.051034548183676,0.352619041137904,-2.77066700748754,-0.470163138584903,-0.331503065185686,0.385830859264305,12162.3832440476,"1",2010,0,2011.1,2011.9,2,"3451","1801",0.0351123088351766,0.624992568929959,1.27894065928643,NA,NA,"0",0.163933574400286,-2.89346184888565,-2.97525246023384,0.124281677255735,0.273783908437248,-0.777453289136864,-0.788969180004232
"870",2011,"5507",0.0794784523793132,0.0667402090741806,0.112948799667138,0.0334703472878253,0,0.0462085905929579,2.47696459763106,-0.00719082751936455,0.0113154182517621,-0.144235189954056,-0.642548415012914,13917.1639171375,"1",2009,1,2011.1,2011.9,2,"3094","1553",0.22504019040958,1.70191763426658,1.37228332165803,NA,NA,"0",2.21515329527818,-3.39709538771995,-3.07458955460929,2.69352174360498,2.04037710613262,0.152332064744295,-0.525911522714636
"871",2011,"5508",-0.0051604778681747,-0.000869855973100547,0.0481678101832109,0.0533282880513856,1,0.0490376661563115,0.990136481113029,-1.41074718884799,-3.39898352068882,-0.144235189954056,-0.507998137356993,10176.2735597927,"1",2009,0,2011.1,2011.9,2,"4896","2990",-0.510724401372833,0.152065951533005,0.580308743720781,20777.7387,20777.7387,"1",-0.488329027970705,-2.93128835592771,-3.0151665791002,-0.250502411686096,-0.118639138900106,-0.576186785539836,-0.973402757067676
"872",2011,"5518",0.0053603585223296,-0.0013655588956823,0.0515702168508217,0.0462098583284921,0,0.052935775746504,-0.875537325298186,0.492738676384933,-0.490450366647089,-0.144235189954056,-0.58225423410681,14188.6794172063,"0",2009,0,2011.1,2011.9,2,"3590","1750",-0.145793572262294,0.71084133410288,-0.536404172215191,15908.60957,15908.60957,"0",-0.271816140366792,-3.07456211992392,-2.93867587859494,0.221968752992367,-0.138146890040618,-0.519541881954859,-0.806294508588822
"873",2011,"5519",0.0306945318908305,0.0278700201754001,0.0789702401145324,0.0482757082237019,0,0.0511002199391324,0.364851913250285,0.233576089597224,-0.829880169657097,-0.144235189954056,-0.642548415012914,12788.3485326087,"1",2009,1,2011.1,2011.9,2,"5147","5159",-0.91516341141266,-1.09961373587845,-0.117800243764363,NA,NA,"0",1.07994066935771,-3.03082678016509,-2.97396647768913,1.07608581481628,0.954585410913857,-1.02580976606994,-1.11073318022111
"874",2011,"5522",0.0114477374078598,0.00409756562931304,0.0572831280430378,0.045835390635178,0,0.0531855624137248,-0.606074858289539,1.49354918048791,-2.73851590213618,-0.144235189954056,-0.545057258532789,18416.0193059211,"1",2009,0,2011.1,2011.9,2,"1757","1616",1.34719979127812,1.3088116037231,0.447485011270412,13626.1809,13626.1809,"0",0.0614603413225292,-3.08269876496529,-2.93396830266628,0.474811084478974,0.0995128322011307,0.17308186429436,-0.0105608497087514
"875",2011,"5524",0.00701664430602656,0.0103189915099675,0.0565275821029254,0.0495109377968988,0,0.0462085905929579,2.47696459763106,0.42301794726058,-0.456244262629069,-0.144235189954056,-0.547545393956902,11053.4634234499,"0",2009,0,2011.1,2011.9,2,"3608","1553",-0.146833261234104,1.70382538460373,-0.536404172215191,23302.21402,23302.21402,"0",0.0193417462875666,-3.00556166822288,-3.07458955460929,0.272859397815565,0.401089487737771,0.152332064744295,-0.806294508588822
"876",2011,"5530",0.0345763472609279,0.0435279531141301,0.0904341281676196,0.0558577809066916,1,0.0469061750534895,0.536960416732348,-1.83930671424198,0.237544745245475,-0.144235189954056,-0.642548415012914,16634.024469697,"0",2009,0,2011.1,2011.9,2,"3594","5197",-0.124999792825842,-1.28431367938308,-0.536404172215191,72025.69068,72025.69068,"1",1.50993363296904,-2.88494644523538,-3.05960594794337,1.05301321688139,1.4784096221656,-0.731666866017327,-0.806294508588822
"877",2011,"5533",0.00663330246397308,-0.0106913697307384,0.0694347397125495,0.0628014372485764,0,0.0801261094432879,1.60259437112729,1.60177770038736,-0.0784327011365145,-0.485847286542441,-1.13144691723461,18942.1575,"0",2010,0,2011.1,2011.9,1,"1361","1698",2.65512851783366,1.1496239116537,-1.04887369111814,NA,NA,"0",0.671730802658688,-2.76777731964604,-2.52415351743107,0.201102725897471,-0.415415170718869,-0.0687256458022042,0.0107403303329346
"878",2011,"5547",-0.00650213002098782,0.00399223055295028,0.0493001179597367,0.0558022479807245,1,0.0453078874067864,-0.996576573031721,0.962201508354093,-2.71276598785955,-0.969428046648062,-0.531266622523993,11197.3000396825,"1",2010,0,2011.1,2011.9,1,"5217","1869",-0.902275245114464,0.623084818592731,-0.967558374598328,21570.50586,21570.50586,"1",-0.414621465893297,-2.88594112401343,-3.0942741467093,-0.299891582630926,0.123730570282119,-0.75462170894685,-1.15796580404667
"879",2011,"5549",0.0199305590987873,0.00715510240985299,0.0567687054015317,0.0368381463027444,1,0.0496136029916787,0.390318670206405,0.601638829949661,-1.50021682090362,-0.331503065185686,-0.57761184111889,12117.4776353276,"0",2009,0,2011.1,2011.9,2,"5123","4934",-0.802877002455664,-0.680862536868018,-0.645696141042442,27244.2822,27244.2822,"1",0.0328442375689024,-3.30122138637608,-3.00349022898748,0.94275824341267,0.242791805913855,-0.865669442816425,-1.02889561353664
"880",2011,"5557",0.0692804944828417,0.0734930544168528,0.11711647565367,0.0478359811708281,0,0.043623421236817,0.52452395037915,-1.07268469628758,-0.673016382122197,-0.969428046648062,-0.346550196966496,11451.2392160494,"1",2010,0,2011.1,2011.9,1,"3462","3093",0.276320150298553,0.192725532148175,1.27894065928643,122472.7482,122472.7482,"0",2.33009566308829,-3.03997717849493,-3.13216108852834,1.97678917489457,2.26252893607984,-0.755569396100953,-1.00081854896568
"881",2011,"5558",0.0283721075974192,-0.000945156409048062,0.0841743555781437,0.0558022479807245,1,0.0851195119871917,-0.185644197711524,0.962201508354093,-0.205799909708009,-0.969428046648062,-1.2558285073228,11197.3000396825,"1",2010,1,2011.1,2011.9,1,"5217","1494",-0.902275245114464,2.02623519158668,-0.967558374598328,NA,NA,"1",1.28238767257593,-2.88594112401343,-2.46369898663842,0.895014249333224,-0.102696936951172,-0.0414718622841137,-1.15796580404667
"882",2011,"5564",-0.0531431436772717,0.000959138157337391,0.0340097000249813,0.087152843702253,0,0.0330505618676439,-0.563217409714384,0.596079097322934,0.354348868550411,-0.969428046648062,-0.346550196966496,9784.10328048781,"0",2010,0,2011.1,2011.9,1,"5224","1881",-0.893952051979316,0.618315442749776,-0.967558374598328,76774.75223,76774.75223,"0",-1.59239590674948,-2.44009187757424,-3.40971671229509,-2.12504922429182,-0.00850573649959789,-0.75462170894685,-1.15796580404667
"883",2011,"5575",0.000711590647096277,-0.00156473389463622,0.0547084793644387,0.0539968887173424,1,0.0562732132590749,0.648379619052284,2.44391152939938,-0.779753154164862,-0.969428046648062,-0.346084619632487,13489.9796536797,"0",2010,0,2011.1,2011.9,1,"5168","1731",-0.673955569949367,0.99223450883656,-0.215587794820344,NA,NA,"1",-0.0844206749152282,-2.91882885042326,-2.87753664286531,0.00606958563726539,-0.143036850177369,-0.648838088149223,-1.2830899419812
"884",2011,"5581",0.0483723310548995,0.0434790918373358,0.0974965728564519,0.0491242418015524,0,0.0540174810191161,0.7119192951267,0.342513559536372,0.891255030999933,-0.618475906407236,-0.287445130721542,19192.9543577982,"1",2010,0,2011.1,2011.9,1,"1491","5285",2.52620708532737,-0.993300960258039,-1.48525717430641,73533.57595,73533.57595,"0",1.74846837902383,-3.01340264297691,-2.91844756222849,1.50789370336429,1.32219580276472,-1.25614974659407,-0.0836715996076055
"885",2011,"5588",-0.0028506056839442,0.00688926285050625,0.0507414721664425,0.0535920778503867,1,0.0438522093159362,-0.0284323054860405,-0.0130863871577783,0.213100920608882,-0.618475906407236,-0.287445130721542,10733.008625,"1",2010,0,2011.1,2011.9,1,"4964","911",-0.215452733374575,3.90441539853778,1.22272589063126,133793.0882,133793.0882,"1",-0.323208049690818,-2.92635402312782,-3.12693017794544,-0.145258097251878,0.269311719404796,-0.0682765030245827,-1.22657459386316
"886",2011,"5589",0.0438871499401297,0.0623507649031266,0.0971873859061885,0.0533002359660588,0,0.0348366210030618,0.309931251344494,-0.159449534088121,-0.761849285867944,-0.618475906407236,-0.386196824058427,12323.0009046283,"0",2010,0,2011.1,2011.9,1,"3085","1729",0.541239149816032,1.36996907559764,1.3537193747998,NA,NA,"0",1.73839254268577,-2.93181452068958,-3.35708611783615,1.31856221150304,2.35346101943349,-0.216903577283157,-0.812231700312487
"887",2011,"5593",0.0278540742007288,-0.00146318980573838,0.0836563221814533,0.0558022479807245,1,0.0851195119871917,-0.185644197711524,0.962201508354093,0.946758930589947,-0.446385602110833,-0.27937754269138,11197.3000396825,"0",2010,0,2011.1,2011.9,1,"5217","1494",-0.81286199353745,2.10826845608538,-0.967558374598328,21570.50586,21570.50586,"1",1.26280474839912,-2.88594112401343,-2.46369898663842,0.881225431244188,-0.117316609185691,-0.0858496262356546,-1.29541564909486
"888",2011,"5604",0.0108584725480691,-0.00467719569904377,0.0550113306918154,0.0441528581437464,0,0.0596885263908592,0.50014303554526,-0.188591566342765,0.285421847814406,-0.446385602110833,-0.150314002495679,11454.1666666667,"0",2010,0,2011.1,2011.9,1,"5284","1762",-0.993290640352823,0.986511257825033,-0.00249460201120037,133793.0882,133793.0882,"0",-0.0669086934038252,-3.12009761690983,-2.81861546481182,0.46795811030792,-0.269500851887653,-0.863347922016515,-1.2588559555968
"889",2011,"5605",0.0413941739777777,0.0409392829750442,0.0939148961651664,0.0525207221873888,0,0.0529756131901223,0.400871857433217,1.07419871741475,-0.469305117418295,-0.446385602110833,-0.448283602501625,15043.945892317,"1",2010,0,2011.1,2011.9,1,"3002","5269",0.887657265731521,-0.990426303670632,0.0843114593539948,8035.332835,8035.332835,"0",1.62973881526948,-2.94654747893019,-2.93792359980987,1.2749642799721,1.2796813120132,-1.26302700469288,-0.758462029686412
"890",2011,"5608",0.0420104400770548,0.0158881659308798,0.0735891548799146,0.0315787148028598,0,0.0577009889490348,0.178559387611309,-1.07546457277998,-0.0514339125013334,-0.446385602110833,-0.27937754269138,12608.5513549832,"0",2010,0,2011.1,2011.9,1,"4958","4888",-0.239365579726542,-0.351775603704884,1.40130583012652,42237.71861,42237.71861,"0",0.856068108090847,-3.45527196753566,-2.85248096611696,1.86650083131854,0.499749925893096,-1.22830246373087,-1.21470230962329
"891",2011,"5613",-0.0329116180530947,-0.0707203212973376,0.0518071276017131,0.0847187456548078,0,0.122527448899051,-0.271189454593705,-0.859119502462442,1.51274219036463,-1.03527535439783,-0.56151958570532,18023.4985947712,"0",2009,0,2011.1,2011.9,1,"3518","3486",0.117247737609345,-0.0608436772852934,-0.536404172215191,39755.93352,39755.93352,"0",-0.257276625683447,-2.46841838357282,-2.09942020145257,-1.12168828745382,-2.11482442567514,-0.940545930195284,-0.977139938223004
"892",2012,"1042",0.0369417768094009,0.0361918302891299,0.0828562802514824,0.0459145034420814,0,0.0466644499623525,-1.01435749465966,-1.26820869546144,-0.226068079880073,-1.0427473893198,0.370281014121953,24266.2541121751,"0",1996,0,2012.1,2012.9,16,"1043","559",-1.37731084074928,-0.794855831946977,-0.615889240453205,5858.904801,5858.904801,"0",1.23232167617851,-3.08097423269622,-3.06477264697587,1.29539137035533,1.28339366425291,-1.48231866897484,-0.726126325848039
"893",2012,"1533",0.00545361803588099,-0.0107545335081861,0.0552572408376075,0.0498036228017265,1,0.0660117743457937,-1.49953245679788,0.897480827314441,0.125221369091465,-1.20269563686801,0.504838030299769,17276.4077385798,"1",1999,0,2012.1,2012.9,13,"677","1028",0.571591818296727,-0.369899231908122,-1.66148393743936,2411.283585,2411.283585,"1",-0.0527600379313141,-2.99966755057485,-2.71792215368826,0.208925541853706,-0.497400852836648,0.571339627611491,-0.19379041390536
"894",2012,"1542",-0.0008916885173487,-0.0112876300468504,0.0388974436853738,0.0397891322027225,0,0.0501850737322242,-0.180214913045909,-0.108852113398934,0.347942379858258,-1.14105134876183,0.292172989466317,21884.2153401361,"1",1999,0,2012.1,2012.9,13,"1022","1199",-0.269516559909541,-0.70992184869798,1.09957632767038,NA,NA,"0",-1.1664249407671,-3.22416146421258,-2.99203763250904,-0.0737992228731064,-0.679647191481399,0.984204927557143,0.675045734774897
"895",2012,"1604",-0.0146097417059873,0.000297517673779828,0.0498248993752103,0.0644346410811976,0,0.0495273817014305,-0.234643538565577,0.0280333462457904,0.698106851562589,0.548095545783827,0.239358157811557,34968.4026923077,"1",2000,0,2012.1,2012.9,12,"1247","494",-0.300545310289867,1.78123782758895,-0.247747871771891,9797.918884,9797.918884,"0",-0.381033091876637,-2.74210388550332,-3.00522959666177,-0.597518891560278,-0.0620699792836802,-0.243283285235244,0.897797421298048
"896",2012,"1716",0.0475192580674012,0.0410217713187314,0.0934337615094826,0.0459145034420814,1,0.0524119901907512,-2.5336086558896,-1.26820869546144,-0.683732013731955,0.328371018859941,0.225346619205495,24266.2541121751,"0",2002,0,2012.1,2012.9,10,"1043","1412",0.915728867970815,-0.401377112471486,-0.615889240453205,11711.47757,11711.47757,"1",1.61344560127534,-3.08097423269622,-2.94861989339636,1.56375009069202,1.29284862811051,1.12939453777886,1.06006239496205
"897",2012,"1750",-0.0300334032275646,0.00237947239245072,0.052935775746504,0.0829691789740685,0,0.0505563033540532,0.648820761506607,-1.38212754511904,-0.850091124547683,0.328371018859941,0.159338621536349,0,"1",2002,0,2012.1,2012.9,10,"1362","1187",-0.243524335613781,0.16414837033519,-1.04887369111814,11839.62578,11839.62578,"0",-0.188910569697462,-2.48928607781027,-2.98466764585817,-1.02693957192004,0.0326645067843983,1.49890491150844,1.19256042061526
"898",2012,"1753",0.00350760733345905,-0.00239322808669298,0.0549875797429517,0.0514799724094926,0,0.0573808078296446,0.161474078096692,0.715539031599091,-0.0408708064292188,1.32168466129804,4.19408238678347,21815.4118435078,"0",2002,1,2012.1,2012.9,10,"1244","1188",0.0486282654689617,-0.0180339682163729,1.67375136007389,NA,NA,"0",-0.0682785728221373,-2.9665624322005,-2.8580453899354,0.124054311217277,-0.177145272581482,1.6492644133319,2.05523886109328
"899",2012,"1829",-0.0366164422686946,-0.00422270181828482,0.0532538276811535,0.0898702699498481,0,0.0574765294994384,-0.201032845354227,-0.430272683737408,-0.852836771475272,0.158849226567958,-1.2558285073228,6837.80397435898,"1",2003,0,2012.1,2012.9,9,"1190","1489",0.947473469774417,-0.409961988988817,-0.865325934858006,18608.55023,18608.55023,"0",-0.169908229274312,-2.40938809353481,-2.8563785971265,-1.19202127925718,-0.256964413308834,1.16443453507831,1.14302396677374
"900",2012,"1864",-0.044022776258799,0.0249487664921797,0.0560041264638899,0.100026902722689,0,0.0310553599717103,1.01920015605379,0.773002196945418,0.595545754790008,-0.301848426589157,-0.117515253591337,20641.8694783933,"0",2003,0,2012.1,2012.9,9,"1503","1209",-0.0147927618124633,0.278735882732163,-0.0291639341173666,16621.20862,16621.20862,"0",-0.0101702002177835,-2.30231610194849,-3.47198386161283,-1.3187039318004,1.32016967542548,1.61052026048477,1.14941442466994
"901",2012,"1868",-0.0185679755631298,-0.014849820268322,0.0313587703246358,0.0499267458877657,0,0.0462085905929579,2.47696459763106,-0.559508815936449,-0.425565553533647,0.158849226567958,-0.0184569613787307,18876.280979448,"1",2003,0,2012.1,2012.9,9,"1384","1553",0.158835296482336,-0.479594876295728,-1.04887369111814,18560.02152,18560.02152,"0",-1.84982515649965,-2.99719843008107,-3.07458955460929,-1.06194724069491,-0.994340899656391,1.3705849239723,0.90435324518159
"902",2012,"1877",-0.0194843956151411,0.000949460600295535,0.0440756118101234,0.0635600074252645,1,0.0431261512098279,0.145898813199516,0.083854713266193,-1.19617529365476,0.111682006123092,0.0607482372535563,52540.4536111111,"1",2003,0,2012.1,2012.9,9,"1893","1524",-1.07527551307368,-0.405192613145785,1.72813588044726,10046.47996,10046.47996,"1",-0.769970222218304,-2.75577082049071,-3.14362570926626,-0.840852344672075,-0.0246810059270792,1.12844288839934,1.71390925811804
"903",2012,"2968",-0.0381041192263419,-0.0194445367880318,0.0485883837377727,0.0866925029641146,1,0.0680329205258045,0.0171228362060022,-0.935948502140529,-2.57937363564835,-0.0830579040305069,-0.0946237732194918,16921.0113884535,"0",2003,0,2012.1,2012.9,9,"459","176",2.48317362020665,3.41956012910096,-1.04390587435327,10762.75658,10762.75658,"1",-0.460751478478494,-2.44538786993661,-2.68776356557744,-1.31640134290754,-0.873409510868865,-0.0148855141044914,0.314751830217523
"904",2012,"3002",-0.014588446803797,-0.0451503888316715,0.0525207221873888,0.0671091689911858,0,0.0976711110190603,0.66291993575903,0.533354689629059,1.00554232689208,-0.194671425677288,0.104549125487491,15649.8439857189,"0",2003,0,2012.1,2012.9,9,"1782","1495",-1.21251445735454,-0.315528347298485,0.669990909528793,4283.683417,4283.683417,"0",-0.213880814068842,-2.70143459767534,-2.3261494543539,-0.570662593429853,-1.54548515438564,1.0751853436725,-0.206171562139403
"905",2012,"3094",-0.0591640871112406,-0.0137505041635299,0.0334703472878253,0.0926344343990659,0,0.0472208514513552,0.985504614937955,0.0034435859409016,-0.099616086951109,0.955554950121982,0.00265770637046059,40475.822,"0",2004,0,2012.1,2012.9,8,"1891","1523",-0.880518475072896,-0.00330363364570957,1.82696928766426,34102.37403,34102.37403,"0",-1.64310624528366,-2.37909434469248,-3.05291971590421,-2.2970009187587,-0.891333158429467,0.814455130770951,-0.287764629506036
"906",2012,"3507",-0.00598924699082924,-0.0166935598431542,0.0562885757699219,0.0622778227607512,0,0.0729821356130762,-0.510315750257652,-1.93605938020789,-0.775634694176256,-0.146103198684548,0.477627372147019,48580.1919230769,"0",2004,0,2012.1,2012.9,8,"1760","2972",-0.672475575538598,-1.41398857798497,1.11343392180399,23082.12061,23082.12061,"0",0.00590084145621933,-2.77614989151067,-2.61754058541108,-0.249023367479183,-0.691331889754357,-1.18789345088421,1.11479413471313
"907",2012,"3517",-0.0400673222554784,0.0103958285024782,0.0492959634529258,0.0893632857084042,0,0.0389001349504476,-0.853124537495171,0.381077314694049,-0.725126354437134,-0.749003016450229,-1.2558285073228,0,"0",2005,0,2012.1,2012.9,7,"1828","1848",-0.992100395327695,-1.13586099228476,0.48016801630249,NA,NA,"0",-0.414888797047528,-2.41504535555513,-3.24675755920058,-1.35188194385719,0.484643436713906,-0.178229297604925,-0.177581970118097
"908",2012,"3567",0.00937314166485614,0.00798768084867899,0.0552085323000342,0.045835390635178,0,0.0472208514513552,0.985504614937955,1.49354918048791,1.15779189962853,1.75599669113699,-0.171231522549032,18416.0193059211,"0",2004,0,2012.1,2012.9,8,"1757","1523",-0.512775372513888,0.0994334132006955,0.447485011270412,9797.918884,9797.918884,"0",-0.0555575188624665,-3.08269876496529,-3.05291971590421,0.392415933852299,0.293854601429568,0.789268104189468,0.916680186269487
"909",2012,"3574",-0.00495456706957517,0.0473629050364437,0.0993803606550273,0.104334927724603,0,0.0520174556185836,-0.0936686249187542,-0.788801752063556,0.653108863568768,-0.749003016450229,-0.0895775058905502,27814.0594444444,"0",2005,0,2012.1,2012.9,7,"3090","1381",-1.25997938366663,0.97601863097055,-0.414823393495862,7352.693108,7352.693108,"0",1.80917557173785,-2.2601490955214,-2.95617593175754,-0.131842932011454,1.45686551003768,1.12125852950273,0.466841747587259
"910",2012,"3594",0.00741555638426766,0.00530147755263839,0.0558577809066916,0.048442224522424,0,0.0505563033540532,0.648820761506607,0.127847603919173,-1.97200175669663,-0.749003016450229,0.248335027574739,19091.7559569378,"0",2005,0,2012.1,2012.9,7,"1740","1187",-0.24560371355749,1.23248855915448,0.447485011270412,4645.316891,4645.316891,"0",-0.0184703766256172,-3.02738343809768,-2.98466764585817,0.294976490924022,0.159906982719066,0.862871101831533,0.757776609971011
"911",2012,"3606",-0.0372532304097038,-0.0181866071118115,0.0363002109855592,0.073553441395263,0,0.0544868180973707,0.671589843859456,0.505873124066593,0.0876022799082481,-0.749003016450229,-0.222164394544728,18496.1403694581,"0",2005,0,2012.1,2012.9,7,"3003","1710",-1.23406101705749,-0.693262914059648,-0.33586125333838,7317.731704,7317.731704,"0",-1.38563935233365,-2.60974304315489,-2.90979647634116,-1.60053064626508,-1.03806632738681,-0.166620318391955,0.257633014767955
"912",2012,"3608",-0.0270977462358049,-0.00342483794960517,0.0495109377968988,0.0766086840327037,1,0.052935775746504,-0.875537325298186,0.70337474857807,0.340048647542133,-0.749003016450229,-0.256297897868316,16222.862311522,"0",2005,0,2012.1,2012.9,7,"1705","1750",-0.580383562485118,-0.744772173163478,0.579262887559741,6670.282722,6670.282722,"1",-0.401085278886363,-2.56904484008817,-2.93867587859494,-0.998186244924366,-0.234653030703333,-0.189595379923457,-0.233224929086111
"913",2012,"3645",0.0296285801414712,0.00645868487696974,0.0785671002146544,0.0489385200731832,0,0.0721084153376846,-1.08257991232734,0.215497578571536,-0.783700009920146,0.0923014155442411,-0.780787884777864,11647.728,"0",2005,0,2012.1,2012.9,7,"1576","1512",0.337925982899599,0.322614140487318,0.296620260042353,25060.20576,25060.20576,"0",1.06370527002304,-3.01719046104104,-2.62958452391989,1.03419571840316,0.126896729319794,0.660550781855145,0.758214122009952
"914",2012,"3699",0.0192657402559422,-0.00312981603469629,0.0678541239937149,0.0485883837377727,1,0.0709839400284112,-0.935395253997085,-2.4336157214922,-0.149895627980987,-0.260285232335748,0.527851033177361,12841.3616693069,"0",2005,0,2012.1,2012.9,7,"2968","1769",-0.979624127665808,-0.905023201486338,0.20929127059665,13165.9687,13165.9687,"1",0.598684215726294,-3.02437079438628,-2.64530162431011,0.72280110289641,-0.183044329663923,-0.79509673506264,-0.243111304130015
"915",2012,"4854",0.0079486834707761,0.00583460463914683,0.0563909079932001,0.048442224522424,1,0.0505563033540532,0.648820761506607,0.127847603919173,0.955396253509723,0.172158788772693,-0.0541008828619503,19091.7559569378,"1",2006,0,2012.1,2012.9,6,"1740","1187",0.0174375963141529,1.47381897680739,0.447485011270412,15546.44028,15546.44028,"1",0.011662631558942,-3.02738343809768,-2.98466764585817,0.316193882391243,0.182402841821659,0.837023212056254,0.72719734684439
"916",2012,"4890",-0.00416476172219489,-0.0546111661519622,0.0477968005058601,0.051961562228055,0,0.102407966657822,0.606217801104069,0.938208789681826,1.15119472800738,0.248280144540181,-0.332964453239462,19265.1351801501,"1",2006,0,2012.1,2012.9,6,"1510","2966",0.968753005533796,-0.963063638657034,-1.4473448884692,9061.506484,9061.506484,"0",-0.512857248857498,-2.95725102165683,-2.27879077001015,-0.209782609660753,-1.88084184228106,-0.124771969406207,0.585876537701059
"917",2012,"4933",-0.0133703637355483,-0.00434021632012925,0.0400230034431163,0.0533933671786646,1,0.0443632197632455,-0.241226554785182,-0.253013757103238,0.605632163942401,0.855149480858134,-1.2558285073228,12323.0009046283,"1",2006,0,2012.1,2012.9,6,"3453","1699",-1.02455232651383,-0.202971077404999,1.3537193747998,8239.75028,8239.75028,"1",-1.07593543396461,-2.93006875086807,-3.11534453655403,-0.666974654394092,-0.320075663221338,0.6274096023406,0.0646032160523596
"918",2012,"4934",-0.00377976418698589,0.00525038322843318,0.0496136029916787,0.0533933671786646,1,0.0443632197632455,-0.241226554785182,-0.253013757103238,0.572474743214432,0.855149480858134,-0.2241901816815,12323.0009046283,"1",2006,0,2012.1,2012.9,6,"3453","1699",-1.02455232651383,-0.202971077404999,1.3537193747998,NA,NA,"1",-0.394514271504713,-2.93006875086807,-3.11534453655403,-0.187169270563577,0.18864070410364,0.6274096023406,0.0646032160523596
"919",2012,"4948",0.0392519208694448,-0.0133074168477944,0.0829883416367338,0.043736420767289,1,0.0962957584845282,0.43660337798446,0.475331819382618,0.477635753719099,0.821992325891951,-0.539482453509551,21969.7404414557,"1",2006,0,2012.1,2012.9,6,"1437","1797",1.26402467353205,-0.473871625284197,-0.137932974864133,5383.18672,5383.18672,"1",1.23737368732934,-3.12957409681909,-2.34033100596085,1.40750223583244,-0.428463263435776,-0.717823742922275,0.46923352275128
"920",2012,"4971",0.0248234653448492,0.0404657791708409,0.0783777616215321,0.0535542962766829,0,0.0379119824506912,1.93559649569673,0.899141294006619,1.35545894199705,0.981473571257546,-0.294075558750625,18616.7646907216,"0",2006,0,2012.1,2012.9,6,"1669","1897",0.281518595157689,-0.71043266709415,-1.14195488944948,30738.21323,30738.21323,"0",1.05605138371035,-2.92705925605012,-3.27248805721284,0.827487582119875,1.64371201969318,-0.272632511522361,0.52426125471623
"921",2012,"4972",-0.0384867951253919,-0.0762047896010739,0.0327250959712075,0.0712118910965994,0,0.108929885572281,-1.44992231470776,1.79830918059628,0.195063584664443,0.821992325891951,-0.322061127243742,22953.4536752137,"1",2006,0,2012.1,2012.9,6,"1155","1808",2.16493221169973,-0.698986165071176,-0.865325934858006,13686.84034,13686.84034,"0",-1.71453659230964,-2.64209546472509,-2.21705085535854,-1.75985226393324,-2.92417098447431,-0.247986828299454,0.702389899609128
"922",2012,"4999",0.0071977655290596,0.00581230471288245,0.0530331561642376,0.045835390635178,0,0.0472208514513552,0.985504614937955,1.49354918048791,0.367524133097036,1.12320873368347,-0.362862862183538,18416.0193059211,"0",2007,0,2012.1,2012.9,5,"1757","1523",0.305431441509657,0.850107108716858,0.447485011270412,5180.804662,5180.804662,"0",-0.183080376435624,-3.08269876496529,-3.05291971590421,0.302623956444122,0.198652150391316,0.571656564094722,0.567011973950744
"923",2012,"5118",-0.0423554688129154,-0.0515835051630477,0.0447122533214805,0.0870677221343959,0,0.0962957584845282,0.43660337798446,0.0238915340565595,-0.834551558125911,1.24859881971763,0.266689026686426,16192.9918854425,"1",2006,0,2012.1,2012.9,6,"1717","1797",0.275280461326746,-0.409961988988737,-0.681255250517338,5383.18672,5383.18672,"0",-0.72447785512501,-2.44106904779776,-2.34033100596085,-1.51174417155671,-1.89308755879146,-0.776871731930336,0.459277867405589
"924",2012,"5123",-0.046018133948738,-0.0141321169976018,0.0368381463027444,0.0828562802514824,0,0.0509702633003462,-0.871312666118362,-0.130923191474264,0.522595605127119,-0.846606472618327,-0.160082374016298,17982.5829722443,"0",2007,0,2012.1,2012.9,5,"1042","1577",2.4186049581041,0.692962690232706,-0.865325934858006,5858.904801,5858.904801,"0",-1.33897530107163,-2.49064773530915,-2.97651288885294,-1.83368698257004,-0.845230839801496,0.490125712259756,0.61038124015338
"925",2012,"5125",-0.00519429127691723,-0.0193862331725959,0.0346329340875199,0.0398272253644371,1,0.0540191672601158,-0.317508079317215,0.357121892038114,-0.480611814094061,-0.375167769260896,-0.0994175876831677,15260.450426501,"0",2007,0,2012.1,2012.9,5,"2985","1752",-0.30902474083874,-0.0780134303198788,0.0843114593539948,27365.83253,27365.83253,"1",-1.53479107301472,-3.22320454616746,-2.91841634613605,-0.335312258912541,-1.1290022056367,-0.306084417994071,-0.236683841995845
"926",2012,"5128",-0.0574404922076382,-0.0175966213228978,0.0334379268607782,0.0908784190684165,0,0.051034548183676,0.352619041137904,0.956679092101785,0.575792397317909,-0.375167769260896,-0.152633746080385,1658.35777777778,"0",2007,0,2012.1,2012.9,5,"1789","1801",0.0621442221026595,-0.184847449201838,1.36313208024904,15926.58737,15926.58737,"0",-1.64618042101767,-2.39823271997468,-2.97525246023384,-2.25641766686458,-1.07756040976525,-0.669962894394192,-0.702572086948966
"927",2012,"5160",-0.0159664722746964,-0.0167102634043616,0.0395629498547133,0.0555294221294097,1,0.0562732132590749,0.648379619052284,-0.390626835153921,-0.323137903603032,-0.462497177411317,-0.0359712491745947,12910.8364322251,"0",2007,0,2012.1,2012.9,5,"1790","1731",0.116208048637538,0.000204333504362864,1.36313208024904,NA,NA,"1",-1.11261013564949,-2.89084227024036,-2.87753664286531,-0.780415258025056,-0.910633802256686,-0.34907762713432,-0.758772372730029
"928",2012,"5216",-0.00643412746501915,-0.00113766281361362,0.0450138308037542,0.0514479582687733,0,0.0461514936173678,0.651806859741567,-1.99381171182931,0.792335718101793,-0.834464415870158,-0.423594683744208,10991.5580300958,"0",2007,0,2012.1,2012.9,5,"3595","3457",-0.89436963197612,-0.908838702160637,-0.536404172215191,8625.845981,8625.845981,"0",-0.703153712194074,-2.96718450128399,-3.07582595415032,-0.321587408223704,-0.135362928248927,-0.770587366027621,-0.685788510877891
"929",2012,"5237",-0.00578911889913634,-0.00149849700406218,0.0475391691522493,0.0533282880513856,0,0.0490376661563115,0.990136481113029,-1.41074718884799,-1.32842363151419,-1.49340449555053,0.25462771668314,10176.2735597927,"1",2008,0,2012.1,2012.9,4,"4896","2990",-1.06323102880992,-0.354837907866327,0.580308743720781,6670.282722,6670.282722,"0",-0.530002061246213,-2.93128835592771,-3.0151665791002,-0.279845418372234,-0.149750227418107,-0.583899739696814,-1.32764478171541
"930",2012,"5283",-0.0376084560159576,-0.00579797471916928,0.0494592661184383,0.0870677221343959,0,0.0552572408376075,-0.00766526710952278,0.0238915340565595,-0.42032213708339,0.252716665275092,-0.476955232234136,16192.9918854425,"1",2009,0,2012.1,2012.9,3,"1717","1533",1.07584096963183,1.45581784077072,-0.681255250517338,8151.580193,8151.580193,"0",-0.40439764166769,-2.44106904779776,-2.89575589128705,-1.28636782850326,-0.338769340849473,0.235115439773495,0.151885471116148
"931",2012,"5290",0.0144444625949552,0.0148699879550614,0.0535886473274833,0.0391441847325281,0,0.0387186593724219,-0.291413562652299,-1.22664118592293,-0.949334588022344,-0.0328551693985833,0.874812026758458,13152.3706116643,"1",2008,0,2012.1,2012.9,4,"5079","1867",-0.893131095386776,-0.0177368595572878,0.48670461730891,13499.73118,13499.73118,"0",-0.150026316332594,-3.24050340570009,-3.2514336408193,0.678373707319875,0.693450999346418,-0.592299296881454,-1.08498129724575
"932",2012,"5291",0.0110189617571309,-0.0184278251087349,0.0569334651992124,0.0459145034420814,0,0.0753612903079472,0.704046824030432,-1.26820869546144,0.184042901979398,-0.0328551693985833,-0.26923545508108,24266.2541121751,"1",2008,0,2012.1,2012.9,4,"1043","3696",3.29161701620801,-0.469941451092323,-0.615889240453205,10252.69402,10252.69402,"0",0.0420375612493504,-3.08097423269622,-2.58546152693986,0.457283078312725,-0.740323831537191,-0.598171761865867,0.314119952772331
"933",2012,"5323",-0.00798687744037659,-0.01106366547233,0.0445338447470122,0.0525207221873888,0,0.0555975102193422,-0.911676034331063,1.07419871741475,0.286070128161893,0.29451336061981,0.229813111160295,15043.945892317,"0",2008,0,2012.1,2012.9,3,"3002","1581",0.245129481143748,1.27673950584148,0.0843114593539948,8418.940518,8418.940518,"0",-0.737160703981768,-2.94654747893019,-2.88961685895592,-0.391627829117907,-0.601732793663809,0.268093788485441,-0.384464592267624
"934",2012,"5324",0.0302984607620998,0.0272216727301465,0.0828191829494886,0.0525207221873888,0,0.0555975102193422,-0.911676034331063,1.07419871741475,0.0874306756749267,0.29451336061981,-0.274814115523701,15043.945892317,"0",2008,0,2012.1,2012.9,3,"3002","1581",0.245129481143748,1.27673950584148,0.0843114593539948,10187.18374,10187.18374,"0",1.2309010693694,-2.94654747893019,-2.88961685895592,0.994132823157836,0.867527762313247,0.268093788485441,-0.384464592267624
"935",2012,"5333",-0.000951791400807825,-0.018731669241048,0.041979913616348,0.0429317050171558,1,0.060711582857396,0.393898611204706,0.888712110426615,-0.544772094493973,0.0297231230728393,-0.578931643836648,17286.3799818841,"1",2009,0,2012.1,2012.9,3,"1857","3618",0.433313185044055,-0.257451423099521,0.48016801630249,16621.20862,16621.20862,"1",-0.924504777884582,-3.14814468131827,-2.80162077774686,-0.0732498856827083,-0.949987923316382,-0.472790314934764,-0.470493761346356
"936",2012,"5337",-0.0184028614104564,-0.0178732748190905,0.0366135432782802,0.0550164046887367,1,0.0544868180973707,0.671589843859456,-0.572699228000695,0.689602996290334,0.0297231230728393,-0.602827789275932,13425.9367563025,"0",2009,0,2012.1,2012.9,3,"4936","1710",-0.737376597230617,0.608776691063873,1.25985378434768,8646.228971,8646.228971,"1",-1.35837544340614,-2.90012387115451,-2.90979647634116,-0.932733082101672,-1.01771240022285,-0.403146136444439,-0.697703672712053
"937",2012,"5447",0.00487099122263446,-0.00428054416127331,0.0519926690978016,0.0471216778751671,0,0.0562732132590749,0.648379619052284,1.14761350295148,-0.0679840048218003,0.0297231230728393,-0.387923325072392,17903.6276896552,"1",2009,0,2012.1,2012.9,3,"2989","1731",0.217245363801085,0.546774805105637,-0.602031646319602,10566.76084,10566.76084,"0",-0.245936058742089,-3.0550221317166,-2.87753664286531,0.196546649210639,-0.263616491453678,-0.404376337753086,-0.420239611201344
"938",2012,"5456",0.018448362424389,-0.00767391172178594,0.0500270772272489,0.0315787148028598,0,0.0577009889490348,0.178559387611309,-1.07546457277998,0.362242580060979,-0.217788033717103,-0.620043501759585,12608.5513549832,"1",2009,0,2012.1,2012.9,3,"4958","4888",-0.706185928075896,-0.780065554401221,1.40130583012652,6688.578912,6688.578912,"0",-0.368187111384794,-3.45527196753566,-2.85248096611696,1.00447264985361,-0.414220320763199,-0.859825187778146,-0.788577471090035
"939",2012,"5498",0.0168148561681103,0.0134528368053135,0.0584531960097764,0.0416383398416661,0,0.045000359204463,-0.646692733188473,-0.591766551695188,0.0495065146108657,-0.307218951689325,-0.147317948846114,6359.09583333333,"1",2009,0,2012.1,2012.9,3,"4868","1886",-0.419231771852202,0.702256457585625,-0.218725363303416,9945.974865,9945.974865,"0",0.125602851930342,-3.17873390534655,-3.10108480692228,0.734481396291487,0.543165203720903,-0.51416051382146,-1.00474243821654
"940",2012,"5499",0.0037796419956091,0.0081292426134759,0.0591637907971519,0.0553841488015428,0,0.051034548183676,0.352619041137904,-2.77066700748754,-0.470163138584903,-0.331503065185686,0.385830859264305,12162.3832440476,"1",2010,1,2012.1,2012.9,3,"3451","1801",0.0351123088351766,0.624992568929959,1.27894065928643,NA,NA,"0",0.163933574400286,-2.89346184888565,-2.97525246023384,0.124281677255735,0.273783908437248,-0.777453289136864,-0.788969180004232
"941",2012,"5508",-0.0051604778681747,-0.000869855973100547,0.0481678101832109,0.0533282880513856,1,0.0490376661563115,0.990136481113029,-1.41074718884799,-3.39898352068882,-0.144235189954056,-0.507998137356993,10176.2735597927,"1",2009,0,2012.1,2012.9,3,"4896","2990",-0.510724401372833,0.152065951533005,0.580308743720781,8646.228971,8646.228971,"1",-0.488329027970705,-2.93128835592771,-3.0151665791002,-0.250502411686096,-0.118639138900106,-0.576186785539836,-0.973402757067676
"942",2012,"5518",0.0053603585223296,-0.0013655588956823,0.0515702168508217,0.0462098583284921,0,0.052935775746504,-0.875537325298186,0.492738676384933,-0.490450366647089,-0.144235189954056,-0.58225423410681,14188.6794172063,"0",2009,0,2012.1,2012.9,3,"3590","1750",-0.145793572262294,0.71084133410288,-0.536404172215191,6688.578912,6688.578912,"0",-0.271816140366792,-3.07456211992392,-2.93867587859494,0.221968752992367,-0.138146890040618,-0.519541881954859,-0.806294508588822
"943",2012,"5522",0.0114477374078598,0.00409756562931304,0.0572831280430378,0.045835390635178,0,0.0531855624137248,-0.606074858289539,1.49354918048791,-2.73851590213618,-0.144235189954056,-0.545057258532789,18416.0193059211,"1",2009,0,2012.1,2012.9,3,"1757","1616",1.34719979127812,1.3088116037231,0.447485011270412,11375.01752,11375.01752,"0",0.0614603413225292,-3.08269876496529,-2.93396830266628,0.474811084478974,0.0995128322011307,0.17308186429436,-0.0105608497087514
"944",2012,"5524",0.00701664430602656,0.0103189915099675,0.0565275821029254,0.0495109377968988,0,0.0462085905929579,2.47696459763106,0.42301794726058,-0.456244262629069,-0.144235189954056,-0.547545393956902,11053.4634234499,"0",2009,0,2012.1,2012.9,3,"3608","1553",-0.146833261234104,1.70382538460373,-0.536404172215191,4016.665064,4016.665064,"0",0.0193417462875666,-3.00556166822288,-3.07458955460929,0.272859397815565,0.401089487737771,0.152332064744295,-0.806294508588822
"945",2012,"5530",0.0345763472609279,0.0435279531141301,0.0904341281676196,0.0558577809066916,1,0.0469061750534895,0.536960416732348,-1.83930671424198,0.237544745245475,-0.144235189954056,-0.642548415012914,16634.024469697,"0",2009,0,2012.1,2012.9,3,"3594","5197",-0.124999792825842,-1.28431367938308,-0.536404172215191,10566.76084,10566.76084,"1",1.50993363296904,-2.88494644523538,-3.05960594794337,1.05301321688139,1.4784096221656,-0.731666866017327,-0.806294508588822
"946",2012,"5533",0.00663330246397308,-0.0106913697307384,0.0694347397125495,0.0628014372485764,0,0.0801261094432879,1.60259437112729,1.60177770038736,-0.0784327011365145,-0.485847286542441,-1.13144691723461,18942.1575,"0",2010,1,2012.1,2012.9,2,"1361","1698",2.65512851783366,1.1496239116537,-1.04887369111814,NA,NA,"0",0.671730802658688,-2.76777731964604,-2.52415351743107,0.201102725897471,-0.415415170718869,-0.0687256458022042,0.0107403303329346
"947",2012,"5547",-0.00650213002098782,0.00399223055295028,0.0493001179597367,0.0558022479807245,1,0.0453078874067864,-0.996576573031721,0.962201508354093,-2.71276598785955,-0.969428046648062,-0.531266622523993,11197.3000396825,"1",2010,0,2012.1,2012.9,2,"5217","1869",-0.902275245114464,0.623084818592731,-0.967558374598328,7317.731704,7317.731704,"1",-0.414621465893297,-2.88594112401343,-3.0942741467093,-0.299891582630926,0.123730570282119,-0.75462170894685,-1.15796580404667
"948",2012,"5549",0.0199305590987873,0.00715510240985299,0.0567687054015317,0.0368381463027444,1,0.0496136029916787,0.390318670206405,0.601638829949661,-1.50021682090362,-0.331503065185686,-0.57761184111889,12117.4776353276,"0",2009,0,2012.1,2012.9,3,"5123","4934",-0.802877002455664,-0.680862536868018,-0.645696141042442,14325.46122,14325.46122,"1",0.0328442375689024,-3.30122138637608,-3.00349022898748,0.94275824341267,0.242791805913855,-0.865669442816425,-1.02889561353664
"949",2012,"5557",0.0692804944828417,0.0734930544168528,0.11711647565367,0.0478359811708281,0,0.043623421236817,0.52452395037915,-1.07268469628758,-0.673016382122197,-0.969428046648062,-0.346550196966496,11451.2392160494,"1",2010,0,2012.1,2012.9,2,"3462","3093",0.276320150298553,0.192725532148175,1.27894065928643,NA,NA,"0",2.33009566308829,-3.03997717849493,-3.13216108852834,1.97678917489457,2.26252893607984,-0.755569396100953,-1.00081854896568
"950",2012,"5564",-0.0531431436772717,0.000959138157337391,0.0340097000249813,0.087152843702253,0,0.0330505618676439,-0.563217409714384,0.596079097322934,0.354348868550411,-0.969428046648062,-0.346550196966496,9784.10328048781,"0",2010,0,2012.1,2012.9,2,"5224","1881",-0.893952051979316,0.618315442749776,-0.967558374598328,2411.283585,2411.283585,"0",-1.59239590674948,-2.44009187757424,-3.40971671229509,-2.12504922429182,-0.00850573649959789,-0.75462170894685,-1.15796580404667
"951",2012,"5575",0.000711590647096277,-0.00156473389463622,0.0547084793644387,0.0539968887173424,1,0.0562732132590749,0.648379619052284,2.44391152939938,-0.779753154164862,-0.969428046648062,-0.346084619632487,13489.9796536797,"0",2010,0,2012.1,2012.9,2,"5168","1731",-0.673955569949367,0.99223450883656,-0.215587794820344,6475.511094,6475.511094,"1",-0.0844206749152282,-2.91882885042326,-2.87753664286531,0.00606958563726539,-0.143036850177369,-0.648838088149223,-1.2830899419812
"952",2012,"5581",0.0483723310548995,0.0434790918373358,0.0974965728564519,0.0491242418015524,0,0.0540174810191161,0.7119192951267,0.342513559536372,0.891255030999933,-0.618475906407236,-0.287445130721542,19192.9543577982,"1",2010,1,2012.1,2012.9,2,"1491","5285",2.52620708532737,-0.993300960258039,-1.48525717430641,NA,NA,"0",1.74846837902383,-3.01340264297691,-2.91844756222849,1.50789370336429,1.32219580276472,-1.25614974659407,-0.0836715996076055
"953",2012,"5588",-0.0028506056839442,0.00688926285050625,0.0507414721664425,0.0535920778503867,1,0.0438522093159362,-0.0284323054860405,-0.0130863871577783,0.213100920608882,-0.618475906407236,-0.287445130721542,10733.008625,"1",2010,0,2012.1,2012.9,2,"4964","911",-0.215452733374575,3.90441539853778,1.22272589063126,12268.89416,12268.89416,"1",-0.323208049690818,-2.92635402312782,-3.12693017794544,-0.145258097251878,0.269311719404796,-0.0682765030245827,-1.22657459386316
"954",2012,"5589",0.0438871499401297,0.0623507649031266,0.0971873859061885,0.0533002359660588,0,0.0348366210030618,0.309931251344494,-0.159449534088121,-0.761849285867944,-0.618475906407236,-0.386196824058427,12323.0009046283,"0",2010,0,2012.1,2012.9,2,"3085","1729",0.541239149816032,1.36996907559764,1.3537193747998,8967.827016,8967.827016,"0",1.73839254268577,-2.93181452068958,-3.35708611783615,1.31856221150304,2.35346101943349,-0.216903577283157,-0.812231700312487
"955",2012,"5593",0.0278540742007288,-0.00146318980573838,0.0836563221814533,0.0558022479807245,1,0.0851195119871917,-0.185644197711524,0.962201508354093,0.946758930589947,-0.446385602110833,-0.27937754269138,11197.3000396825,"0",2010,0,2012.1,2012.9,2,"5217","1494",-0.81286199353745,2.10826845608538,-0.967558374598328,9042.989664,9042.989664,"1",1.26280474839912,-2.88594112401343,-2.46369898663842,0.881225431244188,-0.117316609185691,-0.0858496262356546,-1.29541564909486
"956",2012,"5595",-0.00231676683266594,0.00367953365538857,0.0535044330305989,0.0558211998632648,2,0.0498248993752103,0.502111144062518,-0.658782016717884,-1.23535785802244,-0.699033782909614,-0.575739728360431,18949.6778276334,"1",2011,0,2012.1,2012.9,1,"1707","1604",1.74540066748692,1.77140196724396,1.72813588044726,20156.78588,20156.78588,"1",-0.155015325003336,-2.88560155588347,-2.99924043244959,-0.117854986102381,0.0924804616096827,-0.0798899315690968,-0.257592887950309
"957",2012,"5600",0.0218458722725749,0.0261954728904417,0.0772300210741177,0.0553841488015428,1,0.051034548183676,0.352619041137904,-2.77066700748754,0.210717560843615,-0.699033782909614,-0.745153530809596,12162.3832440476,"0",2011,0,2012.1,2012.9,1,"3451","1801",0.494654834381775,1.04660539344619,1.27894065928643,9700.183638,9700.183638,"1",1.00925524292227,-2.89346184888565,-2.97525246023384,0.71949343463832,0.90486053493826,-0.975479344677263,-1.07306625728127
"958",2012,"5604",0.0108584725480691,-0.00467719569904377,0.0550113306918154,0.0441528581437464,0,0.0596885263908592,0.50014303554526,-0.188591566342765,0.285421847814406,-0.446385602110833,-0.150314002495679,11454.1666666667,"0",2010,0,2012.1,2012.9,2,"5284","1762",-0.993290640352823,0.986511257825033,-0.00249460201120037,17273.86153,17273.86153,"0",-0.0669086934038252,-3.12009761690983,-2.81861546481182,0.46795811030792,-0.269500851887653,-0.863347922016515,-1.2588559555968
"959",2012,"5605",0.0413941739777777,0.0409392829750442,0.0939148961651664,0.0525207221873888,0,0.0529756131901223,0.400871857433217,1.07419871741475,-0.469305117418295,-0.446385602110833,-0.448283602501625,15043.945892317,"1",2010,0,2012.1,2012.9,2,"3002","5269",0.887657265731521,-0.990426303670632,0.0843114593539948,23082.12061,23082.12061,"0",1.62973881526948,-2.94654747893019,-2.93792359980987,1.2749642799721,1.2796813120132,-1.26302700469288,-0.758462029686412
"960",2012,"5608",0.0420104400770548,0.0158881659308798,0.0735891548799146,0.0315787148028598,0,0.0577009889490348,0.178559387611309,-1.07546457277998,-0.0514339125013334,-0.446385602110833,-0.27937754269138,12608.5513549832,"0",2010,0,2012.1,2012.9,2,"4958","4888",-0.239365579726542,-0.351775603704884,1.40130583012652,22369.82378,22369.82378,"0",0.856068108090847,-3.45527196753566,-2.85248096611696,1.86650083131854,0.499749925893096,-1.22830246373087,-1.21470230962329
"961",2012,"5613",-0.0329116180530947,-0.0707203212973376,0.0518071276017131,0.0847187456548078,0,0.122527448899051,-0.271189454593705,-0.859119502462442,1.51274219036463,-1.03527535439783,-0.56151958570532,18023.4985947712,"0",2009,0,2012.1,2012.9,2,"3518","3486",0.117247737609345,-0.0608436772852934,-0.536404172215191,5055.593858,5055.593858,"0",-0.257276625683447,-2.46841838357282,-2.09942020145257,-1.12168828745382,-2.11482442567514,-0.940545930195284,-0.977139938223004
"962",2012,"5615",0.0311197762107701,0.0351602815219061,0.0867997625546618,0.0556799863438917,0,0.0516394810327557,-1.6260858185879,1.14893814263197,0.591026891858838,-0.699033782909614,-0.745153530809596,11306.7496772805,"0",2011,0,2012.1,2012.9,1,"3490","3087",0.519607369705554,0.446289529149115,1.73571833761472,NA,NA,"0",1.37981710071224,-2.88813450821657,-2.96346876276845,0.968515890096197,1.15359800333136,-0.822065403632908,-1.07430408322445
"963",2012,"5646",0.0558904793191209,0.0472387616524083,0.100424324066133,0.0445338447470122,2,0.0531855624137248,-0.606074858289539,0.370200354979101,-1.2700215802645,-0.296010899306371,-1.2558285073228,16429.197,"1",2011,1,2012.1,2012.9,1,"5323","1616",-0.817432648061085,1.9107068351026,0.632078623691588,NA,NA,"1",1.84232479188562,-3.11150582277355,-2.93396830266628,1.79310551770998,1.42902084266296,-0.134146276699006,-1.74312179010854
"964",2012,"5647",0.0461228672325701,0.0504724678504369,0.101507016034113,0.0553841488015428,1,0.051034548183676,0.352619041137904,-2.77066700748754,-0.2554311703904,-0.296010899306371,-1.23719649339782,12162.3832440476,"0",2011,1,2012.1,2012.9,1,"3451","1801",0.667243203704681,1.20494867143191,1.27894065928643,NA,NA,"1",1.87634172075705,-2.89346184888565,-2.97525246023384,1.33003032904575,1.55218572449998,-1.0098142571012,-1.12223096491231
"965",2012,"5650",0.0576499648848713,0.0212418344753301,0.0918139559613266,0.0341639910764554,0,0.0705721214859965,-0.0696270461619701,0.0358878832136494,1.37383946560257,-0.296010899306371,-1.2558285073228,12644.5325030525,"1",2011,0,2012.1,2012.9,1,"5132","2974",0.0101597735113986,0.800604636170004,1.78565796930373,9945.974865,9945.974865,"0",1.55796887334183,-3.37658308209557,-2.65112009227025,2.1849653516797,0.546890942822156,-0.89688594286981,-1.2682032454556
"966",2012,"5651",0.0107886310118797,-0.00647539149296151,0.0471132558345218,0.0363246248226421,2,0.0535886473274833,-0.963848127701783,-1.11779701709887,0.240385723234785,-0.296010899306371,-1.2558285073228,10763.4656202951,"1",2011,1,2012.1,2012.9,1,"4965","5290",0.0777395566800623,-0.847973126512488,1.22272589063126,NA,NA,"1",-0.55855048660754,-3.31525939793034,-2.92641803693066,0.557698267832345,-0.381238123847968,-1.33088591385554,-1.2773408537901
"967",2012,"5658",0.00400563189219984,0.00519172831278903,0.0570387880564375,0.0530331561642376,0,0.0518470597436484,-0.0521006127066465,0.449902511906601,0.0376087320635351,-0.140265671401761,-1.12052904266711,9874.99832779623,"0",2011,0,2012.1,2012.9,1,"4999","5072",-0.0750947221782018,-0.347960103030505,1.56001450256227,NA,NA,"0",0.0479004732288717,-2.93683797302414,-2.95945705288367,0.139465690717604,0.149752347978411,-1.48099708859675,-1.44885739781846
"968",2012,"5681",-0.00323042535956168,-0.0059919443654719,0.0520832923323987,0.0553137176919604,1,0.0580752366978706,-2.48642642649651,-2.15369362641747,-0.0946396057958949,-0.140265671401761,-1.12052904266711,7678.12230769231,"0",2011,1,2012.1,2012.9,1,"5598","5249",-1.3507930906072,-0.565443641468725,-0.856959085569785,NA,NA,"1",-0.240411736670654,-2.8947343416864,-2.84601592460654,-0.157585526368221,-0.334139915803121,-1.32106380122863,-1.7523739882461
"969",2012,"5686",-0.00308356965336529,-0.00644367366633095,0.0527186783273592,0.0558022479807245,2,0.0591623519936902,-0.18995368628222,0.962201508354093,-0.315396717630107,-0.140265671401761,-1.12052904266711,11197.3000396825,"0",2011,0,2012.1,2012.9,1,"5217","5000",-0.544622238806678,-0.164816070661452,-0.967558374598328,9042.989664,9042.989664,"1",-0.201946955787545,-2.88594112401343,-2.82746988544417,-0.15014223439541,-0.349344833701889,-1.253143065497,-1.31931387791473
"970",2012,"5748",0.00723381198521298,0.00920558062986249,0.0567447497821118,0.0495109377968988,0,0.0475391691522493,-1.30117671782827,0.42301794726058,-2.78039455459491,-0.296010899306371,-0.688661846938376,11053.4634234499,"0",2011,0,2012.1,2012.9,1,"3608","5237",0.50193265718453,-0.717667523564233,-0.536404172215191,6670.282722,6670.282722,"0",0.0315053323916805,-3.00556166822288,-3.04620129401709,0.281424077665501,0.342940931001019,-1.34165341014284,-1.11765358472246
"971",2012,"5749",0.0108453247559264,0.0404374674288384,0.0892230863774585,0.0783777616215321,0,0.04878561894862,-1.28772226175737,1.41658960403649,-0.237374776555839,-0.296010899306371,-0.213810141292297,10635.6933333333,"0",2011,0,2012.1,2012.9,1,"4971","4902",0.0319932419196614,-0.101860309534644,1.40130583012652,19006.90413,19006.90413,"0",1.46716643483078,-2.54621504464942,-3.02031970322957,0.266302608078024,1.35344368212768,-1.28134106417252,-1.27353493971201
"972",2012,"5750",0.0173280904984772,-0.00283812688958941,0.0514003189057469,0.0340722284072697,2,0.0542384457953363,0.179831865501628,0.352961411482629,-0.228279835412019,-0.296010899306371,-0.688661846938376,12628.7343076819,"0",2011,0,2012.1,2012.9,1,"1826","3456",1.28273907502489,0.662621119979345,0.48016801630249,20124.01066,20124.01066,"1",-0.282284178608173,-3.37927264271882,-2.91436528997631,0.895205416502375,-0.203534356837424,-0.833578432368,-0.873582462966758
"973",2012,"5766",0.0157267327934323,0.00417246588850158,0.0523402760717125,0.0366135432782802,1,0.0481678101832109,-3.14364370593775,0.765054358862467,0.00876045425317263,-0.435878053001826,-0.343580798800409,7221.30916666667,"0",2011,0,2012.1,2012.9,1,"5337","5508",-0.840305805441242,-1.16829274801678,0.335578402040598,13392.74421,13392.74421,"1",-0.2247983274114,-3.30733707209517,-3.03306431955166,0.775005899723158,0.120485819241307,-1.90651565047818,-1.97623207901599
"974",2012,"5767",-0.0022341257497577,0.00124983449750786,0.0542934563531677,0.0565275821029254,0,0.0530436218556598,-0.744691433410196,-0.35614892780289,1.32094776609818,-0.172955824185347,-0.552767976020941,7832.65806267806,"1",2011,1,2012.1,2012.9,1,"5524","4860",-0.972346304863054,0.112761603397773,0.140787692049422,4016.665064,4016.665064,"0",-0.108576941740176,-2.87302658113741,-2.93664065007275,-0.113244292367421,-0.0211001758322183,-1.24292033687195,-1.65240306176114
"975",2012,"5768",0.0153383841597148,0.00125905078210233,0.0503102007568427,0.0349718165971279,1,0.0490511499747404,-0.865510109916569,0.585164821233567,-0.320049048208799,-0.318660505163568,-0.0484107212135595,10476.6054590164,"1",2011,0,2012.1,2012.9,1,"4917","5144",0.213938811989026,-0.367037606402318,1.25985378434768,9081.806991,9081.806991,"1",-0.350284987664962,-3.35321278195473,-3.01489164829676,0.789116554185925,-0.0162331706385475,-1.40024205294874,-1.21998667602504
"976",2012,"5771",0.0329023467823807,0.0516067856751108,0.0859355029466183,0.0530331561642376,0,0.0343287172715075,-1.13872217670526,0.449902511906601,0.485777342634589,-0.172955824185347,-0.552767976020941,9874.99832779623,"0",2011,0,2012.1,2012.9,1,"4999","5513",0.0715014228491187,-1.10724473722705,1.56001450256227,27365.83253,27365.83253,"0",1.34807347123724,-2.93683797302414,-3.3717730368623,1.05494944543911,2.09684919527056,-1.66138663755008,-1.41615254545349
"977",2012,"5782",0.0408694536579925,0.0322632583887034,0.0942403681711717,0.0533709145131792,0,0.0619771097824683,0.232428124340326,1.61127403568114,0.397096964426485,-0.475106236342126,-0.453185535629685,11924.3562894737,"1",2011,0,2012.1,2012.9,1,"5162","5077",-0.0646978324599323,-0.375622482919569,1.78565796930373,11510.47193,11510.47193,"0",1.64071338374747,-2.93048935344153,-2.78099015916402,1.24682399575473,0.916223363137147,-1.45405317619378,-1.20703497507392
"978",2012,"5783",0.032997949315582,0.0161370117244993,0.0693225741382241,0.0363246248226421,2,0.0531855624137248,-0.606074858289539,-1.11779701709887,-1.11384420966289,-0.318660505163568,0.0444062837628985,10763.4656202951,"1",2011,0,2012.1,2012.9,1,"4965","1616",0.151557473679582,1.97843197207235,1.22272589063126,NA,NA,"1",0.666602265012537,-3.31525939793034,-2.93396830266628,1.42035842373362,0.551282777273459,-0.143696009699491,-1.24168242047703
"979",2012,"5785",0.00468610955998068,0.00665310968615091,0.0580794767386453,0.0533933671786646,0,0.0514263670524943,-0.617289740684218,-0.253013757103238,-2.15509211381677,-0.283401840375563,-1.0862047938591,12323.0009046283,"1",2012,0,2012.1,2012.9,1,"3453","5523",0.978928322192548,-1.09293660969827,1.3537193747998,NA,NA,"0",0.105256384039724,-2.93006875086807,-2.9676042603741,0.164731527975006,0.211865803168967,-1.68316101479275,-0.901546757986562
"980",2012,"5786",0.0616001768781275,0.00365762779631434,0.106065594454137,0.0444654175760092,1,0.102407966657822,0.606217801104069,1.10690420895034,0.0859434528565101,-0.172955824185347,-0.781916089737348,19269.3057692308,"1",2011,0,2012.1,2012.9,1,"1763","2966",1.84625049775392,0.875053811213355,1.09800754342886,NA,NA,"1",2.01569557044514,-3.11304352505781,-2.27879077001015,1.91861478513996,0.00685445435497031,-0.894319782105646,-0.765197211160225
"981",2012,"5837",0.0327024783473635,-0.0372295069538998,0.0768553364911098,0.0441528581437464,0,0.11408484344501,1.54580738856783,-0.188591566342765,1.25713069416491,-0.172955824185347,-0.801750200330392,11454.1666666667,"1",2011,0,2012.1,2012.9,1,"5284","5539",-0.607566031805744,-1.1644772473424,-0.00249460201120037,NA,NA,"0",0.993827760440944,-3.12009761690983,-2.17081286665175,1.21484871103822,-1.01173719500806,-1.66218135527098,-1.29684494517807
"982",2013,"1042",0.0369417768094009,0.0361918302891299,0.0828562802514824,0.0459145034420814,0,0.0466644499623525,-1.01435749465966,-1.26820869546144,-0.226068079880073,-1.0427473893198,0.370281014121953,24266.2541121751,"0",1996,0,2013.1,2013.9,17,"1043","559",-1.37731084074928,-0.794855831946977,-0.615889240453205,28975.97244,28975.97244,"0",1.23232167617851,-3.08097423269622,-3.06477264697587,1.29539137035533,1.28339366425291,-1.48231866897484,-0.726126325848039
"983",2013,"1533",0.00545361803588099,-0.0107545335081861,0.0552572408376075,0.0498036228017265,1,0.0660117743457937,-1.49953245679788,0.897480827314441,0.125221369091465,-1.20269563686801,0.504838030299769,17276.4077385798,"1",1999,0,2013.1,2013.9,14,"677","1028",0.571591818296727,-0.369899231908122,-1.66148393743936,14682.32883,14682.32883,"1",-0.0527600379313141,-2.99966755057485,-2.71792215368826,0.208925541853706,-0.497400852836648,0.571339627611491,-0.19379041390536
"984",2013,"1542",-0.0008916885173487,-0.0112876300468504,0.0388974436853738,0.0397891322027225,0,0.0501850737322242,-0.180214913045909,-0.108852113398934,0.347942379858258,-1.14105134876183,0.292172989466317,21884.2153401361,"1",1999,1,2013.1,2013.9,14,"1022","1199",-0.269516559909541,-0.70992184869798,1.09957632767038,6825.765963,6825.765963,"0",-1.1664249407671,-3.22416146421258,-2.99203763250904,-0.0737992228731064,-0.679647191481399,0.984204927557143,0.675045734774897
"985",2013,"1604",-0.0146097417059873,0.000297517673779828,0.0498248993752103,0.0644346410811976,0,0.0495273817014305,-0.234643538565577,0.0280333462457904,0.698106851562589,0.548095545783827,0.239358157811557,34968.4026923077,"1",2000,0,2013.1,2013.9,13,"1247","494",-0.300545310289867,1.78123782758895,-0.247747871771891,32949.722,32949.722,"0",-0.381033091876637,-2.74210388550332,-3.00522959666177,-0.597518891560278,-0.0620699792836802,-0.243283285235244,0.897797421298048
"986",2013,"1716",0.0475192580674012,0.0410217713187314,0.0934337615094826,0.0459145034420814,1,0.0524119901907512,-2.5336086558896,-1.26820869546144,-0.683732013731955,0.328371018859941,0.225346619205495,24266.2541121751,"0",2002,0,2013.1,2013.9,11,"1043","1412",0.915728867970815,-0.401377112471486,-0.615889240453205,35887.375435,35887.375435,"1",1.61344560127534,-3.08097423269622,-2.94861989339636,1.56375009069202,1.29284862811051,1.12939453777886,1.06006239496205
"987",2013,"1750",-0.0300334032275646,0.00237947239245072,0.052935775746504,0.0829691789740685,0,0.0505563033540532,0.648820761506607,-1.38212754511904,-0.850091124547683,0.328371018859941,0.159338621536349,0,"1",2002,0,2013.1,2013.9,11,"1362","1187",-0.243524335613781,0.16414837033519,-1.04887369111814,10746.80924,10746.80924,"0",-0.188910569697462,-2.48928607781027,-2.98466764585817,-1.02693957192004,0.0326645067843983,1.49890491150844,1.19256042061526
"988",2013,"1829",-0.0366164422686946,-0.00422270181828482,0.0532538276811535,0.0898702699498481,0,0.0574765294994384,-0.201032845354227,-0.430272683737408,-0.852836771475272,0.158849226567958,-1.2558285073228,6837.80397435898,"1",2003,0,2013.1,2013.9,10,"1190","1489",0.947473469774417,-0.409961988988817,-0.865325934858006,18254.05616,18254.05616,"0",-0.169908229274312,-2.40938809353481,-2.8563785971265,-1.19202127925718,-0.256964413308834,1.16443453507831,1.14302396677374
"989",2013,"1864",-0.044022776258799,0.0249487664921797,0.0560041264638899,0.100026902722689,0,0.0310553599717103,1.01920015605379,0.773002196945418,0.595545754790008,-0.301848426589157,-0.117515253591337,20641.8694783933,"0",2003,0,2013.1,2013.9,10,"1503","1209",-0.0147927618124633,0.278735882732163,-0.0291639341173666,21727.87111,21727.87111,"0",-0.0101702002177835,-2.30231610194849,-3.47198386161283,-1.3187039318004,1.32016967542548,1.61052026048477,1.14941442466994
"990",2013,"1868",-0.0185679755631298,-0.014849820268322,0.0313587703246358,0.0499267458877657,0,0.0462085905929579,2.47696459763106,-0.559508815936449,-0.425565553533647,0.158849226567958,-0.0184569613787307,18876.280979448,"1",2003,0,2013.1,2013.9,10,"1384","1553",0.158835296482336,-0.479594876295728,-1.04887369111814,42665.17229,42665.17229,"0",-1.84982515649965,-2.99719843008107,-3.07458955460929,-1.06194724069491,-0.994340899656391,1.3705849239723,0.90435324518159
"991",2013,"1877",-0.0194843956151411,0.000949460600295535,0.0440756118101234,0.0635600074252645,1,0.0431261512098279,0.145898813199516,0.083854713266193,-1.19617529365476,0.111682006123092,0.0607482372535563,52540.4536111111,"1",2003,0,2013.1,2013.9,10,"1893","1524",-1.07527551307368,-0.405192613145785,1.72813588044726,28662.1367315,28662.1367315,"1",-0.769970222218304,-2.75577082049071,-3.14362570926626,-0.840852344672075,-0.0246810059270792,1.12844288839934,1.71390925811804
"992",2013,"2968",-0.0381041192263419,-0.0194445367880318,0.0485883837377727,0.0866925029641146,1,0.0680329205258045,0.0171228362060022,-0.935948502140529,-2.57937363564835,-0.0830579040305069,-0.0946237732194918,16921.0113884535,"0",2003,1,2013.1,2013.9,10,"459","176",2.48317362020665,3.41956012910096,-1.04390587435327,24843.57195,24843.57195,"1",-0.460751478478494,-2.44538786993661,-2.68776356557744,-1.31640134290754,-0.873409510868865,-0.0148855141044914,0.314751830217523
"993",2013,"3002",-0.014588446803797,-0.0451503888316715,0.0525207221873888,0.0671091689911858,0,0.0976711110190603,0.66291993575903,0.533354689629059,1.00554232689208,-0.194671425677288,0.104549125487491,15649.8439857189,"0",2003,0,2013.1,2013.9,10,"1782","1495",-1.21251445735454,-0.315528347298485,0.669990909528793,10367.6147415,10367.6147415,"0",-0.213880814068842,-2.70143459767534,-2.3261494543539,-0.570662593429853,-1.54548515438564,1.0751853436725,-0.206171562139403
"994",2013,"3094",-0.0591640871112406,-0.0137505041635299,0.0334703472878253,0.0926344343990659,0,0.0472208514513552,0.985504614937955,0.0034435859409016,-0.099616086951109,0.955554950121982,0.00265770637046059,40475.822,"0",2004,0,2013.1,2013.9,9,"1891","1523",-0.880518475072896,-0.00330363364570957,1.82696928766426,55591.129515,55591.129515,"0",-1.64310624528366,-2.37909434469248,-3.05291971590421,-2.2970009187587,-0.891333158429467,0.814455130770951,-0.287764629506036
"995",2013,"3507",-0.00598924699082924,-0.0166935598431542,0.0562885757699219,0.0622778227607512,0,0.0729821356130762,-0.510315750257652,-1.93605938020789,-0.775634694176256,-0.146103198684548,0.477627372147019,48580.1919230769,"0",2004,1,2013.1,2013.9,9,"1760","2972",-0.672475575538598,-1.41398857798497,1.11343392180399,36032.604065,36032.604065,"0",0.00590084145621933,-2.77614989151067,-2.61754058541108,-0.249023367479183,-0.691331889754357,-1.18789345088421,1.11479413471313
"996",2013,"3517",-0.0400673222554784,0.0103958285024782,0.0492959634529258,0.0893632857084042,0,0.0389001349504476,-0.853124537495171,0.381077314694049,-0.725126354437134,-0.749003016450229,-1.2558285073228,0,"0",2005,1,2013.1,2013.9,8,"1828","1848",-0.992100395327695,-1.13586099228476,0.48016801630249,NA,NA,"0",-0.414888797047528,-2.41504535555513,-3.24675755920058,-1.35188194385719,0.484643436713906,-0.178229297604925,-0.177581970118097
"997",2013,"3567",0.00937314166485614,0.00798768084867899,0.0552085323000342,0.045835390635178,0,0.0472208514513552,0.985504614937955,1.49354918048791,1.15779189962853,1.75599669113699,-0.171231522549032,18416.0193059211,"0",2004,0,2013.1,2013.9,9,"1757","1523",-0.512775372513888,0.0994334132006955,0.447485011270412,32949.722,32949.722,"0",-0.0555575188624665,-3.08269876496529,-3.05291971590421,0.392415933852299,0.293854601429568,0.789268104189468,0.916680186269487
"998",2013,"3574",-0.00495456706957517,0.0473629050364437,0.0993803606550273,0.104334927724603,0,0.0520174556185836,-0.0936686249187542,-0.788801752063556,0.653108863568768,-0.749003016450229,-0.0895775058905502,27814.0594444444,"0",2005,0,2013.1,2013.9,8,"3090","1381",-1.25997938366663,0.97601863097055,-0.414823393495862,7004.12956735,7004.12956735,"0",1.80917557173785,-2.2601490955214,-2.95617593175754,-0.131842932011454,1.45686551003768,1.12125852950273,0.466841747587259
"999",2013,"3594",0.00741555638426766,0.00530147755263839,0.0558577809066916,0.048442224522424,0,0.0505563033540532,0.648820761506607,0.127847603919173,-1.97200175669663,-0.749003016450229,0.248335027574739,19091.7559569378,"0",2005,0,2013.1,2013.9,8,"1740","1187",-0.24560371355749,1.23248855915448,0.447485011270412,8900.4272375,8900.4272375,"0",-0.0184703766256172,-3.02738343809768,-2.98466764585817,0.294976490924022,0.159906982719066,0.862871101831533,0.757776609971011
"1000",2013,"3606",-0.0372532304097038,-0.0181866071118115,0.0363002109855592,0.073553441395263,0,0.0544868180973707,0.671589843859456,0.505873124066593,0.0876022799082481,-0.749003016450229,-0.222164394544728,18496.1403694581,"0",2005,0,2013.1,2013.9,8,"3003","1710",-1.23406101705749,-0.693262914059648,-0.33586125333838,14729.190015,14729.190015,"0",-1.38563935233365,-2.60974304315489,-2.90979647634116,-1.60053064626508,-1.03806632738681,-0.166620318391955,0.257633014767955
"1001",2013,"3608",-0.0270977462358049,-0.00342483794960517,0.0495109377968988,0.0766086840327037,1,0.052935775746504,-0.875537325298186,0.70337474857807,0.340048647542133,-0.749003016450229,-0.256297897868316,16222.862311522,"0",2005,0,2013.1,2013.9,8,"1705","1750",-0.580383562485118,-0.744772173163478,0.579262887559741,21217.04712,21217.04712,"1",-0.401085278886363,-2.56904484008817,-2.93867587859494,-0.998186244924366,-0.234653030703333,-0.189595379923457,-0.233224929086111
"1002",2013,"3645",0.0296285801414712,0.00645868487696974,0.0785671002146544,0.0489385200731832,0,0.0721084153376846,-1.08257991232734,0.215497578571536,-0.783700009920146,0.0923014155442411,-0.780787884777864,11647.728,"0",2005,0,2013.1,2013.9,8,"1576","1512",0.337925982899599,0.322614140487318,0.296620260042353,20603.6313,20603.6313,"0",1.06370527002304,-3.01719046104104,-2.62958452391989,1.03419571840316,0.126896729319794,0.660550781855145,0.758214122009952
"1003",2013,"3699",0.0192657402559422,-0.00312981603469629,0.0678541239937149,0.0485883837377727,1,0.0709839400284112,-0.935395253997085,-2.4336157214922,-0.149895627980987,-0.260285232335748,0.527851033177361,12841.3616693069,"0",2005,0,2013.1,2013.9,8,"2968","1769",-0.979624127665808,-0.905023201486338,0.20929127059665,40209.487295,40209.487295,"1",0.598684215726294,-3.02437079438628,-2.64530162431011,0.72280110289641,-0.183044329663923,-0.79509673506264,-0.243111304130015
"1004",2013,"4854",0.0079486834707761,0.00583460463914683,0.0563909079932001,0.048442224522424,1,0.0505563033540532,0.648820761506607,0.127847603919173,0.955396253509723,0.172158788772693,-0.0541008828619503,19091.7559569378,"1",2006,1,2013.1,2013.9,7,"1740","1187",0.0174375963141529,1.47381897680739,0.447485011270412,27194.88173,27194.88173,"1",0.011662631558942,-3.02738343809768,-2.98466764585817,0.316193882391243,0.182402841821659,0.837023212056254,0.72719734684439
"1005",2013,"4890",-0.00416476172219489,-0.0546111661519622,0.0477968005058601,0.051961562228055,0,0.102407966657822,0.606217801104069,0.938208789681826,1.15119472800738,0.248280144540181,-0.332964453239462,19265.1351801501,"1",2006,0,2013.1,2013.9,7,"1510","2966",0.968753005533796,-0.963063638657034,-1.4473448884692,13685.949415,13685.949415,"0",-0.512857248857498,-2.95725102165683,-2.27879077001015,-0.209782609660753,-1.88084184228106,-0.124771969406207,0.585876537701059
"1006",2013,"4933",-0.0133703637355483,-0.00434021632012925,0.0400230034431163,0.0533933671786646,1,0.0443632197632455,-0.241226554785182,-0.253013757103238,0.605632163942401,0.855149480858134,-1.2558285073228,12323.0009046283,"1",2006,0,2013.1,2013.9,7,"3453","1699",-1.02455232651383,-0.202971077404999,1.3537193747998,18756.21866,18756.21866,"1",-1.07593543396461,-2.93006875086807,-3.11534453655403,-0.666974654394092,-0.320075663221338,0.6274096023406,0.0646032160523596
"1007",2013,"4934",-0.00377976418698589,0.00525038322843318,0.0496136029916787,0.0533933671786646,1,0.0443632197632455,-0.241226554785182,-0.253013757103238,0.572474743214432,0.855149480858134,-0.2241901816815,12323.0009046283,"1",2006,1,2013.1,2013.9,7,"3453","1699",-1.02455232651383,-0.202971077404999,1.3537193747998,NA,NA,"1",-0.394514271504713,-2.93006875086807,-3.11534453655403,-0.187169270563577,0.18864070410364,0.6274096023406,0.0646032160523596
"1008",2013,"4948",0.0392519208694448,-0.0133074168477944,0.0829883416367338,0.043736420767289,1,0.0962957584845282,0.43660337798446,0.475331819382618,0.477635753719099,0.821992325891951,-0.539482453509551,21969.7404414557,"1",2006,0,2013.1,2013.9,7,"1437","1797",1.26402467353205,-0.473871625284197,-0.137932974864133,11992.9901235,11992.9901235,"1",1.23737368732934,-3.12957409681909,-2.34033100596085,1.40750223583244,-0.428463263435776,-0.717823742922275,0.46923352275128
"1009",2013,"4971",0.0248234653448492,0.0404657791708409,0.0783777616215321,0.0535542962766829,0,0.0379119824506912,1.93559649569673,0.899141294006619,1.35545894199705,0.981473571257546,-0.294075558750625,18616.7646907216,"0",2006,0,2013.1,2013.9,7,"1669","1897",0.281518595157689,-0.71043266709415,-1.14195488944948,50126.724995,50126.724995,"0",1.05605138371035,-2.92705925605012,-3.27248805721284,0.827487582119875,1.64371201969318,-0.272632511522361,0.52426125471623
"1010",2013,"4972",-0.0384867951253919,-0.0762047896010739,0.0327250959712075,0.0712118910965994,0,0.108929885572281,-1.44992231470776,1.79830918059628,0.195063584664443,0.821992325891951,-0.322061127243742,22953.4536752137,"1",2006,0,2013.1,2013.9,7,"1155","1808",2.16493221169973,-0.698986165071176,-0.865325934858006,41054.221435,41054.221435,"0",-1.71453659230964,-2.64209546472509,-2.21705085535854,-1.75985226393324,-2.92417098447431,-0.247986828299454,0.702389899609128
"1011",2013,"4999",0.0071977655290596,0.00581230471288245,0.0530331561642376,0.045835390635178,0,0.0472208514513552,0.985504614937955,1.49354918048791,0.367524133097036,1.12320873368347,-0.362862862183538,18416.0193059211,"0",2007,0,2013.1,2013.9,6,"1757","1523",0.305431441509657,0.850107108716858,0.447485011270412,19596.225145,19596.225145,"0",-0.183080376435624,-3.08269876496529,-3.05291971590421,0.302623956444122,0.198652150391316,0.571656564094722,0.567011973950744
"1012",2013,"5118",-0.0423554688129154,-0.0515835051630477,0.0447122533214805,0.0870677221343959,0,0.0962957584845282,0.43660337798446,0.0238915340565595,-0.834551558125911,1.24859881971763,0.266689026686426,16192.9918854425,"1",2006,0,2013.1,2013.9,7,"1717","1797",0.275280461326746,-0.409961988988737,-0.681255250517338,11992.9901235,11992.9901235,"0",-0.72447785512501,-2.44106904779776,-2.34033100596085,-1.51174417155671,-1.89308755879146,-0.776871731930336,0.459277867405589
"1013",2013,"5123",-0.046018133948738,-0.0141321169976018,0.0368381463027444,0.0828562802514824,0,0.0509702633003462,-0.871312666118362,-0.130923191474264,0.522595605127119,-0.846606472618327,-0.160082374016298,17982.5829722443,"0",2007,1,2013.1,2013.9,6,"1042","1577",2.4186049581041,0.692962690232706,-0.865325934858006,24347.62116,24347.62116,"0",-1.33897530107163,-2.49064773530915,-2.97651288885294,-1.83368698257004,-0.845230839801496,0.490125712259756,0.61038124015338
"1014",2013,"5125",-0.00519429127691723,-0.0193862331725959,0.0346329340875199,0.0398272253644371,1,0.0540191672601158,-0.317508079317215,0.357121892038114,-0.480611814094061,-0.375167769260896,-0.0994175876831677,15260.450426501,"0",2007,0,2013.1,2013.9,6,"2985","1752",-0.30902474083874,-0.0780134303198788,0.0843114593539948,43389.93969,43389.93969,"1",-1.53479107301472,-3.22320454616746,-2.91841634613605,-0.335312258912541,-1.1290022056367,-0.306084417994071,-0.236683841995845
"1015",2013,"5128",-0.0574404922076382,-0.0175966213228978,0.0334379268607782,0.0908784190684165,0,0.051034548183676,0.352619041137904,0.956679092101785,0.575792397317909,-0.375167769260896,-0.152633746080385,1658.35777777778,"0",2007,0,2013.1,2013.9,6,"1789","1801",0.0621442221026595,-0.184847449201838,1.36313208024904,16412.06035,16412.06035,"0",-1.64618042101767,-2.39823271997468,-2.97525246023384,-2.25641766686458,-1.07756040976525,-0.669962894394192,-0.702572086948966
"1016",2013,"5160",-0.0159664722746964,-0.0167102634043616,0.0395629498547133,0.0555294221294097,1,0.0562732132590749,0.648379619052284,-0.390626835153921,-0.323137903603032,-0.462497177411317,-0.0359712491745947,12910.8364322251,"0",2007,1,2013.1,2013.9,6,"1790","1731",0.116208048637538,0.000204333504362864,1.36313208024904,NA,NA,"1",-1.11261013564949,-2.89084227024036,-2.87753664286531,-0.780415258025056,-0.910633802256686,-0.34907762713432,-0.758772372730029
"1017",2013,"5216",-0.00643412746501915,-0.00113766281361362,0.0450138308037542,0.0514479582687733,0,0.0461514936173678,0.651806859741567,-1.99381171182931,0.792335718101793,-0.834464415870158,-0.423594683744208,10991.5580300958,"0",2007,0,2013.1,2013.9,6,"3595","3457",-0.89436963197612,-0.908838702160637,-0.536404172215191,13977.453295,13977.453295,"0",-0.703153712194074,-2.96718450128399,-3.07582595415032,-0.321587408223704,-0.135362928248927,-0.770587366027621,-0.685788510877891
"1018",2013,"5237",-0.00578911889913634,-0.00149849700406218,0.0475391691522493,0.0533282880513856,0,0.0490376661563115,0.990136481113029,-1.41074718884799,-1.32842363151419,-1.49340449555053,0.25462771668314,10176.2735597927,"1",2008,1,2013.1,2013.9,5,"4896","2990",-1.06323102880992,-0.354837907866327,0.580308743720781,21217.04712,21217.04712,"0",-0.530002061246213,-2.93128835592771,-3.0151665791002,-0.279845418372234,-0.149750227418107,-0.583899739696814,-1.32764478171541
"1019",2013,"5283",-0.0376084560159576,-0.00579797471916928,0.0494592661184383,0.0870677221343959,0,0.0552572408376075,-0.00766526710952278,0.0238915340565595,-0.42032213708339,0.252716665275092,-0.476955232234136,16192.9918854425,"1",2009,0,2013.1,2013.9,4,"1717","1533",1.07584096963183,1.45581784077072,-0.681255250517338,21893.87358,21893.87358,"0",-0.40439764166769,-2.44106904779776,-2.89575589128705,-1.28636782850326,-0.338769340849473,0.235115439773495,0.151885471116148
"1020",2013,"5290",0.0144444625949552,0.0148699879550614,0.0535886473274833,0.0391441847325281,0,0.0387186593724219,-0.291413562652299,-1.22664118592293,-0.949334588022344,-0.0328551693985833,0.874812026758458,13152.3706116643,"1",2008,0,2013.1,2013.9,5,"5079","1867",-0.893131095386776,-0.0177368595572878,0.48670461730891,32199.79922,32199.79922,"0",-0.150026316332594,-3.24050340570009,-3.2514336408193,0.678373707319875,0.693450999346418,-0.592299296881454,-1.08498129724575
"1021",2013,"5291",0.0110189617571309,-0.0184278251087349,0.0569334651992124,0.0459145034420814,0,0.0753612903079472,0.704046824030432,-1.26820869546144,0.184042901979398,-0.0328551693985833,-0.26923545508108,24266.2541121751,"1",2008,0,2013.1,2013.9,5,"1043","3696",3.29161701620801,-0.469941451092323,-0.615889240453205,32236.10009,32236.10009,"0",0.0420375612493504,-3.08097423269622,-2.58546152693986,0.457283078312725,-0.740323831537191,-0.598171761865867,0.314119952772331
"1022",2013,"5323",-0.00798687744037659,-0.01106366547233,0.0445338447470122,0.0525207221873888,0,0.0555975102193422,-0.911676034331063,1.07419871741475,0.286070128161893,0.29451336061981,0.229813111160295,15043.945892317,"0",2008,1,2013.1,2013.9,4,"3002","1581",0.245129481143748,1.27673950584148,0.0843114593539948,28207.615595,28207.615595,"0",-0.737160703981768,-2.94654747893019,-2.88961685895592,-0.391627829117907,-0.601732793663809,0.268093788485441,-0.384464592267624
"1023",2013,"5324",0.0302984607620998,0.0272216727301465,0.0828191829494886,0.0525207221873888,0,0.0555975102193422,-0.911676034331063,1.07419871741475,0.0874306756749267,0.29451336061981,-0.274814115523701,15043.945892317,"0",2008,1,2013.1,2013.9,4,"3002","1581",0.245129481143748,1.27673950584148,0.0843114593539948,8052.9265255,8052.9265255,"0",1.2309010693694,-2.94654747893019,-2.88961685895592,0.994132823157836,0.867527762313247,0.268093788485441,-0.384464592267624
"1024",2013,"5333",-0.000951791400807825,-0.018731669241048,0.041979913616348,0.0429317050171558,1,0.060711582857396,0.393898611204706,0.888712110426615,-0.544772094493973,0.0297231230728393,-0.578931643836648,17286.3799818841,"1",2009,0,2013.1,2013.9,4,"1857","3618",0.433313185044055,-0.257451423099521,0.48016801630249,40603.000335,40603.000335,"1",-0.924504777884582,-3.14814468131827,-2.80162077774686,-0.0732498856827083,-0.949987923316382,-0.472790314934764,-0.470493761346356
"1025",2013,"5337",-0.0184028614104564,-0.0178732748190905,0.0366135432782802,0.0550164046887367,1,0.0544868180973707,0.671589843859456,-0.572699228000695,0.689602996290334,0.0297231230728393,-0.602827789275932,13425.9367563025,"0",2009,0,2013.1,2013.9,4,"4936","1710",-0.737376597230617,0.608776691063873,1.25985378434768,33210.870165,33210.870165,"1",-1.35837544340614,-2.90012387115451,-2.90979647634116,-0.932733082101672,-1.01771240022285,-0.403146136444439,-0.697703672712053
"1026",2013,"5447",0.00487099122263446,-0.00428054416127331,0.0519926690978016,0.0471216778751671,0,0.0562732132590749,0.648379619052284,1.14761350295148,-0.0679840048218003,0.0297231230728393,-0.387923325072392,17903.6276896552,"1",2009,0,2013.1,2013.9,4,"2989","1731",0.217245363801085,0.546774805105637,-0.602031646319602,38359.594795,38359.594795,"0",-0.245936058742089,-3.0550221317166,-2.87753664286531,0.196546649210639,-0.263616491453678,-0.404376337753086,-0.420239611201344
"1027",2013,"5456",0.018448362424389,-0.00767391172178594,0.0500270772272489,0.0315787148028598,0,0.0577009889490348,0.178559387611309,-1.07546457277998,0.362242580060979,-0.217788033717103,-0.620043501759585,12608.5513549832,"1",2009,0,2013.1,2013.9,4,"4958","4888",-0.706185928075896,-0.780065554401221,1.40130583012652,13116.70128,13116.70128,"0",-0.368187111384794,-3.45527196753566,-2.85248096611696,1.00447264985361,-0.414220320763199,-0.859825187778146,-0.788577471090035
"1028",2013,"5498",0.0168148561681103,0.0134528368053135,0.0584531960097764,0.0416383398416661,0,0.045000359204463,-0.646692733188473,-0.591766551695188,0.0495065146108657,-0.307218951689325,-0.147317948846114,6359.09583333333,"1",2009,0,2013.1,2013.9,4,"4868","1886",-0.419231771852202,0.702256457585625,-0.218725363303416,9963.707165,9963.707165,"0",0.125602851930342,-3.17873390534655,-3.10108480692228,0.734481396291487,0.543165203720903,-0.51416051382146,-1.00474243821654
"1029",2013,"5508",-0.0051604778681747,-0.000869855973100547,0.0481678101832109,0.0533282880513856,1,0.0490376661563115,0.990136481113029,-1.41074718884799,-3.39898352068882,-0.144235189954056,-0.507998137356993,10176.2735597927,"1",2009,0,2013.1,2013.9,4,"4896","2990",-0.510724401372833,0.152065951533005,0.580308743720781,33210.870165,33210.870165,"1",-0.488329027970705,-2.93128835592771,-3.0151665791002,-0.250502411686096,-0.118639138900106,-0.576186785539836,-0.973402757067676
"1030",2013,"5518",0.0053603585223296,-0.0013655588956823,0.0515702168508217,0.0462098583284921,0,0.052935775746504,-0.875537325298186,0.492738676384933,-0.490450366647089,-0.144235189954056,-0.58225423410681,14188.6794172063,"0",2009,0,2013.1,2013.9,4,"3590","1750",-0.145793572262294,0.71084133410288,-0.536404172215191,13116.70128,13116.70128,"0",-0.271816140366792,-3.07456211992392,-2.93867587859494,0.221968752992367,-0.138146890040618,-0.519541881954859,-0.806294508588822
"1031",2013,"5522",0.0114477374078598,0.00409756562931304,0.0572831280430378,0.045835390635178,0,0.0531855624137248,-0.606074858289539,1.49354918048791,-2.73851590213618,-0.144235189954056,-0.545057258532789,18416.0193059211,"1",2009,0,2013.1,2013.9,4,"1757","1616",1.34719979127812,1.3088116037231,0.447485011270412,24682.784895,24682.784895,"0",0.0614603413225292,-3.08269876496529,-2.93396830266628,0.474811084478974,0.0995128322011307,0.17308186429436,-0.0105608497087514
"1032",2013,"5524",0.00701664430602656,0.0103189915099675,0.0565275821029254,0.0495109377968988,0,0.0462085905929579,2.47696459763106,0.42301794726058,-0.456244262629069,-0.144235189954056,-0.547545393956902,11053.4634234499,"0",2009,0,2013.1,2013.9,4,"3608","1553",-0.146833261234104,1.70382538460373,-0.536404172215191,12888.4677975,12888.4677975,"0",0.0193417462875666,-3.00556166822288,-3.07458955460929,0.272859397815565,0.401089487737771,0.152332064744295,-0.806294508588822
"1033",2013,"5530",0.0345763472609279,0.0435279531141301,0.0904341281676196,0.0558577809066916,1,0.0469061750534895,0.536960416732348,-1.83930671424198,0.237544745245475,-0.144235189954056,-0.642548415012914,16634.024469697,"0",2009,0,2013.1,2013.9,4,"3594","5197",-0.124999792825842,-1.28431367938308,-0.536404172215191,38359.594795,38359.594795,"1",1.50993363296904,-2.88494644523538,-3.05960594794337,1.05301321688139,1.4784096221656,-0.731666866017327,-0.806294508588822
"1034",2013,"5547",-0.00650213002098782,0.00399223055295028,0.0493001179597367,0.0558022479807245,1,0.0453078874067864,-0.996576573031721,0.962201508354093,-2.71276598785955,-0.969428046648062,-0.531266622523993,11197.3000396825,"1",2010,0,2013.1,2013.9,3,"5217","1869",-0.902275245114464,0.623084818592731,-0.967558374598328,14729.190015,14729.190015,"1",-0.414621465893297,-2.88594112401343,-3.0942741467093,-0.299891582630926,0.123730570282119,-0.75462170894685,-1.15796580404667
"1035",2013,"5549",0.0199305590987873,0.00715510240985299,0.0567687054015317,0.0368381463027444,1,0.0496136029916787,0.390318670206405,0.601638829949661,-1.50021682090362,-0.331503065185686,-0.57761184111889,12117.4776353276,"0",2009,0,2013.1,2013.9,4,"5123","4934",-0.802877002455664,-0.680862536868018,-0.645696141042442,58059.308585,58059.308585,"1",0.0328442375689024,-3.30122138637608,-3.00349022898748,0.94275824341267,0.242791805913855,-0.865669442816425,-1.02889561353664
"1036",2013,"5557",0.0692804944828417,0.0734930544168528,0.11711647565367,0.0478359811708281,0,0.043623421236817,0.52452395037915,-1.07268469628758,-0.673016382122197,-0.969428046648062,-0.346550196966496,11451.2392160494,"1",2010,1,2013.1,2013.9,3,"3462","3093",0.276320150298553,0.192725532148175,1.27894065928643,NA,NA,"0",2.33009566308829,-3.03997717849493,-3.13216108852834,1.97678917489457,2.26252893607984,-0.755569396100953,-1.00081854896568
"1037",2013,"5564",-0.0531431436772717,0.000959138157337391,0.0340097000249813,0.087152843702253,0,0.0330505618676439,-0.563217409714384,0.596079097322934,0.354348868550411,-0.969428046648062,-0.346550196966496,9784.10328048781,"0",2010,0,2013.1,2013.9,3,"5224","1881",-0.893952051979316,0.618315442749776,-0.967558374598328,31592.81919,31592.81919,"0",-1.59239590674948,-2.44009187757424,-3.40971671229509,-2.12504922429182,-0.00850573649959789,-0.75462170894685,-1.15796580404667
"1038",2013,"5575",0.000711590647096277,-0.00156473389463622,0.0547084793644387,0.0539968887173424,1,0.0562732132590749,0.648379619052284,2.44391152939938,-0.779753154164862,-0.969428046648062,-0.346084619632487,13489.9796536797,"0",2010,0,2013.1,2013.9,3,"5168","1731",-0.673955569949367,0.99223450883656,-0.215587794820344,35617.670815,35617.670815,"1",-0.0844206749152282,-2.91882885042326,-2.87753664286531,0.00606958563726539,-0.143036850177369,-0.648838088149223,-1.2830899419812
"1039",2013,"5588",-0.0028506056839442,0.00688926285050625,0.0507414721664425,0.0535920778503867,1,0.0438522093159362,-0.0284323054860405,-0.0130863871577783,0.213100920608882,-0.618475906407236,-0.287445130721542,10733.008625,"1",2010,0,2013.1,2013.9,3,"4964","911",-0.215452733374575,3.90441539853778,1.22272589063126,28258.72643,28258.72643,"1",-0.323208049690818,-2.92635402312782,-3.12693017794544,-0.145258097251878,0.269311719404796,-0.0682765030245827,-1.22657459386316
"1040",2013,"5589",0.0438871499401297,0.0623507649031266,0.0971873859061885,0.0533002359660588,0,0.0348366210030618,0.309931251344494,-0.159449534088121,-0.761849285867944,-0.618475906407236,-0.386196824058427,12323.0009046283,"0",2010,0,2013.1,2013.9,3,"3085","1729",0.541239149816032,1.36996907559764,1.3537193747998,16659.62881,16659.62881,"0",1.73839254268577,-2.93181452068958,-3.35708611783615,1.31856221150304,2.35346101943349,-0.216903577283157,-0.812231700312487
"1041",2013,"5593",0.0278540742007288,-0.00146318980573838,0.0836563221814533,0.0558022479807245,1,0.0851195119871917,-0.185644197711524,0.962201508354093,0.946758930589947,-0.446385602110833,-0.27937754269138,11197.3000396825,"0",2010,1,2013.1,2013.9,3,"5217","1494",-0.81286199353745,2.10826845608538,-0.967558374598328,14466.469655,14466.469655,"1",1.26280474839912,-2.88594112401343,-2.46369898663842,0.881225431244188,-0.117316609185691,-0.0858496262356546,-1.29541564909486
"1042",2013,"5595",-0.00231676683266594,0.00367953365538857,0.0535044330305989,0.0558211998632648,2,0.0498248993752103,0.502111144062518,-0.658782016717884,-1.23535785802244,-0.699033782909614,-0.575739728360431,18949.6778276334,"1",2011,0,2013.1,2013.9,2,"1707","1604",1.74540066748692,1.77140196724396,1.72813588044726,27701.59443,27701.59443,"1",-0.155015325003336,-2.88560155588347,-2.99924043244959,-0.117854986102381,0.0924804616096827,-0.0798899315690968,-0.257592887950309
"1043",2013,"5600",0.0218458722725749,0.0261954728904417,0.0772300210741177,0.0553841488015428,1,0.051034548183676,0.352619041137904,-2.77066700748754,0.210717560843615,-0.699033782909614,-0.745153530809596,12162.3832440476,"0",2011,0,2013.1,2013.9,2,"3451","1801",0.494654834381775,1.04660539344619,1.27894065928643,23306.521791,23306.521791,"1",1.00925524292227,-2.89346184888565,-2.97525246023384,0.71949343463832,0.90486053493826,-0.975479344677263,-1.07306625728127
"1044",2013,"5604",0.0108584725480691,-0.00467719569904377,0.0550113306918154,0.0441528581437464,0,0.0596885263908592,0.50014303554526,-0.188591566342765,0.285421847814406,-0.446385602110833,-0.150314002495679,11454.1666666667,"0",2010,0,2013.1,2013.9,3,"5284","1762",-0.993290640352823,0.986511257825033,-0.00249460201120037,44187.08053,44187.08053,"0",-0.0669086934038252,-3.12009761690983,-2.81861546481182,0.46795811030792,-0.269500851887653,-0.863347922016515,-1.2588559555968
"1045",2013,"5605",0.0413941739777777,0.0409392829750442,0.0939148961651664,0.0525207221873888,0,0.0529756131901223,0.400871857433217,1.07419871741475,-0.469305117418295,-0.446385602110833,-0.448283602501625,15043.945892317,"1",2010,0,2013.1,2013.9,3,"3002","5269",0.887657265731521,-0.990426303670632,0.0843114593539948,36032.604065,36032.604065,"0",1.62973881526948,-2.94654747893019,-2.93792359980987,1.2749642799721,1.2796813120132,-1.26302700469288,-0.758462029686412
"1046",2013,"5608",0.0420104400770548,0.0158881659308798,0.0735891548799146,0.0315787148028598,0,0.0577009889490348,0.178559387611309,-1.07546457277998,-0.0514339125013334,-0.446385602110833,-0.27937754269138,12608.5513549832,"0",2010,0,2013.1,2013.9,3,"4958","4888",-0.239365579726542,-0.351775603704884,1.40130583012652,18524.9241705,18524.9241705,"0",0.856068108090847,-3.45527196753566,-2.85248096611696,1.86650083131854,0.499749925893096,-1.22830246373087,-1.21470230962329
"1047",2013,"5613",-0.0329116180530947,-0.0707203212973376,0.0518071276017131,0.0847187456548078,0,0.122527448899051,-0.271189454593705,-0.859119502462442,1.51274219036463,-1.03527535439783,-0.56151958570532,18023.4985947712,"0",2009,0,2013.1,2013.9,3,"3518","3486",0.117247737609345,-0.0608436772852934,-0.536404172215191,19510.139825,19510.139825,"0",-0.257276625683447,-2.46841838357282,-2.09942020145257,-1.12168828745382,-2.11482442567514,-0.940545930195284,-0.977139938223004
"1048",2013,"5615",0.0311197762107701,0.0351602815219061,0.0867997625546618,0.0556799863438917,0,0.0516394810327557,-1.6260858185879,1.14893814263197,0.591026891858838,-0.699033782909614,-0.745153530809596,11306.7496772805,"0",2011,1,2013.1,2013.9,2,"3490","3087",0.519607369705554,0.446289529149115,1.73571833761472,NA,NA,"0",1.37981710071224,-2.88813450821657,-2.96346876276845,0.968515890096197,1.15359800333136,-0.822065403632908,-1.07430408322445
"1049",2013,"5650",0.0576499648848713,0.0212418344753301,0.0918139559613266,0.0341639910764554,0,0.0705721214859965,-0.0696270461619701,0.0358878832136494,1.37383946560257,-0.296010899306371,-1.2558285073228,12644.5325030525,"1",2011,0,2013.1,2013.9,2,"5132","2974",0.0101597735113986,0.800604636170004,1.78565796930373,8657.59099735,8657.59099735,"0",1.55796887334183,-3.37658308209557,-2.65112009227025,2.1849653516797,0.546890942822156,-0.89688594286981,-1.2682032454556
"1050",2013,"5658",0.00400563189219984,0.00519172831278903,0.0570387880564375,0.0530331561642376,0,0.0518470597436484,-0.0521006127066465,0.449902511906601,0.0376087320635351,-0.140265671401761,-1.12052904266711,9874.99832779623,"0",2011,0,2013.1,2013.9,2,"4999","5072",-0.0750947221782018,-0.347960103030505,1.56001450256227,26851.41783,26851.41783,"0",0.0479004732288717,-2.93683797302414,-2.95945705288367,0.139465690717604,0.149752347978411,-1.48099708859675,-1.44885739781846
"1051",2013,"5686",-0.00308356965336529,-0.00644367366633095,0.0527186783273592,0.0558022479807245,2,0.0591623519936902,-0.18995368628222,0.962201508354093,-0.315396717630107,-0.140265671401761,-1.12052904266711,11197.3000396825,"0",2011,0,2013.1,2013.9,2,"5217","5000",-0.544622238806678,-0.164816070661452,-0.967558374598328,9388.663866,9388.663866,"1",-0.201946955787545,-2.88594112401343,-2.82746988544417,-0.15014223439541,-0.349344833701889,-1.253143065497,-1.31931387791473
"1052",2013,"5748",0.00723381198521298,0.00920558062986249,0.0567447497821118,0.0495109377968988,0,0.0475391691522493,-1.30117671782827,0.42301794726058,-2.78039455459491,-0.296010899306371,-0.688661846938376,11053.4634234499,"0",2011,0,2013.1,2013.9,2,"3608","5237",0.50193265718453,-0.717667523564233,-0.536404172215191,21217.04712,21217.04712,"0",0.0315053323916805,-3.00556166822288,-3.04620129401709,0.281424077665501,0.342940931001019,-1.34165341014284,-1.11765358472246
"1053",2013,"5749",0.0108453247559264,0.0404374674288384,0.0892230863774585,0.0783777616215321,0,0.04878561894862,-1.28772226175737,1.41658960403649,-0.237374776555839,-0.296010899306371,-0.213810141292297,10635.6933333333,"0",2011,0,2013.1,2013.9,2,"4971","4902",0.0319932419196614,-0.101860309534644,1.40130583012652,27121.47292,27121.47292,"0",1.46716643483078,-2.54621504464942,-3.02031970322957,0.266302608078024,1.35344368212768,-1.28134106417252,-1.27353493971201
"1054",2013,"5750",0.0173280904984772,-0.00283812688958941,0.0514003189057469,0.0340722284072697,2,0.0542384457953363,0.179831865501628,0.352961411482629,-0.228279835412019,-0.296010899306371,-0.688661846938376,12628.7343076819,"0",2011,0,2013.1,2013.9,2,"1826","3456",1.28273907502489,0.662621119979345,0.48016801630249,34817.607775,34817.607775,"1",-0.282284178608173,-3.37927264271882,-2.91436528997631,0.895205416502375,-0.203534356837424,-0.833578432368,-0.873582462966758
"1055",2013,"5766",0.0157267327934323,0.00417246588850158,0.0523402760717125,0.0366135432782802,1,0.0481678101832109,-3.14364370593775,0.765054358862467,0.00876045425317263,-0.435878053001826,-0.343580798800409,7221.30916666667,"0",2011,0,2013.1,2013.9,2,"5337","5508",-0.840305805441242,-1.16829274801678,0.335578402040598,13685.949415,13685.949415,"1",-0.2247983274114,-3.30733707209517,-3.03306431955166,0.775005899723158,0.120485819241307,-1.90651565047818,-1.97623207901599
"1056",2013,"5767",-0.0022341257497577,0.00124983449750786,0.0542934563531677,0.0565275821029254,0,0.0530436218556598,-0.744691433410196,-0.35614892780289,1.32094776609818,-0.172955824185347,-0.552767976020941,7832.65806267806,"1",2011,1,2013.1,2013.9,2,"5524","4860",-0.972346304863054,0.112761603397773,0.140787692049422,12888.4677975,12888.4677975,"0",-0.108576941740176,-2.87302658113741,-2.93664065007275,-0.113244292367421,-0.0211001758322183,-1.24292033687195,-1.65240306176114
"1057",2013,"5768",0.0153383841597148,0.00125905078210233,0.0503102007568427,0.0349718165971279,1,0.0490511499747404,-0.865510109916569,0.585164821233567,-0.320049048208799,-0.318660505163568,-0.0484107212135595,10476.6054590164,"1",2011,1,2013.1,2013.9,2,"4917","5144",0.213938811989026,-0.367037606402318,1.25985378434768,36865.067365,36865.067365,"1",-0.350284987664962,-3.35321278195473,-3.01489164829676,0.789116554185925,-0.0162331706385475,-1.40024205294874,-1.21998667602504
"1058",2013,"5771",0.0329023467823807,0.0516067856751108,0.0859355029466183,0.0530331561642376,0,0.0343287172715075,-1.13872217670526,0.449902511906601,0.485777342634589,-0.172955824185347,-0.552767976020941,9874.99832779623,"0",2011,1,2013.1,2013.9,2,"4999","5513",0.0715014228491187,-1.10724473722705,1.56001450256227,43389.93969,43389.93969,"0",1.34807347123724,-2.93683797302414,-3.3717730368623,1.05494944543911,2.09684919527056,-1.66138663755008,-1.41615254545349
"1059",2013,"5782",0.0408694536579925,0.0322632583887034,0.0942403681711717,0.0533709145131792,0,0.0619771097824683,0.232428124340326,1.61127403568114,0.397096964426485,-0.475106236342126,-0.453185535629685,11924.3562894737,"1",2011,1,2013.1,2013.9,2,"5162","5077",-0.0646978324599323,-0.375622482919569,1.78565796930373,15770.45208,15770.45208,"0",1.64071338374747,-2.93048935344153,-2.78099015916402,1.24682399575473,0.916223363137147,-1.45405317619378,-1.20703497507392
"1060",2013,"5783",0.032997949315582,0.0161370117244993,0.0693225741382241,0.0363246248226421,2,0.0531855624137248,-0.606074858289539,-1.11779701709887,-1.11384420966289,-0.318660505163568,0.0444062837628985,10763.4656202951,"1",2011,0,2013.1,2013.9,2,"4965","1616",0.151557473679582,1.97843197207235,1.22272589063126,23306.521791,23306.521791,"1",0.666602265012537,-3.31525939793034,-2.93396830266628,1.42035842373362,0.551282777273459,-0.143696009699491,-1.24168242047703
"1061",2013,"5785",0.00468610955998068,0.00665310968615091,0.0580794767386453,0.0533933671786646,0,0.0514263670524943,-0.617289740684218,-0.253013757103238,-2.15509211381677,-0.283401840375563,-1.0862047938591,12323.0009046283,"1",2012,1,2013.1,2013.9,2,"3453","5523",0.978928322192548,-1.09293660969827,1.3537193747998,NA,NA,"0",0.105256384039724,-2.93006875086807,-2.9676042603741,0.164731527975006,0.211865803168967,-1.68316101479275,-0.901546757986562
"1062",2013,"5786",0.0616001768781275,0.00365762779631434,0.106065594454137,0.0444654175760092,1,0.102407966657822,0.606217801104069,1.10690420895034,0.0859434528565101,-0.172955824185347,-0.781916089737348,19269.3057692308,"1",2011,1,2013.1,2013.9,2,"1763","2966",1.84625049775392,0.875053811213355,1.09800754342886,33501.96371,33501.96371,"1",2.01569557044514,-3.11304352505781,-2.27879077001015,1.91861478513996,0.00685445435497031,-0.894319782105646,-0.765197211160225
"1063",2013,"5822",0.0575778933560554,0.077752603044809,0.112589224047871,0.0550113306918154,1,0.0348366210030618,0.309931251344494,0.369566017330148,-0.455786665210583,-1.2482283496737,-0.760877384970945,12225.5026785714,"1",2012,0,2013.1,2013.9,1,"5604","1729",-1.17647190633128,1.89332858476327,-0.197546776042631,41137.2445,41137.2445,"1",2.20503841871673,-2.90021610238888,-3.35708611783615,1.57656018512362,2.7018364558885,-0.41373214984995,-1.55985080730704
"1064",2013,"5837",0.0327024783473635,-0.0372295069538998,0.0768553364911098,0.0441528581437464,0,0.11408484344501,1.54580738856783,-0.188591566342765,1.25713069416491,-0.172955824185347,-0.801750200330392,11454.1666666667,"1",2011,0,2013.1,2013.9,2,"5284","5539",-0.607566031805744,-1.1644772473424,-0.00249460201120037,36061.169395,36061.169395,"0",0.993827760440944,-3.12009761690983,-2.17081286665175,1.21484871103822,-1.01173719500806,-1.66218135527098,-1.29684494517807
"1065",2013,"5843",0.0108816675261685,-0.00265320856952258,0.0455146016136883,0.0346329340875199,1,0.0481678101832109,-3.14364370593775,-0.379992401335567,-2.0325259539447,-0.258417223605256,-0.766339673074309,12788.3485326087,"0",2012,0,2013.1,2013.9,1,"5125","5508",-0.073055113758141,-1.06626459200612,-0.117800243764363,16915.75802,16915.75802,"1",-0.66805847451268,-3.36295019740208,-3.03306431955166,0.587114118263868,-0.210430953286387,-1.73567317342783,-1.43636338972257
"1066",2013,"5851",0.00774458415933749,0.00928772378291031,0.0593148010101592,0.0515702168508217,0,0.0500270772272489,0.203245684549617,-0.389619354118862,-2.40710377014476,-1.40700909176536,-0.0549135468166104,7448.825,"0",2012,0,2013.1,2013.9,1,"5518","5456",-0.710935545455327,-0.790146399079037,0.140787692049422,10518.4208913333,10518.4208913333,"0",0.17201999682071,-2.96481096594805,-2.99519087559134,0.289342328774529,0.327039159196584,-1.87000592867768,-1.79164647109286
"1067",2013,"5854",-0.00197843112946904,-0.00249285377097519,0.0547902742720626,0.0567687054015317,1,0.0572831280430378,-2.5559332077963,-1.37766855392629,-1.76785956729819,-1.02523480747144,0.332012074463375,7500.16361895161,"0",2012,0,2013.1,2013.9,1,"5549","5522",-0.725570730107866,-0.85603675976827,-0.0689064682363735,58059.308585,58059.308585,"1",-0.0796814543229862,-2.86877006633059,-2.8597491481309,-0.102405705563625,-0.181623263315639,-1.82059943442974,-1.80090166903839
"1068",2013,"6021",3.32360544871846e-06,-0.0069092258666895,0.0422639138690703,0.0422605902636216,1,0.0491731397357598,0.0320703413943826,-0.909735591517881,-0.354979705745905,-0.107575518618196,0.219656696991265,9426.6354057971,"0",2012,0,2013.1,2013.9,1,"5514","5321",-0.592757565657904,-0.534825812286798,0.140787692049422,24306.55384,24306.55384,"1",-0.903116686337234,-3.16390029946106,-3.01240774489364,-0.0229979437585305,-0.434833209870582,-1.84998508639956,-1.78838257330124
"1069",2013,"6025",-0.0220194603972287,-0.00233976935934687,0.0319889479121606,0.0540084083093894,1,0.0343287172715075,-1.13872217670526,1.5914231291981,1.51705131247668,-0.107575518618196,0.3577622189182,7448.825,"1",2012,0,2013.1,2013.9,1,"5525","5513",-0.592766087698734,-0.760902045891263,0.140787692049422,35281.02045,35281.02045,"1",-1.78670965224478,-2.91861553510618,-3.3717730368623,-1.19303037592296,-0.243429579125846,-1.79813475687496,-1.78838257330124
"1070",2014,"1042",0.0369417768094009,0.0361918302891299,0.0828562802514824,0.0459145034420814,0,0.0466644499623525,-1.01435749465966,-1.26820869546144,-0.226068079880073,-1.0427473893198,0.370281014121953,24266.2541121751,"0",1996,0,2014.1,2014.9,18,"1043","559",-1.37731084074928,-0.794855831946977,-0.615889240453205,21006.824835,21006.824835,"0",1.23232167617851,-3.08097423269622,-3.06477264697587,1.29539137035533,1.28339366425291,-1.48231866897484,-0.726126325848039
"1071",2014,"1533",0.00545361803588099,-0.0107545335081861,0.0552572408376075,0.0498036228017265,1,0.0660117743457937,-1.49953245679788,0.897480827314441,0.125221369091465,-1.20269563686801,0.504838030299769,17276.4077385798,"1",1999,0,2014.1,2014.9,15,"677","1028",0.571591818296727,-0.369899231908122,-1.66148393743936,9986.093545,9986.093545,"1",-0.0527600379313141,-2.99966755057485,-2.71792215368826,0.208925541853706,-0.497400852836648,0.571339627611491,-0.19379041390536
"1072",2014,"1604",-0.0146097417059873,0.000297517673779828,0.0498248993752103,0.0644346410811976,0,0.0495273817014305,-0.234643538565577,0.0280333462457904,0.698106851562589,0.548095545783827,0.239358157811557,34968.4026923077,"1",2000,1,2014.1,2014.9,14,"1247","494",-0.300545310289867,1.78123782758895,-0.247747871771891,23026.34977,23026.34977,"0",-0.381033091876637,-2.74210388550332,-3.00522959666177,-0.597518891560278,-0.0620699792836802,-0.243283285235244,0.897797421298048
"1073",2014,"1716",0.0475192580674012,0.0410217713187314,0.0934337615094826,0.0459145034420814,1,0.0524119901907512,-2.5336086558896,-1.26820869546144,-0.683732013731955,0.328371018859941,0.225346619205495,24266.2541121751,"0",2002,0,2014.1,2014.9,12,"1043","1412",0.915728867970815,-0.401377112471486,-0.615889240453205,12083.7625045,12083.7625045,"1",1.61344560127534,-3.08097423269622,-2.94861989339636,1.56375009069202,1.29284862811051,1.12939453777886,1.06006239496205
"1074",2014,"1750",-0.0300334032275646,0.00237947239245072,0.052935775746504,0.0829691789740685,0,0.0505563033540532,0.648820761506607,-1.38212754511904,-0.850091124547683,0.328371018859941,0.159338621536349,0,"1",2002,0,2014.1,2014.9,12,"1362","1187",-0.243524335613781,0.16414837033519,-1.04887369111814,21998.27305,21998.27305,"0",-0.188910569697462,-2.48928607781027,-2.98466764585817,-1.02693957192004,0.0326645067843983,1.49890491150844,1.19256042061526
"1075",2014,"1829",-0.0366164422686946,-0.00422270181828482,0.0532538276811535,0.0898702699498481,0,0.0574765294994384,-0.201032845354227,-0.430272683737408,-0.852836771475272,0.158849226567958,-1.2558285073228,6837.80397435898,"1",2003,1,2014.1,2014.9,11,"1190","1489",0.947473469774417,-0.409961988988817,-0.865325934858006,20540.05903,20540.05903,"0",-0.169908229274312,-2.40938809353481,-2.8563785971265,-1.19202127925718,-0.256964413308834,1.16443453507831,1.14302396677374
"1076",2014,"1864",-0.044022776258799,0.0249487664921797,0.0560041264638899,0.100026902722689,0,0.0310553599717103,1.01920015605379,0.773002196945418,0.595545754790008,-0.301848426589157,-0.117515253591337,20641.8694783933,"0",2003,1,2014.1,2014.9,11,"1503","1209",-0.0147927618124633,0.278735882732163,-0.0291639341173666,29273.26764,29273.26764,"0",-0.0101702002177835,-2.30231610194849,-3.47198386161283,-1.3187039318004,1.32016967542548,1.61052026048477,1.14941442466994
"1077",2014,"1868",-0.0185679755631298,-0.014849820268322,0.0313587703246358,0.0499267458877657,0,0.0462085905929579,2.47696459763106,-0.559508815936449,-0.425565553533647,0.158849226567958,-0.0184569613787307,18876.280979448,"1",2003,0,2014.1,2014.9,11,"1384","1553",0.158835296482336,-0.479594876295728,-1.04887369111814,22603.266335,22603.266335,"0",-1.84982515649965,-2.99719843008107,-3.07458955460929,-1.06194724069491,-0.994340899656391,1.3705849239723,0.90435324518159
"1078",2014,"1877",-0.0194843956151411,0.000949460600295535,0.0440756118101234,0.0635600074252645,1,0.0431261512098279,0.145898813199516,0.083854713266193,-1.19617529365476,0.111682006123092,0.0607482372535563,52540.4536111111,"1",2003,0,2014.1,2014.9,11,"1893","1524",-1.07527551307368,-0.405192613145785,1.72813588044726,49383.916275,49383.916275,"1",-0.769970222218304,-2.75577082049071,-3.14362570926626,-0.840852344672075,-0.0246810059270792,1.12844288839934,1.71390925811804
"1079",2014,"3002",-0.014588446803797,-0.0451503888316715,0.0525207221873888,0.0671091689911858,0,0.0976711110190603,0.66291993575903,0.533354689629059,1.00554232689208,-0.194671425677288,0.104549125487491,15649.8439857189,"0",2003,1,2014.1,2014.9,11,"1782","1495",-1.21251445735454,-0.315528347298485,0.669990909528793,9463.046165,9463.046165,"0",-0.213880814068842,-2.70143459767534,-2.3261494543539,-0.570662593429853,-1.54548515438564,1.0751853436725,-0.206171562139403
"1080",2014,"3094",-0.0591640871112406,-0.0137505041635299,0.0334703472878253,0.0926344343990659,0,0.0472208514513552,0.985504614937955,0.0034435859409016,-0.099616086951109,0.955554950121982,0.00265770637046059,40475.822,"0",2004,0,2014.1,2014.9,10,"1891","1523",-0.880518475072896,-0.00330363364570957,1.82696928766426,26764.71779,26764.71779,"0",-1.64310624528366,-2.37909434469248,-3.05291971590421,-2.2970009187587,-0.891333158429467,0.814455130770951,-0.287764629506036
"1081",2014,"3567",0.00937314166485614,0.00798768084867899,0.0552085323000342,0.045835390635178,0,0.0472208514513552,0.985504614937955,1.49354918048791,1.15779189962853,1.75599669113699,-0.171231522549032,18416.0193059211,"0",2004,0,2014.1,2014.9,10,"1757","1523",-0.512775372513888,0.0994334132006955,0.447485011270412,15910.056174,15910.056174,"0",-0.0555575188624665,-3.08269876496529,-3.05291971590421,0.392415933852299,0.293854601429568,0.789268104189468,0.916680186269487
"1082",2014,"3574",-0.00495456706957517,0.0473629050364437,0.0993803606550273,0.104334927724603,0,0.0520174556185836,-0.0936686249187542,-0.788801752063556,0.653108863568768,-0.749003016450229,-0.0895775058905502,27814.0594444444,"0",2005,0,2014.1,2014.9,9,"3090","1381",-1.25997938366663,0.97601863097055,-0.414823393495862,15800.29366,15800.29366,"0",1.80917557173785,-2.2601490955214,-2.95617593175754,-0.131842932011454,1.45686551003768,1.12125852950273,0.466841747587259
"1083",2014,"3594",0.00741555638426766,0.00530147755263839,0.0558577809066916,0.048442224522424,0,0.0505563033540532,0.648820761506607,0.127847603919173,-1.97200175669663,-0.749003016450229,0.248335027574739,19091.7559569378,"0",2005,0,2014.1,2014.9,9,"1740","1187",-0.24560371355749,1.23248855915448,0.447485011270412,4609.5807415,4609.5807415,"0",-0.0184703766256172,-3.02738343809768,-2.98466764585817,0.294976490924022,0.159906982719066,0.862871101831533,0.757776609971011
"1084",2014,"3606",-0.0372532304097038,-0.0181866071118115,0.0363002109855592,0.073553441395263,0,0.0544868180973707,0.671589843859456,0.505873124066593,0.0876022799082481,-0.749003016450229,-0.222164394544728,18496.1403694581,"0",2005,1,2014.1,2014.9,9,"3003","1710",-1.23406101705749,-0.693262914059648,-0.33586125333838,25865.94948,25865.94948,"0",-1.38563935233365,-2.60974304315489,-2.90979647634116,-1.60053064626508,-1.03806632738681,-0.166620318391955,0.257633014767955
"1085",2014,"3608",-0.0270977462358049,-0.00342483794960517,0.0495109377968988,0.0766086840327037,1,0.052935775746504,-0.875537325298186,0.70337474857807,0.340048647542133,-0.749003016450229,-0.256297897868316,16222.862311522,"0",2005,0,2014.1,2014.9,9,"1705","1750",-0.580383562485118,-0.744772173163478,0.579262887559741,10285.003313,10285.003313,"1",-0.401085278886363,-2.56904484008817,-2.93867587859494,-0.998186244924366,-0.234653030703333,-0.189595379923457,-0.233224929086111
"1086",2014,"3645",0.0296285801414712,0.00645868487696974,0.0785671002146544,0.0489385200731832,0,0.0721084153376846,-1.08257991232734,0.215497578571536,-0.783700009920146,0.0923014155442411,-0.780787884777864,11647.728,"0",2005,1,2014.1,2014.9,9,"1576","1512",0.337925982899599,0.322614140487318,0.296620260042353,41337.82688,41337.82688,"0",1.06370527002304,-3.01719046104104,-2.62958452391989,1.03419571840316,0.126896729319794,0.660550781855145,0.758214122009952
"1087",2014,"3699",0.0192657402559422,-0.00312981603469629,0.0678541239937149,0.0485883837377727,1,0.0709839400284112,-0.935395253997085,-2.4336157214922,-0.149895627980987,-0.260285232335748,0.527851033177361,12841.3616693069,"0",2005,0,2014.1,2014.9,9,"2968","1769",-0.979624127665808,-0.905023201486338,0.20929127059665,18481.216345,18481.216345,"1",0.598684215726294,-3.02437079438628,-2.64530162431011,0.72280110289641,-0.183044329663923,-0.79509673506264,-0.243111304130015
"1088",2014,"4890",-0.00416476172219489,-0.0546111661519622,0.0477968005058601,0.051961562228055,0,0.102407966657822,0.606217801104069,0.938208789681826,1.15119472800738,0.248280144540181,-0.332964453239462,19265.1351801501,"1",2006,0,2014.1,2014.9,8,"1510","2966",0.968753005533796,-0.963063638657034,-1.4473448884692,16329.61394,16329.61394,"0",-0.512857248857498,-2.95725102165683,-2.27879077001015,-0.209782609660753,-1.88084184228106,-0.124771969406207,0.585876537701059
"1089",2014,"4933",-0.0133703637355483,-0.00434021632012925,0.0400230034431163,0.0533933671786646,1,0.0443632197632455,-0.241226554785182,-0.253013757103238,0.605632163942401,0.855149480858134,-1.2558285073228,12323.0009046283,"1",2006,0,2014.1,2014.9,8,"3453","1699",-1.02455232651383,-0.202971077404999,1.3537193747998,36120.85961,36120.85961,"1",-1.07593543396461,-2.93006875086807,-3.11534453655403,-0.666974654394092,-0.320075663221338,0.6274096023406,0.0646032160523596
"1090",2014,"4948",0.0392519208694448,-0.0133074168477944,0.0829883416367338,0.043736420767289,1,0.0962957584845282,0.43660337798446,0.475331819382618,0.477635753719099,0.821992325891951,-0.539482453509551,21969.7404414557,"1",2006,1,2014.1,2014.9,8,"1437","1797",1.26402467353205,-0.473871625284197,-0.137932974864133,32737.20562,32737.20562,"1",1.23737368732934,-3.12957409681909,-2.34033100596085,1.40750223583244,-0.428463263435776,-0.717823742922275,0.46923352275128
"1091",2014,"4971",0.0248234653448492,0.0404657791708409,0.0783777616215321,0.0535542962766829,0,0.0379119824506912,1.93559649569673,0.899141294006619,1.35545894199705,0.981473571257546,-0.294075558750625,18616.7646907216,"0",2006,1,2014.1,2014.9,8,"1669","1897",0.281518595157689,-0.71043266709415,-1.14195488944948,45315.65254,45315.65254,"0",1.05605138371035,-2.92705925605012,-3.27248805721284,0.827487582119875,1.64371201969318,-0.272632511522361,0.52426125471623
"1092",2014,"4972",-0.0384867951253919,-0.0762047896010739,0.0327250959712075,0.0712118910965994,0,0.108929885572281,-1.44992231470776,1.79830918059628,0.195063584664443,0.821992325891951,-0.322061127243742,22953.4536752137,"1",2006,0,2014.1,2014.9,8,"1155","1808",2.16493221169973,-0.698986165071176,-0.865325934858006,NA,NA,"0",-1.71453659230964,-2.64209546472509,-2.21705085535854,-1.75985226393324,-2.92417098447431,-0.247986828299454,0.702389899609128
"1093",2014,"4999",0.0071977655290596,0.00581230471288245,0.0530331561642376,0.045835390635178,0,0.0472208514513552,0.985504614937955,1.49354918048791,0.367524133097036,1.12320873368347,-0.362862862183538,18416.0193059211,"0",2007,0,2014.1,2014.9,7,"1757","1523",0.305431441509657,0.850107108716858,0.447485011270412,10212.3263315,10212.3263315,"0",-0.183080376435624,-3.08269876496529,-3.05291971590421,0.302623956444122,0.198652150391316,0.571656564094722,0.567011973950744
"1094",2014,"5118",-0.0423554688129154,-0.0515835051630477,0.0447122533214805,0.0870677221343959,0,0.0962957584845282,0.43660337798446,0.0238915340565595,-0.834551558125911,1.24859881971763,0.266689026686426,16192.9918854425,"1",2006,0,2014.1,2014.9,8,"1717","1797",0.275280461326746,-0.409961988988737,-0.681255250517338,32737.20562,32737.20562,"0",-0.72447785512501,-2.44106904779776,-2.34033100596085,-1.51174417155671,-1.89308755879146,-0.776871731930336,0.459277867405589
"1095",2014,"5125",-0.00519429127691723,-0.0193862331725959,0.0346329340875199,0.0398272253644371,1,0.0540191672601158,-0.317508079317215,0.357121892038114,-0.480611814094061,-0.375167769260896,-0.0994175876831677,15260.450426501,"0",2007,1,2014.1,2014.9,7,"2985","1752",-0.30902474083874,-0.0780134303198788,0.0843114593539948,29067.50452,29067.50452,"1",-1.53479107301472,-3.22320454616746,-2.91841634613605,-0.335312258912541,-1.1290022056367,-0.306084417994071,-0.236683841995845
"1096",2014,"5128",-0.0574404922076382,-0.0175966213228978,0.0334379268607782,0.0908784190684165,0,0.051034548183676,0.352619041137904,0.956679092101785,0.575792397317909,-0.375167769260896,-0.152633746080385,1658.35777777778,"0",2007,0,2014.1,2014.9,7,"1789","1801",0.0621442221026595,-0.184847449201838,1.36313208024904,38990.67144,38990.67144,"0",-1.64618042101767,-2.39823271997468,-2.97525246023384,-2.25641766686458,-1.07756040976525,-0.669962894394192,-0.702572086948966
"1097",2014,"5216",-0.00643412746501915,-0.00113766281361362,0.0450138308037542,0.0514479582687733,0,0.0461514936173678,0.651806859741567,-1.99381171182931,0.792335718101793,-0.834464415870158,-0.423594683744208,10991.5580300958,"0",2007,1,2014.1,2014.9,7,"3595","3457",-0.89436963197612,-0.908838702160637,-0.536404172215191,53621.05948,53621.05948,"0",-0.703153712194074,-2.96718450128399,-3.07582595415032,-0.321587408223704,-0.135362928248927,-0.770587366027621,-0.685788510877891
"1098",2014,"5237",-0.00578911889913634,-0.00149849700406218,0.0475391691522493,0.0533282880513856,0,0.0490376661563115,0.990136481113029,-1.41074718884799,-1.32842363151419,-1.49340449555053,0.25462771668314,10176.2735597927,"1",2008,1,2014.1,2014.9,6,"4896","2990",-1.06323102880992,-0.354837907866327,0.580308743720781,11919.642,11919.642,"0",-0.530002061246213,-2.93128835592771,-3.0151665791002,-0.279845418372234,-0.149750227418107,-0.583899739696814,-1.32764478171541
"1099",2014,"5283",-0.0376084560159576,-0.00579797471916928,0.0494592661184383,0.0870677221343959,0,0.0552572408376075,-0.00766526710952278,0.0238915340565595,-0.42032213708339,0.252716665275092,-0.476955232234136,16192.9918854425,"1",2009,0,2014.1,2014.9,5,"1717","1533",1.07584096963183,1.45581784077072,-0.681255250517338,23462.679937,23462.679937,"0",-0.40439764166769,-2.44106904779776,-2.89575589128705,-1.28636782850326,-0.338769340849473,0.235115439773495,0.151885471116148
"1100",2014,"5290",0.0144444625949552,0.0148699879550614,0.0535886473274833,0.0391441847325281,0,0.0387186593724219,-0.291413562652299,-1.22664118592293,-0.949334588022344,-0.0328551693985833,0.874812026758458,13152.3706116643,"1",2008,1,2014.1,2014.9,6,"5079","1867",-0.893131095386776,-0.0177368595572878,0.48670461730891,15198.3879185,15198.3879185,"0",-0.150026316332594,-3.24050340570009,-3.2514336408193,0.678373707319875,0.693450999346418,-0.592299296881454,-1.08498129724575
"1101",2014,"5291",0.0110189617571309,-0.0184278251087349,0.0569334651992124,0.0459145034420814,0,0.0753612903079472,0.704046824030432,-1.26820869546144,0.184042901979398,-0.0328551693985833,-0.26923545508108,24266.2541121751,"1",2008,0,2014.1,2014.9,6,"1043","3696",3.29161701620801,-0.469941451092323,-0.615889240453205,23115.116279,23115.116279,"0",0.0420375612493504,-3.08097423269622,-2.58546152693986,0.457283078312725,-0.740323831537191,-0.598171761865867,0.314119952772331
"1102",2014,"5333",-0.000951791400807825,-0.018731669241048,0.041979913616348,0.0429317050171558,1,0.060711582857396,0.393898611204706,0.888712110426615,-0.544772094493973,0.0297231230728393,-0.578931643836648,17286.3799818841,"1",2009,0,2014.1,2014.9,5,"1857","3618",0.433313185044055,-0.257451423099521,0.48016801630249,10586.7301125,10586.7301125,"1",-0.924504777884582,-3.14814468131827,-2.80162077774686,-0.0732498856827083,-0.949987923316382,-0.472790314934764,-0.470493761346356
"1103",2014,"5337",-0.0184028614104564,-0.0178732748190905,0.0366135432782802,0.0550164046887367,1,0.0544868180973707,0.671589843859456,-0.572699228000695,0.689602996290334,0.0297231230728393,-0.602827789275932,13425.9367563025,"0",2009,0,2014.1,2014.9,5,"4936","1710",-0.737376597230617,0.608776691063873,1.25985378434768,12254.08852,12254.08852,"1",-1.35837544340614,-2.90012387115451,-2.90979647634116,-0.932733082101672,-1.01771240022285,-0.403146136444439,-0.697703672712053
"1104",2014,"5447",0.00487099122263446,-0.00428054416127331,0.0519926690978016,0.0471216778751671,0,0.0562732132590749,0.648379619052284,1.14761350295148,-0.0679840048218003,0.0297231230728393,-0.387923325072392,17903.6276896552,"1",2009,0,2014.1,2014.9,5,"2989","1731",0.217245363801085,0.546774805105637,-0.602031646319602,33891.719165,33891.719165,"0",-0.245936058742089,-3.0550221317166,-2.87753664286531,0.196546649210639,-0.263616491453678,-0.404376337753086,-0.420239611201344
"1105",2014,"5456",0.018448362424389,-0.00767391172178594,0.0500270772272489,0.0315787148028598,0,0.0577009889490348,0.178559387611309,-1.07546457277998,0.362242580060979,-0.217788033717103,-0.620043501759585,12608.5513549832,"1",2009,0,2014.1,2014.9,5,"4958","4888",-0.706185928075896,-0.780065554401221,1.40130583012652,10977.7323985,10977.7323985,"0",-0.368187111384794,-3.45527196753566,-2.85248096611696,1.00447264985361,-0.414220320763199,-0.859825187778146,-0.788577471090035
"1106",2014,"5498",0.0168148561681103,0.0134528368053135,0.0584531960097764,0.0416383398416661,0,0.045000359204463,-0.646692733188473,-0.591766551695188,0.0495065146108657,-0.307218951689325,-0.147317948846114,6359.09583333333,"1",2009,0,2014.1,2014.9,5,"4868","1886",-0.419231771852202,0.702256457585625,-0.218725363303416,7557.172371,7557.172371,"0",0.125602851930342,-3.17873390534655,-3.10108480692228,0.734481396291487,0.543165203720903,-0.51416051382146,-1.00474243821654
"1107",2014,"5508",-0.0051604778681747,-0.000869855973100547,0.0481678101832109,0.0533282880513856,1,0.0490376661563115,0.990136481113029,-1.41074718884799,-3.39898352068882,-0.144235189954056,-0.507998137356993,10176.2735597927,"1",2009,1,2014.1,2014.9,5,"4896","2990",-0.510724401372833,0.152065951533005,0.580308743720781,12254.08852,12254.08852,"1",-0.488329027970705,-2.93128835592771,-3.0151665791002,-0.250502411686096,-0.118639138900106,-0.576186785539836,-0.973402757067676
"1108",2014,"5518",0.0053603585223296,-0.0013655588956823,0.0515702168508217,0.0462098583284921,0,0.052935775746504,-0.875537325298186,0.492738676384933,-0.490450366647089,-0.144235189954056,-0.58225423410681,14188.6794172063,"0",2009,0,2014.1,2014.9,5,"3590","1750",-0.145793572262294,0.71084133410288,-0.536404172215191,10977.7323985,10977.7323985,"0",-0.271816140366792,-3.07456211992392,-2.93867587859494,0.221968752992367,-0.138146890040618,-0.519541881954859,-0.806294508588822
"1109",2014,"5522",0.0114477374078598,0.00409756562931304,0.0572831280430378,0.045835390635178,0,0.0531855624137248,-0.606074858289539,1.49354918048791,-2.73851590213618,-0.144235189954056,-0.545057258532789,18416.0193059211,"1",2009,0,2014.1,2014.9,5,"1757","1616",1.34719979127812,1.3088116037231,0.447485011270412,26470.371415,26470.371415,"0",0.0614603413225292,-3.08269876496529,-2.93396830266628,0.474811084478974,0.0995128322011307,0.17308186429436,-0.0105608497087514
"1110",2014,"5524",0.00701664430602656,0.0103189915099675,0.0565275821029254,0.0495109377968988,0,0.0462085905929579,2.47696459763106,0.42301794726058,-0.456244262629069,-0.144235189954056,-0.547545393956902,11053.4634234499,"0",2009,0,2014.1,2014.9,5,"3608","1553",-0.146833261234104,1.70382538460373,-0.536404172215191,8738.711599,8738.711599,"0",0.0193417462875666,-3.00556166822288,-3.07458955460929,0.272859397815565,0.401089487737771,0.152332064744295,-0.806294508588822
"1111",2014,"5530",0.0345763472609279,0.0435279531141301,0.0904341281676196,0.0558577809066916,1,0.0469061750534895,0.536960416732348,-1.83930671424198,0.237544745245475,-0.144235189954056,-0.642548415012914,16634.024469697,"0",2009,0,2014.1,2014.9,5,"3594","5197",-0.124999792825842,-1.28431367938308,-0.536404172215191,33891.719165,33891.719165,"1",1.50993363296904,-2.88494644523538,-3.05960594794337,1.05301321688139,1.4784096221656,-0.731666866017327,-0.806294508588822
"1112",2014,"5547",-0.00650213002098782,0.00399223055295028,0.0493001179597367,0.0558022479807245,1,0.0453078874067864,-0.996576573031721,0.962201508354093,-2.71276598785955,-0.969428046648062,-0.531266622523993,11197.3000396825,"1",2010,0,2014.1,2014.9,4,"5217","1869",-0.902275245114464,0.623084818592731,-0.967558374598328,16840.848475,16840.848475,"1",-0.414621465893297,-2.88594112401343,-3.0942741467093,-0.299891582630926,0.123730570282119,-0.75462170894685,-1.15796580404667
"1113",2014,"5549",0.0199305590987873,0.00715510240985299,0.0567687054015317,0.0368381463027444,1,0.0496136029916787,0.390318670206405,0.601638829949661,-1.50021682090362,-0.331503065185686,-0.57761184111889,12117.4776353276,"0",2009,0,2014.1,2014.9,5,"5123","4934",-0.802877002455664,-0.680862536868018,-0.645696141042442,29975.43192,29975.43192,"1",0.0328442375689024,-3.30122138637608,-3.00349022898748,0.94275824341267,0.242791805913855,-0.865669442816425,-1.02889561353664
"1114",2014,"5564",-0.0531431436772717,0.000959138157337391,0.0340097000249813,0.087152843702253,0,0.0330505618676439,-0.563217409714384,0.596079097322934,0.354348868550411,-0.969428046648062,-0.346550196966496,9784.10328048781,"0",2010,1,2014.1,2014.9,4,"5224","1881",-0.893952051979316,0.618315442749776,-0.967558374598328,8790.764752,8790.764752,"0",-1.59239590674948,-2.44009187757424,-3.40971671229509,-2.12504922429182,-0.00850573649959789,-0.75462170894685,-1.15796580404667
"1115",2014,"5575",0.000711590647096277,-0.00156473389463622,0.0547084793644387,0.0539968887173424,1,0.0562732132590749,0.648379619052284,2.44391152939938,-0.779753154164862,-0.969428046648062,-0.346084619632487,13489.9796536797,"0",2010,0,2014.1,2014.9,4,"5168","1731",-0.673955569949367,0.99223450883656,-0.215587794820344,6564.146311,6564.146311,"1",-0.0844206749152282,-2.91882885042326,-2.87753664286531,0.00606958563726539,-0.143036850177369,-0.648838088149223,-1.2830899419812
"1116",2014,"5588",-0.0028506056839442,0.00688926285050625,0.0507414721664425,0.0535920778503867,1,0.0438522093159362,-0.0284323054860405,-0.0130863871577783,0.213100920608882,-0.618475906407236,-0.287445130721542,10733.008625,"1",2010,0,2014.1,2014.9,4,"4964","911",-0.215452733374575,3.90441539853778,1.22272589063126,39067.325285,39067.325285,"1",-0.323208049690818,-2.92635402312782,-3.12693017794544,-0.145258097251878,0.269311719404796,-0.0682765030245827,-1.22657459386316
"1117",2014,"5589",0.0438871499401297,0.0623507649031266,0.0971873859061885,0.0533002359660588,0,0.0348366210030618,0.309931251344494,-0.159449534088121,-0.761849285867944,-0.618475906407236,-0.386196824058427,12323.0009046283,"0",2010,0,2014.1,2014.9,4,"3085","1729",0.541239149816032,1.36996907559764,1.3537193747998,12646.672345,12646.672345,"0",1.73839254268577,-2.93181452068958,-3.35708611783615,1.31856221150304,2.35346101943349,-0.216903577283157,-0.812231700312487
"1118",2014,"5595",-0.00231676683266594,0.00367953365538857,0.0535044330305989,0.0558211998632648,2,0.0498248993752103,0.502111144062518,-0.658782016717884,-1.23535785802244,-0.699033782909614,-0.575739728360431,18949.6778276334,"1",2011,0,2014.1,2014.9,3,"1707","1604",1.74540066748692,1.77140196724396,1.72813588044726,23858.0118,23858.0118,"1",-0.155015325003336,-2.88560155588347,-2.99924043244959,-0.117854986102381,0.0924804616096827,-0.0798899315690968,-0.257592887950309
"1119",2014,"5600",0.0218458722725749,0.0261954728904417,0.0772300210741177,0.0553841488015428,1,0.051034548183676,0.352619041137904,-2.77066700748754,0.210717560843615,-0.699033782909614,-0.745153530809596,12162.3832440476,"0",2011,0,2014.1,2014.9,3,"3451","1801",0.494654834381775,1.04660539344619,1.27894065928643,71677.2474,71677.2474,"1",1.00925524292227,-2.89346184888565,-2.97525246023384,0.71949343463832,0.90486053493826,-0.975479344677263,-1.07306625728127
"1120",2014,"5604",0.0108584725480691,-0.00467719569904377,0.0550113306918154,0.0441528581437464,0,0.0596885263908592,0.50014303554526,-0.188591566342765,0.285421847814406,-0.446385602110833,-0.150314002495679,11454.1666666667,"0",2010,0,2014.1,2014.9,4,"5284","1762",-0.993290640352823,0.986511257825033,-0.00249460201120037,21370.25986,21370.25986,"0",-0.0669086934038252,-3.12009761690983,-2.81861546481182,0.46795811030792,-0.269500851887653,-0.863347922016515,-1.2588559555968
"1121",2014,"5605",0.0413941739777777,0.0409392829750442,0.0939148961651664,0.0525207221873888,0,0.0529756131901223,0.400871857433217,1.07419871741475,-0.469305117418295,-0.446385602110833,-0.448283602501625,15043.945892317,"1",2010,1,2014.1,2014.9,4,"3002","5269",0.887657265731521,-0.990426303670632,0.0843114593539948,104482.2192,104482.2192,"0",1.62973881526948,-2.94654747893019,-2.93792359980987,1.2749642799721,1.2796813120132,-1.26302700469288,-0.758462029686412
"1122",2014,"5608",0.0420104400770548,0.0158881659308798,0.0735891548799146,0.0315787148028598,0,0.0577009889490348,0.178559387611309,-1.07546457277998,-0.0514339125013334,-0.446385602110833,-0.27937754269138,12608.5513549832,"0",2010,1,2014.1,2014.9,4,"4958","4888",-0.239365579726542,-0.351775603704884,1.40130583012652,43366.05248,43366.05248,"0",0.856068108090847,-3.45527196753566,-2.85248096611696,1.86650083131854,0.499749925893096,-1.22830246373087,-1.21470230962329
"1123",2014,"5613",-0.0329116180530947,-0.0707203212973376,0.0518071276017131,0.0847187456548078,0,0.122527448899051,-0.271189454593705,-0.859119502462442,1.51274219036463,-1.03527535439783,-0.56151958570532,18023.4985947712,"0",2009,0,2014.1,2014.9,4,"3518","3486",0.117247737609345,-0.0608436772852934,-0.536404172215191,20178.17828,20178.17828,"0",-0.257276625683447,-2.46841838357282,-2.09942020145257,-1.12168828745382,-2.11482442567514,-0.940545930195284,-0.977139938223004
"1124",2014,"5650",0.0576499648848713,0.0212418344753301,0.0918139559613266,0.0341639910764554,0,0.0705721214859965,-0.0696270461619701,0.0358878832136494,1.37383946560257,-0.296010899306371,-1.2558285073228,12644.5325030525,"1",2011,1,2014.1,2014.9,3,"5132","2974",0.0101597735113986,0.800604636170004,1.78565796930373,15800.29366,15800.29366,"0",1.55796887334183,-3.37658308209557,-2.65112009227025,2.1849653516797,0.546890942822156,-0.89688594286981,-1.2682032454556
"1125",2014,"5658",0.00400563189219984,0.00519172831278903,0.0570387880564375,0.0530331561642376,0,0.0518470597436484,-0.0521006127066465,0.449902511906601,0.0376087320635351,-0.140265671401761,-1.12052904266711,9874.99832779623,"0",2011,0,2014.1,2014.9,3,"4999","5072",-0.0750947221782018,-0.347960103030505,1.56001450256227,6225.164302,6225.164302,"0",0.0479004732288717,-2.93683797302414,-2.95945705288367,0.139465690717604,0.149752347978411,-1.48099708859675,-1.44885739781846
"1126",2014,"5686",-0.00308356965336529,-0.00644367366633095,0.0527186783273592,0.0558022479807245,2,0.0591623519936902,-0.18995368628222,0.962201508354093,-0.315396717630107,-0.140265671401761,-1.12052904266711,11197.3000396825,"0",2011,1,2014.1,2014.9,3,"5217","5000",-0.544622238806678,-0.164816070661452,-0.967558374598328,21435.45518,21435.45518,"1",-0.201946955787545,-2.88594112401343,-2.82746988544417,-0.15014223439541,-0.349344833701889,-1.253143065497,-1.31931387791473
"1127",2014,"5748",0.00723381198521298,0.00920558062986249,0.0567447497821118,0.0495109377968988,0,0.0475391691522493,-1.30117671782827,0.42301794726058,-2.78039455459491,-0.296010899306371,-0.688661846938376,11053.4634234499,"0",2011,0,2014.1,2014.9,3,"3608","5237",0.50193265718453,-0.717667523564233,-0.536404172215191,10285.003313,10285.003313,"0",0.0315053323916805,-3.00556166822288,-3.04620129401709,0.281424077665501,0.342940931001019,-1.34165341014284,-1.11765358472246
"1128",2014,"5749",0.0108453247559264,0.0404374674288384,0.0892230863774585,0.0783777616215321,0,0.04878561894862,-1.28772226175737,1.41658960403649,-0.237374776555839,-0.296010899306371,-0.213810141292297,10635.6933333333,"0",2011,0,2014.1,2014.9,3,"4971","4902",0.0319932419196614,-0.101860309534644,1.40130583012652,7897.960622,7897.960622,"0",1.46716643483078,-2.54621504464942,-3.02031970322957,0.266302608078024,1.35344368212768,-1.28134106417252,-1.27353493971201
"1129",2014,"5750",0.0173280904984772,-0.00283812688958941,0.0514003189057469,0.0340722284072697,2,0.0542384457953363,0.179831865501628,0.352961411482629,-0.228279835412019,-0.296010899306371,-0.688661846938376,12628.7343076819,"0",2011,0,2014.1,2014.9,3,"1826","3456",1.28273907502489,0.662621119979345,0.48016801630249,8529.1394245,8529.1394245,"1",-0.282284178608173,-3.37927264271882,-2.91436528997631,0.895205416502375,-0.203534356837424,-0.833578432368,-0.873582462966758
"1130",2014,"5766",0.0157267327934323,0.00417246588850158,0.0523402760717125,0.0366135432782802,1,0.0481678101832109,-3.14364370593775,0.765054358862467,0.00876045425317263,-0.435878053001826,-0.343580798800409,7221.30916666667,"0",2011,0,2014.1,2014.9,3,"5337","5508",-0.840305805441242,-1.16829274801678,0.335578402040598,16329.61394,16329.61394,"1",-0.2247983274114,-3.30733707209517,-3.03306431955166,0.775005899723158,0.120485819241307,-1.90651565047818,-1.97623207901599
"1131",2014,"5771",0.0329023467823807,0.0516067856751108,0.0859355029466183,0.0530331561642376,0,0.0343287172715075,-1.13872217670526,0.449902511906601,0.485777342634589,-0.172955824185347,-0.552767976020941,9874.99832779623,"0",2011,1,2014.1,2014.9,3,"4999","5513",0.0715014228491187,-1.10724473722705,1.56001450256227,31672.0548,31672.0548,"0",1.34807347123724,-2.93683797302414,-3.3717730368623,1.05494944543911,2.09684919527056,-1.66138663755008,-1.41615254545349
"1132",2014,"5783",0.032997949315582,0.0161370117244993,0.0693225741382241,0.0363246248226421,2,0.0531855624137248,-0.606074858289539,-1.11779701709887,-1.11384420966289,-0.318660505163568,0.0444062837628985,10763.4656202951,"1",2011,1,2014.1,2014.9,3,"4965","1616",0.151557473679582,1.97843197207235,1.22272589063126,104482.2192,104482.2192,"1",0.666602265012537,-3.31525939793034,-2.93396830266628,1.42035842373362,0.551282777273459,-0.143696009699491,-1.24168242047703
"1133",2014,"5786",0.0616001768781275,0.00365762779631434,0.106065594454137,0.0444654175760092,1,0.102407966657822,0.606217801104069,1.10690420895034,0.0859434528565101,-0.172955824185347,-0.781916089737348,19269.3057692308,"1",2011,1,2014.1,2014.9,3,"1763","2966",1.84625049775392,0.875053811213355,1.09800754342886,24898.54927,24898.54927,"1",2.01569557044514,-3.11304352505781,-2.27879077001015,1.91861478513996,0.00685445435497031,-0.894319782105646,-0.765197211160225
"1134",2014,"5822",0.0575778933560554,0.077752603044809,0.112589224047871,0.0550113306918154,1,0.0348366210030618,0.309931251344494,0.369566017330148,-0.455786665210583,-1.2482283496737,-0.760877384970945,12225.5026785714,"1",2012,0,2014.1,2014.9,2,"5604","1729",-1.17647190633128,1.89332858476327,-0.197546776042631,15910.056174,15910.056174,"1",2.20503841871673,-2.90021610238888,-3.35708611783615,1.57656018512362,2.7018364558885,-0.41373214984995,-1.55985080730704
"1135",2014,"5837",0.0327024783473635,-0.0372295069538998,0.0768553364911098,0.0441528581437464,0,0.11408484344501,1.54580738856783,-0.188591566342765,1.25713069416491,-0.172955824185347,-0.801750200330392,11454.1666666667,"1",2011,0,2014.1,2014.9,3,"5284","5539",-0.607566031805744,-1.1644772473424,-0.00249460201120037,18525.24284,18525.24284,"0",0.993827760440944,-3.12009761690983,-2.17081286665175,1.21484871103822,-1.01173719500806,-1.66218135527098,-1.29684494517807
"1136",2014,"5843",0.0108816675261685,-0.00265320856952258,0.0455146016136883,0.0346329340875199,1,0.0481678101832109,-3.14364370593775,-0.379992401335567,-2.0325259539447,-0.258417223605256,-0.766339673074309,12788.3485326087,"0",2012,0,2014.1,2014.9,2,"5125","5508",-0.073055113758141,-1.06626459200612,-0.117800243764363,9841.25658,9841.25658,"1",-0.66805847451268,-3.36295019740208,-3.03306431955166,0.587114118263868,-0.210430953286387,-1.73567317342783,-1.43636338972257
"1137",2014,"5851",0.00774458415933749,0.00928772378291031,0.0593148010101592,0.0515702168508217,0,0.0500270772272489,0.203245684549617,-0.389619354118862,-2.40710377014476,-1.40700909176536,-0.0549135468166104,7448.825,"0",2012,0,2014.1,2014.9,2,"5518","5456",-0.710935545455327,-0.790146399079037,0.140787692049422,9986.093545,9986.093545,"0",0.17201999682071,-2.96481096594805,-2.99519087559134,0.289342328774529,0.327039159196584,-1.87000592867768,-1.79164647109286
"1138",2014,"5854",-0.00197843112946904,-0.00249285377097519,0.0547902742720626,0.0567687054015317,1,0.0572831280430378,-2.5559332077963,-1.37766855392629,-1.76785956729819,-1.02523480747144,0.332012074463375,7500.16361895161,"0",2012,0,2014.1,2014.9,2,"5549","5522",-0.725570730107866,-0.85603675976827,-0.0689064682363735,NA,NA,"1",-0.0796814543229862,-2.86877006633059,-2.8597491481309,-0.102405705563625,-0.181623263315639,-1.82059943442974,-1.80090166903839
"1139",2014,"6021",3.32360544871846e-06,-0.0069092258666895,0.0422639138690703,0.0422605902636216,1,0.0491731397357598,0.0320703413943826,-0.909735591517881,-0.354979705745905,-0.107575518618196,0.219656696991265,9426.6354057971,"0",2012,1,2014.1,2014.9,2,"5514","5321",-0.592757565657904,-0.534825812286798,0.140787692049422,36149.58553,36149.58553,"1",-0.903116686337234,-3.16390029946106,-3.01240774489364,-0.0229979437585305,-0.434833209870582,-1.84998508639956,-1.78838257330124
"1140",2014,"6025",-0.0220194603972287,-0.00233976935934687,0.0319889479121606,0.0540084083093894,1,0.0343287172715075,-1.13872217670526,1.5914231291981,1.51705131247668,-0.107575518618196,0.3577622189182,7448.825,"1",2012,0,2014.1,2014.9,2,"5525","5513",-0.592766087698734,-0.760902045891263,0.140787692049422,NA,NA,"1",-1.78670965224478,-2.91861553510618,-3.3717730368623,-1.19303037592296,-0.243429579125846,-1.79813475687496,-1.78838257330124
"1141",2014,"6042",-0.0035533191275166,0.00190208901203438,0.0610644410057245,0.0646177601332411,1,0.0591623519936902,-0.18995368628222,0.883226990190639,-0.510642263647553,-1.45767882857991,-0.29396463506689,12457.843615222,"1",2013,1,2014.1,2014.9,1,"4861","5000",0.904292289280735,0.515296924542273,0.48670461730891,21435.45518,21435.45518,"1",0.264238364422892,-2.73926598131527,-2.82746988544417,-0.149506203152389,-0.00131322613988927,-1.23784580594205,-1.21765607548765
"1142",2014,"6046",0.00219891935931976,-0.00458009937626114,0.0489243336543377,0.046725414295018,0,0.0535044330305989,-1.21836307100843,1.32979784492151,-0.238728531726734,-1.45767882857991,-0.29396463506689,10621.3038636364,"1",2013,0,2014.1,2014.9,1,"5635","5595",-0.765448199469911,-0.993733592165062,-0.0385766395666045,NA,NA,"0",-0.438893763957479,-3.06346705901277,-2.92799076812788,0.0795431448447876,-0.288183597318179,-1.32426697845288,-1.21263711629679
"1143",2014,"6067",-0.0196019834318116,-0.0150585078659592,0.0327382926399009,0.0523402760717125,0,0.0477968005058601,0.905286854857788,0.0988548371622062,0.121655837583068,-1.45487681548417,1.17080740066612,10088.232,"0",2013,0,2014.1,2014.9,1,"5766","4890",-1.08879146970746,0.566806183646026,-0.185780894231083,12779.160695,12779.160695,"0",-1.71325763634936,-2.94998910731032,-3.04079657674882,-1.07123437367966,-0.97241493899031,-1.24745552282983,-1.08569027225192
"1144",2014,"6070",0.0813679556795381,0.0623660510443632,0.13293817253036,0.0515702168508217,0,0.0705721214859965,-0.0696270461619701,-0.389619354118862,-0.126710206648012,-1.1279752876484,0.29830092014643,7448.825,"0",2013,1,2014.1,2014.9,1,"5518","2974",-0.295508784205129,1.50742613609414,0.140787692049422,NA,NA,"0",2.7320608573897,-2.96481096594805,-2.65112009227025,2.09193000200283,1.42341172311911,-0.920792174002898,-1.45704065334641
"1145",2014,"6212",0.000835511031868984,-0.0221056053178665,0.0348452110568502,0.0340097000249813,0,0.0569508163747167,-1.42993573634906,0.437010610479622,-0.432791926806608,-0.0562052785297072,0.8010895172134,10055.3944523471,"1",2013,0,2014.1,2014.9,1,"5564","4892",-0.581423251456925,0.648839448144648,-0.783226226217429,45998.68539,45998.68539,"0",-1.5154069674137,-3.38110950020242,-2.86556725425373,0.031036202887585,-1.23968860599045,-1.23003327781441,-1.35083984406038
"1146",2015,"1042",0.0369417768094009,0.0361918302891299,0.0828562802514824,0.0459145034420814,0,0.0466644499623525,-1.01435749465966,-1.26820869546144,-0.226068079880073,-1.0427473893198,0.370281014121953,24266.2541121751,"0",1996,0,2015.1,2015.9,19,"1043","559",-1.37731084074928,-0.794855831946977,-0.615889240453205,21533.425155,21533.425155,"0",1.23232167617851,-3.08097423269622,-3.06477264697587,1.29539137035533,1.28339366425291,-1.48231866897484,-0.726126325848039
"1147",2015,"1533",0.00545361803588099,-0.0107545335081861,0.0552572408376075,0.0498036228017265,1,0.0660117743457937,-1.49953245679788,0.897480827314441,0.125221369091465,-1.20269563686801,0.504838030299769,17276.4077385798,"1",1999,1,2015.1,2015.9,16,"677","1028",0.571591818296727,-0.369899231908122,-1.66148393743936,11565.41502,11565.41502,"1",-0.0527600379313141,-2.99966755057485,-2.71792215368826,0.208925541853706,-0.497400852836648,0.571339627611491,-0.19379041390536
"1148",2015,"1716",0.0475192580674012,0.0410217713187314,0.0934337615094826,0.0459145034420814,1,0.0524119901907512,-2.5336086558896,-1.26820869546144,-0.683732013731955,0.328371018859941,0.225346619205495,24266.2541121751,"0",2002,0,2015.1,2015.9,13,"1043","1412",0.915728867970815,-0.401377112471486,-0.615889240453205,21319.899317,21319.899317,"1",1.61344560127534,-3.08097423269622,-2.94861989339636,1.56375009069202,1.29284862811051,1.12939453777886,1.06006239496205
"1149",2015,"1750",-0.0300334032275646,0.00237947239245072,0.052935775746504,0.0829691789740685,0,0.0505563033540532,0.648820761506607,-1.38212754511904,-0.850091124547683,0.328371018859941,0.159338621536349,0,"1",2002,0,2015.1,2015.9,13,"1362","1187",-0.243524335613781,0.16414837033519,-1.04887369111814,8288.543695,8288.543695,"0",-0.188910569697462,-2.48928607781027,-2.98466764585817,-1.02693957192004,0.0326645067843983,1.49890491150844,1.19256042061526
"1150",2015,"1868",-0.0185679755631298,-0.014849820268322,0.0313587703246358,0.0499267458877657,0,0.0462085905929579,2.47696459763106,-0.559508815936449,-0.425565553533647,0.158849226567958,-0.0184569613787307,18876.280979448,"1",2003,0,2015.1,2015.9,12,"1384","1553",0.158835296482336,-0.479594876295728,-1.04887369111814,17834.047935,17834.047935,"0",-1.84982515649965,-2.99719843008107,-3.07458955460929,-1.06194724069491,-0.994340899656391,1.3705849239723,0.90435324518159
"1151",2015,"1877",-0.0194843956151411,0.000949460600295535,0.0440756118101234,0.0635600074252645,1,0.0431261512098279,0.145898813199516,0.083854713266193,-1.19617529365476,0.111682006123092,0.0607482372535563,52540.4536111111,"1",2003,0,2015.1,2015.9,12,"1893","1524",-1.07527551307368,-0.405192613145785,1.72813588044726,18527.438805,18527.438805,"1",-0.769970222218304,-2.75577082049071,-3.14362570926626,-0.840852344672075,-0.0246810059270792,1.12844288839934,1.71390925811804
"1152",2015,"3094",-0.0591640871112406,-0.0137505041635299,0.0334703472878253,0.0926344343990659,0,0.0472208514513552,0.985504614937955,0.0034435859409016,-0.099616086951109,0.955554950121982,0.00265770637046059,40475.822,"0",2004,0,2015.1,2015.9,11,"1891","1523",-0.880518475072896,-0.00330363364570957,1.82696928766426,26147.05119,26147.05119,"0",-1.64310624528366,-2.37909434469248,-3.05291971590421,-2.2970009187587,-0.891333158429467,0.814455130770951,-0.287764629506036
"1153",2015,"3567",0.00937314166485614,0.00798768084867899,0.0552085323000342,0.045835390635178,0,0.0472208514513552,0.985504614937955,1.49354918048791,1.15779189962853,1.75599669113699,-0.171231522549032,18416.0193059211,"0",2004,1,2015.1,2015.9,11,"1757","1523",-0.512775372513888,0.0994334132006955,0.447485011270412,2164.919255,2164.919255,"0",-0.0555575188624665,-3.08269876496529,-3.05291971590421,0.392415933852299,0.293854601429568,0.789268104189468,0.916680186269487
"1154",2015,"3574",-0.00495456706957517,0.0473629050364437,0.0993803606550273,0.104334927724603,0,0.0520174556185836,-0.0936686249187542,-0.788801752063556,0.653108863568768,-0.749003016450229,-0.0895775058905502,27814.0594444444,"0",2005,0,2015.1,2015.9,10,"3090","1381",-1.25997938366663,0.97601863097055,-0.414823393495862,4130.9802945,4130.9802945,"0",1.80917557173785,-2.2601490955214,-2.95617593175754,-0.131842932011454,1.45686551003768,1.12125852950273,0.466841747587259
"1155",2015,"3594",0.00741555638426766,0.00530147755263839,0.0558577809066916,0.048442224522424,0,0.0505563033540532,0.648820761506607,0.127847603919173,-1.97200175669663,-0.749003016450229,0.248335027574739,19091.7559569378,"0",2005,0,2015.1,2015.9,10,"1740","1187",-0.24560371355749,1.23248855915448,0.447485011270412,8278.2812575,8278.2812575,"0",-0.0184703766256172,-3.02738343809768,-2.98466764585817,0.294976490924022,0.159906982719066,0.862871101831533,0.757776609971011
"1156",2015,"3608",-0.0270977462358049,-0.00342483794960517,0.0495109377968988,0.0766086840327037,1,0.052935775746504,-0.875537325298186,0.70337474857807,0.340048647542133,-0.749003016450229,-0.256297897868316,16222.862311522,"0",2005,1,2015.1,2015.9,10,"1705","1750",-0.580383562485118,-0.744772173163478,0.579262887559741,6783.773942,6783.773942,"1",-0.401085278886363,-2.56904484008817,-2.93867587859494,-0.998186244924366,-0.234653030703333,-0.189595379923457,-0.233224929086111
"1157",2015,"3699",0.0192657402559422,-0.00312981603469629,0.0678541239937149,0.0485883837377727,1,0.0709839400284112,-0.935395253997085,-2.4336157214922,-0.149895627980987,-0.260285232335748,0.527851033177361,12841.3616693069,"0",2005,0,2015.1,2015.9,10,"2968","1769",-0.979624127665808,-0.905023201486338,0.20929127059665,22403.039355,22403.039355,"1",0.598684215726294,-3.02437079438628,-2.64530162431011,0.72280110289641,-0.183044329663923,-0.79509673506264,-0.243111304130015
"1158",2015,"4890",-0.00416476172219489,-0.0546111661519622,0.0477968005058601,0.051961562228055,0,0.102407966657822,0.606217801104069,0.938208789681826,1.15119472800738,0.248280144540181,-0.332964453239462,19265.1351801501,"1",2006,1,2015.1,2015.9,9,"1510","2966",0.968753005533796,-0.963063638657034,-1.4473448884692,7875.2043615,7875.2043615,"0",-0.512857248857498,-2.95725102165683,-2.27879077001015,-0.209782609660753,-1.88084184228106,-0.124771969406207,0.585876537701059
"1159",2015,"4933",-0.0133703637355483,-0.00434021632012925,0.0400230034431163,0.0533933671786646,1,0.0443632197632455,-0.241226554785182,-0.253013757103238,0.605632163942401,0.855149480858134,-1.2558285073228,12323.0009046283,"1",2006,1,2015.1,2015.9,9,"3453","1699",-1.02455232651383,-0.202971077404999,1.3537193747998,28809.382465,28809.382465,"1",-1.07593543396461,-2.93006875086807,-3.11534453655403,-0.666974654394092,-0.320075663221338,0.6274096023406,0.0646032160523596
"1160",2015,"4972",-0.0384867951253919,-0.0762047896010739,0.0327250959712075,0.0712118910965994,0,0.108929885572281,-1.44992231470776,1.79830918059628,0.195063584664443,0.821992325891951,-0.322061127243742,22953.4536752137,"1",2006,1,2015.1,2015.9,9,"1155","1808",2.16493221169973,-0.698986165071176,-0.865325934858006,24360.02081,24360.02081,"0",-1.71453659230964,-2.64209546472509,-2.21705085535854,-1.75985226393324,-2.92417098447431,-0.247986828299454,0.702389899609128
"1161",2015,"4999",0.0071977655290596,0.00581230471288245,0.0530331561642376,0.045835390635178,0,0.0472208514513552,0.985504614937955,1.49354918048791,0.367524133097036,1.12320873368347,-0.362862862183538,18416.0193059211,"0",2007,1,2015.1,2015.9,8,"1757","1523",0.305431441509657,0.850107108716858,0.447485011270412,11486.5768145,11486.5768145,"0",-0.183080376435624,-3.08269876496529,-3.05291971590421,0.302623956444122,0.198652150391316,0.571656564094722,0.567011973950744
"1162",2015,"5118",-0.0423554688129154,-0.0515835051630477,0.0447122533214805,0.0870677221343959,0,0.0962957584845282,0.43660337798446,0.0238915340565595,-0.834551558125911,1.24859881971763,0.266689026686426,16192.9918854425,"1",2006,0,2015.1,2015.9,9,"1717","1797",0.275280461326746,-0.409961988988737,-0.681255250517338,NA,NA,"0",-0.72447785512501,-2.44106904779776,-2.34033100596085,-1.51174417155671,-1.89308755879146,-0.776871731930336,0.459277867405589
"1163",2015,"5128",-0.0574404922076382,-0.0175966213228978,0.0334379268607782,0.0908784190684165,0,0.051034548183676,0.352619041137904,0.956679092101785,0.575792397317909,-0.375167769260896,-0.152633746080385,1658.35777777778,"0",2007,0,2015.1,2015.9,8,"1789","1801",0.0621442221026595,-0.184847449201838,1.36313208024904,16009.041355,16009.041355,"0",-1.64618042101767,-2.39823271997468,-2.97525246023384,-2.25641766686458,-1.07756040976525,-0.669962894394192,-0.702572086948966
"1164",2015,"5283",-0.0376084560159576,-0.00579797471916928,0.0494592661184383,0.0870677221343959,0,0.0552572408376075,-0.00766526710952278,0.0238915340565595,-0.42032213708339,0.252716665275092,-0.476955232234136,16192.9918854425,"1",2009,0,2015.1,2015.9,6,"1717","1533",1.07584096963183,1.45581784077072,-0.681255250517338,10117.375183,10117.375183,"0",-0.40439764166769,-2.44106904779776,-2.89575589128705,-1.28636782850326,-0.338769340849473,0.235115439773495,0.151885471116148
"1165",2015,"5291",0.0110189617571309,-0.0184278251087349,0.0569334651992124,0.0459145034420814,0,0.0753612903079472,0.704046824030432,-1.26820869546144,0.184042901979398,-0.0328551693985833,-0.26923545508108,24266.2541121751,"1",2008,0,2015.1,2015.9,7,"1043","3696",3.29161701620801,-0.469941451092323,-0.615889240453205,30520.707715,30520.707715,"0",0.0420375612493504,-3.08097423269622,-2.58546152693986,0.457283078312725,-0.740323831537191,-0.598171761865867,0.314119952772331
"1166",2015,"5333",-0.000951791400807825,-0.018731669241048,0.041979913616348,0.0429317050171558,1,0.060711582857396,0.393898611204706,0.888712110426615,-0.544772094493973,0.0297231230728393,-0.578931643836648,17286.3799818841,"1",2009,1,2015.1,2015.9,6,"1857","3618",0.433313185044055,-0.257451423099521,0.48016801630249,8311.50966,8311.50966,"1",-0.924504777884582,-3.14814468131827,-2.80162077774686,-0.0732498856827083,-0.949987923316382,-0.472790314934764,-0.470493761346356
"1167",2015,"5337",-0.0184028614104564,-0.0178732748190905,0.0366135432782802,0.0550164046887367,1,0.0544868180973707,0.671589843859456,-0.572699228000695,0.689602996290334,0.0297231230728393,-0.602827789275932,13425.9367563025,"0",2009,0,2015.1,2015.9,6,"4936","1710",-0.737376597230617,0.608776691063873,1.25985378434768,10847.588328,10847.588328,"1",-1.35837544340614,-2.90012387115451,-2.90979647634116,-0.932733082101672,-1.01771240022285,-0.403146136444439,-0.697703672712053
"1168",2015,"5447",0.00487099122263446,-0.00428054416127331,0.0519926690978016,0.0471216778751671,0,0.0562732132590749,0.648379619052284,1.14761350295148,-0.0679840048218003,0.0297231230728393,-0.387923325072392,17903.6276896552,"1",2009,1,2015.1,2015.9,6,"2989","1731",0.217245363801085,0.546774805105637,-0.602031646319602,5841.416233,5841.416233,"0",-0.245936058742089,-3.0550221317166,-2.87753664286531,0.196546649210639,-0.263616491453678,-0.404376337753086,-0.420239611201344
"1169",2015,"5456",0.018448362424389,-0.00767391172178594,0.0500270772272489,0.0315787148028598,0,0.0577009889490348,0.178559387611309,-1.07546457277998,0.362242580060979,-0.217788033717103,-0.620043501759585,12608.5513549832,"1",2009,0,2015.1,2015.9,6,"4958","4888",-0.706185928075896,-0.780065554401221,1.40130583012652,4400.75683,4400.75683,"0",-0.368187111384794,-3.45527196753566,-2.85248096611696,1.00447264985361,-0.414220320763199,-0.859825187778146,-0.788577471090035
"1170",2015,"5498",0.0168148561681103,0.0134528368053135,0.0584531960097764,0.0416383398416661,0,0.045000359204463,-0.646692733188473,-0.591766551695188,0.0495065146108657,-0.307218951689325,-0.147317948846114,6359.09583333333,"1",2009,1,2015.1,2015.9,6,"4868","1886",-0.419231771852202,0.702256457585625,-0.218725363303416,5009.9410745,5009.9410745,"0",0.125602851930342,-3.17873390534655,-3.10108480692228,0.734481396291487,0.543165203720903,-0.51416051382146,-1.00474243821654
"1171",2015,"5518",0.0053603585223296,-0.0013655588956823,0.0515702168508217,0.0462098583284921,0,0.052935775746504,-0.875537325298186,0.492738676384933,-0.490450366647089,-0.144235189954056,-0.58225423410681,14188.6794172063,"0",2009,0,2015.1,2015.9,6,"3590","1750",-0.145793572262294,0.71084133410288,-0.536404172215191,4400.75683,4400.75683,"0",-0.271816140366792,-3.07456211992392,-2.93867587859494,0.221968752992367,-0.138146890040618,-0.519541881954859,-0.806294508588822
"1172",2015,"5522",0.0114477374078598,0.00409756562931304,0.0572831280430378,0.045835390635178,0,0.0531855624137248,-0.606074858289539,1.49354918048791,-2.73851590213618,-0.144235189954056,-0.545057258532789,18416.0193059211,"1",2009,0,2015.1,2015.9,6,"1757","1616",1.34719979127812,1.3088116037231,0.447485011270412,39917.00078,39917.00078,"0",0.0614603413225292,-3.08269876496529,-2.93396830266628,0.474811084478974,0.0995128322011307,0.17308186429436,-0.0105608497087514
"1173",2015,"5524",0.00701664430602656,0.0103189915099675,0.0565275821029254,0.0495109377968988,0,0.0462085905929579,2.47696459763106,0.42301794726058,-0.456244262629069,-0.144235189954056,-0.547545393956902,11053.4634234499,"0",2009,0,2015.1,2015.9,6,"3608","1553",-0.146833261234104,1.70382538460373,-0.536404172215191,4722.544191,4722.544191,"0",0.0193417462875666,-3.00556166822288,-3.07458955460929,0.272859397815565,0.401089487737771,0.152332064744295,-0.806294508588822
"1174",2015,"5530",0.0345763472609279,0.0435279531141301,0.0904341281676196,0.0558577809066916,1,0.0469061750534895,0.536960416732348,-1.83930671424198,0.237544745245475,-0.144235189954056,-0.642548415012914,16634.024469697,"0",2009,0,2015.1,2015.9,6,"3594","5197",-0.124999792825842,-1.28431367938308,-0.536404172215191,13437.4527715,13437.4527715,"1",1.50993363296904,-2.88494644523538,-3.05960594794337,1.05301321688139,1.4784096221656,-0.731666866017327,-0.806294508588822
"1175",2015,"5547",-0.00650213002098782,0.00399223055295028,0.0493001179597367,0.0558022479807245,1,0.0453078874067864,-0.996576573031721,0.962201508354093,-2.71276598785955,-0.969428046648062,-0.531266622523993,11197.3000396825,"1",2010,0,2015.1,2015.9,5,"5217","1869",-0.902275245114464,0.623084818592731,-0.967558374598328,17941.117185,17941.117185,"1",-0.414621465893297,-2.88594112401343,-3.0942741467093,-0.299891582630926,0.123730570282119,-0.75462170894685,-1.15796580404667
"1176",2015,"5549",0.0199305590987873,0.00715510240985299,0.0567687054015317,0.0368381463027444,1,0.0496136029916787,0.390318670206405,0.601638829949661,-1.50021682090362,-0.331503065185686,-0.57761184111889,12117.4776353276,"0",2009,0,2015.1,2015.9,6,"5123","4934",-0.802877002455664,-0.680862536868018,-0.645696141042442,20899.61091,20899.61091,"1",0.0328442375689024,-3.30122138637608,-3.00349022898748,0.94275824341267,0.242791805913855,-0.865669442816425,-1.02889561353664
"1177",2015,"5575",0.000711590647096277,-0.00156473389463622,0.0547084793644387,0.0539968887173424,1,0.0562732132590749,0.648379619052284,2.44391152939938,-0.779753154164862,-0.969428046648062,-0.346084619632487,13489.9796536797,"0",2010,0,2015.1,2015.9,5,"5168","1731",-0.673955569949367,0.99223450883656,-0.215587794820344,30065.521369,30065.521369,"1",-0.0844206749152282,-2.91882885042326,-2.87753664286531,0.00606958563726539,-0.143036850177369,-0.648838088149223,-1.2830899419812
"1178",2015,"5588",-0.0028506056839442,0.00688926285050625,0.0507414721664425,0.0535920778503867,1,0.0438522093159362,-0.0284323054860405,-0.0130863871577783,0.213100920608882,-0.618475906407236,-0.287445130721542,10733.008625,"1",2010,0,2015.1,2015.9,5,"4964","911",-0.215452733374575,3.90441539853778,1.22272589063126,26856.067036,26856.067036,"1",-0.323208049690818,-2.92635402312782,-3.12693017794544,-0.145258097251878,0.269311719404796,-0.0682765030245827,-1.22657459386316
"1179",2015,"5589",0.0438871499401297,0.0623507649031266,0.0971873859061885,0.0533002359660588,0,0.0348366210030618,0.309931251344494,-0.159449534088121,-0.761849285867944,-0.618475906407236,-0.386196824058427,12323.0009046283,"0",2010,0,2015.1,2015.9,5,"3085","1729",0.541239149816032,1.36996907559764,1.3537193747998,14646.268257,14646.268257,"0",1.73839254268577,-2.93181452068958,-3.35708611783615,1.31856221150304,2.35346101943349,-0.216903577283157,-0.812231700312487
"1180",2015,"5595",-0.00231676683266594,0.00367953365538857,0.0535044330305989,0.0558211998632648,2,0.0498248993752103,0.502111144062518,-0.658782016717884,-1.23535785802244,-0.699033782909614,-0.575739728360431,18949.6778276334,"1",2011,0,2015.1,2015.9,4,"1707","1604",1.74540066748692,1.77140196724396,1.72813588044726,13172.7438525,13172.7438525,"1",-0.155015325003336,-2.88560155588347,-2.99924043244959,-0.117854986102381,0.0924804616096827,-0.0798899315690968,-0.257592887950309
"1181",2015,"5600",0.0218458722725749,0.0261954728904417,0.0772300210741177,0.0553841488015428,1,0.051034548183676,0.352619041137904,-2.77066700748754,0.210717560843615,-0.699033782909614,-0.745153530809596,12162.3832440476,"0",2011,0,2015.1,2015.9,4,"3451","1801",0.494654834381775,1.04660539344619,1.27894065928643,18352.117455,18352.117455,"1",1.00925524292227,-2.89346184888565,-2.97525246023384,0.71949343463832,0.90486053493826,-0.975479344677263,-1.07306625728127
"1182",2015,"5604",0.0108584725480691,-0.00467719569904377,0.0550113306918154,0.0441528581437464,0,0.0596885263908592,0.50014303554526,-0.188591566342765,0.285421847814406,-0.446385602110833,-0.150314002495679,11454.1666666667,"0",2010,1,2015.1,2015.9,5,"5284","1762",-0.993290640352823,0.986511257825033,-0.00249460201120037,6243.669626,6243.669626,"0",-0.0669086934038252,-3.12009761690983,-2.81861546481182,0.46795811030792,-0.269500851887653,-0.863347922016515,-1.2588559555968
"1183",2015,"5613",-0.0329116180530947,-0.0707203212973376,0.0518071276017131,0.0847187456548078,0,0.122527448899051,-0.271189454593705,-0.859119502462442,1.51274219036463,-1.03527535439783,-0.56151958570532,18023.4985947712,"0",2009,0,2015.1,2015.9,5,"3518","3486",0.117247737609345,-0.0608436772852934,-0.536404172215191,25062.83724,25062.83724,"0",-0.257276625683447,-2.46841838357282,-2.09942020145257,-1.12168828745382,-2.11482442567514,-0.940545930195284,-0.977139938223004
"1184",2015,"5658",0.00400563189219984,0.00519172831278903,0.0570387880564375,0.0530331561642376,0,0.0518470597436484,-0.0521006127066465,0.449902511906601,0.0376087320635351,-0.140265671401761,-1.12052904266711,9874.99832779623,"0",2011,0,2015.1,2015.9,4,"4999","5072",-0.0750947221782018,-0.347960103030505,1.56001450256227,NA,NA,"0",0.0479004732288717,-2.93683797302414,-2.95945705288367,0.139465690717604,0.149752347978411,-1.48099708859675,-1.44885739781846
"1185",2015,"5748",0.00723381198521298,0.00920558062986249,0.0567447497821118,0.0495109377968988,0,0.0475391691522493,-1.30117671782827,0.42301794726058,-2.78039455459491,-0.296010899306371,-0.688661846938376,11053.4634234499,"0",2011,1,2015.1,2015.9,4,"3608","5237",0.50193265718453,-0.717667523564233,-0.536404172215191,15291.070921,15291.070921,"0",0.0315053323916805,-3.00556166822288,-3.04620129401709,0.281424077665501,0.342940931001019,-1.34165341014284,-1.11765358472246
"1186",2015,"5749",0.0108453247559264,0.0404374674288384,0.0892230863774585,0.0783777616215321,0,0.04878561894862,-1.28772226175737,1.41658960403649,-0.237374776555839,-0.296010899306371,-0.213810141292297,10635.6933333333,"0",2011,0,2015.1,2015.9,4,"4971","4902",0.0319932419196614,-0.101860309534644,1.40130583012652,22990.7375725,22990.7375725,"0",1.46716643483078,-2.54621504464942,-3.02031970322957,0.266302608078024,1.35344368212768,-1.28134106417252,-1.27353493971201
"1187",2015,"5750",0.0173280904984772,-0.00283812688958941,0.0514003189057469,0.0340722284072697,2,0.0542384457953363,0.179831865501628,0.352961411482629,-0.228279835412019,-0.296010899306371,-0.688661846938376,12628.7343076819,"0",2011,0,2015.1,2015.9,4,"1826","3456",1.28273907502489,0.662621119979345,0.48016801630249,5270.650382,5270.650382,"1",-0.282284178608173,-3.37927264271882,-2.91436528997631,0.895205416502375,-0.203534356837424,-0.833578432368,-0.873582462966758
"1188",2015,"5766",0.0157267327934323,0.00417246588850158,0.0523402760717125,0.0366135432782802,1,0.0481678101832109,-3.14364370593775,0.765054358862467,0.00876045425317263,-0.435878053001826,-0.343580798800409,7221.30916666667,"0",2011,1,2015.1,2015.9,4,"5337","5508",-0.840305805441242,-1.16829274801678,0.335578402040598,7875.2043615,7875.2043615,"1",-0.2247983274114,-3.30733707209517,-3.03306431955166,0.775005899723158,0.120485819241307,-1.90651565047818,-1.97623207901599
"1189",2015,"5822",0.0575778933560554,0.077752603044809,0.112589224047871,0.0550113306918154,1,0.0348366210030618,0.309931251344494,0.369566017330148,-0.455786665210583,-1.2482283496737,-0.760877384970945,12225.5026785714,"1",2012,0,2015.1,2015.9,3,"5604","1729",-1.17647190633128,1.89332858476327,-0.197546776042631,8801.2418275,8801.2418275,"1",2.20503841871673,-2.90021610238888,-3.35708611783615,1.57656018512362,2.7018364558885,-0.41373214984995,-1.55985080730704
"1190",2015,"5837",0.0327024783473635,-0.0372295069538998,0.0768553364911098,0.0441528581437464,0,0.11408484344501,1.54580738856783,-0.188591566342765,1.25713069416491,-0.172955824185347,-0.801750200330392,11454.1666666667,"1",2011,0,2015.1,2015.9,4,"5284","5539",-0.607566031805744,-1.1644772473424,-0.00249460201120037,16603.075675,16603.075675,"0",0.993827760440944,-3.12009761690983,-2.17081286665175,1.21484871103822,-1.01173719500806,-1.66218135527098,-1.29684494517807
"1191",2015,"5843",0.0108816675261685,-0.00265320856952258,0.0455146016136883,0.0346329340875199,1,0.0481678101832109,-3.14364370593775,-0.379992401335567,-2.0325259539447,-0.258417223605256,-0.766339673074309,12788.3485326087,"0",2012,0,2015.1,2015.9,3,"5125","5508",-0.073055113758141,-1.06626459200612,-0.117800243764363,6280.300406,6280.300406,"1",-0.66805847451268,-3.36295019740208,-3.03306431955166,0.587114118263868,-0.210430953286387,-1.73567317342783,-1.43636338972257
"1192",2015,"5851",0.00774458415933749,0.00928772378291031,0.0593148010101592,0.0515702168508217,0,0.0500270772272489,0.203245684549617,-0.389619354118862,-2.40710377014476,-1.40700909176536,-0.0549135468166104,7448.825,"0",2012,0,2015.1,2015.9,3,"5518","5456",-0.710935545455327,-0.790146399079037,0.140787692049422,11565.41502,11565.41502,"0",0.17201999682071,-2.96481096594805,-2.99519087559134,0.289342328774529,0.327039159196584,-1.87000592867768,-1.79164647109286
"1193",2015,"5854",-0.00197843112946904,-0.00249285377097519,0.0547902742720626,0.0567687054015317,1,0.0572831280430378,-2.5559332077963,-1.37766855392629,-1.76785956729819,-1.02523480747144,0.332012074463375,7500.16361895161,"0",2012,0,2015.1,2015.9,3,"5549","5522",-0.725570730107866,-0.85603675976827,-0.0689064682363735,14293.700285,14293.700285,"1",-0.0796814543229862,-2.86877006633059,-2.8597491481309,-0.102405705563625,-0.181623263315639,-1.82059943442974,-1.80090166903839
"1194",2015,"6025",-0.0220194603972287,-0.00233976935934687,0.0319889479121606,0.0540084083093894,1,0.0343287172715075,-1.13872217670526,1.5914231291981,1.51705131247668,-0.107575518618196,0.3577622189182,7448.825,"1",2012,1,2015.1,2015.9,3,"5525","5513",-0.592766087698734,-0.760902045891263,0.140787692049422,NA,NA,"1",-1.78670965224478,-2.91861553510618,-3.3717730368623,-1.19303037592296,-0.243429579125846,-1.79813475687496,-1.78838257330124
"1195",2015,"6046",0.00219891935931976,-0.00458009937626114,0.0489243336543377,0.046725414295018,0,0.0535044330305989,-1.21836307100843,1.32979784492151,-0.238728531726734,-1.45767882857991,-0.29396463506689,10621.3038636364,"1",2013,1,2015.1,2015.9,2,"5635","5595",-0.765448199469911,-0.993733592165062,-0.0385766395666045,NA,NA,"0",-0.438893763957479,-3.06346705901277,-2.92799076812788,0.0795431448447876,-0.288183597318179,-1.32426697845288,-1.21263711629679
"1196",2015,"6067",-0.0196019834318116,-0.0150585078659592,0.0327382926399009,0.0523402760717125,0,0.0477968005058601,0.905286854857788,0.0988548371622062,0.121655837583068,-1.45487681548417,1.17080740066612,10088.232,"0",2013,0,2015.1,2015.9,2,"5766","4890",-1.08879146970746,0.566806183646026,-0.185780894231083,8858.363577,8858.363577,"0",-1.71325763634936,-2.94998910731032,-3.04079657674882,-1.07123437367966,-0.97241493899031,-1.24745552282983,-1.08569027225192
"1197",2015,"6148",-0.0103992437514595,0.0115414123720923,0.0443092356129792,0.0547084793644387,0,0.0327678232408869,-0.153899806640215,-0.672700047188087,0.979020193565507,1.33452722132017,0.736887107021115,10060.5431111111,"0",2014,1,2015.1,2015.9,1,"5575","6018",-0.408834882133932,-1.38396757233752,-0.783226226217429,26493.064807,26493.064807,"0",-0.753200339066084,-2.90573656576464,-3.41830824383969,-0.494077795264346,0.63834397090638,0.621631360080044,-0.823020453283276
"1198",2015,"6171",-0.000662885164307347,0.00287709371964809,0.0351921429234044,0.0358550280877118,0,0.0323150492037563,0.30655490458701,0.277643612999043,0.797007127376164,0.969798516691973,0.711265488638678,13692.2811167014,"1",2014,0,2015.1,2015.9,1,"1824","5624",2.2725229762021,-0.814405060470389,0.48016801630249,7588.269724,7588.269724,"0",-1.48397961702543,-3.32827146827845,-3.43222223763943,-0.0648551034357053,0.125730433107778,-0.685285194995649,-0.799400554696974
"1199",2015,"6175",-0.0193644281214075,-0.0181930282686619,0.0312662378497763,0.0506306659711839,0,0.0494592661184383,-0.493111694406707,1.2473158115016,0.12201812474539,0.969798516691973,1.05218424180776,10919.384907563,"1",2014,0,2015.1,2015.9,1,"4904","5283",1.12470635130749,-0.0379506732392605,0.580308743720781,7890.247328,7890.247328,"0",-1.85919940476514,-2.98319783939961,-3.00660585487929,-1.09981987622797,-1.1623388080603,-1.07426440220223,-1.03450214769805
"1200",2015,"6190",-0.0163636034136208,-0.00508908144671566,0.0368908321696323,0.0532544355832531,0,0.041979913616348,-0.603852243086046,1.98086664559433,-1.39952427119634,0.596196770593949,1.34350070100984,5413.08777777778,"0",2014,1,2015.1,2015.9,1,"5842","5333",-0.900570836963842,-0.119983937737802,0.0129317763639496,13563.652715,13563.652715,"0",-1.33444167455063,-2.93267418052355,-3.17056402232526,-0.843175710854933,-0.382292797634602,-1.20507075479807,-0.457016102992949
"1201",2015,"6202",0.0577723090008833,0.0522963085595586,0.109579436602596,0.0518071276017131,0,0.0572831280430378,-2.5559332077963,1.57049012928926,-1.75767782708408,-0.151940725967334,-1.2558285073228,7678.12230769231,"1",2014,0,2015.1,2015.9,1,"5613","5522",-0.184262064219857,-0.171493196841631,-0.856959085569785,25062.83724,25062.83724,"0",2.11908377334566,-2.96022754069383,-2.8597491481309,1.65008014599673,1.45986942995818,-0.898065969779409,-0.728251400140093
"1202",2015,"6204",-0.016405652521159,-0.0112916531979312,0.0372735111234667,0.0536791636446257,1,0.0485651643213979,-3.21076500774957,-0.313741871093248,-0.141258284255653,-0.140499172493071,-1.23512255207738,6775.81583333333,"0",2014,1,2015.1,2015.9,1,"5641","5776",-0.511764090344644,-0.759080300692257,-0.17427647645979,13149.83617,13149.83617,"1",-1.30170511543355,-2.92473036683081,-3.02484878859814,-0.837868555002082,-0.702937239944851,-0.458232909282842,-0.485163977579392
"1203",2015,"6206",0.0119550882234341,-0.00306126972710091,0.0462388482326358,0.0342837600092016,0,0.0493001179597367,-2.5330199043708,-0.0755496005888052,-0.764804673614655,-0.151940725967334,1.27306193130914,24805.9402564103,"0",2014,0,2015.1,2015.9,1,"6061","5547",-1.15325218596052,-0.420454615843219,0.365123838589581,17941.117185,17941.117185,"0",-0.617978644420229,-3.37308350605163,-3.00982880524393,0.645010516307886,-0.228070285091293,-0.683701973260489,0.760692926433744
"1204",2015,"6207",-0.00409561056728439,-0.0050904316614292,0.0474252012551162,0.0515208118224006,1,0.0525156329165454,-0.360128016706097,-0.0248775267926929,-0.389204867654046,-0.151940725967334,1.27306193130914,10060.5431111111,"0",2014,0,2015.1,2015.9,1,"5545","5638",-0.209214599543631,-0.684678037542317,-0.783226226217429,63916.231025,63916.231025,"1",-0.537616042494664,-2.96576943988781,-2.94664438387024,-0.20818897672418,-0.317709274239017,-0.422774410714518,-0.680213581227971
"1205",2015,"6212",0.000835511031868984,-0.0221056053178665,0.0348452110568502,0.0340097000249813,0,0.0569508163747167,-1.42993573634906,0.437010610479622,-0.432791926806608,-0.0562052785297072,0.8010895172134,10055.3944523471,"1",2013,1,2015.1,2015.9,2,"5564","4892",-0.581423251456925,0.648839448144648,-0.783226226217429,24360.02081,24360.02081,"0",-1.5154069674137,-3.38110950020242,-2.86556725425373,0.031036202887585,-1.23968860599045,-1.23003327781441,-1.35083984406038
"1206",2015,"6220",0.0038142710317917,-0.0127241515846041,0.0372521978925699,0.0334379268607782,1,0.049976349477174,-2.71272434105925,0.653691507808851,0.659420021199198,0.708510795514678,1.45143155524287,12199.8494363167,"1",2014,1,2015.1,2015.9,1,"5128","5606",0.81799810461924,-0.586428895177766,-0.117800243764363,16009.041355,16009.041355,"1",-1.30351951501893,-3.39806448847758,-2.99620539591525,0.218102362496661,-0.772125296453137,-0.531298937527758,-0.976292609174627
"1207",2015,"6245",0.0285922139792174,0.00869245321695032,0.0656259184161627,0.0370337044369453,2,0.0569334651992124,0.0446764850429419,-0.863447896523769,0.574991591432779,-0.140499172493071,-0.351841220076101,18563.2605454545,"1",2014,1,2015.1,2015.9,1,"5277","5291",0.433102974705532,0.173627179045922,0.265506039251823,28809.382465,28809.382465,"1",0.492766399252564,-3.29592685025527,-2.86587197015304,1.25477475742244,0.260238972939512,-0.839308933316699,-0.834945935319169
"1208",2015,"6273",-0.0235308149889138,0.00460312939600184,0.0841766558308117,0.107707470819726,1,0.0795735264348099,-0.470512270835602,-0.701357007291455,0.133362958006955,-0.08726092367411,-0.428149788930525,8856.048,"0",2014,1,2015.1,2015.9,1,"5625","5626",-0.38076327989473,-0.578797893829007,-0.197546776042631,5370.338311,5370.338311,"1",1.28247435869619,-2.2283363302829,-2.53107382392688,-0.573763821117877,0.0569254099444058,-0.564358453589356,-0.561540844882674
"1209",2015,"6274",-0.00413204192627466,-0.0236854451214585,0.0850910444511838,0.0892230863774585,0,0.108776489572642,-0.595759219276232,-0.141986712703221,0.880615672561775,-0.140499172493071,0.0650644463839406,11523.3208333333,"0",2014,0,2015.1,2015.9,1,"5749","5639",-0.619891743414401,-0.716155918105758,-0.0291639341173666,22990.7375725,22990.7375725,"0",1.31674724624941,-2.41661545699244,-2.21846005639752,-0.129087447671753,-0.657822532423194,-0.430290717391553,-0.361618383492913
"1210",2015,"6279",0.0016799389794593,-0.00605157681213038,0.0536369495787288,0.0519570105992695,1,0.0596885263908592,0.50014303554526,-2.9068117991922,0.646206640872329,-0.140499172493071,0.181997101386714,206.045,"0",2014,0,2015.1,2015.9,1,"5657","1762",-0.650042723597312,2.27138110991404,-0.0291639341173666,26493.064807,26493.064807,"1",-0.147168339643882,-2.95733862156634,-2.81861546481182,0.0479036016306449,-0.329418855506204,-0.780113240463654,-0.361618383492913
"1211",2015,"6297",0.00851515047444201,0.0197896724413471,0.0617695860576951,0.0532544355832531,0,0.041979913616348,-0.603852243086046,1.98086664559433,-0.91568143329009,-0.472771225428994,-0.796438523279487,5413.08777777778,"0",2014,0,2015.1,2015.9,1,"5842","5333",-0.686394908767945,0.0765143469914568,0.0129317763639496,13563.652715,13563.652715,"0",0.300659568219216,-2.93267418052355,-3.17056402232526,0.30813925059537,0.838395390897236,-1.05240866152459,-0.294036252169923
"1212",2015,"6310",0.0282628043560951,0.00673052708770133,0.0844944267252947,0.0562316223691996,3,0.0777638996375934,-0.199217418632368,-0.608184596028697,0.246963816160259,-0.472771225428994,-1.12526929696411,7421.44878571429,"0",2014,0,2015.1,2015.9,1,"5319","5612",0.350138067298076,-0.465286748766946,1.17043308257992,21533.425155,21533.425155,"1",1.29442699625882,-2.87827600471652,-2.554077970427,0.886370470490052,0.120327280685727,-0.614438609660521,-1.05608106228735
"1213",2015,"6311",0.0230784961146617,-0.0660110259236108,0.0565164229754399,0.0334379268607782,1,0.122527448899051,-0.271189454593705,0.653691507808851,0.179962557771036,-0.472771225428994,-0.796438523279487,12199.8494363167,"0",2014,0,2015.1,2015.9,1,"5128","3486",0.958356115815613,1.42529383537585,-0.117800243764363,16009.041355,16009.041355,"1",0.0187154606426508,-3.39806448847758,-2.09942020145257,1.14912049777328,-1.90878196720583,-0.862857437262766,-0.998238784037416
"1214",2015,"6312",9.82571408621458e-05,-0.0342383353648795,0.0554824059424049,0.0553841488015428,1,0.0897207413072845,0.758288813782011,-2.77066700748754,0.977304172037847,-0.08726092367411,-0.428149788930525,12162.3832440476,"1",2014,1,2015.1,2015.9,1,"3451","6196",1.7298053329096,-1.66144621017716,1.27894065928643,27905.206671,27905.206671,"1",-0.0398600797204521,-2.89346184888565,-2.41105330691125,-0.0192144420673553,-1.21449963196802,2.46201661112259,-0.883936481411824
"1215",2016,"1042",0.0369417768094009,0.0361918302891299,0.0828562802514824,0.0459145034420814,0,0.0466644499623525,-1.01435749465966,-1.26820869546144,-0.226068079880073,-1.0427473893198,0.370281014121953,24266.2541121751,"0",1996,1,2016.1,2016.9,20,"1043","559",-1.37731084074928,-0.794855831946977,-0.615889240453205,28317.1198,28317.1198,"0",1.23232167617851,-3.08097423269622,-3.06477264697587,1.29539137035533,1.28339366425291,-1.48231866897484,-0.726126325848039
"1216",2016,"1716",0.0475192580674012,0.0410217713187314,0.0934337615094826,0.0459145034420814,1,0.0524119901907512,-2.5336086558896,-1.26820869546144,-0.683732013731955,0.328371018859941,0.225346619205495,24266.2541121751,"0",2002,1,2016.1,2016.9,14,"1043","1412",0.915728867970815,-0.401377112471486,-0.615889240453205,11323.2384475,11323.2384475,"1",1.61344560127534,-3.08097423269622,-2.94861989339636,1.56375009069202,1.29284862811051,1.12939453777886,1.06006239496205
"1217",2016,"1750",-0.0300334032275646,0.00237947239245072,0.052935775746504,0.0829691789740685,0,0.0505563033540532,0.648820761506607,-1.38212754511904,-0.850091124547683,0.328371018859941,0.159338621536349,0,"1",2002,1,2016.1,2016.9,14,"1362","1187",-0.243524335613781,0.16414837033519,-1.04887369111814,26306.220169,26306.220169,"0",-0.188910569697462,-2.48928607781027,-2.98466764585817,-1.02693957192004,0.0326645067843983,1.49890491150844,1.19256042061526
"1218",2016,"1868",-0.0185679755631298,-0.014849820268322,0.0313587703246358,0.0499267458877657,0,0.0462085905929579,2.47696459763106,-0.559508815936449,-0.425565553533647,0.158849226567958,-0.0184569613787307,18876.280979448,"1",2003,0,2016.1,2016.9,13,"1384","1553",0.158835296482336,-0.479594876295728,-1.04887369111814,29166.12504,29166.12504,"0",-1.84982515649965,-2.99719843008107,-3.07458955460929,-1.06194724069491,-0.994340899656391,1.3705849239723,0.90435324518159
"1219",2016,"1877",-0.0194843956151411,0.000949460600295535,0.0440756118101234,0.0635600074252645,1,0.0431261512098279,0.145898813199516,0.083854713266193,-1.19617529365476,0.111682006123092,0.0607482372535563,52540.4536111111,"1",2003,0,2016.1,2016.9,13,"1893","1524",-1.07527551307368,-0.405192613145785,1.72813588044726,30443.847725,30443.847725,"1",-0.769970222218304,-2.75577082049071,-3.14362570926626,-0.840852344672075,-0.0246810059270792,1.12844288839934,1.71390925811804
"1220",2016,"3094",-0.0591640871112406,-0.0137505041635299,0.0334703472878253,0.0926344343990659,0,0.0472208514513552,0.985504614937955,0.0034435859409016,-0.099616086951109,0.955554950121982,0.00265770637046059,40475.822,"0",2004,0,2016.1,2016.9,12,"1891","1523",-0.880518475072896,-0.00330363364570957,1.82696928766426,25634.45336,25634.45336,"0",-1.64310624528366,-2.37909434469248,-3.05291971590421,-2.2970009187587,-0.891333158429467,0.814455130770951,-0.287764629506036
"1221",2016,"3574",-0.00495456706957517,0.0473629050364437,0.0993803606550273,0.104334927724603,0,0.0520174556185836,-0.0936686249187542,-0.788801752063556,0.653108863568768,-0.749003016450229,-0.0895775058905502,27814.0594444444,"0",2005,0,2016.1,2016.9,11,"3090","1381",-1.25997938366663,0.97601863097055,-0.414823393495862,10355.48842,10355.48842,"0",1.80917557173785,-2.2601490955214,-2.95617593175754,-0.131842932011454,1.45686551003768,1.12125852950273,0.466841747587259
"1222",2016,"3594",0.00741555638426766,0.00530147755263839,0.0558577809066916,0.048442224522424,0,0.0505563033540532,0.648820761506607,0.127847603919173,-1.97200175669663,-0.749003016450229,0.248335027574739,19091.7559569378,"0",2005,1,2016.1,2016.9,11,"1740","1187",-0.24560371355749,1.23248855915448,0.447485011270412,47094.94902,47094.94902,"0",-0.0184703766256172,-3.02738343809768,-2.98466764585817,0.294976490924022,0.159906982719066,0.862871101831533,0.757776609971011
"1223",2016,"3699",0.0192657402559422,-0.00312981603469629,0.0678541239937149,0.0485883837377727,1,0.0709839400284112,-0.935395253997085,-2.4336157214922,-0.149895627980987,-0.260285232335748,0.527851033177361,12841.3616693069,"0",2005,0,2016.1,2016.9,11,"2968","1769",-0.979624127665808,-0.905023201486338,0.20929127059665,17808.027205,17808.027205,"1",0.598684215726294,-3.02437079438628,-2.64530162431011,0.72280110289641,-0.183044329663923,-0.79509673506264,-0.243111304130015
"1224",2016,"5118",-0.0423554688129154,-0.0515835051630477,0.0447122533214805,0.0870677221343959,0,0.0962957584845282,0.43660337798446,0.0238915340565595,-0.834551558125911,1.24859881971763,0.266689026686426,16192.9918854425,"1",2006,1,2016.1,2016.9,10,"1717","1797",0.275280461326746,-0.409961988988737,-0.681255250517338,NA,NA,"0",-0.72447785512501,-2.44106904779776,-2.34033100596085,-1.51174417155671,-1.89308755879146,-0.776871731930336,0.459277867405589
"1225",2016,"5128",-0.0574404922076382,-0.0175966213228978,0.0334379268607782,0.0908784190684165,0,0.051034548183676,0.352619041137904,0.956679092101785,0.575792397317909,-0.375167769260896,-0.152633746080385,1658.35777777778,"0",2007,0,2016.1,2016.9,9,"1789","1801",0.0621442221026595,-0.184847449201838,1.36313208024904,11000.015869,11000.015869,"0",-1.64618042101767,-2.39823271997468,-2.97525246023384,-2.25641766686458,-1.07756040976525,-0.669962894394192,-0.702572086948966
"1226",2016,"5283",-0.0376084560159576,-0.00579797471916928,0.0494592661184383,0.0870677221343959,0,0.0552572408376075,-0.00766526710952278,0.0238915340565595,-0.42032213708339,0.252716665275092,-0.476955232234136,16192.9918854425,"1",2009,1,2016.1,2016.9,7,"1717","1533",1.07584096963183,1.45581784077072,-0.681255250517338,10146.19427,10146.19427,"0",-0.40439764166769,-2.44106904779776,-2.89575589128705,-1.28636782850326,-0.338769340849473,0.235115439773495,0.151885471116148
"1227",2016,"5291",0.0110189617571309,-0.0184278251087349,0.0569334651992124,0.0459145034420814,0,0.0753612903079472,0.704046824030432,-1.26820869546144,0.184042901979398,-0.0328551693985833,-0.26923545508108,24266.2541121751,"1",2008,0,2016.1,2016.9,8,"1043","3696",3.29161701620801,-0.469941451092323,-0.615889240453205,23397.62513,23397.62513,"0",0.0420375612493504,-3.08097423269622,-2.58546152693986,0.457283078312725,-0.740323831537191,-0.598171761865867,0.314119952772331
"1228",2016,"5337",-0.0184028614104564,-0.0178732748190905,0.0366135432782802,0.0550164046887367,1,0.0544868180973707,0.671589843859456,-0.572699228000695,0.689602996290334,0.0297231230728393,-0.602827789275932,13425.9367563025,"0",2009,0,2016.1,2016.9,7,"4936","1710",-0.737376597230617,0.608776691063873,1.25985378434768,22223.24016,22223.24016,"1",-1.35837544340614,-2.90012387115451,-2.90979647634116,-0.932733082101672,-1.01771240022285,-0.403146136444439,-0.697703672712053
"1229",2016,"5456",0.018448362424389,-0.00767391172178594,0.0500270772272489,0.0315787148028598,0,0.0577009889490348,0.178559387611309,-1.07546457277998,0.362242580060979,-0.217788033717103,-0.620043501759585,12608.5513549832,"1",2009,0,2016.1,2016.9,7,"4958","4888",-0.706185928075896,-0.780065554401221,1.40130583012652,23430.723505,23430.723505,"0",-0.368187111384794,-3.45527196753566,-2.85248096611696,1.00447264985361,-0.414220320763199,-0.859825187778146,-0.788577471090035
"1230",2016,"5518",0.0053603585223296,-0.0013655588956823,0.0515702168508217,0.0462098583284921,0,0.052935775746504,-0.875537325298186,0.492738676384933,-0.490450366647089,-0.144235189954056,-0.58225423410681,14188.6794172063,"0",2009,1,2016.1,2016.9,7,"3590","1750",-0.145793572262294,0.71084133410288,-0.536404172215191,23430.723505,23430.723505,"0",-0.271816140366792,-3.07456211992392,-2.93867587859494,0.221968752992367,-0.138146890040618,-0.519541881954859,-0.806294508588822
"1231",2016,"5522",0.0114477374078598,0.00409756562931304,0.0572831280430378,0.045835390635178,0,0.0531855624137248,-0.606074858289539,1.49354918048791,-2.73851590213618,-0.144235189954056,-0.545057258532789,18416.0193059211,"1",2009,1,2016.1,2016.9,7,"1757","1616",1.34719979127812,1.3088116037231,0.447485011270412,8697.822424,8697.822424,"0",0.0614603413225292,-3.08269876496529,-2.93396830266628,0.474811084478974,0.0995128322011307,0.17308186429436,-0.0105608497087514
"1232",2016,"5524",0.00701664430602656,0.0103189915099675,0.0565275821029254,0.0495109377968988,0,0.0462085905929579,2.47696459763106,0.42301794726058,-0.456244262629069,-0.144235189954056,-0.547545393956902,11053.4634234499,"0",2009,0,2016.1,2016.9,7,"3608","1553",-0.146833261234104,1.70382538460373,-0.536404172215191,20857.123225,20857.123225,"0",0.0193417462875666,-3.00556166822288,-3.07458955460929,0.272859397815565,0.401089487737771,0.152332064744295,-0.806294508588822
"1233",2016,"5530",0.0345763472609279,0.0435279531141301,0.0904341281676196,0.0558577809066916,1,0.0469061750534895,0.536960416732348,-1.83930671424198,0.237544745245475,-0.144235189954056,-0.642548415012914,16634.024469697,"0",2009,0,2016.1,2016.9,7,"3594","5197",-0.124999792825842,-1.28431367938308,-0.536404172215191,9216.1851925,9216.1851925,"1",1.50993363296904,-2.88494644523538,-3.05960594794337,1.05301321688139,1.4784096221656,-0.731666866017327,-0.806294508588822
"1234",2016,"5547",-0.00650213002098782,0.00399223055295028,0.0493001179597367,0.0558022479807245,1,0.0453078874067864,-0.996576573031721,0.962201508354093,-2.71276598785955,-0.969428046648062,-0.531266622523993,11197.3000396825,"1",2010,0,2016.1,2016.9,6,"5217","1869",-0.902275245114464,0.623084818592731,-0.967558374598328,5764.494078,5764.494078,"1",-0.414621465893297,-2.88594112401343,-3.0942741467093,-0.299891582630926,0.123730570282119,-0.75462170894685,-1.15796580404667
"1235",2016,"5549",0.0199305590987873,0.00715510240985299,0.0567687054015317,0.0368381463027444,1,0.0496136029916787,0.390318670206405,0.601638829949661,-1.50021682090362,-0.331503065185686,-0.57761184111889,12117.4776353276,"0",2009,0,2016.1,2016.9,7,"5123","4934",-0.802877002455664,-0.680862536868018,-0.645696141042442,42721.24537,42721.24537,"1",0.0328442375689024,-3.30122138637608,-3.00349022898748,0.94275824341267,0.242791805913855,-0.865669442816425,-1.02889561353664
"1236",2016,"5575",0.000711590647096277,-0.00156473389463622,0.0547084793644387,0.0539968887173424,1,0.0562732132590749,0.648379619052284,2.44391152939938,-0.779753154164862,-0.969428046648062,-0.346084619632487,13489.9796536797,"0",2010,1,2016.1,2016.9,6,"5168","1731",-0.673955569949367,0.99223450883656,-0.215587794820344,30567.392465,30567.392465,"1",-0.0844206749152282,-2.91882885042326,-2.87753664286531,0.00606958563726539,-0.143036850177369,-0.648838088149223,-1.2830899419812
"1237",2016,"5588",-0.0028506056839442,0.00688926285050625,0.0507414721664425,0.0535920778503867,1,0.0438522093159362,-0.0284323054860405,-0.0130863871577783,0.213100920608882,-0.618475906407236,-0.287445130721542,10733.008625,"1",2010,0,2016.1,2016.9,6,"4964","911",-0.215452733374575,3.90441539853778,1.22272589063126,25186.597265,25186.597265,"1",-0.323208049690818,-2.92635402312782,-3.12693017794544,-0.145258097251878,0.269311719404796,-0.0682765030245827,-1.22657459386316
"1238",2016,"5589",0.0438871499401297,0.0623507649031266,0.0971873859061885,0.0533002359660588,0,0.0348366210030618,0.309931251344494,-0.159449534088121,-0.761849285867944,-0.618475906407236,-0.386196824058427,12323.0009046283,"0",2010,0,2016.1,2016.9,6,"3085","1729",0.541239149816032,1.36996907559764,1.3537193747998,20661.169345,20661.169345,"0",1.73839254268577,-2.93181452068958,-3.35708611783615,1.31856221150304,2.35346101943349,-0.216903577283157,-0.812231700312487
"1239",2016,"5595",-0.00231676683266594,0.00367953365538857,0.0535044330305989,0.0558211998632648,2,0.0498248993752103,0.502111144062518,-0.658782016717884,-1.23535785802244,-0.699033782909614,-0.575739728360431,18949.6778276334,"1",2011,0,2016.1,2016.9,5,"1707","1604",1.74540066748692,1.77140196724396,1.72813588044726,24092.096555,24092.096555,"1",-0.155015325003336,-2.88560155588347,-2.99924043244959,-0.117854986102381,0.0924804616096827,-0.0798899315690968,-0.257592887950309
"1240",2016,"5600",0.0218458722725749,0.0261954728904417,0.0772300210741177,0.0553841488015428,1,0.051034548183676,0.352619041137904,-2.77066700748754,0.210717560843615,-0.699033782909614,-0.745153530809596,12162.3832440476,"0",2011,0,2016.1,2016.9,5,"3451","1801",0.494654834381775,1.04660539344619,1.27894065928643,26655.883935,26655.883935,"1",1.00925524292227,-2.89346184888565,-2.97525246023384,0.71949343463832,0.90486053493826,-0.975479344677263,-1.07306625728127
"1241",2016,"5613",-0.0329116180530947,-0.0707203212973376,0.0518071276017131,0.0847187456548078,0,0.122527448899051,-0.271189454593705,-0.859119502462442,1.51274219036463,-1.03527535439783,-0.56151958570532,18023.4985947712,"0",2009,1,2016.1,2016.9,6,"3518","3486",0.117247737609345,-0.0608436772852934,-0.536404172215191,4008.188449,4008.188449,"0",-0.257276625683447,-2.46841838357282,-2.09942020145257,-1.12168828745382,-2.11482442567514,-0.940545930195284,-0.977139938223004
"1242",2016,"5658",0.00400563189219984,0.00519172831278903,0.0570387880564375,0.0530331561642376,0,0.0518470597436484,-0.0521006127066465,0.449902511906601,0.0376087320635351,-0.140265671401761,-1.12052904266711,9874.99832779623,"0",2011,1,2016.1,2016.9,5,"4999","5072",-0.0750947221782018,-0.347960103030505,1.56001450256227,NA,NA,"0",0.0479004732288717,-2.93683797302414,-2.95945705288367,0.139465690717604,0.149752347978411,-1.48099708859675,-1.44885739781846
"1243",2016,"5749",0.0108453247559264,0.0404374674288384,0.0892230863774585,0.0783777616215321,0,0.04878561894862,-1.28772226175737,1.41658960403649,-0.237374776555839,-0.296010899306371,-0.213810141292297,10635.6933333333,"0",2011,0,2016.1,2016.9,5,"4971","4902",0.0319932419196614,-0.101860309534644,1.40130583012652,12453.5099015,12453.5099015,"0",1.46716643483078,-2.54621504464942,-3.02031970322957,0.266302608078024,1.35344368212768,-1.28134106417252,-1.27353493971201
"1244",2016,"5750",0.0173280904984772,-0.00283812688958941,0.0514003189057469,0.0340722284072697,2,0.0542384457953363,0.179831865501628,0.352961411482629,-0.228279835412019,-0.296010899306371,-0.688661846938376,12628.7343076819,"0",2011,1,2016.1,2016.9,5,"1826","3456",1.28273907502489,0.662621119979345,0.48016801630249,28757.71638,28757.71638,"1",-0.282284178608173,-3.37927264271882,-2.91436528997631,0.895205416502375,-0.203534356837424,-0.833578432368,-0.873582462966758
"1245",2016,"5822",0.0575778933560554,0.077752603044809,0.112589224047871,0.0550113306918154,1,0.0348366210030618,0.309931251344494,0.369566017330148,-0.455786665210583,-1.2482283496737,-0.760877384970945,12225.5026785714,"1",2012,0,2016.1,2016.9,4,"5604","1729",-1.17647190633128,1.89332858476327,-0.197546776042631,6571.153478,6571.153478,"1",2.20503841871673,-2.90021610238888,-3.35708611783615,1.57656018512362,2.7018364558885,-0.41373214984995,-1.55985080730704
"1246",2016,"5837",0.0327024783473635,-0.0372295069538998,0.0768553364911098,0.0441528581437464,0,0.11408484344501,1.54580738856783,-0.188591566342765,1.25713069416491,-0.172955824185347,-0.801750200330392,11454.1666666667,"1",2011,0,2016.1,2016.9,5,"5284","5539",-0.607566031805744,-1.1644772473424,-0.00249460201120037,36444.035895,36444.035895,"0",0.993827760440944,-3.12009761690983,-2.17081286665175,1.21484871103822,-1.01173719500806,-1.66218135527098,-1.29684494517807
"1247",2016,"5843",0.0108816675261685,-0.00265320856952258,0.0455146016136883,0.0346329340875199,1,0.0481678101832109,-3.14364370593775,-0.379992401335567,-2.0325259539447,-0.258417223605256,-0.766339673074309,12788.3485326087,"0",2012,0,2016.1,2016.9,4,"5125","5508",-0.073055113758141,-1.06626459200612,-0.117800243764363,24705.282065,24705.282065,"1",-0.66805847451268,-3.36295019740208,-3.03306431955166,0.587114118263868,-0.210430953286387,-1.73567317342783,-1.43636338972257
"1248",2016,"5851",0.00774458415933749,0.00928772378291031,0.0593148010101592,0.0515702168508217,0,0.0500270772272489,0.203245684549617,-0.389619354118862,-2.40710377014476,-1.40700909176536,-0.0549135468166104,7448.825,"0",2012,0,2016.1,2016.9,4,"5518","5456",-0.710935545455327,-0.790146399079037,0.140787692049422,10025.1822845,10025.1822845,"0",0.17201999682071,-2.96481096594805,-2.99519087559134,0.289342328774529,0.327039159196584,-1.87000592867768,-1.79164647109286
"1249",2016,"5854",-0.00197843112946904,-0.00249285377097519,0.0547902742720626,0.0567687054015317,1,0.0572831280430378,-2.5559332077963,-1.37766855392629,-1.76785956729819,-1.02523480747144,0.332012074463375,7500.16361895161,"0",2012,0,2016.1,2016.9,4,"5549","5522",-0.725570730107866,-0.85603675976827,-0.0689064682363735,6571.153478,6571.153478,"1",-0.0796814543229862,-2.86877006633059,-2.8597491481309,-0.102405705563625,-0.181623263315639,-1.82059943442974,-1.80090166903839
"1250",2016,"6067",-0.0196019834318116,-0.0150585078659592,0.0327382926399009,0.0523402760717125,0,0.0477968005058601,0.905286854857788,0.0988548371622062,0.121655837583068,-1.45487681548417,1.17080740066612,10088.232,"0",2013,1,2016.1,2016.9,3,"5766","4890",-1.08879146970746,0.566806183646026,-0.185780894231083,16270.696858,16270.696858,"0",-1.71325763634936,-2.94998910731032,-3.04079657674882,-1.07123437367966,-0.97241493899031,-1.24745552282983,-1.08569027225192
"1251",2016,"6171",-0.000662885164307347,0.00287709371964809,0.0351921429234044,0.0358550280877118,0,0.0323150492037563,0.30655490458701,0.277643612999043,0.797007127376164,0.969798516691973,0.711265488638678,13692.2811167014,"1",2014,0,2016.1,2016.9,2,"1824","5624",2.2725229762021,-0.814405060470389,0.48016801630249,47094.94902,47094.94902,"0",-1.48397961702543,-3.32827146827845,-3.43222223763943,-0.0648551034357053,0.125730433107778,-0.685285194995649,-0.799400554696974
"1252",2016,"6175",-0.0193644281214075,-0.0181930282686619,0.0312662378497763,0.0506306659711839,0,0.0494592661184383,-0.493111694406707,1.2473158115016,0.12201812474539,0.969798516691973,1.05218424180776,10919.384907563,"1",2014,1,2016.1,2016.9,2,"4904","5283",1.12470635130749,-0.0379506732392605,0.580308743720781,10025.1822845,10025.1822845,"0",-1.85919940476514,-2.98319783939961,-3.00660585487929,-1.09981987622797,-1.1623388080603,-1.07426440220223,-1.03450214769805
"1253",2016,"6202",0.0577723090008833,0.0522963085595586,0.109579436602596,0.0518071276017131,0,0.0572831280430378,-2.5559332077963,1.57049012928926,-1.75767782708408,-0.151940725967334,-1.2558285073228,7678.12230769231,"1",2014,1,2016.1,2016.9,2,"5613","5522",-0.184262064219857,-0.171493196841631,-0.856959085569785,5927.865379,5927.865379,"0",2.11908377334566,-2.96022754069383,-2.8597491481309,1.65008014599673,1.45986942995818,-0.898065969779409,-0.728251400140093
"1254",2016,"6206",0.0119550882234341,-0.00306126972710091,0.0462388482326358,0.0342837600092016,0,0.0493001179597367,-2.5330199043708,-0.0755496005888052,-0.764804673614655,-0.151940725967334,1.27306193130914,24805.9402564103,"0",2014,1,2016.1,2016.9,2,"6061","5547",-1.15325218596052,-0.420454615843219,0.365123838589581,5764.494078,5764.494078,"0",-0.617978644420229,-3.37308350605163,-3.00982880524393,0.645010516307886,-0.228070285091293,-0.683701973260489,0.760692926433744
"1255",2016,"6207",-0.00409561056728439,-0.0050904316614292,0.0474252012551162,0.0515208118224006,1,0.0525156329165454,-0.360128016706097,-0.0248775267926929,-0.389204867654046,-0.151940725967334,1.27306193130914,10060.5431111111,"0",2014,0,2016.1,2016.9,2,"5545","5638",-0.209214599543631,-0.684678037542317,-0.783226226217429,20370.60589,20370.60589,"1",-0.537616042494664,-2.96576943988781,-2.94664438387024,-0.20818897672418,-0.317709274239017,-0.422774410714518,-0.680213581227971
"1256",2016,"6274",-0.00413204192627466,-0.0236854451214585,0.0850910444511838,0.0892230863774585,0,0.108776489572642,-0.595759219276232,-0.141986712703221,0.880615672561775,-0.140499172493071,0.0650644463839406,11523.3208333333,"0",2014,0,2016.1,2016.9,2,"5749","5639",-0.619891743414401,-0.716155918105758,-0.0291639341173666,14182.132415,14182.132415,"0",1.31674724624941,-2.41661545699244,-2.21846005639752,-0.129087447671753,-0.657822532423194,-0.430290717391553,-0.361618383492913
"1257",2016,"6279",0.0016799389794593,-0.00605157681213038,0.0536369495787288,0.0519570105992695,1,0.0596885263908592,0.50014303554526,-2.9068117991922,0.646206640872329,-0.140499172493071,0.181997101386714,206.045,"0",2014,0,2016.1,2016.9,2,"5657","1762",-0.650042723597312,2.27138110991404,-0.0291639341173666,13964.4655615,13964.4655615,"1",-0.147168339643882,-2.95733862156634,-2.81861546481182,0.0479036016306449,-0.329418855506204,-0.780113240463654,-0.361618383492913
"1258",2016,"6297",0.00851515047444201,0.0197896724413471,0.0617695860576951,0.0532544355832531,0,0.041979913616348,-0.603852243086046,1.98086664559433,-0.91568143329009,-0.472771225428994,-0.796438523279487,5413.08777777778,"0",2014,0,2016.1,2016.9,2,"5842","5333",-0.686394908767945,0.0765143469914568,0.0129317763639496,5932.966073,5932.966073,"0",0.300659568219216,-2.93267418052355,-3.17056402232526,0.30813925059537,0.838395390897236,-1.05240866152459,-0.294036252169923
"1259",2016,"6310",0.0282628043560951,0.00673052708770133,0.0844944267252947,0.0562316223691996,3,0.0777638996375934,-0.199217418632368,-0.608184596028697,0.246963816160259,-0.472771225428994,-1.12526929696411,7421.44878571429,"0",2014,1,2016.1,2016.9,2,"5319","5612",0.350138067298076,-0.465286748766946,1.17043308257992,28317.1198,28317.1198,"1",1.29442699625882,-2.87827600471652,-2.554077970427,0.886370470490052,0.120327280685727,-0.614438609660521,-1.05608106228735
"1260",2016,"6311",0.0230784961146617,-0.0660110259236108,0.0565164229754399,0.0334379268607782,1,0.122527448899051,-0.271189454593705,0.653691507808851,0.179962557771036,-0.472771225428994,-0.796438523279487,12199.8494363167,"0",2014,1,2016.1,2016.9,2,"5128","3486",0.958356115815613,1.42529383537585,-0.117800243764363,11000.015869,11000.015869,"1",0.0187154606426508,-3.39806448847758,-2.09942020145257,1.14912049777328,-1.90878196720583,-0.862857437262766,-0.998238784037416
"1261",2016,"6374",0.032870671722732,0.0363546319699976,0.0893982538256574,0.0565275821029254,0,0.0530436218556598,-0.744691433410196,-0.35614892780289,1.05847216298227,0.830164864087848,0.40865539156069,7832.65806267806,"1",2015,0,2016.1,2016.9,1,"5524","4860",0.379249358509177,1.35279932256306,0.140787692049422,20857.123225,20857.123225,"0",1.47338814751428,-2.87302658113741,-2.93664065007275,1.00065619777311,1.15991910824061,-1.01284407568138,-1.01733778489144
"1262",2016,"6552",0.0101257977789075,0.00464979733758279,0.0619329253806206,0.0518071276017131,2,0.0572831280430378,-2.5559332077963,1.57049012928926,0.00700629613971294,0.76875407707297,0.223738190747885,7678.12230769231,"1",2015,1,2016.1,2016.9,1,"5613","5522",0.0964539581728094,0.0860530986772836,-0.856959085569785,5201.5760495,5201.5760495,"1",0.309036832938705,-2.96022754069383,-2.8597491481309,0.375581620212655,0.10857517181176,-0.991993091058385,-0.86076402762093
"1263",2016,"6556",-0.00199509497847893,0.00134536371588315,0.0573197060316802,0.0593148010101592,0,0.0559743423157971,-1.36687113818804,-2.2650508993551,0.621457723549338,0.76875407707297,0.716978161695947,13280.5033333333,"1",2015,0,2016.1,2016.9,1,"5851","3089",-0.685840976119065,1.84103224833464,-1.2732098376583,NA,NA,"0",0.0634852909794657,-2.82489640867265,-2.88286186617247,-0.0995955542220096,-0.0200061111514101,-0.824708285112422,-0.231729387456865
"1264",2017,"1042",0.0369417768094009,0.0361918302891299,0.0828562802514824,0.0459145034420814,0,0.0466644499623525,-1.01435749465966,-1.26820869546144,-0.226068079880073,-1.0427473893198,0.370281014121953,24266.2541121751,"0",1996,1,2017.1,2017.9,21,"1043","559",-1.37731084074928,-0.794855831946977,-0.615889240453205,45367.54628,45367.54628,"0",1.23232167617851,-3.08097423269622,-3.06477264697587,1.29539137035533,1.28339366425291,-1.48231866897484,-0.726126325848039
"1265",2017,"1716",0.0475192580674012,0.0410217713187314,0.0934337615094826,0.0459145034420814,1,0.0524119901907512,-2.5336086558896,-1.26820869546144,-0.683732013731955,0.328371018859941,0.225346619205495,24266.2541121751,"0",2002,1,2017.1,2017.9,15,"1043","1412",0.915728867970815,-0.401377112471486,-0.615889240453205,43496.8956,43496.8956,"1",1.61344560127534,-3.08097423269622,-2.94861989339636,1.56375009069202,1.29284862811051,1.12939453777886,1.06006239496205
"1266",2017,"1750",-0.0300334032275646,0.00237947239245072,0.052935775746504,0.0829691789740685,0,0.0505563033540532,0.648820761506607,-1.38212754511904,-0.850091124547683,0.328371018859941,0.159338621536349,0,"1",2002,1,2017.1,2017.9,15,"1362","1187",-0.243524335613781,0.16414837033519,-1.04887369111814,40442.13515,40442.13515,"0",-0.188910569697462,-2.48928607781027,-2.98466764585817,-1.02693957192004,0.0326645067843983,1.49890491150844,1.19256042061526
"1267",2017,"1868",-0.0185679755631298,-0.014849820268322,0.0313587703246358,0.0499267458877657,0,0.0462085905929579,2.47696459763106,-0.559508815936449,-0.425565553533647,0.158849226567958,-0.0184569613787307,18876.280979448,"1",2003,0,2017.1,2017.9,14,"1384","1553",0.158835296482336,-0.479594876295728,-1.04887369111814,107245.8674,107245.8674,"0",-1.84982515649965,-2.99719843008107,-3.07458955460929,-1.06194724069491,-0.994340899656391,1.3705849239723,0.90435324518159
"1268",2017,"1877",-0.0194843956151411,0.000949460600295535,0.0440756118101234,0.0635600074252645,1,0.0431261512098279,0.145898813199516,0.083854713266193,-1.19617529365476,0.111682006123092,0.0607482372535563,52540.4536111111,"1",2003,0,2017.1,2017.9,14,"1893","1524",-1.07527551307368,-0.405192613145785,1.72813588044726,112592.9959,112592.9959,"1",-0.769970222218304,-2.75577082049071,-3.14362570926626,-0.840852344672075,-0.0246810059270792,1.12844288839934,1.71390925811804
"1269",2017,"3094",-0.0591640871112406,-0.0137505041635299,0.0334703472878253,0.0926344343990659,0,0.0472208514513552,0.985504614937955,0.0034435859409016,-0.099616086951109,0.955554950121982,0.00265770637046059,40475.822,"0",2004,0,2017.1,2017.9,13,"1891","1523",-0.880518475072896,-0.00330363364570957,1.82696928766426,103883.7759,103883.7759,"0",-1.64310624528366,-2.37909434469248,-3.05291971590421,-2.2970009187587,-0.891333158429467,0.814455130770951,-0.287764629506036
"1270",2017,"3574",-0.00495456706957517,0.0473629050364437,0.0993803606550273,0.104334927724603,0,0.0520174556185836,-0.0936686249187542,-0.788801752063556,0.653108863568768,-0.749003016450229,-0.0895775058905502,27814.0594444444,"0",2005,1,2017.1,2017.9,12,"3090","1381",-1.25997938366663,0.97601863097055,-0.414823393495862,NA,NA,"0",1.80917557173785,-2.2601490955214,-2.95617593175754,-0.131842932011454,1.45686551003768,1.12125852950273,0.466841747587259
"1271",2017,"3594",0.00741555638426766,0.00530147755263839,0.0558577809066916,0.048442224522424,0,0.0505563033540532,0.648820761506607,0.127847603919173,-1.97200175669663,-0.749003016450229,0.248335027574739,19091.7559569378,"0",2005,1,2017.1,2017.9,12,"1740","1187",-0.24560371355749,1.23248855915448,0.447485011270412,40913.79062,40913.79062,"0",-0.0184703766256172,-3.02738343809768,-2.98466764585817,0.294976490924022,0.159906982719066,0.862871101831533,0.757776609971011
"1272",2017,"3699",0.0192657402559422,-0.00312981603469629,0.0678541239937149,0.0485883837377727,1,0.0709839400284112,-0.935395253997085,-2.4336157214922,-0.149895627980987,-0.260285232335748,0.527851033177361,12841.3616693069,"0",2005,1,2017.1,2017.9,12,"2968","1769",-0.979624127665808,-0.905023201486338,0.20929127059665,44065.98556,44065.98556,"1",0.598684215726294,-3.02437079438628,-2.64530162431011,0.72280110289641,-0.183044329663923,-0.79509673506264,-0.243111304130015
"1273",2017,"5128",-0.0574404922076382,-0.0175966213228978,0.0334379268607782,0.0908784190684165,0,0.051034548183676,0.352619041137904,0.956679092101785,0.575792397317909,-0.375167769260896,-0.152633746080385,1658.35777777778,"0",2007,0,2017.1,2017.9,10,"1789","1801",0.0621442221026595,-0.184847449201838,1.36313208024904,24594.97487,24594.97487,"0",-1.64618042101767,-2.39823271997468,-2.97525246023384,-2.25641766686458,-1.07756040976525,-0.669962894394192,-0.702572086948966
"1274",2017,"5291",0.0110189617571309,-0.0184278251087349,0.0569334651992124,0.0459145034420814,0,0.0753612903079472,0.704046824030432,-1.26820869546144,0.184042901979398,-0.0328551693985833,-0.26923545508108,24266.2541121751,"1",2008,0,2017.1,2017.9,9,"1043","3696",3.29161701620801,-0.469941451092323,-0.615889240453205,87182.19661,87182.19661,"0",0.0420375612493504,-3.08097423269622,-2.58546152693986,0.457283078312725,-0.740323831537191,-0.598171761865867,0.314119952772331
"1275",2017,"5337",-0.0184028614104564,-0.0178732748190905,0.0366135432782802,0.0550164046887367,1,0.0544868180973707,0.671589843859456,-0.572699228000695,0.689602996290334,0.0297231230728393,-0.602827789275932,13425.9367563025,"0",2009,0,2017.1,2017.9,8,"4936","1710",-0.737376597230617,0.608776691063873,1.25985378434768,56430.94806,56430.94806,"1",-1.35837544340614,-2.90012387115451,-2.90979647634116,-0.932733082101672,-1.01771240022285,-0.403146136444439,-0.697703672712053
"1276",2017,"5456",0.018448362424389,-0.00767391172178594,0.0500270772272489,0.0315787148028598,0,0.0577009889490348,0.178559387611309,-1.07546457277998,0.362242580060979,-0.217788033717103,-0.620043501759585,12608.5513549832,"1",2009,0,2017.1,2017.9,8,"4958","4888",-0.706185928075896,-0.780065554401221,1.40130583012652,59170.47175,59170.47175,"0",-0.368187111384794,-3.45527196753566,-2.85248096611696,1.00447264985361,-0.414220320763199,-0.859825187778146,-0.788577471090035
"1277",2017,"5518",0.0053603585223296,-0.0013655588956823,0.0515702168508217,0.0462098583284921,0,0.052935775746504,-0.875537325298186,0.492738676384933,-0.490450366647089,-0.144235189954056,-0.58225423410681,14188.6794172063,"0",2009,1,2017.1,2017.9,8,"3590","1750",-0.145793572262294,0.71084133410288,-0.536404172215191,59170.47175,59170.47175,"0",-0.271816140366792,-3.07456211992392,-2.93867587859494,0.221968752992367,-0.138146890040618,-0.519541881954859,-0.806294508588822
"1278",2017,"5522",0.0114477374078598,0.00409756562931304,0.0572831280430378,0.045835390635178,0,0.0531855624137248,-0.606074858289539,1.49354918048791,-2.73851590213618,-0.144235189954056,-0.545057258532789,18416.0193059211,"1",2009,1,2017.1,2017.9,8,"1757","1616",1.34719979127812,1.3088116037231,0.447485011270412,27286.44437,27286.44437,"0",0.0614603413225292,-3.08269876496529,-2.93396830266628,0.474811084478974,0.0995128322011307,0.17308186429436,-0.0105608497087514
"1279",2017,"5524",0.00701664430602656,0.0103189915099675,0.0565275821029254,0.0495109377968988,0,0.0462085905929579,2.47696459763106,0.42301794726058,-0.456244262629069,-0.144235189954056,-0.547545393956902,11053.4634234499,"0",2009,1,2017.1,2017.9,8,"3608","1553",-0.146833261234104,1.70382538460373,-0.536404172215191,19243.87076,19243.87076,"0",0.0193417462875666,-3.00556166822288,-3.07458955460929,0.272859397815565,0.401089487737771,0.152332064744295,-0.806294508588822
"1280",2017,"5530",0.0345763472609279,0.0435279531141301,0.0904341281676196,0.0558577809066916,1,0.0469061750534895,0.536960416732348,-1.83930671424198,0.237544745245475,-0.144235189954056,-0.642548415012914,16634.024469697,"0",2009,0,2017.1,2017.9,8,"3594","5197",-0.124999792825842,-1.28431367938308,-0.536404172215191,79639.21669,79639.21669,"1",1.50993363296904,-2.88494644523538,-3.05960594794337,1.05301321688139,1.4784096221656,-0.731666866017327,-0.806294508588822
"1281",2017,"5547",-0.00650213002098782,0.00399223055295028,0.0493001179597367,0.0558022479807245,1,0.0453078874067864,-0.996576573031721,0.962201508354093,-2.71276598785955,-0.969428046648062,-0.531266622523993,11197.3000396825,"1",2010,0,2017.1,2017.9,7,"5217","1869",-0.902275245114464,0.623084818592731,-0.967558374598328,41968.89098,41968.89098,"1",-0.414621465893297,-2.88594112401343,-3.0942741467093,-0.299891582630926,0.123730570282119,-0.75462170894685,-1.15796580404667
"1282",2017,"5549",0.0199305590987873,0.00715510240985299,0.0567687054015317,0.0368381463027444,1,0.0496136029916787,0.390318670206405,0.601638829949661,-1.50021682090362,-0.331503065185686,-0.57761184111889,12117.4776353276,"0",2009,0,2017.1,2017.9,8,"5123","4934",-0.802877002455664,-0.680862536868018,-0.645696141042442,92068.01803,92068.01803,"1",0.0328442375689024,-3.30122138637608,-3.00349022898748,0.94275824341267,0.242791805913855,-0.865669442816425,-1.02889561353664
"1283",2017,"5575",0.000711590647096277,-0.00156473389463622,0.0547084793644387,0.0539968887173424,1,0.0562732132590749,0.648379619052284,2.44391152939938,-0.779753154164862,-0.969428046648062,-0.346084619632487,13489.9796536797,"0",2010,1,2017.1,2017.9,7,"5168","1731",-0.673955569949367,0.99223450883656,-0.215587794820344,49923.83327,49923.83327,"1",-0.0844206749152282,-2.91882885042326,-2.87753664286531,0.00606958563726539,-0.143036850177369,-0.648838088149223,-1.2830899419812
"1284",2017,"5588",-0.0028506056839442,0.00688926285050625,0.0507414721664425,0.0535920778503867,1,0.0438522093159362,-0.0284323054860405,-0.0130863871577783,0.213100920608882,-0.618475906407236,-0.287445130721542,10733.008625,"1",2010,1,2017.1,2017.9,7,"4964","911",-0.215452733374575,3.90441539853778,1.22272589063126,110496.7649,110496.7649,"1",-0.323208049690818,-2.92635402312782,-3.12693017794544,-0.145258097251878,0.269311719404796,-0.0682765030245827,-1.22657459386316
"1285",2017,"5589",0.0438871499401297,0.0623507649031266,0.0971873859061885,0.0533002359660588,0,0.0348366210030618,0.309931251344494,-0.159449534088121,-0.761849285867944,-0.618475906407236,-0.386196824058427,12323.0009046283,"0",2010,0,2017.1,2017.9,7,"3085","1729",0.541239149816032,1.36996907559764,1.3537193747998,76468.08866,76468.08866,"0",1.73839254268577,-2.93181452068958,-3.35708611783615,1.31856221150304,2.35346101943349,-0.216903577283157,-0.812231700312487
"1286",2017,"5595",-0.00231676683266594,0.00367953365538857,0.0535044330305989,0.0558211998632648,2,0.0498248993752103,0.502111144062518,-0.658782016717884,-1.23535785802244,-0.699033782909614,-0.575739728360431,18949.6778276334,"1",2011,0,2017.1,2017.9,6,"1707","1604",1.74540066748692,1.77140196724396,1.72813588044726,38928.60405,38928.60405,"1",-0.155015325003336,-2.88560155588347,-2.99924043244959,-0.117854986102381,0.0924804616096827,-0.0798899315690968,-0.257592887950309
"1287",2017,"5600",0.0218458722725749,0.0261954728904417,0.0772300210741177,0.0553841488015428,1,0.051034548183676,0.352619041137904,-2.77066700748754,0.210717560843615,-0.699033782909614,-0.745153530809596,12162.3832440476,"0",2011,0,2017.1,2017.9,6,"3451","1801",0.494654834381775,1.04660539344619,1.27894065928643,53521.93843,53521.93843,"1",1.00925524292227,-2.89346184888565,-2.97525246023384,0.71949343463832,0.90486053493826,-0.975479344677263,-1.07306625728127
"1288",2017,"5613",-0.0329116180530947,-0.0707203212973376,0.0518071276017131,0.0847187456548078,0,0.122527448899051,-0.271189454593705,-0.859119502462442,1.51274219036463,-1.03527535439783,-0.56151958570532,18023.4985947712,"0",2009,1,2017.1,2017.9,7,"3518","3486",0.117247737609345,-0.0608436772852934,-0.536404172215191,43152.91698,43152.91698,"0",-0.257276625683447,-2.46841838357282,-2.09942020145257,-1.12168828745382,-2.11482442567514,-0.940545930195284,-0.977139938223004
"1289",2017,"5749",0.0108453247559264,0.0404374674288384,0.0892230863774585,0.0783777616215321,0,0.04878561894862,-1.28772226175737,1.41658960403649,-0.237374776555839,-0.296010899306371,-0.213810141292297,10635.6933333333,"0",2011,0,2017.1,2017.9,6,"4971","4902",0.0319932419196614,-0.101860309534644,1.40130583012652,42535.68825,42535.68825,"0",1.46716643483078,-2.54621504464942,-3.02031970322957,0.266302608078024,1.35344368212768,-1.28134106417252,-1.27353493971201
"1290",2017,"5822",0.0575778933560554,0.077752603044809,0.112589224047871,0.0550113306918154,1,0.0348366210030618,0.309931251344494,0.369566017330148,-0.455786665210583,-1.2482283496737,-0.760877384970945,12225.5026785714,"1",2012,0,2017.1,2017.9,5,"5604","1729",-1.17647190633128,1.89332858476327,-0.197546776042631,74000.12913,74000.12913,"1",2.20503841871673,-2.90021610238888,-3.35708611783615,1.57656018512362,2.7018364558885,-0.41373214984995,-1.55985080730704
"1291",2017,"5837",0.0327024783473635,-0.0372295069538998,0.0768553364911098,0.0441528581437464,0,0.11408484344501,1.54580738856783,-0.188591566342765,1.25713069416491,-0.172955824185347,-0.801750200330392,11454.1666666667,"1",2011,0,2017.1,2017.9,6,"5284","5539",-0.607566031805744,-1.1644772473424,-0.00249460201120037,67663.64106,67663.64106,"0",0.993827760440944,-3.12009761690983,-2.17081286665175,1.21484871103822,-1.01173719500806,-1.66218135527098,-1.29684494517807
"1292",2017,"5843",0.0108816675261685,-0.00265320856952258,0.0455146016136883,0.0346329340875199,1,0.0481678101832109,-3.14364370593775,-0.379992401335567,-2.0325259539447,-0.258417223605256,-0.766339673074309,12788.3485326087,"0",2012,0,2017.1,2017.9,5,"5125","5508",-0.073055113758141,-1.06626459200612,-0.117800243764363,42272.99506,42272.99506,"1",-0.66805847451268,-3.36295019740208,-3.03306431955166,0.587114118263868,-0.210430953286387,-1.73567317342783,-1.43636338972257
"1293",2017,"5851",0.00774458415933749,0.00928772378291031,0.0593148010101592,0.0515702168508217,0,0.0500270772272489,0.203245684549617,-0.389619354118862,-2.40710377014476,-1.40700909176536,-0.0549135468166104,7448.825,"0",2012,0,2017.1,2017.9,5,"5518","5456",-0.710935545455327,-0.790146399079037,0.140787692049422,39987.98282,39987.98282,"0",0.17201999682071,-2.96481096594805,-2.99519087559134,0.289342328774529,0.327039159196584,-1.87000592867768,-1.79164647109286
"1294",2017,"5854",-0.00197843112946904,-0.00249285377097519,0.0547902742720626,0.0567687054015317,1,0.0572831280430378,-2.5559332077963,-1.37766855392629,-1.76785956729819,-1.02523480747144,0.332012074463375,7500.16361895161,"0",2012,1,2017.1,2017.9,5,"5549","5522",-0.725570730107866,-0.85603675976827,-0.0689064682363735,74000.12913,74000.12913,"1",-0.0796814543229862,-2.86877006633059,-2.8597491481309,-0.102405705563625,-0.181623263315639,-1.82059943442974,-1.80090166903839
"1295",2017,"6067",-0.0196019834318116,-0.0150585078659592,0.0327382926399009,0.0523402760717125,0,0.0477968005058601,0.905286854857788,0.0988548371622062,0.121655837583068,-1.45487681548417,1.17080740066612,10088.232,"0",2013,1,2017.1,2017.9,4,"5766","4890",-1.08879146970746,0.566806183646026,-0.185780894231083,76468.08866,76468.08866,"0",-1.71325763634936,-2.94998910731032,-3.04079657674882,-1.07123437367966,-0.97241493899031,-1.24745552282983,-1.08569027225192
"1296",2017,"6171",-0.000662885164307347,0.00287709371964809,0.0351921429234044,0.0358550280877118,0,0.0323150492037563,0.30655490458701,0.277643612999043,0.797007127376164,0.969798516691973,0.711265488638678,13692.2811167014,"1",2014,0,2017.1,2017.9,3,"1824","5624",2.2725229762021,-0.814405060470389,0.48016801630249,40913.79062,40913.79062,"0",-1.48397961702543,-3.32827146827845,-3.43222223763943,-0.0648551034357053,0.125730433107778,-0.685285194995649,-0.799400554696974
"1297",2017,"6175",-0.0193644281214075,-0.0181930282686619,0.0312662378497763,0.0506306659711839,0,0.0494592661184383,-0.493111694406707,1.2473158115016,0.12201812474539,0.969798516691973,1.05218424180776,10919.384907563,"1",2014,1,2017.1,2017.9,3,"4904","5283",1.12470635130749,-0.0379506732392605,0.580308743720781,39987.98282,39987.98282,"0",-1.85919940476514,-2.98319783939961,-3.00660585487929,-1.09981987622797,-1.1623388080603,-1.07426440220223,-1.03450214769805
"1298",2017,"6202",0.0577723090008833,0.0522963085595586,0.109579436602596,0.0518071276017131,0,0.0572831280430378,-2.5559332077963,1.57049012928926,-1.75767782708408,-0.151940725967334,-1.2558285073228,7678.12230769231,"1",2014,1,2017.1,2017.9,3,"5613","5522",-0.184262064219857,-0.171493196841631,-0.856959085569785,113900.1013,113900.1013,"0",2.11908377334566,-2.96022754069383,-2.8597491481309,1.65008014599673,1.45986942995818,-0.898065969779409,-0.728251400140093
"1299",2017,"6206",0.0119550882234341,-0.00306126972710091,0.0462388482326358,0.0342837600092016,0,0.0493001179597367,-2.5330199043708,-0.0755496005888052,-0.764804673614655,-0.151940725967334,1.27306193130914,24805.9402564103,"0",2014,1,2017.1,2017.9,3,"6061","5547",-1.15325218596052,-0.420454615843219,0.365123838589581,41968.89098,41968.89098,"0",-0.617978644420229,-3.37308350605163,-3.00982880524393,0.645010516307886,-0.228070285091293,-0.683701973260489,0.760692926433744
"1300",2017,"6207",-0.00409561056728439,-0.0050904316614292,0.0474252012551162,0.0515208118224006,1,0.0525156329165454,-0.360128016706097,-0.0248775267926929,-0.389204867654046,-0.151940725967334,1.27306193130914,10060.5431111111,"0",2014,0,2017.1,2017.9,3,"5545","5638",-0.209214599543631,-0.684678037542317,-0.783226226217429,NA,NA,"1",-0.537616042494664,-2.96576943988781,-2.94664438387024,-0.20818897672418,-0.317709274239017,-0.422774410714518,-0.680213581227971
"1301",2017,"6274",-0.00413204192627466,-0.0236854451214585,0.0850910444511838,0.0892230863774585,0,0.108776489572642,-0.595759219276232,-0.141986712703221,0.880615672561775,-0.140499172493071,0.0650644463839406,11523.3208333333,"0",2014,0,2017.1,2017.9,3,"5749","5639",-0.619891743414401,-0.716155918105758,-0.0291639341173666,NA,NA,"0",1.31674724624941,-2.41661545699244,-2.21846005639752,-0.129087447671753,-0.657822532423194,-0.430290717391553,-0.361618383492913
"1302",2017,"6279",0.0016799389794593,-0.00605157681213038,0.0536369495787288,0.0519570105992695,1,0.0596885263908592,0.50014303554526,-2.9068117991922,0.646206640872329,-0.140499172493071,0.181997101386714,206.045,"0",2014,0,2017.1,2017.9,3,"5657","1762",-0.650042723597312,2.27138110991404,-0.0291639341173666,78017.37569,78017.37569,"1",-0.147168339643882,-2.95733862156634,-2.81861546481182,0.0479036016306449,-0.329418855506204,-0.780113240463654,-0.361618383492913
"1303",2017,"6297",0.00851515047444201,0.0197896724413471,0.0617695860576951,0.0532544355832531,0,0.041979913616348,-0.603852243086046,1.98086664559433,-0.91568143329009,-0.472771225428994,-0.796438523279487,5413.08777777778,"0",2014,1,2017.1,2017.9,3,"5842","5333",-0.686394908767945,0.0765143469914568,0.0129317763639496,NA,NA,"0",0.300659568219216,-2.93267418052355,-3.17056402232526,0.30813925059537,0.838395390897236,-1.05240866152459,-0.294036252169923
"1304",2017,"6310",0.0282628043560951,0.00673052708770133,0.0844944267252947,0.0562316223691996,3,0.0777638996375934,-0.199217418632368,-0.608184596028697,0.246963816160259,-0.472771225428994,-1.12526929696411,7421.44878571429,"0",2014,1,2017.1,2017.9,3,"5319","5612",0.350138067298076,-0.465286748766946,1.17043308257992,45367.54628,45367.54628,"1",1.29442699625882,-2.87827600471652,-2.554077970427,0.886370470490052,0.120327280685727,-0.614438609660521,-1.05608106228735
"1305",2017,"6311",0.0230784961146617,-0.0660110259236108,0.0565164229754399,0.0334379268607782,1,0.122527448899051,-0.271189454593705,0.653691507808851,0.179962557771036,-0.472771225428994,-0.796438523279487,12199.8494363167,"0",2014,1,2017.1,2017.9,3,"5128","3486",0.958356115815613,1.42529383537585,-0.117800243764363,24594.97487,24594.97487,"1",0.0187154606426508,-3.39806448847758,-2.09942020145257,1.14912049777328,-1.90878196720583,-0.862857437262766,-0.998238784037416
"1306",2017,"6374",0.032870671722732,0.0363546319699976,0.0893982538256574,0.0565275821029254,0,0.0530436218556598,-0.744691433410196,-0.35614892780289,1.05847216298227,0.830164864087848,0.40865539156069,7832.65806267806,"1",2015,0,2017.1,2017.9,2,"5524","4860",0.379249358509177,1.35279932256306,0.140787692049422,NA,NA,"0",1.47338814751428,-2.87302658113741,-2.93664065007275,1.00065619777311,1.15991910824061,-1.01284407568138,-1.01733778489144
"1307",2017,"6552",0.0101257977789075,0.00464979733758279,0.0619329253806206,0.0518071276017131,2,0.0572831280430378,-2.5559332077963,1.57049012928926,0.00700629613971294,0.76875407707297,0.223738190747885,7678.12230769231,"1",2015,1,2017.1,2017.9,2,"5613","5522",0.0964539581728094,0.0860530986772836,-0.856959085569785,53864.28037,53864.28037,"1",0.309036832938705,-2.96022754069383,-2.8597491481309,0.375581620212655,0.10857517181176,-0.991993091058385,-0.86076402762093
"1308",2017,"6556",-0.00199509497847893,0.00134536371588315,0.0573197060316802,0.0593148010101592,0,0.0559743423157971,-1.36687113818804,-2.2650508993551,0.621457723549338,0.76875407707297,0.716978161695947,13280.5033333333,"1",2015,0,2017.1,2017.9,2,"5851","3089",-0.685840976119065,1.84103224833464,-1.2732098376583,71456.06922,71456.06922,"0",0.0634852909794657,-2.82489640867265,-2.88286186617247,-0.0995955542220096,-0.0200061111514101,-0.824708285112422,-0.231729387456865
"1309",2017,"6694",0.0243006451009731,0.0018935967113474,0.0578679390271445,0.0335672939261714,0,0.0559743423157971,-1.36687113818804,0.0582015075436604,-0.33278577322706,-0.874159601393053,-0.388285976190894,22036.753,"1",2016,0,2017.1,2017.9,1,"6143","3089",-0.756863663751689,2.32298419280485,1.79663945899451,10984.71578,10984.71578,"0",0.0936814916346456,-3.39420308112402,-2.88286186617247,1.19328100616012,0.0025369244198153,-0.607765418216871,0.078634610240048
"1310",2018,"1868",-0.0185679755631298,-0.014849820268322,0.0313587703246358,0.0499267458877657,0,0.0462085905929579,2.47696459763106,-0.559508815936449,-0.425565553533647,0.158849226567958,-0.0184569613787307,18876.280979448,"1",2003,0,2018.1,2018.9,15,"1384","1553",0.158835296482336,-0.479594876295728,-1.04887369111814,17427.083275,17427.083275,"0",-1.84982515649965,-2.99719843008107,-3.07458955460929,-1.06194724069491,-0.994340899656391,1.3705849239723,0.90435324518159
"1311",2018,"1877",-0.0194843956151411,0.000949460600295535,0.0440756118101234,0.0635600074252645,1,0.0431261512098279,0.145898813199516,0.083854713266193,-1.19617529365476,0.111682006123092,0.0607482372535563,52540.4536111111,"1",2003,0,2018.1,2018.9,15,"1893","1524",-1.07527551307368,-0.405192613145785,1.72813588044726,30328.123394,30328.123394,"1",-0.769970222218304,-2.75577082049071,-3.14362570926626,-0.840852344672075,-0.0246810059270792,1.12844288839934,1.71390925811804
"1312",2018,"3094",-0.0591640871112406,-0.0137505041635299,0.0334703472878253,0.0926344343990659,0,0.0472208514513552,0.985504614937955,0.0034435859409016,-0.099616086951109,0.955554950121982,0.00265770637046059,40475.822,"0",2004,0,2018.1,2018.9,14,"1891","1523",-0.880518475072896,-0.00330363364570957,1.82696928766426,20329.80743,20329.80743,"0",-1.64310624528366,-2.37909434469248,-3.05291971590421,-2.2970009187587,-0.891333158429467,0.814455130770951,-0.287764629506036
"1313",2018,"3699",0.0192657402559422,-0.00312981603469629,0.0678541239937149,0.0485883837377727,1,0.0709839400284112,-0.935395253997085,-2.4336157214922,-0.149895627980987,-0.260285232335748,0.527851033177361,12841.3616693069,"0",2005,1,2018.1,2018.9,13,"2968","1769",-0.979624127665808,-0.905023201486338,0.20929127059665,61770.93308,61770.93308,"1",0.598684215726294,-3.02437079438628,-2.64530162431011,0.72280110289641,-0.183044329663923,-0.79509673506264,-0.243111304130015
"1314",2018,"5128",-0.0574404922076382,-0.0175966213228978,0.0334379268607782,0.0908784190684165,0,0.051034548183676,0.352619041137904,0.956679092101785,0.575792397317909,-0.375167769260896,-0.152633746080385,1658.35777777778,"0",2007,0,2018.1,2018.9,11,"1789","1801",0.0621442221026595,-0.184847449201838,1.36313208024904,13987.08646,13987.08646,"0",-1.64618042101767,-2.39823271997468,-2.97525246023384,-2.25641766686458,-1.07756040976525,-0.669962894394192,-0.702572086948966
"1315",2018,"5291",0.0110189617571309,-0.0184278251087349,0.0569334651992124,0.0459145034420814,0,0.0753612903079472,0.704046824030432,-1.26820869546144,0.184042901979398,-0.0328551693985833,-0.26923545508108,24266.2541121751,"1",2008,0,2018.1,2018.9,10,"1043","3696",3.29161701620801,-0.469941451092323,-0.615889240453205,41302.72768,41302.72768,"0",0.0420375612493504,-3.08097423269622,-2.58546152693986,0.457283078312725,-0.740323831537191,-0.598171761865867,0.314119952772331
"1316",2018,"5337",-0.0184028614104564,-0.0178732748190905,0.0366135432782802,0.0550164046887367,1,0.0544868180973707,0.671589843859456,-0.572699228000695,0.689602996290334,0.0297231230728393,-0.602827789275932,13425.9367563025,"0",2009,1,2018.1,2018.9,9,"4936","1710",-0.737376597230617,0.608776691063873,1.25985378434768,25301.55371,25301.55371,"1",-1.35837544340614,-2.90012387115451,-2.90979647634116,-0.932733082101672,-1.01771240022285,-0.403146136444439,-0.697703672712053
"1317",2018,"5456",0.018448362424389,-0.00767391172178594,0.0500270772272489,0.0315787148028598,0,0.0577009889490348,0.178559387611309,-1.07546457277998,0.362242580060979,-0.217788033717103,-0.620043501759585,12608.5513549832,"1",2009,0,2018.1,2018.9,9,"4958","4888",-0.706185928075896,-0.780065554401221,1.40130583012652,82451.11421,82451.11421,"0",-0.368187111384794,-3.45527196753566,-2.85248096611696,1.00447264985361,-0.414220320763199,-0.859825187778146,-0.788577471090035
"1318",2018,"5524",0.00701664430602656,0.0103189915099675,0.0565275821029254,0.0495109377968988,0,0.0462085905929579,2.47696459763106,0.42301794726058,-0.456244262629069,-0.144235189954056,-0.547545393956902,11053.4634234499,"0",2009,1,2018.1,2018.9,9,"3608","1553",-0.146833261234104,1.70382538460373,-0.536404172215191,20626.73117,20626.73117,"0",0.0193417462875666,-3.00556166822288,-3.07458955460929,0.272859397815565,0.401089487737771,0.152332064744295,-0.806294508588822
"1319",2018,"5530",0.0345763472609279,0.0435279531141301,0.0904341281676196,0.0558577809066916,1,0.0469061750534895,0.536960416732348,-1.83930671424198,0.237544745245475,-0.144235189954056,-0.642548415012914,16634.024469697,"0",2009,0,2018.1,2018.9,9,"3594","5197",-0.124999792825842,-1.28431367938308,-0.536404172215191,36198.980348,36198.980348,"1",1.50993363296904,-2.88494644523538,-3.05960594794337,1.05301321688139,1.4784096221656,-0.731666866017327,-0.806294508588822
"1320",2018,"5547",-0.00650213002098782,0.00399223055295028,0.0493001179597367,0.0558022479807245,1,0.0453078874067864,-0.996576573031721,0.962201508354093,-2.71276598785955,-0.969428046648062,-0.531266622523993,11197.3000396825,"1",2010,0,2018.1,2018.9,8,"5217","1869",-0.902275245114464,0.623084818592731,-0.967558374598328,19518.7591945,19518.7591945,"1",-0.414621465893297,-2.88594112401343,-3.0942741467093,-0.299891582630926,0.123730570282119,-0.75462170894685,-1.15796580404667
"1321",2018,"5549",0.0199305590987873,0.00715510240985299,0.0567687054015317,0.0368381463027444,1,0.0496136029916787,0.390318670206405,0.601638829949661,-1.50021682090362,-0.331503065185686,-0.57761184111889,12117.4776353276,"0",2009,0,2018.1,2018.9,9,"5123","4934",-0.802877002455664,-0.680862536868018,-0.645696141042442,35413.148925,35413.148925,"1",0.0328442375689024,-3.30122138637608,-3.00349022898748,0.94275824341267,0.242791805913855,-0.865669442816425,-1.02889561353664
"1322",2018,"5589",0.0438871499401297,0.0623507649031266,0.0971873859061885,0.0533002359660588,0,0.0348366210030618,0.309931251344494,-0.159449534088121,-0.761849285867944,-0.618475906407236,-0.386196824058427,12323.0009046283,"0",2010,1,2018.1,2018.9,8,"3085","1729",0.541239149816032,1.36996907559764,1.3537193747998,NA,NA,"0",1.73839254268577,-2.93181452068958,-3.35708611783615,1.31856221150304,2.35346101943349,-0.216903577283157,-0.812231700312487
"1323",2018,"5595",-0.00231676683266594,0.00367953365538857,0.0535044330305989,0.0558211998632648,2,0.0498248993752103,0.502111144062518,-0.658782016717884,-1.23535785802244,-0.699033782909614,-0.575739728360431,18949.6778276334,"1",2011,0,2018.1,2018.9,7,"1707","1604",1.74540066748692,1.77140196724396,1.72813588044726,17711.9204865,17711.9204865,"1",-0.155015325003336,-2.88560155588347,-2.99924043244959,-0.117854986102381,0.0924804616096827,-0.0798899315690968,-0.257592887950309
"1324",2018,"5600",0.0218458722725749,0.0261954728904417,0.0772300210741177,0.0553841488015428,1,0.051034548183676,0.352619041137904,-2.77066700748754,0.210717560843615,-0.699033782909614,-0.745153530809596,12162.3832440476,"0",2011,1,2018.1,2018.9,7,"3451","1801",0.494654834381775,1.04660539344619,1.27894065928643,16371.4201265,16371.4201265,"1",1.00925524292227,-2.89346184888565,-2.97525246023384,0.71949343463832,0.90486053493826,-0.975479344677263,-1.07306625728127
"1325",2018,"5749",0.0108453247559264,0.0404374674288384,0.0892230863774585,0.0783777616215321,0,0.04878561894862,-1.28772226175737,1.41658960403649,-0.237374776555839,-0.296010899306371,-0.213810141292297,10635.6933333333,"0",2011,1,2018.1,2018.9,7,"4971","4902",0.0319932419196614,-0.101860309534644,1.40130583012652,13782.757255,13782.757255,"0",1.46716643483078,-2.54621504464942,-3.02031970322957,0.266302608078024,1.35344368212768,-1.28134106417252,-1.27353493971201
"1326",2018,"5822",0.0575778933560554,0.077752603044809,0.112589224047871,0.0550113306918154,1,0.0348366210030618,0.309931251344494,0.369566017330148,-0.455786665210583,-1.2482283496737,-0.760877384970945,12225.5026785714,"1",2012,0,2018.1,2018.9,6,"5604","1729",-1.17647190633128,1.89332858476327,-0.197546776042631,14377.5092295,14377.5092295,"1",2.20503841871673,-2.90021610238888,-3.35708611783615,1.57656018512362,2.7018364558885,-0.41373214984995,-1.55985080730704
"1327",2018,"5837",0.0327024783473635,-0.0372295069538998,0.0768553364911098,0.0441528581437464,0,0.11408484344501,1.54580738856783,-0.188591566342765,1.25713069416491,-0.172955824185347,-0.801750200330392,11454.1666666667,"1",2011,1,2018.1,2018.9,7,"5284","5539",-0.607566031805744,-1.1644772473424,-0.00249460201120037,56625.268125,56625.268125,"0",0.993827760440944,-3.12009761690983,-2.17081286665175,1.21484871103822,-1.01173719500806,-1.66218135527098,-1.29684494517807
"1328",2018,"5843",0.0108816675261685,-0.00265320856952258,0.0455146016136883,0.0346329340875199,1,0.0481678101832109,-3.14364370593775,-0.379992401335567,-2.0325259539447,-0.258417223605256,-0.766339673074309,12788.3485326087,"0",2012,1,2018.1,2018.9,6,"5125","5508",-0.073055113758141,-1.06626459200612,-0.117800243764363,17624.950473,17624.950473,"1",-0.66805847451268,-3.36295019740208,-3.03306431955166,0.587114118263868,-0.210430953286387,-1.73567317342783,-1.43636338972257
"1329",2018,"5851",0.00774458415933749,0.00928772378291031,0.0593148010101592,0.0515702168508217,0,0.0500270772272489,0.203245684549617,-0.389619354118862,-2.40710377014476,-1.40700909176536,-0.0549135468166104,7448.825,"0",2012,1,2018.1,2018.9,6,"5518","5456",-0.710935545455327,-0.790146399079037,0.140787692049422,30289.2759055,30289.2759055,"0",0.17201999682071,-2.96481096594805,-2.99519087559134,0.289342328774529,0.327039159196584,-1.87000592867768,-1.79164647109286
"1330",2018,"5854",-0.00197843112946904,-0.00249285377097519,0.0547902742720626,0.0567687054015317,1,0.0572831280430378,-2.5559332077963,-1.37766855392629,-1.76785956729819,-1.02523480747144,0.332012074463375,7500.16361895161,"0",2012,1,2018.1,2018.9,6,"5549","5522",-0.725570730107866,-0.85603675976827,-0.0689064682363735,24345.84098,24345.84098,"1",-0.0796814543229862,-2.86877006633059,-2.8597491481309,-0.102405705563625,-0.181623263315639,-1.82059943442974,-1.80090166903839
"1331",2018,"6171",-0.000662885164307347,0.00287709371964809,0.0351921429234044,0.0358550280877118,0,0.0323150492037563,0.30655490458701,0.277643612999043,0.797007127376164,0.969798516691973,0.711265488638678,13692.2811167014,"1",2014,0,2018.1,2018.9,4,"1824","5624",2.2725229762021,-0.814405060470389,0.48016801630249,6584.2453665,6584.2453665,"0",-1.48397961702543,-3.32827146827845,-3.43222223763943,-0.0648551034357053,0.125730433107778,-0.685285194995649,-0.799400554696974
"1332",2018,"6207",-0.00409561056728439,-0.0050904316614292,0.0474252012551162,0.0515208118224006,1,0.0525156329165454,-0.360128016706097,-0.0248775267926929,-0.389204867654046,-0.151940725967334,1.27306193130914,10060.5431111111,"0",2014,1,2018.1,2018.9,4,"5545","5638",-0.209214599543631,-0.684678037542317,-0.783226226217429,8229.976164,8229.976164,"1",-0.537616042494664,-2.96576943988781,-2.94664438387024,-0.20818897672418,-0.317709274239017,-0.422774410714518,-0.680213581227971
"1333",2018,"6274",-0.00413204192627466,-0.0236854451214585,0.0850910444511838,0.0892230863774585,0,0.108776489572642,-0.595759219276232,-0.141986712703221,0.880615672561775,-0.140499172493071,0.0650644463839406,11523.3208333333,"0",2014,0,2018.1,2018.9,4,"5749","5639",-0.619891743414401,-0.716155918105758,-0.0291639341173666,20421.6336225,20421.6336225,"0",1.31674724624941,-2.41661545699244,-2.21846005639752,-0.129087447671753,-0.657822532423194,-0.430290717391553,-0.361618383492913
"1334",2018,"6279",0.0016799389794593,-0.00605157681213038,0.0536369495787288,0.0519570105992695,1,0.0596885263908592,0.50014303554526,-2.9068117991922,0.646206640872329,-0.140499172493071,0.181997101386714,206.045,"0",2014,0,2018.1,2018.9,4,"5657","1762",-0.650042723597312,2.27138110991404,-0.0291639341173666,16546.9505245,16546.9505245,"1",-0.147168339643882,-2.95733862156634,-2.81861546481182,0.0479036016306449,-0.329418855506204,-0.780113240463654,-0.361618383492913
"1335",2018,"6374",0.032870671722732,0.0363546319699976,0.0893982538256574,0.0565275821029254,0,0.0530436218556598,-0.744691433410196,-0.35614892780289,1.05847216298227,0.830164864087848,0.40865539156069,7832.65806267806,"1",2015,1,2018.1,2018.9,3,"5524","4860",0.379249358509177,1.35279932256306,0.140787692049422,15395.191586,15395.191586,"0",1.47338814751428,-2.87302658113741,-2.93664065007275,1.00065619777311,1.15991910824061,-1.01284407568138,-1.01733778489144
"1336",2018,"6556",-0.00199509497847893,0.00134536371588315,0.0573197060316802,0.0593148010101592,0,0.0559743423157971,-1.36687113818804,-2.2650508993551,0.621457723549338,0.76875407707297,0.716978161695947,13280.5033333333,"1",2015,0,2018.1,2018.9,3,"5851","3089",-0.685840976119065,1.84103224833464,-1.2732098376583,14245.627234,14245.627234,"0",0.0634852909794657,-2.82489640867265,-2.88286186617247,-0.0995955542220096,-0.0200061111514101,-0.824708285112422,-0.231729387456865
"1337",2018,"6694",0.0243006451009731,0.0018935967113474,0.0578679390271445,0.0335672939261714,0,0.0559743423157971,-1.36687113818804,0.0582015075436604,-0.33278577322706,-0.874159601393053,-0.388285976190894,22036.753,"1",2016,0,2018.1,2018.9,2,"6143","3089",-0.756863663751689,2.32298419280485,1.79663945899451,19251.189955,19251.189955,"0",0.0936814916346456,-3.39420308112402,-2.88286186617247,1.19328100616012,0.0025369244198153,-0.607765418216871,0.078634610240048
"1338",2018,"6834",-0.0197113141661954,-0.0116533152349576,0.0541626077173309,0.0738739218835263,0,0.0658159229522885,-0.361095112491998,0.347196428617552,1.98575500770929,-0.579948226340864,-0.147834379282519,12619.369697479,"1",2017,0,2018.1,2018.9,1,"6670","5821",-1.05136266672171,0.118646439820367,3.81958673845985,41377.03422,41377.03422,"0",-0.116231238977889,-2.60539539715558,-2.7208934797694,-0.716420191080423,-0.537748689933323,-0.27203298422929,-0.759879107982879
"1339",2019,"1868",-0.0185679755631298,-0.014849820268322,0.0313587703246358,0.0499267458877657,0,0.0462085905929579,2.47696459763106,-0.559508815936449,-0.425565553533647,0.158849226567958,-0.0184569613787307,18876.280979448,"1",2003,1,2019.1,2019.9,16,"1384","1553",0.158835296482336,-0.479594876295728,-1.04887369111814,15935.337465,15935.337465,"0",-1.84982515649965,-2.99719843008107,-3.07458955460929,-1.06194724069491,-0.994340899656391,1.3705849239723,0.90435324518159
"1340",2019,"1877",-0.0194843956151411,0.000949460600295535,0.0440756118101234,0.0635600074252645,1,0.0431261512098279,0.145898813199516,0.083854713266193,-1.19617529365476,0.111682006123092,0.0607482372535563,52540.4536111111,"1",2003,1,2019.1,2019.9,16,"1893","1524",-1.07527551307368,-0.405192613145785,1.72813588044726,22487.016375,22487.016375,"1",-0.769970222218304,-2.75577082049071,-3.14362570926626,-0.840852344672075,-0.0246810059270792,1.12844288839934,1.71390925811804
"1341",2019,"3094",-0.0591640871112406,-0.0137505041635299,0.0334703472878253,0.0926344343990659,0,0.0472208514513552,0.985504614937955,0.0034435859409016,-0.099616086951109,0.955554950121982,0.00265770637046059,40475.822,"0",2004,1,2019.1,2019.9,15,"1891","1523",-0.880518475072896,-0.00330363364570957,1.82696928766426,14327.70374,14327.70374,"0",-1.64310624528366,-2.37909434469248,-3.05291971590421,-2.2970009187587,-0.891333158429467,0.814455130770951,-0.287764629506036
"1342",2019,"5128",-0.0574404922076382,-0.0175966213228978,0.0334379268607782,0.0908784190684165,0,0.051034548183676,0.352619041137904,0.956679092101785,0.575792397317909,-0.375167769260896,-0.152633746080385,1658.35777777778,"0",2007,1,2019.1,2019.9,12,"1789","1801",0.0621442221026595,-0.184847449201838,1.36313208024904,8246.6197615,8246.6197615,"0",-1.64618042101767,-2.39823271997468,-2.97525246023384,-2.25641766686458,-1.07756040976525,-0.669962894394192,-0.702572086948966
"1343",2019,"5291",0.0110189617571309,-0.0184278251087349,0.0569334651992124,0.0459145034420814,0,0.0753612903079472,0.704046824030432,-1.26820869546144,0.184042901979398,-0.0328551693985833,-0.26923545508108,24266.2541121751,"1",2008,1,2019.1,2019.9,11,"1043","3696",3.29161701620801,-0.469941451092323,-0.615889240453205,16156.33966,16156.33966,"0",0.0420375612493504,-3.08097423269622,-2.58546152693986,0.457283078312725,-0.740323831537191,-0.598171761865867,0.314119952772331
"1344",2019,"5456",0.018448362424389,-0.00767391172178594,0.0500270772272489,0.0315787148028598,0,0.0577009889490348,0.178559387611309,-1.07546457277998,0.362242580060979,-0.217788033717103,-0.620043501759585,12608.5513549832,"1",2009,1,2019.1,2019.9,10,"4958","4888",-0.706185928075896,-0.780065554401221,1.40130583012652,32036.516515,32036.516515,"0",-0.368187111384794,-3.45527196753566,-2.85248096611696,1.00447264985361,-0.414220320763199,-0.859825187778146,-0.788577471090035
"1345",2019,"5530",0.0345763472609279,0.0435279531141301,0.0904341281676196,0.0558577809066916,1,0.0469061750534895,0.536960416732348,-1.83930671424198,0.237544745245475,-0.144235189954056,-0.642548415012914,16634.024469697,"0",2009,1,2019.1,2019.9,10,"3594","5197",-0.124999792825842,-1.28431367938308,-0.536404172215191,12536.2152495,12536.2152495,"1",1.50993363296904,-2.88494644523538,-3.05960594794337,1.05301321688139,1.4784096221656,-0.731666866017327,-0.806294508588822
"1346",2019,"5547",-0.00650213002098782,0.00399223055295028,0.0493001179597367,0.0558022479807245,1,0.0453078874067864,-0.996576573031721,0.962201508354093,-2.71276598785955,-0.969428046648062,-0.531266622523993,11197.3000396825,"1",2010,1,2019.1,2019.9,9,"5217","1869",-0.902275245114464,0.623084818592731,-0.967558374598328,14983.53004,14983.53004,"1",-0.414621465893297,-2.88594112401343,-3.0942741467093,-0.299891582630926,0.123730570282119,-0.75462170894685,-1.15796580404667
"1347",2019,"5549",0.0199305590987873,0.00715510240985299,0.0567687054015317,0.0368381463027444,1,0.0496136029916787,0.390318670206405,0.601638829949661,-1.50021682090362,-0.331503065185686,-0.57761184111889,12117.4776353276,"0",2009,1,2019.1,2019.9,10,"5123","4934",-0.802877002455664,-0.680862536868018,-0.645696141042442,22763.15277,22763.15277,"1",0.0328442375689024,-3.30122138637608,-3.00349022898748,0.94275824341267,0.242791805913855,-0.865669442816425,-1.02889561353664
"1348",2019,"5595",-0.00231676683266594,0.00367953365538857,0.0535044330305989,0.0558211998632648,2,0.0498248993752103,0.502111144062518,-0.658782016717884,-1.23535785802244,-0.699033782909614,-0.575739728360431,18949.6778276334,"1",2011,1,2019.1,2019.9,8,"1707","1604",1.74540066748692,1.77140196724396,1.72813588044726,7785.9229255,7785.9229255,"1",-0.155015325003336,-2.88560155588347,-2.99924043244959,-0.117854986102381,0.0924804616096827,-0.0798899315690968,-0.257592887950309
"1349",2019,"5822",0.0575778933560554,0.077752603044809,0.112589224047871,0.0550113306918154,1,0.0348366210030618,0.309931251344494,0.369566017330148,-0.455786665210583,-1.2482283496737,-0.760877384970945,12225.5026785714,"1",2012,1,2019.1,2019.9,7,"5604","1729",-1.17647190633128,1.89332858476327,-0.197546776042631,11423.953085,11423.953085,"1",2.20503841871673,-2.90021610238888,-3.35708611783615,1.57656018512362,2.7018364558885,-0.41373214984995,-1.55985080730704
"1350",2019,"6171",-0.000662885164307347,0.00287709371964809,0.0351921429234044,0.0358550280877118,0,0.0323150492037563,0.30655490458701,0.277643612999043,0.797007127376164,0.969798516691973,0.711265488638678,13692.2811167014,"1",2014,1,2019.1,2019.9,5,"1824","5624",2.2725229762021,-0.814405060470389,0.48016801630249,9403.730538,9403.730538,"0",-1.48397961702543,-3.32827146827845,-3.43222223763943,-0.0648551034357053,0.125730433107778,-0.685285194995649,-0.799400554696974
"1351",2019,"6207",-0.00409561056728439,-0.0050904316614292,0.0474252012551162,0.0515208118224006,1,0.0525156329165454,-0.360128016706097,-0.0248775267926929,-0.389204867654046,-0.151940725967334,1.27306193130914,10060.5431111111,"0",2014,1,2019.1,2019.9,5,"5545","5638",-0.209214599543631,-0.684678037542317,-0.783226226217429,12399.631357,12399.631357,"1",-0.537616042494664,-2.96576943988781,-2.94664438387024,-0.20818897672418,-0.317709274239017,-0.422774410714518,-0.680213581227971
"1352",2019,"6274",-0.00413204192627466,-0.0236854451214585,0.0850910444511838,0.0892230863774585,0,0.108776489572642,-0.595759219276232,-0.141986712703221,0.880615672561775,-0.140499172493071,0.0650644463839406,11523.3208333333,"0",2014,1,2019.1,2019.9,5,"5749","5639",-0.619891743414401,-0.716155918105758,-0.0291639341173666,9929.3867045,9929.3867045,"0",1.31674724624941,-2.41661545699244,-2.21846005639752,-0.129087447671753,-0.657822532423194,-0.430290717391553,-0.361618383492913
"1353",2019,"6279",0.0016799389794593,-0.00605157681213038,0.0536369495787288,0.0519570105992695,1,0.0596885263908592,0.50014303554526,-2.9068117991922,0.646206640872329,-0.140499172493071,0.181997101386714,206.045,"0",2014,1,2019.1,2019.9,5,"5657","1762",-0.650042723597312,2.27138110991404,-0.0291639341173666,7462.945829,7462.945829,"1",-0.147168339643882,-2.95733862156634,-2.81861546481182,0.0479036016306449,-0.329418855506204,-0.780113240463654,-0.361618383492913
"1354",2019,"6556",-0.00199509497847893,0.00134536371588315,0.0573197060316802,0.0593148010101592,0,0.0559743423157971,-1.36687113818804,-2.2650508993551,0.621457723549338,0.76875407707297,0.716978161695947,13280.5033333333,"1",2015,1,2019.1,2019.9,4,"5851","3089",-0.685840976119065,1.84103224833464,-1.2732098376583,17735.2017825,17735.2017825,"0",0.0634852909794657,-2.82489640867265,-2.88286186617247,-0.0995955542220096,-0.0200061111514101,-0.824708285112422,-0.231729387456865
"1355",2019,"6694",0.0243006451009731,0.0018935967113474,0.0578679390271445,0.0335672939261714,0,0.0559743423157971,-1.36687113818804,0.0582015075436604,-0.33278577322706,-0.874159601393053,-0.388285976190894,22036.753,"1",2016,1,2019.1,2019.9,3,"6143","3089",-0.756863663751689,2.32298419280485,1.79663945899451,19351.6508165,19351.6508165,"0",0.0936814916346456,-3.39420308112402,-2.88286186617247,1.19328100616012,0.0025369244198153,-0.607765418216871,0.078634610240048
"1356",2019,"6834",-0.0197113141661954,-0.0116533152349576,0.0541626077173309,0.0738739218835263,0,0.0658159229522885,-0.361095112491998,0.347196428617552,1.98575500770929,-0.579948226340864,-0.147834379282519,12619.369697479,"1",2017,1,2019.1,2019.9,2,"6670","5821",-1.05136266672171,0.118646439820367,3.81958673845985,16156.33966,16156.33966,"0",-0.116231238977889,-2.60539539715558,-2.7208934797694,-0.716420191080423,-0.537748689933323,-0.27203298422929,-0.759879107982879
"1357",2019,"7077",0.0451871623265168,0.0315225709200087,0.0845661927756685,0.0393790304491518,0,0.0530436218556598,-0.744691433410196,0.472701208387887,-0.482518518550721,0.215589991756595,0.337662098891973,8437.96,"0",2018,1,2019.1,2019.9,1,"5452","4860",1.77555164766991,2.48791077318361,-0.0534800898612462,12038.849336,12038.849336,"0",1.29712018238369,-3.23452182646145,-2.93664065007275,1.68398454119807,1.02832589711506,-0.831510524031513,-0.829588331429719
